origin_country_code,origin_country_label_fr,reporting_country_code,reporting_country_name,sample_country_code,sample_country_name,sample_date,sample_year,sample_month,sample_day,crop_group,product_name,sampling_point,param_name,zen_detected,zen_value_ug_kg,lod_ug_kg,loq_ug_kg,result_status,result_type,origin_matches_reporting_country,origin_matches_sample_country,sampling_strategy,program_type,sample_method,source_archive,source_file,resId_A,latitude,longitude,date,temperature_2m_mean,temperature_2m_max,temperature_2m_min,relative_humidity_2m_mean,precipitation_sum,cloud_cover_mean
HU,Hongrie,HU,Hungary,HU,Hungary,2019-01-14,2019,1,14,maize,Maize grain (feed),Primary production,Zearalenone,no,,,25.0,not_quantified_below_loq,Non Quantified Value ( less than LOQ),yes,yes,Selective sampling,Official (National) programme,,HU_latest_15333988_contaminants.zip,OCC_CHEMMON2020_HU_2019.ZIP/OCC_CHEMMON2020_HU_2019.CSV,9069292B3ADE889D55ED7DA3AF8D3D3B,46.814,20.877,2019-01-14,2.9104164,6.95,-0.4,73.46437,3.5,62.625
HU,Hongrie,HU,Hungary,HU,Hungary,2019-01-15,2019,1,15,maize,Maize grain (feed),Primary production,Zearalenone,no,,,25.0,not_quantified_below_loq,Non Quantified Value ( less than LOQ),yes,yes,Selective sampling,Official (National) programme,,HU_latest_15333988_contaminants.zip,OCC_CHEMMON2020_HU_2019.ZIP/OCC_CHEMMON2020_HU_2019.CSV,189742E2E9B14EBD002A4E4E1BD0AC15,46.814,20.877,2019-01-15,0.45833334,3.0,-2.9,64.05091,0.0,62.458332
HU,Hongrie,HU,Hungary,HU,Hungary,2019-01-17,2019,1,17,maize,Maize grain (feed),Primary production,Zearalenone,no,,,25.0,not_quantified_below_loq,Non Quantified Value ( less than LOQ),yes,yes,Selective sampling,Official (National) programme,,HU_latest_15333988_contaminants.zip,OCC_CHEMMON2020_HU_2019.ZIP/OCC_CHEMMON2020_HU_2019.CSV,F3F920B8B0E58666EEB1A87BE850C14E,46.814,20.877,2019-01-17,1.0,9.2,5.1041665,73.51337,0.0,55.208332
HU,Hongrie,HU,Hungary,HU,Hungary,2019-01-25,2019,1,25,maize,Maize grain (feed),Primary production,Zearalenone,no,,,25.0,not_quantified_below_loq,Non Quantified Value ( less than LOQ),yes,yes,Selective sampling,Official (National) programme,,HU_latest_15333988_contaminants.zip,OCC_CHEMMON2020_HU_2019.ZIP/OCC_CHEMMON2020_HU_2019.CSV,0557DD2EA617C8CA0C6B194562C8AFF5,46.814,20.877,2019-01-25,-3.45,-0.05,-1.5250001,92.01737,0.8,99.5
HU,Hongrie,HU,Hungary,HU,Hungary,2019-01-29,2019,1,29,maize,Maize grain (feed),Primary production,Zearalenone,no,,,25.0,not_quantified_below_loq,Non Quantified Value ( less than LOQ),yes,yes,Selective sampling,Official (National) programme,,HU_latest_15333988_contaminants.zip,OCC_CHEMMON2020_HU_2019.ZIP/OCC_CHEMMON2020_HU_2019.CSV,27FB44D254F63EABBAA2392F64D135C0,46.814,20.877,2019-01-29,-0.65,5.5,1.8416666,85.51953,0.1,78.375
DK,Danemark,DK,Denmark,DK,Denmark,2019-01-30,2019,1,30,barley,Barley grain (feed),Primary production,Zearalenone,yes,3.879350348,,1.4,quantified_positive,Numerical Value,yes,yes,Objective sampling,Official (National and EU) programme,According to Reg 152/2009,DK_latest_15402714_contaminants.zip,OCC_CHEMMON2020_DK_2019.ZIP/OCC_CHEMMON2020_DK_2019.CSV,1650144C77762ACF6E1634631C6AE68D,55.779,9.119,2019-01-30,-3.632158e-08,2.05,-2.35,84.54177,0.0,98.708336
HU,Hongrie,HU,Hungary,HU,Hungary,2019-01-30,2019,1,30,maize,Maize grain (feed),Primary production,Zearalenone,no,,,25.0,not_quantified_below_loq,Non Quantified Value ( less than LOQ),yes,yes,Selective sampling,Official (National) programme,,HU_latest_15333988_contaminants.zip,OCC_CHEMMON2020_HU_2019.ZIP/OCC_CHEMMON2020_HU_2019.CSV,971A3C78B41CACC182D1D704D05CAAF8,46.814,20.877,2019-01-30,1.2708334,3.3,-0.9,93.41111,0.4,96.291664
HU,Hongrie,HU,Hungary,HU,Hungary,2019-02-04,2019,2,4,maize,Maize grain (feed),Primary production,Zearalenone,no,,,25.0,not_quantified_below_loq,Non Quantified Value ( less than LOQ),yes,yes,Selective sampling,Official (National) programme,,HU_latest_15333988_contaminants.zip,OCC_CHEMMON2020_HU_2019.ZIP/OCC_CHEMMON2020_HU_2019.CSV,75AA550D9F4988D6B8905F3E9B50B146,46.814,20.877,2019-02-04,3.916667,6.7,1.05,80.91991,0.0,94.166664
HU,Hongrie,HU,Hungary,HU,Hungary,2019-02-04,2019,2,4,maize,Maize grain (feed),Primary production,Zearalenone,no,,,25.0,not_quantified_below_loq,Non Quantified Value ( less than LOQ),yes,yes,Selective sampling,Official (National) programme,,HU_latest_15333988_contaminants.zip,OCC_CHEMMON2020_HU_2019.ZIP/OCC_CHEMMON2020_HU_2019.CSV,1F986DB4F84606D8FDFF919B5AF0D734,46.814,20.877,2019-02-04,3.916667,6.7,1.05,80.91991,0.0,94.166664
HU,Hongrie,HU,Hungary,HU,Hungary,2019-02-05,2019,2,5,maize,Maize grain (feed),Primary production,Zearalenone,no,,,25.0,not_quantified_below_loq,Non Quantified Value ( less than LOQ),yes,yes,Selective sampling,Official (National) programme,,HU_latest_15333988_contaminants.zip,OCC_CHEMMON2020_HU_2019.ZIP/OCC_CHEMMON2020_HU_2019.CSV,C8321A044AEA4FDA7B5546B9AB719F74,46.814,20.877,2019-02-05,2.6687498,3.7,1.75,87.66244,4.7,98.666664
HU,Hongrie,HU,Hungary,HU,Hungary,2019-02-11,2019,2,11,maize,Maize grain (feed),Primary production,Zearalenone,no,,,25.0,not_quantified_below_loq,Non Quantified Value ( less than LOQ),yes,yes,Selective sampling,Official (National) programme,,HU_latest_15333988_contaminants.zip,OCC_CHEMMON2020_HU_2019.ZIP/OCC_CHEMMON2020_HU_2019.CSV,7616A3C4B7AE07216A6FABE9A3F299B3,46.814,20.877,2019-02-11,3.7,7.6,5.7374997,79.602776,11.000001,99.041664
DK,Danemark,DK,Denmark,DK,Denmark,2019-02-12,2019,2,12,generic_cereal,Cereal grains and products derived thereof (feed),Primary production,Zearalenone,no,,,15.0,not_quantified_below_loq,Non Quantified Value ( less than LOQ),yes,yes,Objective sampling,Official (National and EU) programme,According to Reg 152/2009,DK_latest_15402714_contaminants.zip,OCC_CHEMMON2020_DK_2019.ZIP/OCC_CHEMMON2020_DK_2019.CSV,7E31E0BFCA800250ED710BF63C2E42F3,55.779,9.119,2019-02-12,-1.1,6.2,3.05,79.865234,0.1,66.208336
DK,Danemark,DK,Denmark,DK,Denmark,2019-02-12,2019,2,12,wheat,Wheat grains (feed),Primary production,Zearalenone,no,,,15.0,not_quantified_below_loq,Non Quantified Value ( less than LOQ),yes,yes,Objective sampling,Official (National and EU) programme,According to Reg 152/2009,DK_latest_15402714_contaminants.zip,OCC_CHEMMON2020_DK_2019.ZIP/OCC_CHEMMON2020_DK_2019.CSV,99F87EA5AEB3617EFF3A64299E909F47,55.779,9.119,2019-02-12,-1.1,6.2,3.05,79.865234,0.1,66.208336
HU,Hongrie,HU,Hungary,HU,Hungary,2019-02-14,2019,2,14,maize,Maize grain (feed),Primary production,Zearalenone,no,,,25.0,not_quantified_below_loq,Non Quantified Value ( less than LOQ),yes,yes,Selective sampling,Official (National) programme,,HU_latest_15333988_contaminants.zip,OCC_CHEMMON2020_HU_2019.ZIP/OCC_CHEMMON2020_HU_2019.CSV,09B608C5B274DB9F4A41A63FF90A0273,46.814,20.877,2019-02-14,3.0145833,8.1,-1.6,84.78658,0.0,62.333332
CZ,Tchequie,CZ,Czechia,CZ,Czechia,2019-02-14,2019,2,14,wheat,Wheat grains (feed),Primary production,Zearalenone,no,,,20.0,not_quantified_below_loq,Non Quantified Value ( less than LOQ),yes,yes,Objective sampling,Official (National) programme,,CZ_latest_15410924_contaminants.zip,OCC_CHEMMON2020_CZ_2019.ZIP/OCC_CHEMMON2020_CZ_2019.CSV,2B481F16AD865EE65D9E5553685412E1,49.765,15.05,2019-02-14,3.4708338,8.3,-0.1,72.62035,0.0,43.291668
HU,Hongrie,HU,Hungary,HU,Hungary,2019-02-20,2019,2,20,maize,Maize grain (feed),Primary production,Zearalenone,no,,,25.0,not_quantified_below_loq,Non Quantified Value ( less than LOQ),yes,yes,Selective sampling,Official (National) programme,,HU_latest_15333988_contaminants.zip,OCC_CHEMMON2020_HU_2019.ZIP/OCC_CHEMMON2020_HU_2019.CSV,6C41BEA50878A652577FE350FAA18A46,46.814,20.877,2019-02-20,5.9458337,12.35,1.4,69.66212,0.0,12.375
CZ,Tchequie,CZ,Czechia,CZ,Czechia,2019-02-20,2019,2,20,barley,Barley grain (feed),Primary production,Zearalenone,no,,,20.0,not_quantified_below_loq,Non Quantified Value ( less than LOQ),yes,yes,Objective sampling,Official (National) programme,,CZ_latest_15410924_contaminants.zip,OCC_CHEMMON2020_CZ_2019.ZIP/OCC_CHEMMON2020_CZ_2019.CSV,CD4F4D661B734AD9E74B94A279E30233,49.765,15.05,2019-02-20,2.935417,7.7,-0.55,81.02578,0.0,64.583336
DK,Danemark,DK,Denmark,DK,Denmark,2019-02-21,2019,2,21,maize,Maize silage (feed),Primary production,Zearalenone,no,,,1.4,not_quantified_below_loq,Non Quantified Value ( less than LOQ),yes,yes,Objective sampling,Official (National and EU) programme,According to Reg 152/2009,DK_latest_15402714_contaminants.zip,OCC_CHEMMON2020_DK_2019.ZIP/OCC_CHEMMON2020_DK_2019.CSV,594937A6686025E613915BB76C863285,55.779,9.119,2019-02-21,6.7520843,7.8,3.95,96.29615,1.5000001,96.0
HU,Hongrie,HU,Hungary,HU,Hungary,2019-02-21,2019,2,21,maize,Maize grain (feed),Primary production,Zearalenone,no,,,25.0,not_quantified_below_loq,Non Quantified Value ( less than LOQ),yes,yes,Selective sampling,Official (National) programme,,HU_latest_15333988_contaminants.zip,OCC_CHEMMON2020_HU_2019.ZIP/OCC_CHEMMON2020_HU_2019.CSV,7A5F431B6CE4B90246456254A003F962,46.814,20.877,2019-02-21,4.847916,10.75,-0.65,70.71445,0.5,70.375
SK,Slovaquie,CZ,Czechia,CZ,Czechia,2019-02-25,2019,2,25,maize,Maize grain (feed),Storage,Zearalenone,no,,,20.0,not_quantified_below_loq,Non Quantified Value ( less than LOQ),no,no,Objective sampling,Official (National) programme,,CZ_latest_15410924_contaminants.zip,OCC_CHEMMON2020_CZ_2019.ZIP/OCC_CHEMMON2020_CZ_2019.CSV,C093FD5067BFC75407E9A28B19B47584,48.053,17.37,2019-02-25,0.1,11.95,5.525,58.622982,0.0,69.875
CZ,Tchequie,CZ,Czechia,CZ,Czechia,2019-02-27,2019,2,27,wheat,Wheat grains (feed),Primary production,Zearalenone,no,,,20.0,not_quantified_below_loq,Non Quantified Value ( less than LOQ),yes,yes,Objective sampling,Official (National) programme,,CZ_latest_15410924_contaminants.zip,OCC_CHEMMON2020_CZ_2019.ZIP/OCC_CHEMMON2020_CZ_2019.CSV,3E666248FF7DD61C463792472A35E417,49.765,15.05,2019-02-27,0.65,13.3,6.504167,67.761536,0.0,28.583334
CZ,Tchequie,CZ,Czechia,CZ,Czechia,2019-03-07,2019,3,7,maize,Maize grain (feed),Storage,Zearalenone,yes,443.0,,20.0,quantified_positive,Numerical Value,yes,yes,Objective sampling,Official (National) programme,,CZ_latest_15410924_contaminants.zip,OCC_CHEMMON2020_CZ_2019.ZIP/OCC_CHEMMON2020_CZ_2019.CSV,B3C7C4BD6F004B6EE0CE6A380BC4D73C,49.765,15.05,2019-03-07,3.75,15.5,7.952083,69.85287,0.3,78.625
HU,Hongrie,HU,Hungary,HU,Hungary,2019-03-13,2019,3,13,maize,Maize grain (feed),Primary production,Zearalenone,no,,,25.0,not_quantified_below_loq,Non Quantified Value ( less than LOQ),yes,yes,Selective sampling,Official (National) programme,,HU_latest_15333988_contaminants.zip,OCC_CHEMMON2020_HU_2019.ZIP/OCC_CHEMMON2020_HU_2019.CSV,C2B881EC839D24A0D0E3534C8BBFFFFF,46.814,20.877,2019-03-13,-1.1,10.05,5.077083,53.577168,0.0,77.583336
DK,Danemark,DK,Denmark,DK,Denmark,2019-03-14,2019,3,14,maize,Maize silage (feed),Primary production,Zearalenone,yes,42.51935711,,1.4,quantified_positive,Numerical Value,yes,yes,Objective sampling,Official (National and EU) programme,According to Reg 152/2009,DK_latest_15402714_contaminants.zip,OCC_CHEMMON2020_DK_2019.ZIP/OCC_CHEMMON2020_DK_2019.CSV,FCA8F4F907964DDCAD69E43467B0BD46,55.779,9.119,2019-03-14,4.5187497,5.2,2.9,94.01803,7.9999995,92.166664
CZ,Tchequie,CZ,Czechia,CZ,Czechia,2019-03-14,2019,3,14,wheat,Wheat grains (feed),Primary production,Zearalenone,no,,,20.0,not_quantified_below_loq,Non Quantified Value ( less than LOQ),yes,yes,Objective sampling,Official (National) programme,,CZ_latest_15410924_contaminants.zip,OCC_CHEMMON2020_CZ_2019.ZIP/OCC_CHEMMON2020_CZ_2019.CSV,F909BD3F44809CE8F196A1CEC2BA5F39,49.765,15.05,2019-03-14,3.7645829,6.65,1.7,80.79941,6.7000003,91.5
CZ,Tchequie,CZ,Czechia,CZ,Czechia,2019-03-18,2019,3,18,barley,Barley grain (feed),Primary production,Zearalenone,no,,,20.0,not_quantified_below_loq,Non Quantified Value ( less than LOQ),yes,yes,Objective sampling,Official (National) programme,,CZ_latest_15410924_contaminants.zip,OCC_CHEMMON2020_CZ_2019.ZIP/OCC_CHEMMON2020_CZ_2019.CSV,41CB40673B11DFD3300D20756321752A,49.765,15.05,2019-03-18,0.6,7.05,3.9041672,71.36329,1.0,62.5
CZ,Tchequie,CZ,Czechia,CZ,Czechia,2019-03-22,2019,3,22,maize,Maize grain (feed),Primary production,Zearalenone,no,,,20.0,not_quantified_below_loq,Non Quantified Value ( less than LOQ),yes,yes,Objective sampling,Official (National) programme,,CZ_latest_15410924_contaminants.zip,OCC_CHEMMON2020_CZ_2019.ZIP/OCC_CHEMMON2020_CZ_2019.CSV,634AD8900E62654B824F8379E5BC8083,49.765,15.05,2019-03-22,0.65,15.45,8.191668,77.34702,0.0,36.375
CZ,Tchequie,CZ,Czechia,CZ,Czechia,2019-03-26,2019,3,26,barley,Barley grain (feed),Storage,Zearalenone,no,,,20.0,not_quantified_below_loq,Non Quantified Value ( less than LOQ),yes,yes,Objective sampling,Official (National) programme,,CZ_latest_15410924_contaminants.zip,OCC_CHEMMON2020_CZ_2019.ZIP/OCC_CHEMMON2020_CZ_2019.CSV,356CFC6AF1743F0E38EAACE24AD1EE34,49.765,15.05,2019-03-26,0.1,6.6,3.2041671,71.39286,0.70000005,87.875
SK,Slovaquie,SK,Slovakia,SK,Slovakia,2019-03-28,2019,3,28,generic_cereal,Cereal grains screenings (feed),Farm,Zearalenone,no,,,20.0,not_quantified_below_loq,Non Quantified Value ( less than LOQ),yes,yes,Other,Official (National) programme,According to 97/747/EC,SK_latest_15411469_contaminants.zip,OCC_CHEMMON2020_SK_2019.ZIP/OCC_CHEMMON2020_SK_2019.CSV,F1410F262C28A90E7934F23CBFEDDAE7,48.053,17.37,2019-03-28,7.622917,12.6,2.3,73.36434,0.1,49.083332
DK,Danemark,DK,Denmark,DK,Denmark,2019-03-28,2019,3,28,barley,Barley grain (feed),Primary production,Zearalenone,no,,,15.0,not_quantified_below_loq,Non Quantified Value ( less than LOQ),yes,yes,Objective sampling,Official (National and EU) programme,According to Reg 152/2009,DK_latest_15402714_contaminants.zip,OCC_CHEMMON2020_DK_2019.ZIP/OCC_CHEMMON2020_DK_2019.CSV,CA13994BC2F0D33B486084C850E95A48,55.779,9.119,2019-03-28,8.835416,13.2,4.95,86.68395,0.1,71.291664
DK,Danemark,DK,Denmark,DK,Denmark,2019-04-02,2019,4,2,maize,Maize silage (feed),Primary production,Zearalenone,no,,,1.4,not_quantified_below_loq,Non Quantified Value ( less than LOQ),yes,yes,Objective sampling,Official (National and EU) programme,According to Reg 152/2009,DK_latest_15402714_contaminants.zip,OCC_CHEMMON2020_DK_2019.ZIP/OCC_CHEMMON2020_DK_2019.CSV,A8E1E3F38EDE7BC38EBCE0775BE437C4,55.779,9.119,2019-04-02,1.25,10.4,6.254167,67.93869,2.6,66.833336
DK,Danemark,DK,Denmark,DK,Denmark,2019-04-04,2019,4,4,barley,Barley grain (feed),Primary production,Zearalenone,no,,,15.0,not_quantified_below_loq,Non Quantified Value ( less than LOQ),yes,yes,Objective sampling,Official (National and EU) programme,According to Reg 152/2009,DK_latest_15402714_contaminants.zip,OCC_CHEMMON2020_DK_2019.ZIP/OCC_CHEMMON2020_DK_2019.CSV,7D166F2660E545297C5DAA35B8A9640E,55.779,9.119,2019-04-04,5.7,13.4,8.989583,77.79983,0.2,89.083336
DK,Danemark,DK,Denmark,DK,Denmark,2019-04-04,2019,4,4,barley,Barley grain (feed),Primary production,Zearalenone,no,,,15.0,not_quantified_below_loq,Non Quantified Value ( less than LOQ),yes,yes,Objective sampling,Official (National and EU) programme,According to Reg 152/2009,DK_latest_15402714_contaminants.zip,OCC_CHEMMON2020_DK_2019.ZIP/OCC_CHEMMON2020_DK_2019.CSV,5FAE6A5787C285A5A1D73714F4EDA050,55.779,9.119,2019-04-04,5.7,13.4,8.989583,77.79983,0.2,89.083336
CZ,Tchequie,CZ,Czechia,CZ,Czechia,2019-04-05,2019,4,5,wheat,Wheat grains (feed),Storage,Zearalenone,no,,,20.0,not_quantified_below_loq,Non Quantified Value ( less than LOQ),yes,yes,Objective sampling,Official (National) programme,,CZ_latest_15410924_contaminants.zip,OCC_CHEMMON2020_CZ_2019.ZIP/OCC_CHEMMON2020_CZ_2019.CSV,7AE0BF9719FFEAB40F882A88032986B3,49.765,15.05,2019-04-05,5.5,17.0,11.404166,65.42736,0.1,72.958336
DK,Danemark,DK,Denmark,DK,Denmark,2019-04-10,2019,4,10,barley,Barley grain (feed),Primary production,Zearalenone,no,,,15.0,not_quantified_below_loq,Non Quantified Value ( less than LOQ),yes,yes,Objective sampling,Official (National and EU) programme,According to Reg 152/2009,DK_latest_15402714_contaminants.zip,OCC_CHEMMON2020_DK_2019.ZIP/OCC_CHEMMON2020_DK_2019.CSV,1D55C9CCFD364F062CAB4C805FD1A255,55.779,9.119,2019-04-10,1.3208333,4.6,-2.75,64.06144,0.0,63.75
DK,Danemark,DK,Denmark,DK,Denmark,2019-04-10,2019,4,10,maize,Maize silage (feed),Primary production,Zearalenone,yes,12.31147011,,1.4,quantified_positive,Numerical Value,yes,yes,Objective sampling,Official (National and EU) programme,According to Reg 152/2009,DK_latest_15402714_contaminants.zip,OCC_CHEMMON2020_DK_2019.ZIP/OCC_CHEMMON2020_DK_2019.CSV,73726970767CAE7113DA6B504C1E70D2,55.779,9.119,2019-04-10,1.3208333,4.6,-2.75,64.06144,0.0,63.75
DK,Danemark,DK,Denmark,DK,Denmark,2019-04-11,2019,4,11,wheat,Wheat grains (feed),Primary production,Zearalenone,yes,21.41590664,,15.0,quantified_positive,Numerical Value,yes,yes,Objective sampling,Official (National and EU) programme,According to Reg 152/2009,DK_latest_15402714_contaminants.zip,OCC_CHEMMON2020_DK_2019.ZIP/OCC_CHEMMON2020_DK_2019.CSV,A7657F4EAAFC1761FAE00A1E8E108EC3,55.779,9.119,2019-04-11,2.1979167,4.95,-1.7,67.917564,0.2,70.666664
DK,Danemark,DK,Denmark,DK,Denmark,2019-04-12,2019,4,12,barley,Barley grain (feed),Primary production,Zearalenone,no,,,15.0,not_quantified_below_loq,Non Quantified Value ( less than LOQ),yes,yes,Objective sampling,Official (National and EU) programme,According to Reg 152/2009,DK_latest_15402714_contaminants.zip,OCC_CHEMMON2020_DK_2019.ZIP/OCC_CHEMMON2020_DK_2019.CSV,80824826BD66E5E59C1CD0AEEEA330D4,55.779,9.119,2019-04-12,1.2833333,6.05,-3.0,69.09269,1.4000001,34.833332
DK,Danemark,DK,Denmark,DK,Denmark,2019-04-12,2019,4,12,wheat,Wheat grains (feed),Primary production,Zearalenone,no,,,15.0,not_quantified_below_loq,Non Quantified Value ( less than LOQ),yes,yes,Objective sampling,Official (National and EU) programme,According to Reg 152/2009,DK_latest_15402714_contaminants.zip,OCC_CHEMMON2020_DK_2019.ZIP/OCC_CHEMMON2020_DK_2019.CSV,A653AE80E4607DDDEA04AA4CE775B7A8,55.779,9.119,2019-04-12,1.2833333,6.05,-3.0,69.09269,1.4000001,34.833332
DK,Danemark,DK,Denmark,DK,Denmark,2019-04-15,2019,4,15,wheat,Wheat grains (feed),Primary production,Zearalenone,no,13.15577635,,15.0,not_quantified_below_loq,Non Quantified Value ( less than LOQ),yes,yes,Objective sampling,Official (National and EU) programme,According to Reg 152/2009,DK_latest_15402714_contaminants.zip,OCC_CHEMMON2020_DK_2019.ZIP/OCC_CHEMMON2020_DK_2019.CSV,07C78949B1C732C7331468199AFCCC51,55.779,9.119,2019-04-15,0.25,7.6,4.235417,64.62516,0.0,6.9166665
DK,Danemark,DK,Denmark,DK,Denmark,2019-04-15,2019,4,15,barley,Barley grain (feed),Primary production,Zearalenone,no,,,15.0,not_quantified_below_loq,Non Quantified Value ( less than LOQ),yes,yes,Objective sampling,Official (National and EU) programme,According to Reg 152/2009,DK_latest_15402714_contaminants.zip,OCC_CHEMMON2020_DK_2019.ZIP/OCC_CHEMMON2020_DK_2019.CSV,FA2632DBC752EF714F627B56A4697518,55.779,9.119,2019-04-15,0.25,7.6,4.235417,64.62516,0.0,6.9166665
DK,Danemark,DK,Denmark,DK,Denmark,2019-04-25,2019,4,25,maize,Maize silage (feed),Primary production,Zearalenone,yes,2.339409466,,1.4,quantified_positive,Numerical Value,yes,yes,Objective sampling,Official (National and EU) programme,According to Reg 152/2009,DK_latest_15402714_contaminants.zip,OCC_CHEMMON2020_DK_2019.ZIP/OCC_CHEMMON2020_DK_2019.CSV,EA9BBD856361747D1BC089BC3A88FB18,55.779,9.119,2019-04-25,13.752083,19.4,10.6,71.92293,3.9,80.416664
DK,Danemark,DK,Denmark,DK,Denmark,2019-04-26,2019,4,26,barley,Barley grain (feed),Primary production,Zearalenone,no,,,15.0,not_quantified_below_loq,Non Quantified Value ( less than LOQ),yes,yes,Objective sampling,Official (National and EU) programme,According to Reg 152/2009,DK_latest_15402714_contaminants.zip,OCC_CHEMMON2020_DK_2019.ZIP/OCC_CHEMMON2020_DK_2019.CSV,775628587C544D6AFF8BB310F3B1ACD6,55.779,9.119,2019-04-26,11.939584,14.5,8.8,79.31154,8.7,97.791664
DK,Danemark,DK,Denmark,DK,Denmark,2019-05-01,2019,5,1,generic_cereal,Cereal grains and products derived thereof (feed),Primary production,Zearalenone,no,,,15.0,not_quantified_below_loq,Non Quantified Value ( less than LOQ),yes,yes,Objective sampling,Official (National and EU) programme,According to Reg 152/2009,DK_latest_15402714_contaminants.zip,OCC_CHEMMON2020_DK_2019.ZIP/OCC_CHEMMON2020_DK_2019.CSV,528E9CAFAB27411EE53BA2E1C14EF4A2,55.779,9.119,2019-05-01,7.2,11.65,8.914583,84.96283,0.0,100.0
DK,Danemark,DK,Denmark,DK,Denmark,2019-05-03,2019,5,3,maize,Maize silage (feed),Primary production,Zearalenone,no,,,1.4,not_quantified_below_loq,Non Quantified Value ( less than LOQ),yes,yes,Objective sampling,Official (National and EU) programme,According to Reg 152/2009,DK_latest_15402714_contaminants.zip,OCC_CHEMMON2020_DK_2019.ZIP/OCC_CHEMMON2020_DK_2019.CSV,0530060C99421638A135195A875B592B,55.779,9.119,2019-05-03,2.4,8.15,4.9416666,65.34096,4.2999997,34.958332
SK,Slovaquie,SK,Slovakia,SK,Slovakia,2019-05-06,2019,5,6,generic_cereal,Cereal grains screenings (feed),Farm,Zearalenone,yes,80.0,,20.0,quantified_positive,Numerical Value,yes,yes,Other,Official (National) programme,According to 97/747/EC,SK_latest_15411469_contaminants.zip,OCC_CHEMMON2020_SK_2019.ZIP/OCC_CHEMMON2020_SK_2019.CSV,14CF011A601B7DE430C17B0D8E3E5B82,48.053,17.37,2019-05-06,8.695834,11.95,5.45,56.36571,1.2,98.166664
DK,Danemark,DK,Denmark,DK,Denmark,2019-05-06,2019,5,6,wheat,Wheat grains (feed),Primary production,Zearalenone,no,,,15.0,not_quantified_below_loq,Non Quantified Value ( less than LOQ),yes,yes,Objective sampling,Official (National and EU) programme,According to Reg 152/2009,DK_latest_15402714_contaminants.zip,OCC_CHEMMON2020_DK_2019.ZIP/OCC_CHEMMON2020_DK_2019.CSV,760E6BAFDF321241AD44218A3B44DEC4,55.779,9.119,2019-05-06,5.7645836,8.2,3.15,71.23907,2.2,36.083332
DK,Danemark,DK,Denmark,DK,Denmark,2019-05-06,2019,5,6,barley,Barley grain (feed),Primary production,Zearalenone,no,,,15.0,not_quantified_below_loq,Non Quantified Value ( less than LOQ),yes,yes,Objective sampling,Official (National and EU) programme,According to Reg 152/2009,DK_latest_15402714_contaminants.zip,OCC_CHEMMON2020_DK_2019.ZIP/OCC_CHEMMON2020_DK_2019.CSV,ED14C601E6F1B95AE4BF2D2F7900863D,55.779,9.119,2019-05-06,5.7645836,8.2,3.15,71.23907,2.2,36.083332
DK,Danemark,DK,Denmark,DK,Denmark,2019-05-06,2019,5,6,wheat,Wheat grains (feed),Primary production,Zearalenone,no,,,15.0,not_quantified_below_loq,Non Quantified Value ( less than LOQ),yes,yes,Objective sampling,Official (National and EU) programme,According to Reg 152/2009,DK_latest_15402714_contaminants.zip,OCC_CHEMMON2020_DK_2019.ZIP/OCC_CHEMMON2020_DK_2019.CSV,CD128565731D4D2F0DF3FB1CD138E727,55.779,9.119,2019-05-06,5.7645836,8.2,3.15,71.23907,2.2,36.083332
DK,Danemark,DK,Denmark,DK,Denmark,2019-05-07,2019,5,7,maize,Maize silage (feed),Primary production,Zearalenone,yes,24.46856302,,1.4,quantified_positive,Numerical Value,yes,yes,Objective sampling,Official (National and EU) programme,According to Reg 152/2009,DK_latest_15402714_contaminants.zip,OCC_CHEMMON2020_DK_2019.ZIP/OCC_CHEMMON2020_DK_2019.CSV,8E4A5D80E6FD9C23DB5A16DE52C75482,55.779,9.119,2019-05-07,2.0,9.0,5.489584,68.96034,1.7000002,48.0
DK,Danemark,DK,Denmark,DK,Denmark,2019-05-15,2019,5,15,wheat,Wheat grains (feed),Primary production,Zearalenone,no,,,15.0,not_quantified_below_loq,Non Quantified Value ( less than LOQ),yes,yes,Objective sampling,Official (National and EU) programme,According to Reg 152/2009,DK_latest_15402714_contaminants.zip,OCC_CHEMMON2020_DK_2019.ZIP/OCC_CHEMMON2020_DK_2019.CSV,C01612982946A41043CF4B4882B51FBF,55.779,9.119,2019-05-15,1.3,14.85,9.235417,66.35426,0.0,32.125
DK,Danemark,DK,Denmark,DK,Denmark,2019-05-21,2019,5,21,maize,Maize silage (feed),Primary production,Zearalenone,yes,17.01515787,,1.4,quantified_positive,Numerical Value,yes,yes,Objective sampling,Official (National and EU) programme,According to Reg 152/2009,DK_latest_15402714_contaminants.zip,OCC_CHEMMON2020_DK_2019.ZIP/OCC_CHEMMON2020_DK_2019.CSV,600823D08F805A4EACCBB9CC2F4ED4F5,55.779,9.119,2019-05-21,11.05,20.9,15.229167,88.20777,13.099999,99.083336
DK,Danemark,DK,Denmark,DK,Denmark,2019-05-29,2019,5,29,wheat,Wheat grains (feed),Primary production,Zearalenone,no,,,15.0,not_quantified_below_loq,Non Quantified Value ( less than LOQ),yes,yes,Objective sampling,Official (National and EU) programme,According to Reg 152/2009,DK_latest_15402714_contaminants.zip,OCC_CHEMMON2020_DK_2019.ZIP/OCC_CHEMMON2020_DK_2019.CSV,C9FA070809E7AE149849D51C79E1F514,55.779,9.119,2019-05-29,4.4,12.3,8.724999,61.687286,0.0,66.291664
DK,Danemark,DK,Denmark,DK,Denmark,2019-05-29,2019,5,29,barley,Barley grain (feed),Primary production,Zearalenone,no,,,15.0,not_quantified_below_loq,Non Quantified Value ( less than LOQ),yes,yes,Objective sampling,Official (National and EU) programme,According to Reg 152/2009,DK_latest_15402714_contaminants.zip,OCC_CHEMMON2020_DK_2019.ZIP/OCC_CHEMMON2020_DK_2019.CSV,914C59EAF08A9DF8FB25D6D234332578,55.779,9.119,2019-05-29,4.4,12.3,8.724999,61.687286,0.0,66.291664
DK,Danemark,DK,Denmark,DK,Denmark,2019-06-06,2019,6,6,barley,Barley grain (feed),Primary production,Zearalenone,no,,,15.0,not_quantified_below_loq,Non Quantified Value ( less than LOQ),yes,yes,Objective sampling,Official (National and EU) programme,According to Reg 152/2009,DK_latest_15402714_contaminants.zip,OCC_CHEMMON2020_DK_2019.ZIP/OCC_CHEMMON2020_DK_2019.CSV,14E16AE1D4BEE2786BF26293314767F0,55.779,9.119,2019-06-06,10.2,22.6,17.166668,80.23441,6.7999997,59.375
HU,Hongrie,CZ,Czechia,CZ,Czechia,2019-06-10,2019,6,10,maize,Maize grain (feed),Storage,Zearalenone,no,,,20.0,not_quantified_below_loq,Non Quantified Value ( less than LOQ),no,no,Objective sampling,Official (National) programme,,CZ_latest_15410924_contaminants.zip,OCC_CHEMMON2020_CZ_2019.ZIP/OCC_CHEMMON2020_CZ_2019.CSV,83ACBF02EECD51F1E5D17C907B384CB6,46.814,20.877,2019-06-10,19.25,30.5,24.904167,68.64966,0.0,12.916667
DK,Danemark,DK,Denmark,DK,Denmark,2019-06-11,2019,6,11,maize,Maize silage (feed),Primary production,Zearalenone,yes,61.86418843,,1.4,quantified_positive,Numerical Value,yes,yes,Objective sampling,Official (National and EU) programme,According to Reg 152/2009,DK_latest_15402714_contaminants.zip,OCC_CHEMMON2020_DK_2019.ZIP/OCC_CHEMMON2020_DK_2019.CSV,F06301A733D841BB86DD7215EF3B87D8,55.779,9.119,2019-06-11,12.1,18.05,15.379165,87.529564,3.7,88.458336
DK,Danemark,DK,Denmark,DK,Denmark,2019-06-18,2019,6,18,maize,Maize silage (feed),Primary production,Zearalenone,yes,17.79743361,,1.4,quantified_positive,Numerical Value,yes,yes,Objective sampling,Official (National and EU) programme,According to Reg 152/2009,DK_latest_15402714_contaminants.zip,OCC_CHEMMON2020_DK_2019.ZIP/OCC_CHEMMON2020_DK_2019.CSV,DE02750D6E9DA8C079712356909B80C8,55.779,9.119,2019-06-18,13.6,23.35,18.6,77.328636,5.3999996,79.166664
CZ,Tchequie,CZ,Czechia,CZ,Czechia,2019-07-09,2019,7,9,wheat,Wheat grains (feed),Primary production,Zearalenone,no,,,20.0,not_quantified_below_loq,Non Quantified Value ( less than LOQ),yes,yes,Objective sampling,Official (National) programme,,CZ_latest_15410924_contaminants.zip,OCC_CHEMMON2020_CZ_2019.ZIP/OCC_CHEMMON2020_CZ_2019.CSV,22593C705C7131C43BE8324CEEC7D6D1,49.765,15.05,2019-07-09,11.55,17.7,13.949998,58.4958,0.3,70.416664
DK,Danemark,DK,Denmark,DK,Denmark,2019-07-30,2019,7,30,wheat,Wheat grains (feed),Primary production,Zearalenone,no,,,15.0,not_quantified_below_loq,Non Quantified Value ( less than LOQ),yes,yes,Objective sampling,Official (National and EU) programme,According to Reg 152/2009,DK_latest_15402714_contaminants.zip,OCC_CHEMMON2020_DK_2019.ZIP/OCC_CHEMMON2020_DK_2019.CSV,C82A809D403CC75270F1852EEB8F55A6,55.779,9.119,2019-07-30,19.427084,24.95,15.8,79.085106,1.9000001,55.833332
DK,Danemark,DK,Denmark,DK,Denmark,2019-07-30,2019,7,30,wheat,Wheat grains (feed),Primary production,Zearalenone,no,,,15.0,not_quantified_below_loq,Non Quantified Value ( less than LOQ),yes,yes,Objective sampling,Official (National and EU) programme,According to Reg 152/2009,DK_latest_15402714_contaminants.zip,OCC_CHEMMON2020_DK_2019.ZIP/OCC_CHEMMON2020_DK_2019.CSV,C1F1CEFF4424300108751599BF945B5D,55.779,9.119,2019-07-30,19.427084,24.95,15.8,79.085106,1.9000001,55.833332
DK,Danemark,DK,Denmark,DK,Denmark,2019-07-30,2019,7,30,maize,Maize silage (feed),Primary production,Zearalenone,yes,25.07819876,,1.4,quantified_positive,Numerical Value,yes,yes,Objective sampling,Official (National and EU) programme,According to Reg 152/2009,DK_latest_15402714_contaminants.zip,OCC_CHEMMON2020_DK_2019.ZIP/OCC_CHEMMON2020_DK_2019.CSV,46502AE60BD27D76BA95738D8CDBBE6D,55.779,9.119,2019-07-30,19.427084,24.95,15.8,79.085106,1.9000001,55.833332
DK,Danemark,DK,Denmark,DK,Denmark,2019-07-31,2019,7,31,maize,Maize silage (feed),Primary production,Zearalenone,yes,63.6712777,,1.4,quantified_positive,Numerical Value,yes,yes,Objective sampling,Official (National and EU) programme,According to Reg 152/2009,DK_latest_15402714_contaminants.zip,OCC_CHEMMON2020_DK_2019.ZIP/OCC_CHEMMON2020_DK_2019.CSV,B26E7DD47A8D0F7D47343B37E2F51854,55.779,9.119,2019-07-31,17.916668,22.1,13.75,88.2268,15.900001,73.791664
DK,Danemark,DK,Denmark,DK,Denmark,2019-08-01,2019,8,1,barley,Barley grain (feed),Primary production,Zearalenone,no,,,15.0,not_quantified_below_loq,Non Quantified Value ( less than LOQ),yes,yes,Objective sampling,Official (National and EU) programme,According to Reg 152/2009,DK_latest_15402714_contaminants.zip,OCC_CHEMMON2020_DK_2019.ZIP/OCC_CHEMMON2020_DK_2019.CSV,5D2E670F7F7A32F10382613A2874808C,55.779,9.119,2019-08-01,17.012499,20.65,13.5,87.55655,3.9,79.75
EE,Estonie,EE,Estonia,EE,Estonia,2019-08-05,2019,8,5,barley,Barley grains,Storage,Zearalenone,no,,,20.0,not_quantified_below_loq,Non Quantified Value ( less than LOQ),yes,yes,Objective sampling,Official (National) programme,According to Regulation (EU) 2023/2782 (repealing Regulation (EC) No 401/2006,EE_latest_15412636_contaminants.zip,OCC_CHEMMON2020_EE_2019.ZIP/OCC_CHEMMON2020_EE_2019.CSV,71ED6B48BAEB8FC08DD5507C57DB020E,58.295,26.613,2019-08-05,8.95,18.5,14.383334,63.090336,0.0,68.75
DK,Danemark,DK,Denmark,DK,Denmark,2019-08-06,2019,8,6,wheat,Wheat grains (feed),Primary production,Zearalenone,no,,,15.0,not_quantified_below_loq,Non Quantified Value ( less than LOQ),yes,yes,Objective sampling,Official (National and EU) programme,According to Reg 152/2009,DK_latest_15402714_contaminants.zip,OCC_CHEMMON2020_DK_2019.ZIP/OCC_CHEMMON2020_DK_2019.CSV,FB91AA69F1D12BDB22F3342C44895F66,55.779,9.119,2019-08-06,17.091667,20.25,14.1,81.65866,2.9,61.625
DK,Danemark,DK,Denmark,DK,Denmark,2019-08-06,2019,8,6,barley,Barley grain (feed),Primary production,Zearalenone,no,,,15.0,not_quantified_below_loq,Non Quantified Value ( less than LOQ),yes,yes,Objective sampling,Official (National and EU) programme,According to Reg 152/2009,DK_latest_15402714_contaminants.zip,OCC_CHEMMON2020_DK_2019.ZIP/OCC_CHEMMON2020_DK_2019.CSV,D1B0B52700963D3BEF308E52B8C09BE9,55.779,9.119,2019-08-06,17.091667,20.25,14.1,81.65866,2.9,61.625
SK,Slovaquie,SK,Slovakia,SK,Slovakia,2019-08-06,2019,8,6,generic_cereal,Cereal grains screenings (feed),Support activities to agriculture,Zearalenone,no,,,1.0,not_quantified_below_loq,Non Quantified Value ( less than LOQ),yes,yes,Other,Official (National) programme,According to 97/747/EC,SK_latest_15411469_contaminants.zip,OCC_CHEMMON2020_SK_2019.ZIP/OCC_CHEMMON2020_SK_2019.CSV,DDEA20590082A9B471EC29E212673857,48.053,17.37,2019-08-06,23.966665,29.0,18.25,65.53173,0.0,73.125
SK,Slovaquie,SK,Slovakia,SK,Slovakia,2019-08-07,2019,8,7,wheat,Wheat grains (feed),Farm,Zearalenone,no,,,20.0,not_quantified_below_loq,Non Quantified Value ( less than LOQ),yes,yes,Other,Official (National) programme,According to 97/747/EC,SK_latest_15411469_contaminants.zip,OCC_CHEMMON2020_SK_2019.ZIP/OCC_CHEMMON2020_SK_2019.CSV,A23B29364576BC53F92740541408C599,48.053,17.37,2019-08-07,25.441668,30.95,20.1,67.23762,6.2,90.166664
SK,Slovaquie,SK,Slovakia,SK,Slovakia,2019-08-07,2019,8,7,wheat,Wheat grains (feed),Farm,Zearalenone,no,,,20.0,not_quantified_below_loq,Non Quantified Value ( less than LOQ),yes,yes,Other,Official (National) programme,According to 97/747/EC,SK_latest_15411469_contaminants.zip,OCC_CHEMMON2020_SK_2019.ZIP/OCC_CHEMMON2020_SK_2019.CSV,030EBE8B9BE3F926480E69F041261067,48.053,17.37,2019-08-07,25.441668,30.95,20.1,67.23762,6.2,90.166664
CZ,Tchequie,CZ,Czechia,CZ,Czechia,2019-08-07,2019,8,7,maize,Maize grain (feed),Primary production,Zearalenone,no,,,20.0,not_quantified_below_loq,Non Quantified Value ( less than LOQ),yes,yes,Objective sampling,Official (National) programme,,CZ_latest_15410924_contaminants.zip,OCC_CHEMMON2020_CZ_2019.ZIP/OCC_CHEMMON2020_CZ_2019.CSV,A09DA80BADCD6E12B2056FB5ABA7619A,49.765,15.05,2019-08-07,20.360416,25.95,16.2,78.78239,4.3,93.25
DK,Danemark,DK,Denmark,DK,Denmark,2019-08-08,2019,8,8,wheat,Wheat grains (feed),Primary production,Zearalenone,no,,,15.0,not_quantified_below_loq,Non Quantified Value ( less than LOQ),yes,yes,Objective sampling,Official (National and EU) programme,According to Reg 152/2009,DK_latest_15402714_contaminants.zip,OCC_CHEMMON2020_DK_2019.ZIP/OCC_CHEMMON2020_DK_2019.CSV,77ECB38E790D6E5F8DE276393F11C5AC,55.779,9.119,2019-08-08,13.7,18.85,15.8166685,84.98729,3.8999996,55.25
DK,Danemark,DK,Denmark,DK,Denmark,2019-08-08,2019,8,8,barley,Barley grain (feed),Primary production,Zearalenone,no,,,15.0,not_quantified_below_loq,Non Quantified Value ( less than LOQ),yes,yes,Objective sampling,Official (National and EU) programme,According to Reg 152/2009,DK_latest_15402714_contaminants.zip,OCC_CHEMMON2020_DK_2019.ZIP/OCC_CHEMMON2020_DK_2019.CSV,241215328A797A07D033884445CBF63F,55.779,9.119,2019-08-08,13.7,18.85,15.8166685,84.98729,3.8999996,55.25
EE,Estonie,EE,Estonia,EE,Estonia,2019-08-09,2019,8,9,barley,Barley grains,Storage,Zearalenone,no,,,20.0,not_quantified_below_loq,Non Quantified Value ( less than LOQ),yes,yes,Objective sampling,Official (National) programme,According to Regulation (EU) 2023/2782 (repealing Regulation (EC) No 401/2006,EE_latest_15412636_contaminants.zip,OCC_CHEMMON2020_EE_2019.ZIP/OCC_CHEMMON2020_EE_2019.CSV,DF25895D5B371C5577841857E4ED6CD8,58.295,26.613,2019-08-09,12.3,18.6,15.3875,91.7709,9.400001,84.25
DK,Danemark,DK,Denmark,DK,Denmark,2019-08-14,2019,8,14,barley,Barley grain (feed),Primary production,Zearalenone,no,,,15.0,not_quantified_below_loq,Non Quantified Value ( less than LOQ),yes,yes,Objective sampling,Official (National and EU) programme,According to Reg 152/2009,DK_latest_15402714_contaminants.zip,OCC_CHEMMON2020_DK_2019.ZIP/OCC_CHEMMON2020_DK_2019.CSV,A71F91D4602E5CBAFB669656EED4465E,55.779,9.119,2019-08-14,9.5,17.25,13.716666,76.49984,1.2,62.125
SK,Slovaquie,SK,Slovakia,SK,Slovakia,2019-08-15,2019,8,15,wheat,Common wheat grain,Primary production,Zearalenone,no,,,1.0,not_quantified_below_loq,Non Quantified Value ( less than LOQ),yes,yes,Selective sampling,Official (National) programme,According to 97/747/EC,SK_latest_15411469_contaminants.zip,OCC_CHEMMON2020_SK_2019.ZIP/OCC_CHEMMON2020_SK_2019.CSV,DDC05A87D4FC52E7ED96B7CB65AF35DC,48.053,17.37,2019-08-15,12.4,24.15,19.393751,60.725494,0.0,40.958332
DK,Danemark,DK,Denmark,DK,Denmark,2019-08-22,2019,8,22,maize,Maize silage (feed),Primary production,Zearalenone,yes,48.25225305,,1.4,quantified_positive,Numerical Value,yes,yes,Objective sampling,Official (National and EU) programme,According to Reg 152/2009,DK_latest_15402714_contaminants.zip,OCC_CHEMMON2020_DK_2019.ZIP/OCC_CHEMMON2020_DK_2019.CSV,512F422236FF0BB111106D5B63C3A5EB,55.779,9.119,2019-08-22,12.05,21.1,16.36875,74.16435,0.0,83.041664
DK,Danemark,DK,Denmark,DK,Denmark,2019-08-22,2019,8,22,barley,Barley grain (feed),Primary production,Zearalenone,no,,,15.0,not_quantified_below_loq,Non Quantified Value ( less than LOQ),yes,yes,Objective sampling,Official (National and EU) programme,According to Reg 152/2009,DK_latest_15402714_contaminants.zip,OCC_CHEMMON2020_DK_2019.ZIP/OCC_CHEMMON2020_DK_2019.CSV,1A4B28B936E902F6A8FFB8DB6C8F46F9,55.779,9.119,2019-08-22,12.05,21.1,16.36875,74.16435,0.0,83.041664
DK,Danemark,DK,Denmark,DK,Denmark,2019-08-22,2019,8,22,wheat,Wheat grains (feed),Primary production,Zearalenone,no,,,15.0,not_quantified_below_loq,Non Quantified Value ( less than LOQ),yes,yes,Objective sampling,Official (National and EU) programme,According to Reg 152/2009,DK_latest_15402714_contaminants.zip,OCC_CHEMMON2020_DK_2019.ZIP/OCC_CHEMMON2020_DK_2019.CSV,02761B41D9F505C7306635CE0D3D5EB1,55.779,9.119,2019-08-22,12.05,21.1,16.36875,74.16435,0.0,83.041664
DK,Danemark,DK,Denmark,DK,Denmark,2019-08-22,2019,8,22,barley,Barley grain (feed),Primary production,Zearalenone,no,,,15.0,not_quantified_below_loq,Non Quantified Value ( less than LOQ),yes,yes,Objective sampling,Official (National and EU) programme,According to Reg 152/2009,DK_latest_15402714_contaminants.zip,OCC_CHEMMON2020_DK_2019.ZIP/OCC_CHEMMON2020_DK_2019.CSV,57E4A1F37B085BEDBBB73DE8B83B2C16,55.779,9.119,2019-08-22,12.05,21.1,16.36875,74.16435,0.0,83.041664
DK,Danemark,DK,Denmark,DK,Denmark,2019-08-22,2019,8,22,barley,Barley grain (feed),Primary production,Zearalenone,no,,,15.0,not_quantified_below_loq,Non Quantified Value ( less than LOQ),yes,yes,Objective sampling,Official (National and EU) programme,According to Reg 152/2009,DK_latest_15402714_contaminants.zip,OCC_CHEMMON2020_DK_2019.ZIP/OCC_CHEMMON2020_DK_2019.CSV,A4E83D0ADAF858E2C252BFB5C6B13656,55.779,9.119,2019-08-22,12.05,21.1,16.36875,74.16435,0.0,83.041664
DK,Danemark,DK,Denmark,DK,Denmark,2019-08-22,2019,8,22,wheat,Wheat grains (feed),Primary production,Zearalenone,no,,,15.0,not_quantified_below_loq,Non Quantified Value ( less than LOQ),yes,yes,Objective sampling,Official (National and EU) programme,According to Reg 152/2009,DK_latest_15402714_contaminants.zip,OCC_CHEMMON2020_DK_2019.ZIP/OCC_CHEMMON2020_DK_2019.CSV,D6921BB0E6BB0B45F2218B653B4B9AF8,55.779,9.119,2019-08-22,12.05,21.1,16.36875,74.16435,0.0,83.041664
DK,Danemark,DK,Denmark,DK,Denmark,2019-08-26,2019,8,26,barley,Barley grain (feed),Primary production,Zearalenone,no,,,15.0,not_quantified_below_loq,Non Quantified Value ( less than LOQ),yes,yes,Objective sampling,Official (National and EU) programme,According to Reg 152/2009,DK_latest_15402714_contaminants.zip,OCC_CHEMMON2020_DK_2019.ZIP/OCC_CHEMMON2020_DK_2019.CSV,93E72AD7F572651AF2905ACF9F10F824,55.779,9.119,2019-08-26,17.55,26.7,21.720833,65.63343,0.0,27.125
DK,Danemark,DK,Denmark,DK,Denmark,2019-08-26,2019,8,26,wheat,Wheat grains (feed),Primary production,Zearalenone,no,,,15.0,not_quantified_below_loq,Non Quantified Value ( less than LOQ),yes,yes,Objective sampling,Official (National and EU) programme,According to Reg 152/2009,DK_latest_15402714_contaminants.zip,OCC_CHEMMON2020_DK_2019.ZIP/OCC_CHEMMON2020_DK_2019.CSV,3A95C3813513C67B2D844DA77F43AE17,55.779,9.119,2019-08-26,17.55,26.7,21.720833,65.63343,0.0,27.125
DK,Danemark,DK,Denmark,DK,Denmark,2019-08-26,2019,8,26,wheat,Wheat grains (feed),Primary production,Zearalenone,no,,,15.0,not_quantified_below_loq,Non Quantified Value ( less than LOQ),yes,yes,Objective sampling,Official (National and EU) programme,According to Reg 152/2009,DK_latest_15402714_contaminants.zip,OCC_CHEMMON2020_DK_2019.ZIP/OCC_CHEMMON2020_DK_2019.CSV,5DB0D1912289F149086A29D21C2DEB14,55.779,9.119,2019-08-26,17.55,26.7,21.720833,65.63343,0.0,27.125
SK,Slovaquie,SK,Slovakia,SK,Slovakia,2019-08-27,2019,8,27,barley,Barley grain (feed),Primary production,Zearalenone,yes,150.0,3.0,10.0,quantified_positive,Numerical Value,yes,yes,Selective sampling,Official (National) programme,According to 97/747/EC,SK_latest_15411469_contaminants.zip,OCC_CHEMMON2020_SK_2019.ZIP/OCC_CHEMMON2020_SK_2019.CSV,70AB60B1D0A111A1E4E2BFD454A99C17,48.053,17.37,2019-08-27,23.833334,29.35,19.0,75.66045,0.1,62.583332
DK,Danemark,DK,Denmark,DK,Denmark,2019-08-27,2019,8,27,barley,Barley grain (feed),Primary production,Zearalenone,no,,,15.0,not_quantified_below_loq,Non Quantified Value ( less than LOQ),yes,yes,Objective sampling,Official (National and EU) programme,According to Reg 152/2009,DK_latest_15402714_contaminants.zip,OCC_CHEMMON2020_DK_2019.ZIP/OCC_CHEMMON2020_DK_2019.CSV,C4C40908EFADEF934F2D2A825CF163DD,55.779,9.119,2019-08-27,21.254164,25.7,17.05,74.85766,2.3000002,52.583332
DK,Danemark,DK,Denmark,DK,Denmark,2019-08-27,2019,8,27,wheat,Wheat grains (feed),Primary production,Zearalenone,no,10.0689955,,15.0,not_quantified_below_loq,Non Quantified Value ( less than LOQ),yes,yes,Objective sampling,Official (National and EU) programme,According to Reg 152/2009,DK_latest_15402714_contaminants.zip,OCC_CHEMMON2020_DK_2019.ZIP/OCC_CHEMMON2020_DK_2019.CSV,089FA7E01B01CF3BB3618EB3E05F4E0C,55.779,9.119,2019-08-27,21.254164,25.7,17.05,74.85766,2.3000002,52.583332
DK,Danemark,DK,Denmark,DK,Denmark,2019-08-27,2019,8,27,generic_cereal,Cereal grains and products derived thereof (feed),Primary production,Zearalenone,no,,,15.0,not_quantified_below_loq,Non Quantified Value ( less than LOQ),yes,yes,Objective sampling,Official (National and EU) programme,According to Reg 152/2009,DK_latest_15402714_contaminants.zip,OCC_CHEMMON2020_DK_2019.ZIP/OCC_CHEMMON2020_DK_2019.CSV,EE24EAF6E3743FFC2C9980200C9E7C07,55.779,9.119,2019-08-27,21.254164,25.7,17.05,74.85766,2.3000002,52.583332
DK,Danemark,DK,Denmark,DK,Denmark,2019-08-27,2019,8,27,wheat,Wheat grains (feed),Primary production,Zearalenone,no,12.31917872,,15.0,not_quantified_below_loq,Non Quantified Value ( less than LOQ),yes,yes,Objective sampling,Official (National and EU) programme,According to Reg 152/2009,DK_latest_15402714_contaminants.zip,OCC_CHEMMON2020_DK_2019.ZIP/OCC_CHEMMON2020_DK_2019.CSV,5F87C5F01AD8E56CD9394D00FAE9D5F2,55.779,9.119,2019-08-27,21.254164,25.7,17.05,74.85766,2.3000002,52.583332
DK,Danemark,DK,Denmark,DK,Denmark,2019-08-28,2019,8,28,barley,Barley grain (feed),Primary production,Zearalenone,no,,,15.0,not_quantified_below_loq,Non Quantified Value ( less than LOQ),yes,yes,Objective sampling,Official (National and EU) programme,According to Reg 152/2009,DK_latest_15402714_contaminants.zip,OCC_CHEMMON2020_DK_2019.ZIP/OCC_CHEMMON2020_DK_2019.CSV,FF1C583E39412D728828E0653065CBC9,55.779,9.119,2019-08-28,18.3,27.9,22.137503,81.45605,0.5,64.416664
DK,Danemark,DK,Denmark,DK,Denmark,2019-08-28,2019,8,28,wheat,Wheat grains (feed),Primary production,Zearalenone,no,,,15.0,not_quantified_below_loq,Non Quantified Value ( less than LOQ),yes,yes,Objective sampling,Official (National and EU) programme,According to Reg 152/2009,DK_latest_15402714_contaminants.zip,OCC_CHEMMON2020_DK_2019.ZIP/OCC_CHEMMON2020_DK_2019.CSV,C5F51055B0CFD2B6BAAAD02B5CBF6656,55.779,9.119,2019-08-28,18.3,27.9,22.137503,81.45605,0.5,64.416664
DK,Danemark,DK,Denmark,DK,Denmark,2019-08-28,2019,8,28,barley,Barley grain (feed),Primary production,Zearalenone,no,,,15.0,not_quantified_below_loq,Non Quantified Value ( less than LOQ),yes,yes,Objective sampling,Official (National and EU) programme,According to Reg 152/2009,DK_latest_15402714_contaminants.zip,OCC_CHEMMON2020_DK_2019.ZIP/OCC_CHEMMON2020_DK_2019.CSV,DE8450016B17C929863B21E0E45F84EF,55.779,9.119,2019-08-28,18.3,27.9,22.137503,81.45605,0.5,64.416664
DK,Danemark,DK,Denmark,DK,Denmark,2019-08-29,2019,8,29,wheat,Wheat grains (feed),Primary production,Zearalenone,no,,,15.0,not_quantified_below_loq,Non Quantified Value ( less than LOQ),yes,yes,Objective sampling,Official (National and EU) programme,According to Reg 152/2009,DK_latest_15402714_contaminants.zip,OCC_CHEMMON2020_DK_2019.ZIP/OCC_CHEMMON2020_DK_2019.CSV,D9D57FF8865F7134973D14E18F987C00,55.779,9.119,2019-08-29,19.131248,23.5,14.0,69.83901,0.0,46.291668
DK,Danemark,DK,Denmark,DK,Denmark,2019-08-29,2019,8,29,generic_cereal,Cereal grains and products derived thereof (feed),Primary production,Zearalenone,yes,46.9812278,,1.4,quantified_positive,Numerical Value,yes,yes,Objective sampling,Official (National and EU) programme,According to Reg 152/2009,DK_latest_15402714_contaminants.zip,OCC_CHEMMON2020_DK_2019.ZIP/OCC_CHEMMON2020_DK_2019.CSV,5BB59418614E279361743F089DFA3EAB,55.779,9.119,2019-08-29,17.366665,20.8,12.25,87.17751,5.8999996,65.208336
DK,Danemark,DK,Denmark,DK,Denmark,2019-08-29,2019,8,29,barley,Barley grain (feed),Primary production,Zearalenone,no,,,15.0,not_quantified_below_loq,Non Quantified Value ( less than LOQ),yes,yes,Objective sampling,Official (National and EU) programme,According to Reg 152/2009,DK_latest_15402714_contaminants.zip,OCC_CHEMMON2020_DK_2019.ZIP/OCC_CHEMMON2020_DK_2019.CSV,0BCFFF234AD0F9AA40793BDE8669EF94,55.779,9.119,2019-08-29,17.366665,20.8,12.25,87.17751,5.8999996,65.208336
EE,Estonie,EE,Estonia,EE,Estonia,2019-08-29,2019,8,29,barley,Barley grains,Storage,Zearalenone,no,,,20.0,not_quantified_below_loq,Non Quantified Value ( less than LOQ),yes,yes,Objective sampling,Official (National) programme,According to Regulation (EU) 2023/2782 (repealing Regulation (EC) No 401/2006,EE_latest_15412636_contaminants.zip,OCC_CHEMMON2020_EE_2019.ZIP/OCC_CHEMMON2020_EE_2019.CSV,8B0E4BB225CAE4BC545FC317EA87FB14,58.295,26.613,2019-08-29,17.366665,20.8,12.25,87.17751,5.8999996,65.208336
DK,Danemark,DK,Denmark,DK,Denmark,2019-08-30,2019,8,30,barley,Barley grain (feed),Primary production,Zearalenone,no,,,15.0,not_quantified_below_loq,Non Quantified Value ( less than LOQ),yes,yes,Objective sampling,Official (National and EU) programme,According to Reg 152/2009,DK_latest_15402714_contaminants.zip,OCC_CHEMMON2020_DK_2019.ZIP/OCC_CHEMMON2020_DK_2019.CSV,0AEFDB9FB04AB18B9096DEBF5A769A5F,55.779,9.119,2019-08-30,12.1,20.65,16.725,78.35328,0.0,88.125
DK,Danemark,DK,Denmark,DK,Denmark,2019-08-30,2019,8,30,wheat,Wheat grains (feed),Primary production,Zearalenone,no,,,15.0,not_quantified_below_loq,Non Quantified Value ( less than LOQ),yes,yes,Objective sampling,Official (National and EU) programme,According to Reg 152/2009,DK_latest_15402714_contaminants.zip,OCC_CHEMMON2020_DK_2019.ZIP/OCC_CHEMMON2020_DK_2019.CSV,9DD7817EF33092213D83D6218D3D42CF,55.779,9.119,2019-08-30,12.1,20.65,16.725,78.35328,0.0,88.125
DK,Danemark,DK,Denmark,DK,Denmark,2019-08-30,2019,8,30,wheat,Wheat grains (feed),Primary production,Zearalenone,no,,,15.0,not_quantified_below_loq,Non Quantified Value ( less than LOQ),yes,yes,Objective sampling,Official (National and EU) programme,According to Reg 152/2009,DK_latest_15402714_contaminants.zip,OCC_CHEMMON2020_DK_2019.ZIP/OCC_CHEMMON2020_DK_2019.CSV,8F9967CB6AD951E2D22FDAA86F0CE309,55.779,9.119,2019-08-30,12.1,20.65,16.725,78.35328,0.0,88.125
DK,Danemark,DK,Denmark,DK,Denmark,2019-09-03,2019,9,3,wheat,Wheat grains (feed),Primary production,Zearalenone,yes,23.19590717,,15.0,quantified_positive,Numerical Value,yes,yes,Objective sampling,Official (National and EU) programme,According to Reg 152/2009,DK_latest_15402714_contaminants.zip,OCC_CHEMMON2020_DK_2019.ZIP/OCC_CHEMMON2020_DK_2019.CSV,C781151AF1A0E6FF2F1E338E28E5E590,55.779,9.119,2019-09-03,14.693749,18.0,11.9,85.99454,5.9999995,73.375
DK,Danemark,DK,Denmark,DK,Denmark,2019-09-04,2019,9,4,generic_cereal,Cereal grains and products derived thereof (feed),Primary production,Zearalenone,no,,,15.0,not_quantified_below_loq,Non Quantified Value ( less than LOQ),yes,yes,Objective sampling,Official (National and EU) programme,According to Reg 152/2009,DK_latest_15402714_contaminants.zip,OCC_CHEMMON2020_DK_2019.ZIP/OCC_CHEMMON2020_DK_2019.CSV,391014F4E22D256C4E3E240B073262E8,55.779,9.119,2019-09-04,15.077085,18.3,12.1,88.91988,11.400001,87.875
DK,Danemark,DK,Denmark,DK,Denmark,2019-09-04,2019,9,4,wheat,Wheat grains (feed),Primary production,Zearalenone,no,,,15.0,not_quantified_below_loq,Non Quantified Value ( less than LOQ),yes,yes,Objective sampling,Official (National and EU) programme,According to Reg 152/2009,DK_latest_15402714_contaminants.zip,OCC_CHEMMON2020_DK_2019.ZIP/OCC_CHEMMON2020_DK_2019.CSV,939D80AAAD1BFBAE7C99A77E5C05C2CE,55.779,9.119,2019-09-04,15.077085,18.3,12.1,88.91988,11.400001,87.875
DK,Danemark,DK,Denmark,DK,Denmark,2019-09-05,2019,9,5,wheat,Wheat grains (feed),Primary production,Zearalenone,no,,,15.0,not_quantified_below_loq,Non Quantified Value ( less than LOQ),yes,yes,Objective sampling,Official (National and EU) programme,According to Reg 152/2009,DK_latest_15402714_contaminants.zip,OCC_CHEMMON2020_DK_2019.ZIP/OCC_CHEMMON2020_DK_2019.CSV,BB2124C7F108BED7D4FFE5E7BCE79679,55.779,9.119,2019-09-05,11.954166,14.4,10.3,79.450195,2.1,47.125
EE,Estonie,EE,Estonia,EE,Estonia,2019-09-17,2019,9,17,barley,Barley grain (feed),Farm,Zearalenone,no,,20.0,20.0,not_quantified_below_loq,Non Quantified Value ( less than LOQ),yes,yes,Objective sampling,Official (National and EU) programme,According to Reg 152/2009,EE_latest_15412636_contaminants.zip,OCC_CHEMMON2020_EE_2019.ZIP/OCC_CHEMMON2020_EE_2019.CSV,0B74BBBB07DDB2F1A6146B75498A4930,58.295,26.613,2019-09-17,5.85,11.65,8.820834,82.358086,1.1,62.625
SK,Slovaquie,SK,Slovakia,SK,Slovakia,2019-09-18,2019,9,18,generic_cereal,Cereal grains screenings (feed),Farm,Zearalenone,no,,,1.0,not_quantified_below_loq,Non Quantified Value ( less than LOQ),yes,yes,Other,Official (National) programme,According to 97/747/EC,SK_latest_15411469_contaminants.zip,OCC_CHEMMON2020_SK_2019.ZIP/OCC_CHEMMON2020_SK_2019.CSV,7E3F121878640D8B5EE6709F0D0B6398,48.053,17.37,2019-09-18,9.3,17.8,13.974998,47.990433,0.0,20.375
DK,Danemark,DK,Denmark,DK,Denmark,2019-09-19,2019,9,19,barley,Barley grain (feed),Primary production,Zearalenone,no,,,15.0,not_quantified_below_loq,Non Quantified Value ( less than LOQ),yes,yes,Objective sampling,Official (National and EU) programme,According to Reg 152/2009,DK_latest_15402714_contaminants.zip,OCC_CHEMMON2020_DK_2019.ZIP/OCC_CHEMMON2020_DK_2019.CSV,9F0B983B81A083011B94970C6DE34837,55.779,9.119,2019-09-19,6.55,13.95,10.1125,75.33764,0.0,68.583336
DK,Danemark,DK,Denmark,DK,Denmark,2019-09-19,2019,9,19,wheat,Wheat grains (feed),Primary production,Zearalenone,no,10.23065476,,15.0,not_quantified_below_loq,Non Quantified Value ( less than LOQ),yes,yes,Objective sampling,Official (National and EU) programme,According to Reg 152/2009,DK_latest_15402714_contaminants.zip,OCC_CHEMMON2020_DK_2019.ZIP/OCC_CHEMMON2020_DK_2019.CSV,A6490740727BBD0ABFB04CB202303355,55.779,9.119,2019-09-19,6.55,13.95,10.1125,75.33764,0.0,68.583336
EE,Estonie,EE,Estonia,EE,Estonia,2019-09-30,2019,9,30,barley,Barley grains,Storage,Zearalenone,no,,,20.0,not_quantified_below_loq,Non Quantified Value ( less than LOQ),yes,yes,Objective sampling,Official (National) programme,According to Regulation (EU) 2023/2782 (repealing Regulation (EC) No 401/2006,EE_latest_15412636_contaminants.zip,OCC_CHEMMON2020_EE_2019.ZIP/OCC_CHEMMON2020_EE_2019.CSV,E86EFBF5B4246F5676D84D1613736325,58.295,26.613,2019-09-30,10.372916,13.5,7.0,91.18362,3.2999997,84.583336
SK,Slovaquie,SK,Slovakia,SK,Slovakia,2019-09-30,2019,9,30,wheat,Common wheat grain,Storage,Zearalenone,no,,3.0,10.0,not_quantified_below_loq,Non Quantified Value ( less than LOQ),yes,yes,Selective sampling,Official (National) programme,According to 97/747/EC,SK_latest_15411469_contaminants.zip,OCC_CHEMMON2020_SK_2019.ZIP/OCC_CHEMMON2020_SK_2019.CSV,A001CF05EFD3A3CDF7B1626354731E1A,48.053,17.37,2019-09-30,18.529167,23.65,14.8,59.868244,0.6,46.083332
EE,Estonie,EE,Estonia,EE,Estonia,2019-10-02,2019,10,2,barley,Barley grains,Storage,Zearalenone,no,,,20.0,not_quantified_below_loq,Non Quantified Value ( less than LOQ),yes,yes,Objective sampling,Official (National) programme,According to Regulation (EU) 2023/2782 (repealing Regulation (EC) No 401/2006,EE_latest_15412636_contaminants.zip,OCC_CHEMMON2020_EE_2019.ZIP/OCC_CHEMMON2020_EE_2019.CSV,A018CE0218A26748A277E5A8E5F95516,58.295,26.613,2019-10-02,6.1,12.55,8.908334,76.64385,0.2,64.833336
HU,Hongrie,HU,Hungary,HU,Hungary,2019-10-04,2019,10,4,maize,Maize grain (feed),Primary production,Zearalenone,no,,,25.0,not_quantified_below_loq,Non Quantified Value ( less than LOQ),yes,yes,Selective sampling,Official (National) programme,,HU_latest_15333988_contaminants.zip,OCC_CHEMMON2020_HU_2019.ZIP/OCC_CHEMMON2020_HU_2019.CSV,85B99D588DD4C883C828EAAAAA33657F,46.814,20.877,2019-10-04,7.55,15.05,10.941667,71.713615,0.0,68.625
HU,Hongrie,HU,Hungary,HU,Hungary,2019-10-04,2019,10,4,maize,Maize grain (feed),Primary production,Zearalenone,no,,,25.0,not_quantified_below_loq,Non Quantified Value ( less than LOQ),yes,yes,Selective sampling,Official (National) programme,,HU_latest_15333988_contaminants.zip,OCC_CHEMMON2020_HU_2019.ZIP/OCC_CHEMMON2020_HU_2019.CSV,F79125E4625CCF4CB35C83E1CDCF96C9,46.814,20.877,2019-10-04,7.55,15.05,10.941667,71.713615,0.0,68.625
HU,Hongrie,HU,Hungary,HU,Hungary,2019-10-07,2019,10,7,maize,Maize grain (feed),Primary production,Zearalenone,no,,,25.0,not_quantified_below_loq,Non Quantified Value ( less than LOQ),yes,yes,Selective sampling,Official (National) programme,,HU_latest_15333988_contaminants.zip,OCC_CHEMMON2020_HU_2019.ZIP/OCC_CHEMMON2020_HU_2019.CSV,168DDD78454B5317C9E1AF15E46952CB,46.814,20.877,2019-10-07,3.75,12.2,7.2125,61.930286,0.0,49.416668
DK,Danemark,DK,Denmark,DK,Denmark,2019-10-08,2019,10,8,wheat,Wheat grains (feed),Primary production,Zearalenone,no,,,15.0,not_quantified_below_loq,Non Quantified Value ( less than LOQ),yes,yes,Objective sampling,Official (National and EU) programme,According to Reg 152/2009,DK_latest_15402714_contaminants.zip,OCC_CHEMMON2020_DK_2019.ZIP/OCC_CHEMMON2020_DK_2019.CSV,280B30B2FBBCE1BA0DEF277BAE3B8A55,55.779,9.119,2019-10-08,10.454166,14.15,6.5,87.52493,9.199999,70.041664
EE,Estonie,EE,Estonia,EE,Estonia,2019-10-08,2019,10,8,barley,Barley grains,Storage,Zearalenone,no,,,20.0,not_quantified_below_loq,Non Quantified Value ( less than LOQ),yes,yes,Objective sampling,Official (National) programme,According to Regulation (EU) 2023/2782 (repealing Regulation (EC) No 401/2006,EE_latest_15412636_contaminants.zip,OCC_CHEMMON2020_EE_2019.ZIP/OCC_CHEMMON2020_EE_2019.CSV,58D43515518FD202A6A44CC64E3A26C4,58.295,26.613,2019-10-08,2.8208334,5.9,-1.35,89.96128,0.8,90.75
EE,Estonie,EE,Estonia,EE,Estonia,2019-10-08,2019,10,8,barley,Barley grains,Storage,Zearalenone,no,,,20.0,not_quantified_below_loq,Non Quantified Value ( less than LOQ),yes,yes,Objective sampling,Official (National) programme,According to Regulation (EU) 2023/2782 (repealing Regulation (EC) No 401/2006,EE_latest_15412636_contaminants.zip,OCC_CHEMMON2020_EE_2019.ZIP/OCC_CHEMMON2020_EE_2019.CSV,7C9EAF219923D443E0D920BB2E191AAB,58.295,26.613,2019-10-08,2.8208334,5.9,-1.35,89.96128,0.8,90.75
DK,Danemark,DK,Denmark,DK,Denmark,2019-10-08,2019,10,8,barley,Barley grain (feed),Primary production,Zearalenone,no,,,15.0,not_quantified_below_loq,Non Quantified Value ( less than LOQ),yes,yes,Objective sampling,Official (National and EU) programme,According to Reg 152/2009,DK_latest_15402714_contaminants.zip,OCC_CHEMMON2020_DK_2019.ZIP/OCC_CHEMMON2020_DK_2019.CSV,68DFF0E4E7395BFD4C0A98983409D37D,55.779,9.119,2019-10-08,10.454166,14.15,6.5,87.52493,9.199999,70.041664
HU,Hongrie,HU,Hungary,HU,Hungary,2019-10-08,2019,10,8,maize,Maize grain (feed),Primary production,Zearalenone,no,,,25.0,not_quantified_below_loq,Non Quantified Value ( less than LOQ),yes,yes,Selective sampling,Official (National) programme,,HU_latest_15333988_contaminants.zip,OCC_CHEMMON2020_HU_2019.ZIP/OCC_CHEMMON2020_HU_2019.CSV,6429E64E37E4817F1D0C33F9F3E26D02,46.814,20.877,2019-10-08,7.8645825,14.1,0.8,55.279896,0.0,19.083334
HU,Hongrie,HU,Hungary,HU,Hungary,2019-10-08,2019,10,8,maize,Maize grain (feed),Primary production,Zearalenone,yes,31.0,,25.0,quantified_positive,Numerical Value,yes,yes,Selective sampling,Official (National) programme,,HU_latest_15333988_contaminants.zip,OCC_CHEMMON2020_HU_2019.ZIP/OCC_CHEMMON2020_HU_2019.CSV,220A199D29BEFC5EFCBE3B957F54C862,46.814,20.877,2019-10-08,7.8645825,14.1,0.8,55.279896,0.0,19.083334
EE,Estonie,EE,Estonia,EE,Estonia,2019-10-09,2019,10,9,barley,Barley grains,Storage,Zearalenone,no,,,20.0,not_quantified_below_loq,Non Quantified Value ( less than LOQ),yes,yes,Objective sampling,Official (National) programme,According to Regulation (EU) 2023/2782 (repealing Regulation (EC) No 401/2006,EE_latest_15412636_contaminants.zip,OCC_CHEMMON2020_EE_2019.ZIP/OCC_CHEMMON2020_EE_2019.CSV,1283659C8B3D890E189830B264B2CC08,58.295,26.613,2019-10-09,2.55,7.75,5.570833,86.04366,1.5999999,82.541664
HU,Hongrie,HU,Hungary,HU,Hungary,2019-10-10,2019,10,10,maize,Maize grain (feed),Primary production,Zearalenone,no,,,25.0,not_quantified_below_loq,Non Quantified Value ( less than LOQ),yes,yes,Selective sampling,Official (National) programme,,HU_latest_15333988_contaminants.zip,OCC_CHEMMON2020_HU_2019.ZIP/OCC_CHEMMON2020_HU_2019.CSV,60B1E934FC3C04E24BDC6E6FC5AED1DB,46.814,20.877,2019-10-10,10.85,15.9,13.797916,74.71073,1.8,86.0
HU,Hongrie,HU,Hungary,HU,Hungary,2019-10-15,2019,10,15,maize,Maize grain (feed),Primary production,Zearalenone,no,,,25.0,not_quantified_below_loq,Non Quantified Value ( less than LOQ),yes,yes,Selective sampling,Official (National) programme,,HU_latest_15333988_contaminants.zip,OCC_CHEMMON2020_HU_2019.ZIP/OCC_CHEMMON2020_HU_2019.CSV,74356034E4D829473F585D48F5A337A8,46.814,20.877,2019-10-15,16.425,24.45,11.25,73.616905,0.0,6.5416665
HU,Hongrie,HU,Hungary,HU,Hungary,2019-10-15,2019,10,15,maize,Maize grain (feed),Primary production,Zearalenone,no,,,25.0,not_quantified_below_loq,Non Quantified Value ( less than LOQ),yes,yes,Selective sampling,Official (National) programme,,HU_latest_15333988_contaminants.zip,OCC_CHEMMON2020_HU_2019.ZIP/OCC_CHEMMON2020_HU_2019.CSV,8F0837D9FE4FC8256C0A3E8EFED416B2,46.814,20.877,2019-10-15,16.425,24.45,11.25,73.616905,0.0,6.5416665
HU,Hongrie,HU,Hungary,HU,Hungary,2019-10-16,2019,10,16,maize,Maize grain (feed),Primary production,Zearalenone,no,,,25.0,not_quantified_below_loq,Non Quantified Value ( less than LOQ),yes,yes,Selective sampling,Official (National) programme,,HU_latest_15333988_contaminants.zip,OCC_CHEMMON2020_HU_2019.ZIP/OCC_CHEMMON2020_HU_2019.CSV,3ED48D843CE45A83F7E2134DF4467E39,46.814,20.877,2019-10-16,16.14375,22.85,11.35,73.81946,0.0,10.0
CZ,Tchequie,CZ,Czechia,CZ,Czechia,2019-10-23,2019,10,23,barley,Barley grain (feed),Storage,Zearalenone,no,,,20.0,not_quantified_below_loq,Non Quantified Value ( less than LOQ),yes,yes,Objective sampling,Official (National) programme,,CZ_latest_15410924_contaminants.zip,OCC_CHEMMON2020_CZ_2019.ZIP/OCC_CHEMMON2020_CZ_2019.CSV,02DB9AA1D3A5A2F7F7383CCCAF04B6E8,49.765,15.05,2019-10-23,13.214583,17.0,10.6,92.19602,0.0,64.25
DK,Danemark,DK,Denmark,DK,Denmark,2019-10-23,2019,10,23,barley,Barley grain (feed),Primary production,Zearalenone,no,,,15.0,not_quantified_below_loq,Non Quantified Value ( less than LOQ),yes,yes,Objective sampling,Official (National and EU) programme,According to Reg 152/2009,DK_latest_15402714_contaminants.zip,OCC_CHEMMON2020_DK_2019.ZIP/OCC_CHEMMON2020_DK_2019.CSV,B7826A822AC19B8B93B5102AE2F764DD,55.779,9.119,2019-10-23,10.460416,12.95,7.95,85.18473,0.1,83.125
HU,Hongrie,HU,Hungary,HU,Hungary,2019-10-24,2019,10,24,maize,Maize grain (feed),Primary production,Zearalenone,no,,,25.0,not_quantified_below_loq,Non Quantified Value ( less than LOQ),yes,yes,Selective sampling,Official (National) programme,,HU_latest_15333988_contaminants.zip,OCC_CHEMMON2020_HU_2019.ZIP/OCC_CHEMMON2020_HU_2019.CSV,AE1968B34A0EF9673AA06AC1F4D204B7,46.814,20.877,2019-10-24,10.95,25.35,16.766666,63.482998,0.0,0.0
DK,Danemark,DK,Denmark,DK,Denmark,2019-10-28,2019,10,28,barley,Barley grain (feed),Primary production,Zearalenone,no,,,15.0,not_quantified_below_loq,Non Quantified Value ( less than LOQ),yes,yes,Objective sampling,Official (National and EU) programme,According to Reg 152/2009,DK_latest_15402714_contaminants.zip,OCC_CHEMMON2020_DK_2019.ZIP/OCC_CHEMMON2020_DK_2019.CSV,ACDBB922BC5F7F8DC387A375C9AADD5B,55.779,9.119,2019-10-28,2.45,9.5,6.1625004,84.502365,0.0,28.833334
HU,Hongrie,HU,Hungary,HU,Hungary,2019-10-29,2019,10,29,maize,Maize grain (feed),Primary production,Zearalenone,yes,30.0,,25.0,quantified_positive,Numerical Value,yes,yes,Selective sampling,Official (National) programme,,HU_latest_15333988_contaminants.zip,OCC_CHEMMON2020_HU_2019.ZIP/OCC_CHEMMON2020_HU_2019.CSV,96252F581ABF4E46EE97890D4AD14A82,46.814,20.877,2019-10-29,6.35,11.45,9.000003,72.98362,2.0,90.708336
HU,Hongrie,HU,Hungary,HU,Hungary,2019-10-29,2019,10,29,maize,Maize grain (feed),Primary production,Zearalenone,yes,108.0,,25.0,quantified_positive,Numerical Value,yes,yes,Selective sampling,Official (National) programme,,HU_latest_15333988_contaminants.zip,OCC_CHEMMON2020_HU_2019.ZIP/OCC_CHEMMON2020_HU_2019.CSV,35ABF767F86040466A2995FF51863192,46.814,20.877,2019-10-29,6.35,11.45,9.000003,72.98362,2.0,90.708336
HU,Hongrie,HU,Hungary,HU,Hungary,2019-11-04,2019,11,4,maize,Maize grain (feed),Primary production,Zearalenone,no,,,25.0,not_quantified_below_loq,Non Quantified Value ( less than LOQ),yes,yes,Selective sampling,Official (National) programme,,HU_latest_15333988_contaminants.zip,OCC_CHEMMON2020_HU_2019.ZIP/OCC_CHEMMON2020_HU_2019.CSV,C88B3CC8DE7F97D0A2FF78A283BAE914,46.814,20.877,2019-11-04,14.320835,17.4,9.45,80.55945,3.4,66.625
HU,Hongrie,HU,Hungary,HU,Hungary,2019-11-05,2019,11,5,maize,Maize grain (feed),Primary production,Zearalenone,no,,,25.0,not_quantified_below_loq,Non Quantified Value ( less than LOQ),yes,yes,Selective sampling,Official (National) programme,,HU_latest_15333988_contaminants.zip,OCC_CHEMMON2020_HU_2019.ZIP/OCC_CHEMMON2020_HU_2019.CSV,795AC3940F7B77CE395FA80EFF8F7D99,46.814,20.877,2019-11-05,15.375,19.3,9.8,68.874176,1.6,47.416668
HU,Hongrie,HU,Hungary,HU,Hungary,2019-11-08,2019,11,8,maize,Maize grain (feed),Primary production,Zearalenone,no,,,25.0,not_quantified_below_loq,Non Quantified Value ( less than LOQ),yes,yes,Selective sampling,Official (National) programme,,HU_latest_15333988_contaminants.zip,OCC_CHEMMON2020_HU_2019.ZIP/OCC_CHEMMON2020_HU_2019.CSV,71D4A9EC225C1605C1B8A48DC4FA8253,46.814,20.877,2019-11-08,7.95,11.35,9.9625,96.72158,8.400001,84.416664
HU,Hongrie,HU,Hungary,HU,Hungary,2019-11-12,2019,11,12,maize,Maize grain (feed),Primary production,Zearalenone,no,,,25.0,not_quantified_below_loq,Non Quantified Value ( less than LOQ),yes,yes,Selective sampling,Official (National) programme,,HU_latest_15333988_contaminants.zip,OCC_CHEMMON2020_HU_2019.ZIP/OCC_CHEMMON2020_HU_2019.CSV,527A4F79193DF3383807E2A6354CFAF3,46.814,20.877,2019-11-12,5.2,16.15,11.295834,77.144356,2.6000001,98.541664
HU,Hongrie,HU,Hungary,HU,Hungary,2019-11-12,2019,11,12,maize,Maize grain (feed),Primary production,Zearalenone,no,,,25.0,not_quantified_below_loq,Non Quantified Value ( less than LOQ),yes,yes,Selective sampling,Official (National) programme,,HU_latest_15333988_contaminants.zip,OCC_CHEMMON2020_HU_2019.ZIP/OCC_CHEMMON2020_HU_2019.CSV,C3A2298FDB672C945A7DA5E48074CF7E,46.814,20.877,2019-11-12,5.2,16.15,11.295834,77.144356,2.6000001,98.541664
HU,Hongrie,HU,Hungary,HU,Hungary,2019-11-15,2019,11,15,maize,Maize grain (feed),Primary production,Zearalenone,no,,,25.0,not_quantified_below_loq,Non Quantified Value ( less than LOQ),yes,yes,Selective sampling,Official (National) programme,,HU_latest_15333988_contaminants.zip,OCC_CHEMMON2020_HU_2019.ZIP/OCC_CHEMMON2020_HU_2019.CSV,D1173D70457B9B7807A29D0060EB217A,46.814,20.877,2019-11-15,9.3,15.75,11.991666,88.06317,0.0,78.625
HU,Hongrie,HU,Hungary,HU,Hungary,2019-11-18,2019,11,18,maize,Maize grain (feed),Primary production,Zearalenone,no,,,25.0,not_quantified_below_loq,Non Quantified Value ( less than LOQ),yes,yes,Selective sampling,Official (National) programme,,HU_latest_15333988_contaminants.zip,OCC_CHEMMON2020_HU_2019.ZIP/OCC_CHEMMON2020_HU_2019.CSV,5831EBDEE93C73BD5EAE510F241E2A25,46.814,20.877,2019-11-18,11.622916,16.75,6.35,74.77247,0.1,53.958332
HU,Hongrie,HU,Hungary,HU,Hungary,2019-11-18,2019,11,18,maize,Maize grain (feed),Primary production,Zearalenone,no,,,25.0,not_quantified_below_loq,Non Quantified Value ( less than LOQ),yes,yes,Selective sampling,Official (National) programme,,HU_latest_15333988_contaminants.zip,OCC_CHEMMON2020_HU_2019.ZIP/OCC_CHEMMON2020_HU_2019.CSV,91C83F3C13730CC1DE9DF191503084D4,46.814,20.877,2019-11-18,11.622916,16.75,6.35,74.77247,0.1,53.958332
HU,Hongrie,HU,Hungary,HU,Hungary,2019-11-19,2019,11,19,maize,Maize grain (feed),Primary production,Zearalenone,no,,,25.0,not_quantified_below_loq,Non Quantified Value ( less than LOQ),yes,yes,Selective sampling,Official (National) programme,,HU_latest_15333988_contaminants.zip,OCC_CHEMMON2020_HU_2019.ZIP/OCC_CHEMMON2020_HU_2019.CSV,FA124557FCAE7A65EF5861F4C250D1EF,46.814,20.877,2019-11-19,9.943749,15.45,6.25,84.38887,0.0,63.166668
HU,Hongrie,HU,Hungary,HU,Hungary,2019-12-05,2019,12,5,maize,Maize grain (feed),Primary production,Zearalenone,no,,,25.0,not_quantified_below_loq,Non Quantified Value ( less than LOQ),yes,yes,Selective sampling,Official (National) programme,,HU_latest_15333988_contaminants.zip,OCC_CHEMMON2020_HU_2019.ZIP/OCC_CHEMMON2020_HU_2019.CSV,DA6E93D8990E98BC15F1D000599D4952,46.814,20.877,2019-12-05,-4.9,3.05,-2.0937502,89.01032,0.0,32.208332
HU,Hongrie,HU,Hungary,HU,Hungary,2019-12-12,2019,12,12,maize,Maize grain (feed),Primary production,Zearalenone,no,,,25.0,not_quantified_below_loq,Non Quantified Value ( less than LOQ),yes,yes,Selective sampling,Official (National) programme,,HU_latest_15333988_contaminants.zip,OCC_CHEMMON2020_HU_2019.ZIP/OCC_CHEMMON2020_HU_2019.CSV,5644F60177E0AEAEA70FAD7008776CC9,46.814,20.877,2019-12-12,1.8,7.35,4.3250003,92.17286,1.2,90.375
HU,Hongrie,HU,Hungary,HU,Hungary,2019-12-16,2019,12,16,maize,Maize grain (feed),Primary production,Zearalenone,no,,,25.0,not_quantified_below_loq,Non Quantified Value ( less than LOQ),yes,yes,Selective sampling,Official (National) programme,,HU_latest_15333988_contaminants.zip,OCC_CHEMMON2020_HU_2019.ZIP/OCC_CHEMMON2020_HU_2019.CSV,A500BE92B8BA9D246072CC3D4F9F3F49,46.814,20.877,2019-12-16,5.3,12.95,8.1375,74.76302,0.0,61.333332
HU,Hongrie,HU,Hungary,HU,Hungary,2019-12-16,2019,12,16,maize,Maize grain (feed),Primary production,Zearalenone,no,,,25.0,not_quantified_below_loq,Non Quantified Value ( less than LOQ),yes,yes,Selective sampling,Official (National) programme,,HU_latest_15333988_contaminants.zip,OCC_CHEMMON2020_HU_2019.ZIP/OCC_CHEMMON2020_HU_2019.CSV,47BE724729ACF33BE3CA73CB56A33986,46.814,20.877,2019-12-16,5.3,12.95,8.1375,74.76302,0.0,61.333332
DK,Danemark,DK,Denmark,DK,Denmark,2020-01-27,2020,1,27,barley,Barley grain (feed),Primary production,Zearalenone,no,,,15.0,not_quantified_below_loq,Non Quantified Value ( less than LOQ),yes,yes,Objective sampling,Official (National and EU) programme,According to Reg 152/2009,DK_latest_15402714_contaminants.zip,OCC_CHEMMON2021_DK_2020.ZIP/OCC_CHEMMON2021_DK_2020.CSV,5E39702F556CEC0415C376A0FBA1A046,55.779,9.119,2020-01-27,5.05,6.95,5.7354164,93.79958,4.1,99.666664
DK,Danemark,DK,Denmark,DK,Denmark,2020-01-29,2020,1,29,maize,Maize silage (feed),Primary production,Zearalenone,yes,40.02932567,,1.4,quantified_positive,Numerical Value,yes,yes,Objective sampling,Official (National and EU) programme,According to Reg 152/2009,DK_latest_15402714_contaminants.zip,OCC_CHEMMON2021_DK_2020.ZIP/OCC_CHEMMON2021_DK_2020.CSV,CE77C05E4661142E7BA4C2F523720C0F,55.779,9.119,2020-01-29,1.2,6.35,4.010417,84.18513,1.2,77.708336
DK,Danemark,DK,Denmark,DK,Denmark,2020-01-31,2020,1,31,maize,Maize silage (feed),Primary production,Zearalenone,yes,7.924329457,,1.4,quantified_positive,Numerical Value,yes,yes,Objective sampling,Official (National and EU) programme,According to Reg 152/2009,DK_latest_15402714_contaminants.zip,OCC_CHEMMON2021_DK_2020.ZIP/OCC_CHEMMON2021_DK_2020.CSV,FB617BECB87E6C0A9954A5A168713453,55.779,9.119,2020-01-31,6.85,8.25,7.602083,90.19678,2.1000001,96.916664
DK,Danemark,DK,Denmark,DK,Denmark,2020-02-06,2020,2,6,maize,Maize silage (feed),Primary production,Zearalenone,yes,41.43914794,,1.4,quantified_positive,Numerical Value,yes,yes,Objective sampling,Official (National and EU) programme,According to Reg 152/2009,DK_latest_15402714_contaminants.zip,OCC_CHEMMON2021_DK_2020.ZIP/OCC_CHEMMON2021_DK_2020.CSV,0F22A7ADFC8E198838AEBCA78D36E85B,55.779,9.119,2020-02-06,4.1,8.2,6.358333,90.00471,0.0,94.458336
DK,Danemark,DK,Denmark,DK,Denmark,2020-02-06,2020,2,6,barley,Barley grain (feed),Primary production,Zearalenone,no,,,15.0,not_quantified_below_loq,Non Quantified Value ( less than LOQ),yes,yes,Objective sampling,Official (National and EU) programme,According to Reg 152/2009,DK_latest_15402714_contaminants.zip,OCC_CHEMMON2021_DK_2020.ZIP/OCC_CHEMMON2021_DK_2020.CSV,10F5937AAB86C32AB9BA5B3FBF67741E,55.779,9.119,2020-02-06,4.1,8.2,6.358333,90.00471,0.0,94.458336
LT,Lituanie,LT,Lithuania,LT,Lithuania,2020-02-12,2020,2,12,generic_cereal,Cereal grains and products derived thereof (feed),Farm,Zearalanone,no,,,7.8,not_quantified_below_loq,Non Quantified Value ( less than LOQ),yes,yes,Selective sampling,Official (National) programme,According to Dir. 2002/63/EC,LT_latest_15334031_contaminants.zip,OCC_CHEMMON2021_LT_2020.ZIP/OCC_CHEMMON2021_LT_2020.CSV,43C2A4D364FF81706B60E29735228A48,55.201,24.135,2020-02-12,2.225,3.6,1.3,88.71267,4.1,97.125
CZ,Tchequie,CZ,Czechia,CZ,Czechia,2020-02-12,2020,2,12,barley,Barley grain (feed),Storage,Zearalenone,no,,,20.0,not_quantified_below_loq,Non Quantified Value ( less than LOQ),yes,yes,Objective sampling,Official (National) programme,,CZ_latest_15410924_contaminants.zip,OCC_CHEMMON2021_CZ_2020.ZIP/OCC_CHEMMON2021_CZ_2020.CSV,E0EB9B82C93581D42418FEA7CF28BADE,49.765,15.05,2020-02-12,1.1979166,3.3,-0.45,71.206245,1.6,61.708332
DK,Danemark,DK,Denmark,DK,Denmark,2020-02-18,2020,2,18,barley,Barley grain (feed),Primary production,Zearalenone,no,,,15.0,not_quantified_below_loq,Non Quantified Value ( less than LOQ),yes,yes,Objective sampling,Official (National and EU) programme,According to Reg 152/2009,DK_latest_15402714_contaminants.zip,OCC_CHEMMON2021_DK_2020.ZIP/OCC_CHEMMON2021_DK_2020.CSV,8FD4905554364FEBE55C3E71DE53F4B5,55.779,9.119,2020-02-18,3.65,6.0,4.7312503,84.35828,5.9999995,70.958336
DK,Danemark,DK,Denmark,DK,Denmark,2020-02-18,2020,2,18,maize,Maize silage (feed),Primary production,Zearalenone,yes,269.0261745,,1.4,quantified_positive,Numerical Value,yes,yes,Objective sampling,Official (National and EU) programme,According to Reg 152/2009,DK_latest_15402714_contaminants.zip,OCC_CHEMMON2021_DK_2020.ZIP/OCC_CHEMMON2021_DK_2020.CSV,8B62AEC1A02535112FE6374EB3A5A44C,55.779,9.119,2020-02-18,3.65,6.0,4.7312503,84.35828,5.9999995,70.958336
DK,Danemark,DK,Denmark,DK,Denmark,2020-02-19,2020,2,19,barley,Barley grain (feed),Primary production,Zearalenone,no,,,15.0,not_quantified_below_loq,Non Quantified Value ( less than LOQ),yes,yes,Objective sampling,Official (National and EU) programme,According to Reg 152/2009,DK_latest_15402714_contaminants.zip,OCC_CHEMMON2021_DK_2020.ZIP/OCC_CHEMMON2021_DK_2020.CSV,B45C6FE2CAAF31D3B451EF659A4482D0,55.779,9.119,2020-02-19,5.5874996,10.15,0.65,72.79568,0.7,75.083336
SK,Slovaquie,SK,Slovakia,SK,Slovakia,2020-02-19,2020,2,19,wheat,Common wheat grain,Farm,Zearalenone,no,,,20.0,not_quantified_below_loq,Non Quantified Value ( less than LOQ),yes,yes,Other,Official (National) programme,According to 97/747/EC,SK_latest_15411469_contaminants.zip,OCC_CHEMMON2021_SK_2020.ZIP/OCC_CHEMMON2021_SK_2020.CSV,29AD7FF90B8AC0F387E14388304AE1D2,48.053,17.37,2020-02-19,3.9333334,6.2,2.4,91.23777,8.2,81.916664
LT,Lituanie,LT,Lithuania,LT,Lithuania,2020-02-20,2020,2,20,generic_cereal,Cereal grains and products derived thereof (feed),Farm,Zearalanone,yes,19.0,,7.8,quantified_positive,Numerical Value,yes,yes,Selective sampling,Official (National) programme,According to Dir. 2002/63/EC,LT_latest_15334031_contaminants.zip,OCC_CHEMMON2021_LT_2020.ZIP/OCC_CHEMMON2021_LT_2020.CSV,5E4DF7824792F7C9C1453CB87F557B03,55.201,24.135,2020-02-20,3.4458334,5.8,0.15,87.147026,0.3,77.208336
DK,Danemark,DK,Denmark,DK,Denmark,2020-02-20,2020,2,20,barley,Barley grain (feed),Primary production,Zearalenone,no,,,15.0,not_quantified_below_loq,Non Quantified Value ( less than LOQ),yes,yes,Objective sampling,Official (National and EU) programme,According to Reg 152/2009,DK_latest_15402714_contaminants.zip,OCC_CHEMMON2021_DK_2020.ZIP/OCC_CHEMMON2021_DK_2020.CSV,67366AEF8A25054ADDE1FE35384120F8,55.779,9.119,2020-02-20,5.139583,7.0,2.8,93.694496,16.9,94.125
LT,Lituanie,LT,Lithuania,LT,Lithuania,2020-02-25,2020,2,25,generic_cereal,Cereal grains and products derived thereof (feed),Farm,Zearalanone,no,,,7.8,not_quantified_below_loq,Non Quantified Value ( less than LOQ),yes,yes,Selective sampling,Official (National) programme,According to Dir. 2002/63/EC,LT_latest_15334031_contaminants.zip,OCC_CHEMMON2021_LT_2020.ZIP/OCC_CHEMMON2021_LT_2020.CSV,3E3D613B069FBE88B1873C65F59E7E9C,55.201,24.135,2020-02-25,1.1604167,3.75,-2.25,92.43572,3.1,90.916664
DK,Danemark,DK,Denmark,DK,Denmark,2020-02-25,2020,2,25,wheat,Wheat grains (feed),Primary production,Zearalenone,yes,38.72594496,,15.0,quantified_positive,Numerical Value,yes,yes,Objective sampling,Official (National and EU) programme,According to Reg 152/2009,DK_latest_15402714_contaminants.zip,OCC_CHEMMON2021_DK_2020.ZIP/OCC_CHEMMON2021_DK_2020.CSV,D135A874E73995604AB96DC6B6A3ED6B,55.779,9.119,2020-02-25,3.6187499,5.35,1.55,87.28324,3.6000004,83.125
DK,Danemark,DK,Denmark,DK,Denmark,2020-02-25,2020,2,25,barley,Barley grain (feed),Primary production,Zearalenone,no,,,15.0,not_quantified_below_loq,Non Quantified Value ( less than LOQ),yes,yes,Objective sampling,Official (National and EU) programme,According to Reg 152/2009,DK_latest_15402714_contaminants.zip,OCC_CHEMMON2021_DK_2020.ZIP/OCC_CHEMMON2021_DK_2020.CSV,BF937F5E973B9B838307C502C540F977,55.779,9.119,2020-02-25,3.6187499,5.35,1.55,87.28324,3.6000004,83.125
DK,Danemark,DK,Denmark,DK,Denmark,2020-02-26,2020,2,26,barley,Barley grain (feed),Primary production,Zearalenone,no,,,15.0,not_quantified_below_loq,Non Quantified Value ( less than LOQ),yes,yes,Objective sampling,Official (National and EU) programme,According to Reg 152/2009,DK_latest_15402714_contaminants.zip,OCC_CHEMMON2021_DK_2020.ZIP/OCC_CHEMMON2021_DK_2020.CSV,E1631486AEDA5793E5A2EDB4759301B6,55.779,9.119,2020-02-26,0.8229168,2.45,-1.15,85.24134,1.4000002,95.041664
DK,Danemark,DK,Denmark,DK,Denmark,2020-02-26,2020,2,26,wheat,Wheat grains (feed),Primary production,Zearalenone,no,,,15.0,not_quantified_below_loq,Non Quantified Value ( less than LOQ),yes,yes,Objective sampling,Official (National and EU) programme,According to Reg 152/2009,DK_latest_15402714_contaminants.zip,OCC_CHEMMON2021_DK_2020.ZIP/OCC_CHEMMON2021_DK_2020.CSV,BD06A437F4E3E2A421F569AB9044AF0D,55.779,9.119,2020-02-26,0.8229168,2.45,-1.15,85.24134,1.4000002,95.041664
DK,Danemark,DK,Denmark,DK,Denmark,2020-02-27,2020,2,27,barley,Barley grain (feed),Primary production,Zearalenone,no,,,15.0,not_quantified_below_loq,Non Quantified Value ( less than LOQ),yes,yes,Objective sampling,Official (National and EU) programme,According to Reg 152/2009,DK_latest_15402714_contaminants.zip,OCC_CHEMMON2021_DK_2020.ZIP/OCC_CHEMMON2021_DK_2020.CSV,B9EDB4C19EB34632BE584108D6F90338,55.779,9.119,2020-02-27,1.4375001,4.6,-1.05,87.76678,2.6999998,88.708336
DK,Danemark,DK,Denmark,DK,Denmark,2020-02-27,2020,2,27,wheat,Wheat grains (feed),Primary production,Zearalenone,no,,,15.0,not_quantified_below_loq,Non Quantified Value ( less than LOQ),yes,yes,Objective sampling,Official (National and EU) programme,According to Reg 152/2009,DK_latest_15402714_contaminants.zip,OCC_CHEMMON2021_DK_2020.ZIP/OCC_CHEMMON2021_DK_2020.CSV,052A2C1E86DB1CD9D67B9F6C1A0B6147,55.779,9.119,2020-02-27,1.4375001,4.6,-1.05,87.76678,2.6999998,88.708336
DK,Danemark,DK,Denmark,DK,Denmark,2020-02-28,2020,2,28,maize,Maize silage (feed),Primary production,Zearalenone,no,,,1.4,not_quantified_below_loq,Non Quantified Value ( less than LOQ),yes,yes,Objective sampling,Official (National and EU) programme,According to Reg 152/2009,DK_latest_15402714_contaminants.zip,OCC_CHEMMON2021_DK_2020.ZIP/OCC_CHEMMON2021_DK_2020.CSV,F96E6AE6897510C23FFDA16B0BB10302,55.779,9.119,2020-02-28,3.3770835,6.25,0.75,82.969444,1.1,71.833336
SK,Slovaquie,SK,Slovakia,SK,Slovakia,2020-03-04,2020,3,4,maize,Maize grain,Farm,Zearalenone,yes,30.0,,20.0,quantified_positive,Numerical Value,yes,yes,Other,Official (National) programme,According to 97/747/EC,SK_latest_15411469_contaminants.zip,OCC_CHEMMON2021_SK_2020.ZIP/OCC_CHEMMON2021_SK_2020.CSV,C763A206510F124BBA463720E16C46A2,48.053,17.37,2020-03-04,2.05,9.9,5.927084,67.946915,0.1,55.375
DK,Danemark,DK,Denmark,DK,Denmark,2020-03-11,2020,3,11,maize,Maize silage (feed),Primary production,Zearalenone,yes,45.26799911,,1.4,quantified_positive,Numerical Value,yes,yes,Objective sampling,Official (National and EU) programme,According to Reg 152/2009,DK_latest_15402714_contaminants.zip,OCC_CHEMMON2021_DK_2020.ZIP/OCC_CHEMMON2021_DK_2020.CSV,9FA4733599AAC5BF640C196A27A338AD,55.779,9.119,2020-03-11,8.937501,10.35,6.45,89.58795,13.700003,95.416664
CZ,Tchequie,CZ,Czechia,CZ,Czechia,2020-03-11,2020,3,11,barley,Barley grain (feed),Storage,Zearalenone,no,,,20.0,not_quantified_below_loq,Non Quantified Value ( less than LOQ),yes,yes,Objective sampling,Official (National) programme,,CZ_latest_15410924_contaminants.zip,OCC_CHEMMON2021_CZ_2020.ZIP/OCC_CHEMMON2021_CZ_2020.CSV,D57E08506C23B094A8AA286ED19A4646,49.765,15.05,2020-03-11,6.3770833,8.25,4.45,80.06858,1.5,54.125
CZ,Tchequie,CZ,Czechia,CZ,Czechia,2020-04-23,2020,4,23,wheat,Wheat grains (feed),Storage,Zearalenone,yes,113.0,,20.0,quantified_positive,Numerical Value,yes,yes,Objective sampling,Official (National) programme,,CZ_latest_15410924_contaminants.zip,OCC_CHEMMON2021_CZ_2020.ZIP/OCC_CHEMMON2021_CZ_2020.CSV,86D7E732E54AEC472F652B972E7F2E52,49.765,15.05,2020-04-23,4.9,17.95,11.591667,50.627308,0.0,0.0
CZ,Tchequie,CZ,Czechia,CZ,Czechia,2020-05-14,2020,5,14,barley,Barley grain (feed),Primary production,Zearalenone,no,,,20.0,not_quantified_below_loq,Non Quantified Value ( less than LOQ),yes,yes,Objective sampling,Official (National) programme,,CZ_latest_15410924_contaminants.zip,OCC_CHEMMON2021_CZ_2020.ZIP/OCC_CHEMMON2021_CZ_2020.CSV,E30F842AED3A7CA094B418F7D17F98E7,49.765,15.05,2020-05-14,6.5,12.1,9.110415,77.42773,4.2,76.291664
CZ,Tchequie,CZ,Czechia,CZ,Czechia,2020-05-25,2020,5,25,maize,Maize grain (feed),Storage,Zearalenone,yes,32.9,,20.0,quantified_positive,Numerical Value,yes,yes,Objective sampling,Official (National) programme,,CZ_latest_15410924_contaminants.zip,OCC_CHEMMON2021_CZ_2020.ZIP/OCC_CHEMMON2021_CZ_2020.CSV,2BB1A9EB73A6B726F46C4270CE55631A,49.765,15.05,2020-05-25,8.15,12.1,9.816667,84.29844,6.0999994,76.166664
CZ,Tchequie,CZ,Czechia,CZ,Czechia,2020-05-27,2020,5,27,maize,Maize grain (feed),Storage,Zearalenone,no,,,20.0,not_quantified_below_loq,Non Quantified Value ( less than LOQ),yes,yes,Objective sampling,Official (National) programme,,CZ_latest_15410924_contaminants.zip,OCC_CHEMMON2021_CZ_2020.ZIP/OCC_CHEMMON2021_CZ_2020.CSV,4DC186BFE406ED05D3E27400E86D1187,49.765,15.05,2020-05-27,12.59375,17.6,5.65,64.785835,0.0,51.291668
DK,Danemark,DK,Denmark,DK,Denmark,2020-05-27,2020,5,27,generic_cereal,Cereal grains and products derived thereof (feed),Primary production,Zearalenone,no,,,15.0,not_quantified_below_loq,Non Quantified Value ( less than LOQ),yes,yes,Objective sampling,Official (National and EU) programme,According to Reg 152/2009,DK_latest_15402714_contaminants.zip,OCC_CHEMMON2021_DK_2020.ZIP/OCC_CHEMMON2021_DK_2020.CSV,175652EE3D2E0C58F9748E7321F4BC03,55.779,9.119,2020-05-27,11.318748,15.1,7.4,74.72103,0.1,71.625
EE,Estonie,EE,Estonia,EE,Estonia,2020-05-29,2020,5,29,wheat,Wheat grains (feed),Farm,Zearalenone,no,,20.0,20.0,not_detected_below_lod,Non Detected Value ( less than LOD),yes,yes,Objective sampling,Official (National and EU) programme,According to Reg 152/2009,EE_latest_15412636_contaminants.zip,OCC_CHEMMON2021_EE_2020.ZIP/OCC_CHEMMON2021_EE_2020.CSV,AD141774D7E7A78C59EE97E2920117A5,58.295,26.613,2020-05-29,6.05,17.0,12.306249,57.569843,0.0,6.125
DK,Danemark,DK,Denmark,DK,Denmark,2020-06-04,2020,6,4,maize,Maize silage (feed),Primary production,Zearalenone,no,,,1.4,not_quantified_below_loq,Non Quantified Value ( less than LOQ),yes,yes,Objective sampling,Official (National and EU) programme,According to Reg 152/2009,DK_latest_15402714_contaminants.zip,OCC_CHEMMON2021_DK_2020.ZIP/OCC_CHEMMON2021_DK_2020.CSV,065457B3085C7EAF4BE61535BCBC05B7,55.779,9.119,2020-06-04,11.0,15.35,12.816666,85.33463,23.500002,99.916664
DK,Danemark,DK,Denmark,DK,Denmark,2020-06-04,2020,6,4,wheat,Wheat grains (feed),Primary production,Zearalenone,no,,,15.0,not_quantified_below_loq,Non Quantified Value ( less than LOQ),yes,yes,Objective sampling,Official (National and EU) programme,According to Reg 152/2009,DK_latest_15402714_contaminants.zip,OCC_CHEMMON2021_DK_2020.ZIP/OCC_CHEMMON2021_DK_2020.CSV,E07B6D2C9D481F437D8EEAEBD18238A2,55.779,9.119,2020-06-04,11.0,15.35,12.816666,85.33463,23.500002,99.916664
DK,Danemark,DK,Denmark,DK,Denmark,2020-06-10,2020,6,10,maize,Maize silage (feed),Primary production,Zearalenone,yes,68.43620257,,1.4,quantified_positive,Numerical Value,yes,yes,Objective sampling,Official (National and EU) programme,According to Reg 152/2009,DK_latest_15402714_contaminants.zip,OCC_CHEMMON2021_DK_2020.ZIP/OCC_CHEMMON2021_DK_2020.CSV,70B1416151D643323D0D659EB2567ED0,55.779,9.119,2020-06-10,14.0,18.25,7.95,72.04937,0.2,87.416664
DK,Danemark,DK,Denmark,DK,Denmark,2020-06-11,2020,6,11,maize,Maize silage (feed),Primary production,Zearalenone,yes,2140.080484,,1.4,quantified_positive,Numerical Value,yes,yes,Objective sampling,Official (National and EU) programme,According to Reg 152/2009,DK_latest_15402714_contaminants.zip,OCC_CHEMMON2021_DK_2020.ZIP/OCC_CHEMMON2021_DK_2020.CSV,5FFF9D3B66BB44BFEF91C8C8CFD1FFBD,55.779,9.119,2020-06-11,17.445831,21.05,13.5,61.084866,1.8,76.208336
DK,Danemark,DK,Denmark,DK,Denmark,2020-06-11,2020,6,11,maize,Maize silage (feed),Primary production,Zearalenone,yes,8.44132656,,1.4,quantified_positive,Numerical Value,yes,yes,Objective sampling,Official (National and EU) programme,According to Reg 152/2009,DK_latest_15402714_contaminants.zip,OCC_CHEMMON2021_DK_2020.ZIP/OCC_CHEMMON2021_DK_2020.CSV,B4BE6356F04C349B0A08F61F77533BD3,55.779,9.119,2020-06-11,17.445831,21.05,13.5,61.084866,1.8,76.208336
DK,Danemark,DK,Denmark,DK,Denmark,2020-06-16,2020,6,16,maize,Maize silage (feed),Primary production,Zearalenone,yes,24.89610668,,1.4,quantified_positive,Numerical Value,yes,yes,Objective sampling,Official (National and EU) programme,According to Reg 152/2009,DK_latest_15402714_contaminants.zip,OCC_CHEMMON2021_DK_2020.ZIP/OCC_CHEMMON2021_DK_2020.CSV,067BE28CE51C19E4F53C672A85A707CF,55.779,9.119,2020-06-16,9.45,24.5,18.370834,65.6706,0.0,17.625
SK,Slovaquie,SK,Slovakia,SK,Slovakia,2020-06-18,2020,6,18,generic_cereal,Cereal grains screenings (feed),Farm,Zearalenone,no,,3.0,10.0,not_quantified_below_loq,Non Quantified Value ( less than LOQ),yes,yes,Other,Official (National) programme,According to 97/747/EC,SK_latest_15411469_contaminants.zip,OCC_CHEMMON2021_SK_2020.ZIP/OCC_CHEMMON2021_SK_2020.CSV,1B0960EFDA1FC9B924B922A366C17F2A,48.053,17.37,2020-06-18,17.5,21.9,18.799997,77.07789,4.4,91.291664
SK,Slovaquie,SK,Slovakia,SK,Slovakia,2020-06-22,2020,6,22,generic_cereal,Cereal grains screenings (feed),Farm,Zearalenone,no,,,20.0,not_quantified_below_loq,Non Quantified Value ( less than LOQ),yes,yes,Other,Official (National) programme,According to 97/747/EC,SK_latest_15411469_contaminants.zip,OCC_CHEMMON2021_SK_2020.ZIP/OCC_CHEMMON2021_SK_2020.CSV,A6B964DFCD2F3D6CAA26272018A46E04,48.053,17.37,2020-06-22,16.3,23.5,20.081251,68.98066,0.1,64.541664
LT,Lituanie,LT,Lithuania,LT,Lithuania,2020-06-23,2020,6,23,generic_cereal,Cereal grains and products derived thereof (feed),Farm,Zearalanone,no,,,7.8,not_quantified_below_loq,Non Quantified Value ( less than LOQ),yes,yes,Selective sampling,Official (National) programme,According to Dir. 2002/63/EC,LT_latest_15334031_contaminants.zip,OCC_CHEMMON2021_LT_2020.ZIP/OCC_CHEMMON2021_LT_2020.CSV,307CFD42942CC612438B5B2CF5C10DF8,55.201,24.135,2020-06-23,16.35,24.85,20.908333,63.969883,0.0,96.291664
DK,Danemark,DK,Denmark,DK,Denmark,2020-06-24,2020,6,24,maize,Maize silage (feed),Primary production,Zearalenone,no,,,1.4,not_quantified_below_loq,Non Quantified Value ( less than LOQ),yes,yes,Objective sampling,Official (National and EU) programme,According to Reg 152/2009,DK_latest_15402714_contaminants.zip,OCC_CHEMMON2021_DK_2020.ZIP/OCC_CHEMMON2021_DK_2020.CSV,0EC0A1CCE7081F38C1A6F3315DF87FF9,55.779,9.119,2020-06-24,18.677082,23.65,11.95,72.44218,0.0,14.666667
DK,Danemark,DK,Denmark,DK,Denmark,2020-06-24,2020,6,24,maize,Maize silage (feed),Primary production,Zearalenone,yes,42.56154904,,1.4,quantified_positive,Numerical Value,yes,yes,Objective sampling,Official (National and EU) programme,According to Reg 152/2009,DK_latest_15402714_contaminants.zip,OCC_CHEMMON2021_DK_2020.ZIP/OCC_CHEMMON2021_DK_2020.CSV,E76AAEB7CDEC4D8AB1A9B6461F3B48E7,55.779,9.119,2020-06-24,18.677082,23.65,11.95,72.44218,0.0,14.666667
DK,Danemark,DK,Denmark,DK,Denmark,2020-06-25,2020,6,25,maize,Maize silage (feed),Primary production,Zearalenone,no,,,1.4,not_quantified_below_loq,Non Quantified Value ( less than LOQ),yes,yes,Objective sampling,Official (National and EU) programme,According to Reg 152/2009,DK_latest_15402714_contaminants.zip,OCC_CHEMMON2021_DK_2020.ZIP/OCC_CHEMMON2021_DK_2020.CSV,40EB0A94933B7CBAFC9FB8FE6C3EC8F6,55.779,9.119,2020-06-25,20.372915,24.65,14.05,70.46989,0.0,13.041667
DK,Danemark,DK,Denmark,DK,Denmark,2020-06-30,2020,6,30,maize,Maize silage (feed),Primary production,Zearalenone,no,,,1.4,not_quantified_below_loq,Non Quantified Value ( less than LOQ),yes,yes,Objective sampling,Official (National and EU) programme,According to Reg 152/2009,DK_latest_15402714_contaminants.zip,OCC_CHEMMON2021_DK_2020.ZIP/OCC_CHEMMON2021_DK_2020.CSV,34D59AD5A0E5D72E2F0A3E6D77D9F48F,55.779,9.119,2020-06-30,21.539583,26.5,15.7,67.20896,0.0,20.416666
SK,Slovaquie,SK,Slovakia,SK,Slovakia,2020-06-30,2020,6,30,maize,Maize grain,Farm,Zearalenone,yes,210.0,3.0,10.0,quantified_positive,Numerical Value,yes,yes,Other,Official (National) programme,According to 97/747/EC,SK_latest_15411469_contaminants.zip,OCC_CHEMMON2021_SK_2020.ZIP/OCC_CHEMMON2021_SK_2020.CSV,665B358288E73445D8B8537BBCDB7E6B,48.053,17.37,2020-06-30,13.866669,16.0,12.3,88.11375,10.1,78.541664
SK,Slovaquie,SK,Slovakia,SK,Slovakia,2020-07-02,2020,7,2,generic_cereal,Cereal grains screenings (feed),Support activities to agriculture,Zearalenone,yes,38.0,,1.0,quantified_positive,Numerical Value,yes,yes,Other,Official (National) programme,According to 97/747/EC,SK_latest_15411469_contaminants.zip,OCC_CHEMMON2021_SK_2020.ZIP/OCC_CHEMMON2021_SK_2020.CSV,0B06FC8D1BED0255DB6927026AD426AB,48.053,17.37,2020-07-02,19.4,29.35,24.493752,70.8558,0.0,63.75
CZ,Tchequie,CZ,Czechia,CZ,Czechia,2020-07-03,2020,7,3,wheat,Wheat grains (feed),Primary production,Zearalenone,no,,,20.0,not_quantified_below_loq,Non Quantified Value ( less than LOQ),yes,yes,Objective sampling,Official (National) programme,,CZ_latest_15410924_contaminants.zip,OCC_CHEMMON2021_CZ_2020.ZIP/OCC_CHEMMON2021_CZ_2020.CSV,7AD956AEC9B0E12B8F73787A5D173EBB,49.765,15.05,2020-07-03,15.0,21.0,17.38125,76.27587,0.5,75.833336
DK,Danemark,DK,Denmark,DK,Denmark,2020-07-06,2020,7,6,maize,Maize silage (feed),Primary production,Zearalenone,yes,46.13663128,,1.4,quantified_positive,Numerical Value,yes,yes,Objective sampling,Official (National and EU) programme,According to Reg 152/2009,DK_latest_15402714_contaminants.zip,OCC_CHEMMON2021_DK_2020.ZIP/OCC_CHEMMON2021_DK_2020.CSV,CCFAEA226372CE081E5F1184E8D19919,55.779,9.119,2020-07-06,12.706249,15.1,10.8,79.183624,4.7,61.125
DK,Danemark,DK,Denmark,DK,Denmark,2020-07-06,2020,7,6,maize,Maize silage (feed),Primary production,Zearalenone,yes,771.5510494,,1.4,quantified_positive,Numerical Value,yes,yes,Objective sampling,Official (National and EU) programme,According to Reg 152/2009,DK_latest_15402714_contaminants.zip,OCC_CHEMMON2021_DK_2020.ZIP/OCC_CHEMMON2021_DK_2020.CSV,212B01C2ADE3C9D31A94B2A9C03C3681,55.779,9.119,2020-07-06,12.706249,15.1,10.8,79.183624,4.7,61.125
DK,Danemark,DK,Denmark,DK,Denmark,2020-07-07,2020,7,7,maize,Maize silage (feed),Primary production,Zearalenone,yes,66.14660298,,1.4,quantified_positive,Numerical Value,yes,yes,Objective sampling,Official (National and EU) programme,According to Reg 152/2009,DK_latest_15402714_contaminants.zip,OCC_CHEMMON2021_DK_2020.ZIP/OCC_CHEMMON2021_DK_2020.CSV,0A80E57D01B15F9843F813B549D9794E,55.779,9.119,2020-07-07,12.268749,13.95,9.85,76.80021,6.8999996,66.875
DK,Danemark,DK,Denmark,DK,Denmark,2020-07-07,2020,7,7,maize,Maize silage (feed),Primary production,Zearalenone,yes,1055.564755,,1.4,quantified_positive,Numerical Value,yes,yes,Objective sampling,Official (National and EU) programme,According to Reg 152/2009,DK_latest_15402714_contaminants.zip,OCC_CHEMMON2021_DK_2020.ZIP/OCC_CHEMMON2021_DK_2020.CSV,E85C7AC5E2553E7696A44E3B54886FA9,55.779,9.119,2020-07-07,12.268749,13.95,9.85,76.80021,6.8999996,66.875
DK,Danemark,DK,Denmark,DK,Denmark,2020-07-21,2020,7,21,barley,Barley grain (feed),Primary production,Zearalenone,no,,,15.0,not_quantified_below_loq,Non Quantified Value ( less than LOQ),yes,yes,Objective sampling,Official (National and EU) programme,According to Reg 152/2009,DK_latest_15402714_contaminants.zip,OCC_CHEMMON2021_DK_2020.ZIP/OCC_CHEMMON2021_DK_2020.CSV,06F3F1D8C7C395FC83A6BED80A31C3AE,55.779,9.119,2020-07-21,10.1,16.25,13.310417,69.924934,0.1,36.666668
DK,Danemark,DK,Denmark,DK,Denmark,2020-08-03,2020,8,3,barley,Barley grain (feed),Primary production,Zearalenone,no,,,15.0,not_quantified_below_loq,Non Quantified Value ( less than LOQ),yes,yes,Objective sampling,Official (National and EU) programme,According to Reg 152/2009,DK_latest_15402714_contaminants.zip,OCC_CHEMMON2021_DK_2020.ZIP/OCC_CHEMMON2021_DK_2020.CSV,A3AD1792D5BACEB279614574777F05B1,55.779,9.119,2020-08-03,14.085418,17.4,8.7,79.90026,0.8000001,58.0
DK,Danemark,DK,Denmark,DK,Denmark,2020-08-04,2020,8,4,maize,Maize silage (feed),Primary production,Zearalenone,yes,52.6167334,,1.4,quantified_positive,Numerical Value,yes,yes,Objective sampling,Official (National and EU) programme,According to Reg 152/2009,DK_latest_15402714_contaminants.zip,OCC_CHEMMON2021_DK_2020.ZIP/OCC_CHEMMON2021_DK_2020.CSV,A593557357EB842B37DCEFE07AA71D45,55.779,9.119,2020-08-04,13.470832,17.35,7.9,73.67633,0.0,53.083332
DK,Danemark,DK,Denmark,DK,Denmark,2020-08-11,2020,8,11,maize,Maize silage (feed),Primary production,Zearalenone,no,,,1.4,not_quantified_below_loq,Non Quantified Value ( less than LOQ),yes,yes,Objective sampling,Official (National and EU) programme,According to Reg 152/2009,DK_latest_15402714_contaminants.zip,OCC_CHEMMON2021_DK_2020.ZIP/OCC_CHEMMON2021_DK_2020.CSV,57B2DE2599407AE30CA566D104501208,55.779,9.119,2020-08-11,17.1,27.7,21.933334,73.74576,0.0,3.125
DK,Danemark,DK,Denmark,DK,Denmark,2020-08-11,2020,8,11,barley,Barley grain (feed),Primary production,Zearalenone,no,,,15.0,not_quantified_below_loq,Non Quantified Value ( less than LOQ),yes,yes,Objective sampling,Official (National and EU) programme,According to Reg 152/2009,DK_latest_15402714_contaminants.zip,OCC_CHEMMON2021_DK_2020.ZIP/OCC_CHEMMON2021_DK_2020.CSV,6B4B03917F40114DF22FBDE9069C1347,55.779,9.119,2020-08-11,17.1,27.7,21.933334,73.74576,0.0,3.125
DK,Danemark,DK,Denmark,DK,Denmark,2020-08-13,2020,8,13,barley,Barley grain (feed),Primary production,Zearalenone,no,,,15.0,not_quantified_below_loq,Non Quantified Value ( less than LOQ),yes,yes,Objective sampling,Official (National and EU) programme,According to Reg 152/2009,DK_latest_15402714_contaminants.zip,OCC_CHEMMON2021_DK_2020.ZIP/OCC_CHEMMON2021_DK_2020.CSV,E28DFC7CE27A4448119514FF2A0C2595,55.779,9.119,2020-08-13,20.345835,26.3,14.85,64.97711,0.0,30.833334
DK,Danemark,DK,Denmark,DK,Denmark,2020-08-13,2020,8,13,maize,Maize silage (feed),Primary production,Zearalenone,no,,,1.4,not_quantified_below_loq,Non Quantified Value ( less than LOQ),yes,yes,Objective sampling,Official (National and EU) programme,According to Reg 152/2009,DK_latest_15402714_contaminants.zip,OCC_CHEMMON2021_DK_2020.ZIP/OCC_CHEMMON2021_DK_2020.CSV,AB33F0FFFC8C309EAC9EEA496E20BF6E,55.779,9.119,2020-08-13,20.345835,26.3,14.85,64.97711,0.0,30.833334
DK,Danemark,DK,Denmark,DK,Denmark,2020-08-14,2020,8,14,wheat,Wheat grains (feed),Primary production,Zearalenone,no,,,15.0,not_quantified_below_loq,Non Quantified Value ( less than LOQ),yes,yes,Objective sampling,Official (National and EU) programme,According to Reg 152/2009,DK_latest_15402714_contaminants.zip,OCC_CHEMMON2021_DK_2020.ZIP/OCC_CHEMMON2021_DK_2020.CSV,2755CC8B6EDB38CCAA197F67D423F07C,55.779,9.119,2020-08-14,19.827082,25.55,13.4,61.223682,0.0,19.833334
DK,Danemark,DK,Denmark,DK,Denmark,2020-08-14,2020,8,14,barley,Barley grain (feed),Primary production,Zearalenone,no,4.176058845,,15.0,not_quantified_below_loq,Non Quantified Value ( less than LOQ),yes,yes,Objective sampling,Official (National and EU) programme,According to Reg 152/2009,DK_latest_15402714_contaminants.zip,OCC_CHEMMON2021_DK_2020.ZIP/OCC_CHEMMON2021_DK_2020.CSV,151E550D3C15F4EA54A1194CD11B8E77,55.779,9.119,2020-08-14,19.827082,25.55,13.4,61.223682,0.0,19.833334
DK,Danemark,DK,Denmark,DK,Denmark,2020-08-14,2020,8,14,barley,Barley grain (feed),Primary production,Zearalenone,no,4.037623308,,15.0,not_quantified_below_loq,Non Quantified Value ( less than LOQ),yes,yes,Objective sampling,Official (National and EU) programme,According to Reg 152/2009,DK_latest_15402714_contaminants.zip,OCC_CHEMMON2021_DK_2020.ZIP/OCC_CHEMMON2021_DK_2020.CSV,1B8AA6B4F4099CBB62FCF8229885D0C9,55.779,9.119,2020-08-14,19.827082,25.55,13.4,61.223682,0.0,19.833334
DK,Danemark,DK,Denmark,DK,Denmark,2020-08-17,2020,8,17,wheat,Wheat grains (feed),Primary production,Zearalenone,no,4.038781481,,15.0,not_quantified_below_loq,Non Quantified Value ( less than LOQ),yes,yes,Objective sampling,Official (National and EU) programme,According to Reg 152/2009,DK_latest_15402714_contaminants.zip,OCC_CHEMMON2021_DK_2020.ZIP/OCC_CHEMMON2021_DK_2020.CSV,8746120ED6A73CA62CE0B70239AEFB48,55.779,9.119,2020-08-17,22.672918,27.4,18.1,54.737186,0.0,20.041666
DK,Danemark,DK,Denmark,DK,Denmark,2020-08-17,2020,8,17,barley,Barley grain (feed),Primary production,Zearalenone,no,,,15.0,not_quantified_below_loq,Non Quantified Value ( less than LOQ),yes,yes,Objective sampling,Official (National and EU) programme,According to Reg 152/2009,DK_latest_15402714_contaminants.zip,OCC_CHEMMON2021_DK_2020.ZIP/OCC_CHEMMON2021_DK_2020.CSV,C4DCDFF939224ACC33964A063CB2A34E,55.779,9.119,2020-08-17,22.672918,27.4,18.1,54.737186,0.0,20.041666
DK,Danemark,DK,Denmark,DK,Denmark,2020-08-18,2020,8,18,wheat,Wheat grains (feed),Primary production,Zearalenone,no,3.139008121,,15.0,not_quantified_below_loq,Non Quantified Value ( less than LOQ),yes,yes,Objective sampling,Official (National and EU) programme,According to Reg 152/2009,DK_latest_15402714_contaminants.zip,OCC_CHEMMON2021_DK_2020.ZIP/OCC_CHEMMON2021_DK_2020.CSV,16D70EE5A38728C53BF07FC345B52431,55.779,9.119,2020-08-18,18.933334,22.55,14.55,82.966805,5.2,87.791664
DK,Danemark,DK,Denmark,DK,Denmark,2020-08-21,2020,8,21,barley,Barley grain (feed),Primary production,Zearalenone,no,,,15.0,not_quantified_below_loq,Non Quantified Value ( less than LOQ),yes,yes,Objective sampling,Official (National and EU) programme,According to Reg 152/2009,DK_latest_15402714_contaminants.zip,OCC_CHEMMON2021_DK_2020.ZIP/OCC_CHEMMON2021_DK_2020.CSV,B43A10CB085A3A78F63DE426BBC540C4,55.779,9.119,2020-08-21,16.95,25.35,20.529165,79.16845,4.7000003,55.583332
DK,Danemark,DK,Denmark,DK,Denmark,2020-08-21,2020,8,21,wheat,Wheat grains (feed),Primary production,Zearalenone,no,,,15.0,not_quantified_below_loq,Non Quantified Value ( less than LOQ),yes,yes,Objective sampling,Official (National and EU) programme,According to Reg 152/2009,DK_latest_15402714_contaminants.zip,OCC_CHEMMON2021_DK_2020.ZIP/OCC_CHEMMON2021_DK_2020.CSV,772D9E30F144B6C1564BEF43092CCBEB,55.779,9.119,2020-08-21,16.95,25.35,20.529165,79.16845,4.7000003,55.583332
DK,Danemark,DK,Denmark,DK,Denmark,2020-08-21,2020,8,21,maize,Maize silage (feed),Primary production,Zearalenone,no,,,1.4,not_quantified_below_loq,Non Quantified Value ( less than LOQ),yes,yes,Objective sampling,Official (National and EU) programme,According to Reg 152/2009,DK_latest_15402714_contaminants.zip,OCC_CHEMMON2021_DK_2020.ZIP/OCC_CHEMMON2021_DK_2020.CSV,BA0FAF35D41A2FCADDD781C2FF7F70F7,55.779,9.119,2020-08-21,16.95,25.35,20.529165,79.16845,4.7000003,55.583332
DK,Danemark,DK,Denmark,DK,Denmark,2020-08-24,2020,8,24,wheat,Wheat grains (feed),Primary production,Zearalenone,no,,,15.0,not_quantified_below_loq,Non Quantified Value ( less than LOQ),yes,yes,Objective sampling,Official (National and EU) programme,According to Reg 152/2009,DK_latest_15402714_contaminants.zip,OCC_CHEMMON2021_DK_2020.ZIP/OCC_CHEMMON2021_DK_2020.CSV,4E257F368E77218D606714B4C2BF8AD6,55.779,9.119,2020-08-24,9.65,16.6,13.802083,72.79945,0.0,67.708336
DK,Danemark,DK,Denmark,DK,Denmark,2020-08-26,2020,8,26,wheat,Wheat grains (feed),Primary production,Zearalenone,no,,,15.0,not_quantified_below_loq,Non Quantified Value ( less than LOQ),yes,yes,Objective sampling,Official (National and EU) programme,According to Reg 152/2009,DK_latest_15402714_contaminants.zip,OCC_CHEMMON2021_DK_2020.ZIP/OCC_CHEMMON2021_DK_2020.CSV,48334836B90586B91B7AAEEDA9875046,55.779,9.119,2020-08-26,14.0,18.8,15.939582,91.2438,15.200001,97.625
DK,Danemark,DK,Denmark,DK,Denmark,2020-08-26,2020,8,26,barley,Barley grain (feed),Primary production,Zearalenone,no,,,15.0,not_quantified_below_loq,Non Quantified Value ( less than LOQ),yes,yes,Objective sampling,Official (National and EU) programme,According to Reg 152/2009,DK_latest_15402714_contaminants.zip,OCC_CHEMMON2021_DK_2020.ZIP/OCC_CHEMMON2021_DK_2020.CSV,2BCA58E340BBE7D5284474D42032CC8E,55.779,9.119,2020-08-26,14.0,18.8,15.939582,91.2438,15.200001,97.625
DK,Danemark,DK,Denmark,DK,Denmark,2020-09-01,2020,9,1,barley,Barley grain (feed),Primary production,Zearalenone,no,,,15.0,not_quantified_below_loq,Non Quantified Value ( less than LOQ),yes,yes,Objective sampling,Official (National and EU) programme,According to Reg 152/2009,DK_latest_15402714_contaminants.zip,OCC_CHEMMON2021_DK_2020.ZIP/OCC_CHEMMON2021_DK_2020.CSV,30F0382225352809A9BA926E9A8BBB3B,55.779,9.119,2020-09-01,7.05,18.05,13.014581,72.89155,0.0,28.666666
DK,Danemark,DK,Denmark,DK,Denmark,2020-09-01,2020,9,1,barley,Barley grain (feed),Primary production,Zearalenone,no,,,15.0,not_quantified_below_loq,Non Quantified Value ( less than LOQ),yes,yes,Objective sampling,Official (National and EU) programme,According to Reg 152/2009,DK_latest_15402714_contaminants.zip,OCC_CHEMMON2021_DK_2020.ZIP/OCC_CHEMMON2021_DK_2020.CSV,B4F77ACB8D03410B4B989A5A30DB77D9,55.779,9.119,2020-09-01,7.05,18.05,13.014581,72.89155,0.0,28.666666
DK,Danemark,DK,Denmark,DK,Denmark,2020-09-01,2020,9,1,wheat,Wheat grains (feed),Primary production,Zearalenone,no,,,15.0,not_quantified_below_loq,Non Quantified Value ( less than LOQ),yes,yes,Objective sampling,Official (National and EU) programme,According to Reg 152/2009,DK_latest_15402714_contaminants.zip,OCC_CHEMMON2021_DK_2020.ZIP/OCC_CHEMMON2021_DK_2020.CSV,C1FA42876F3723A95940A6511C4604F5,55.779,9.119,2020-09-01,7.05,18.05,13.014581,72.89155,0.0,28.666666
DK,Danemark,DK,Denmark,DK,Denmark,2020-09-01,2020,9,1,barley,Barley grain (feed),Primary production,Zearalenone,no,,,15.0,not_quantified_below_loq,Non Quantified Value ( less than LOQ),yes,yes,Objective sampling,Official (National and EU) programme,According to Reg 152/2009,DK_latest_15402714_contaminants.zip,OCC_CHEMMON2021_DK_2020.ZIP/OCC_CHEMMON2021_DK_2020.CSV,DE4F5F3B0965958A8B6B3BED1222CCAA,55.779,9.119,2020-09-01,7.05,18.05,13.014581,72.89155,0.0,28.666666
DK,Danemark,DK,Denmark,DK,Denmark,2020-09-01,2020,9,1,wheat,Wheat grains (feed),Primary production,Zearalenone,no,,,15.0,not_quantified_below_loq,Non Quantified Value ( less than LOQ),yes,yes,Objective sampling,Official (National and EU) programme,According to Reg 152/2009,DK_latest_15402714_contaminants.zip,OCC_CHEMMON2021_DK_2020.ZIP/OCC_CHEMMON2021_DK_2020.CSV,8D9742268DD6DE26933448D33240EA57,55.779,9.119,2020-09-01,7.05,18.05,13.014581,72.89155,0.0,28.666666
CZ,Tchequie,CZ,Czechia,CZ,Czechia,2020-09-09,2020,9,9,wheat,Wheat grains (feed),Primary production,Zearalenone,no,,,20.0,not_quantified_below_loq,Non Quantified Value ( less than LOQ),yes,yes,Objective sampling,Official (National) programme,,CZ_latest_15410924_contaminants.zip,OCC_CHEMMON2021_CZ_2020.ZIP/OCC_CHEMMON2021_CZ_2020.CSV,767AE4463067D606411FEC9AD0F2EBB5,49.765,15.05,2020-09-09,17.5,23.65,11.7,63.29927,0.0,0.0
DK,Danemark,DK,Denmark,DK,Denmark,2020-09-09,2020,9,9,maize,Maize silage (feed),Primary production,Zearalenone,yes,54.43587717,,1.4,quantified_positive,Numerical Value,yes,yes,Objective sampling,Official (National and EU) programme,According to Reg 152/2009,DK_latest_15402714_contaminants.zip,OCC_CHEMMON2021_DK_2020.ZIP/OCC_CHEMMON2021_DK_2020.CSV,81BAA2473D54E4C09AD6510A9C92E975,55.779,9.119,2020-09-09,15.7770815,18.4,12.45,85.26699,3.7999997,66.833336
DK,Danemark,DK,Denmark,DK,Denmark,2020-09-09,2020,9,9,wheat,Wheat grains (feed),Primary production,Zearalenone,no,,,15.0,not_quantified_below_loq,Non Quantified Value ( less than LOQ),yes,yes,Objective sampling,Official (National and EU) programme,According to Reg 152/2009,DK_latest_15402714_contaminants.zip,OCC_CHEMMON2021_DK_2020.ZIP/OCC_CHEMMON2021_DK_2020.CSV,FD4D54B8708C2A6A2160994F21671A6B,55.779,9.119,2020-09-09,15.7770815,18.4,12.45,85.26699,3.7999997,66.833336
CZ,Tchequie,CZ,Czechia,CZ,Czechia,2020-09-10,2020,9,10,wheat,Wheat grains (feed),Primary production,Zearalenone,yes,31.5,,20.0,quantified_positive,Numerical Value,yes,yes,Objective sampling,Official (National) programme,,CZ_latest_15410924_contaminants.zip,OCC_CHEMMON2021_CZ_2020.ZIP/OCC_CHEMMON2021_CZ_2020.CSV,314863C6F288C2AE284EBEE429AFE98B,49.765,15.05,2020-09-10,11.4,17.65,14.720833,79.84832,2.8,56.708332
DK,Danemark,DK,Denmark,DK,Denmark,2020-09-11,2020,9,11,barley,Barley grain (feed),Primary production,Zearalenone,no,7.181579714,,15.0,not_quantified_below_loq,Non Quantified Value ( less than LOQ),yes,yes,Objective sampling,Official (National and EU) programme,According to Reg 152/2009,DK_latest_15402714_contaminants.zip,OCC_CHEMMON2021_DK_2020.ZIP/OCC_CHEMMON2021_DK_2020.CSV,8844F7E5A5F46B717A56B0D17D7CFA00,55.779,9.119,2020-09-11,8.75,16.25,13.135419,74.99977,0.3,94.791664
DK,Danemark,DK,Denmark,DK,Denmark,2020-09-22,2020,9,22,barley,Barley grain (feed),Primary production,Zearalenone,no,,,15.0,not_quantified_below_loq,Non Quantified Value ( less than LOQ),yes,yes,Objective sampling,Official (National and EU) programme,According to Reg 152/2009,DK_latest_15402714_contaminants.zip,OCC_CHEMMON2021_DK_2020.ZIP/OCC_CHEMMON2021_DK_2020.CSV,EFAD95B78204A5D48121408F5F0BF615,55.779,9.119,2020-09-22,6.25,19.35,12.268749,85.46469,0.0,42.0
CZ,Tchequie,CZ,Czechia,CZ,Czechia,2020-09-25,2020,9,25,barley,Barley grain (feed),Storage,Zearalenone,no,,,20.0,not_quantified_below_loq,Non Quantified Value ( less than LOQ),yes,yes,Objective sampling,Official (National) programme,,CZ_latest_15410924_contaminants.zip,OCC_CHEMMON2021_CZ_2020.ZIP/OCC_CHEMMON2021_CZ_2020.CSV,4D61A762909D15AE1EC4DDC7CE4CFAA8,49.765,15.05,2020-09-25,8.4,15.75,12.574998,89.87623,12.7,96.583336
EE,Estonie,EE,Estonia,EE,Estonia,2020-09-29,2020,9,29,barley,Barley grain (feed),Farm,Zearalenone,no,,20.0,20.0,not_detected_below_lod,Non Detected Value ( less than LOD),yes,yes,Objective sampling,Official (National and EU) programme,According to Reg 152/2009,EE_latest_15412636_contaminants.zip,OCC_CHEMMON2021_EE_2020.ZIP/OCC_CHEMMON2021_EE_2020.CSV,EE8C3CCFC27345C4B41BF95A4234BFB5,58.295,26.613,2020-09-29,12.677082,14.2,10.9,94.26,1.0,95.333336
DK,Danemark,DK,Denmark,DK,Denmark,2020-09-29,2020,9,29,barley,Barley grain (feed),Primary production,Zearalenone,no,,,15.0,not_quantified_below_loq,Non Quantified Value ( less than LOQ),yes,yes,Objective sampling,Official (National and EU) programme,According to Reg 152/2009,DK_latest_15402714_contaminants.zip,OCC_CHEMMON2021_DK_2020.ZIP/OCC_CHEMMON2021_DK_2020.CSV,62BAC40525B7C6AD86D58E5BE7D60EF3,55.779,9.119,2020-09-29,12.752083,15.5,10.7,84.43659,0.0,77.541664
CZ,Tchequie,CZ,Czechia,CZ,Czechia,2020-09-30,2020,9,30,barley,Barley grain (feed),Primary production,Zearalenone,no,,,20.0,not_quantified_below_loq,Non Quantified Value ( less than LOQ),yes,yes,Objective sampling,Official (National) programme,,CZ_latest_15410924_contaminants.zip,OCC_CHEMMON2021_CZ_2020.ZIP/OCC_CHEMMON2021_CZ_2020.CSV,4BDCDC741B850D915028A21AA70CE57B,49.765,15.05,2020-09-30,11.008334,14.25,8.2,83.598175,0.0,83.541664
CZ,Tchequie,CZ,Czechia,CZ,Czechia,2020-10-01,2020,10,1,wheat,Wheat grains (feed),Primary production,Zearalenone,no,,,20.0,not_quantified_below_loq,Non Quantified Value ( less than LOQ),yes,yes,Objective sampling,Official (National) programme,,CZ_latest_15410924_contaminants.zip,OCC_CHEMMON2021_CZ_2020.ZIP/OCC_CHEMMON2021_CZ_2020.CSV,54B0844904E796A48B1F21D660134217,49.765,15.05,2020-10-01,10.8125,15.0,7.2,86.20873,0.4,68.0
CZ,Tchequie,CZ,Czechia,CZ,Czechia,2020-10-12,2020,10,12,barley,Barley grain (feed),Primary production,Zearalenone,no,,,20.0,not_quantified_below_loq,Non Quantified Value ( less than LOQ),yes,yes,Objective sampling,Official (National) programme,,CZ_latest_15410924_contaminants.zip,OCC_CHEMMON2021_CZ_2020.ZIP/OCC_CHEMMON2021_CZ_2020.CSV,46C0E23D5E7ADBA6FA2C3111B61634D7,49.765,15.05,2020-10-12,5.4,9.95,7.068749,80.95199,2.7,79.5
EE,Estonie,EE,Estonia,EE,Estonia,2020-10-20,2020,10,20,barley,Barley grain (feed),Farm,Zearalenone,no,,20.0,20.0,not_detected_below_lod,Non Detected Value ( less than LOD),yes,yes,Objective sampling,Official (National and EU) programme,According to Reg 152/2009,EE_latest_15412636_contaminants.zip,OCC_CHEMMON2021_EE_2020.ZIP/OCC_CHEMMON2021_EE_2020.CSV,3580410F4E81E922A59941616A2C3BF4,58.295,26.613,2020-10-20,-0.25,4.7,2.3249998,84.12468,0.1,73.875
DK,Danemark,DK,Denmark,DK,Denmark,2020-10-22,2020,10,22,maize,Maize silage (feed),Primary production,Zearalenone,yes,9.330766147,,1.4,quantified_positive,Numerical Value,yes,yes,Objective sampling,Official (National and EU) programme,According to Reg 152/2009,DK_latest_15402714_contaminants.zip,OCC_CHEMMON2021_DK_2020.ZIP/OCC_CHEMMON2021_DK_2020.CSV,FBF5BC8717BAE024D5DE9618E1CFBB51,55.779,9.119,2020-10-22,10.95,13.7,12.404166,89.99462,3.3999996,79.208336
EE,Estonie,EE,Estonia,EE,Estonia,2020-10-27,2020,10,27,barley,Barley grain (feed),Farm,Zearalenone,yes,25.9,20.0,20.0,quantified_positive,Numerical Value,yes,yes,Objective sampling,Official (National and EU) programme,According to Reg 152/2009,EE_latest_15412636_contaminants.zip,OCC_CHEMMON2021_EE_2020.ZIP/OCC_CHEMMON2021_EE_2020.CSV,49E0416F96559F3D64557D32BE919B42,58.295,26.613,2020-10-27,10.4,12.15,11.395833,90.29349,1.7000003,99.5
CZ,Tchequie,CZ,Czechia,CZ,Czechia,2020-12-01,2020,12,1,wheat,Common wheat grain,Primary production,Zearalenone,no,,1.5,5.0,not_quantified_below_loq,Non Quantified Value ( less than LOQ),yes,yes,Selective sampling,Official (National) programme,According to Regulation (EU) 2023/2782 (repealing Regulation (EC) No 401/2006,CZ_latest_15410924_contaminants.zip,OCC_CHEMMON2021_CZ_2020.ZIP/OCC_CHEMMON2021_CZ_2020.CSV,4283547A0A861E1E20C093A8404CC980,49.765,15.05,2020-12-01,-2.9,1.85,-1.3375001,82.98264,0.0,51.833332
CZ,Tchequie,CZ,Czechia,CZ,Czechia,2020-12-01,2020,12,1,wheat,Common wheat grain,Primary production,Zearalenone,yes,49.0,1.5,5.0,quantified_positive,Numerical Value,yes,yes,Selective sampling,Official (National) programme,According to Regulation (EU) 2023/2782 (repealing Regulation (EC) No 401/2006,CZ_latest_15410924_contaminants.zip,OCC_CHEMMON2021_CZ_2020.ZIP/OCC_CHEMMON2021_CZ_2020.CSV,839E91551612BEA8098F734FB0645B8F,49.765,15.05,2020-12-01,-2.9,1.85,-1.3375001,82.98264,0.0,51.833332
CZ,Tchequie,CZ,Czechia,CZ,Czechia,2021-02-23,2021,2,23,wheat,Wheat grains (feed),Primary production,Zearalenone,yes,38.17,,20.0,quantified_positive,Numerical Value,yes,yes,Objective sampling,Official (National) programme,,CZ_latest_15410924_contaminants.zip,OCC_CHEMMON2022_CZ_2021.ZIP/OCC_CHEMMON2022_CZ_2021.CSV,D02BB89EE50517CC4C9ABF6898795FB4,49.765,15.05,2021-02-23,-1.7,14.8,5.0333333,77.0299,0.0,34.916668
SK,Slovaquie,SK,Slovakia,SK,Slovakia,2021-03-17,2021,3,17,maize,Maize grain,Primary production,Zearalenone,yes,170.0,,20.0,quantified_positive,Numerical Value,yes,yes,Other,Official (National) programme,According to 97/747/EC,SK_latest_15411469_contaminants.zip,OCC_CHEMMON2022_SK_2021.ZIP/OCC_CHEMMON2022_SK_2021.CSV,287FFB1867E291EC55F6F6CF5A719AB1,48.053,17.37,2021-03-17,0.75,8.45,3.7312498,72.96522,2.1,38.291668
LT,Lituanie,LT,Lithuania,LT,Lithuania,2021-03-23,2021,3,23,generic_cereal,Cereal grains and products derived thereof (feed),Farm,Zearalanone,no,,,7.8,not_quantified_below_loq,Non Quantified Value ( less than LOQ),yes,yes,Selective sampling,Official (National) programme,According to Dir. 2002/63/EC,LT_latest_15334031_contaminants.zip,OCC_CHEMMON2022_LT_2021.ZIP/OCC_CHEMMON2022_LT_2021.CSV,AEFF1D47A1D5653376E6E73B32ACE355,55.201,24.135,2021-03-23,-1.8,5.9,1.5749999,72.29333,0.0,46.041668
DK,Danemark,DK,Denmark,DK,Denmark,2021-04-08,2021,4,8,wheat,Wheat grains (feed),Primary production,Zearalenone,no,,,15.0,not_quantified_below_loq,Non Quantified Value ( less than LOQ),yes,yes,Objective sampling,Official (National and EU) programme,According to Reg 152/2009,DK_latest_15402714_contaminants.zip,OCC_CHEMMON2022_DK_2021.ZIP/OCC_CHEMMON2022_DK_2021.CSV,77FA22B5E576E38FFBD35965DCB1D67C,55.779,9.119,2021-04-08,3.4979162,5.45,0.65,74.736465,3.8999999,81.458336
DK,Danemark,DK,Denmark,DK,Denmark,2021-04-09,2021,4,9,barley,Barley grain (feed),Primary production,Zearalenone,no,,,15.0,not_quantified_below_loq,Non Quantified Value ( less than LOQ),yes,yes,Objective sampling,Official (National and EU) programme,According to Reg 152/2009,DK_latest_15402714_contaminants.zip,OCC_CHEMMON2022_DK_2021.ZIP/OCC_CHEMMON2022_DK_2021.CSV,7F2AAA69432161C667F89F93E0CE1962,55.779,9.119,2021-04-09,4.737499,7.15,0.7,74.16611,3.5999994,52.0
DK,Danemark,DK,Denmark,DK,Denmark,2021-04-13,2021,4,13,barley,Barley grain (feed),Primary production,Zearalenone,no,14.26635942,,15.0,not_quantified_below_loq,Non Quantified Value ( less than LOQ),yes,yes,Objective sampling,Official (National and EU) programme,According to Reg 152/2009,DK_latest_15402714_contaminants.zip,OCC_CHEMMON2022_DK_2021.ZIP/OCC_CHEMMON2022_DK_2021.CSV,DD7793D219DE12B5706A406382F79D91,55.779,9.119,2021-04-13,3.9041662,7.1,1.15,73.94814,1.1000001,28.333334
DK,Danemark,DK,Denmark,DK,Denmark,2021-04-14,2021,4,14,maize,Maize silage (feed),Primary production,Zearalenone,yes,7.510196641,,1.4,quantified_positive,Numerical Value,yes,yes,Objective sampling,Official (National and EU) programme,According to Reg 152/2009,DK_latest_15402714_contaminants.zip,OCC_CHEMMON2022_DK_2021.ZIP/OCC_CHEMMON2022_DK_2021.CSV,261E094DBDB270040C921BA4A52B75FB,55.779,9.119,2021-04-14,3.2958336,8.25,-1.25,71.372635,0.6,25.416666
DK,Danemark,DK,Denmark,DK,Denmark,2021-04-14,2021,4,14,maize,Maize silage (feed),Primary production,Zearalenone,yes,53.2256045,,1.4,quantified_positive,Numerical Value,yes,yes,Objective sampling,Official (National and EU) programme,According to Reg 152/2009,DK_latest_15402714_contaminants.zip,OCC_CHEMMON2022_DK_2021.ZIP/OCC_CHEMMON2022_DK_2021.CSV,FF8B08E574ABD9AACED40CEDAD680A37,55.779,9.119,2021-04-14,3.2958336,8.25,-1.25,71.372635,0.6,25.416666
DK,Danemark,DK,Denmark,DK,Denmark,2021-04-15,2021,4,15,maize,Maize silage (feed),Primary production,Zearalenone,yes,17.41355258,,1.4,quantified_positive,Numerical Value,yes,yes,Objective sampling,Official (National and EU) programme,According to Reg 152/2009,DK_latest_15402714_contaminants.zip,OCC_CHEMMON2022_DK_2021.ZIP/OCC_CHEMMON2022_DK_2021.CSV,884ABCC89A5B60EB0AAE32083B3386DC,55.779,9.119,2021-04-15,3.9208333,9.05,-2.45,62.486134,0.0,76.416664
DK,Danemark,DK,Denmark,DK,Denmark,2021-04-15,2021,4,15,maize,Maize silage (feed),Primary production,Zearalenone,yes,20.38177909,,1.4,quantified_positive,Numerical Value,yes,yes,Objective sampling,Official (National and EU) programme,According to Reg 152/2009,DK_latest_15402714_contaminants.zip,OCC_CHEMMON2022_DK_2021.ZIP/OCC_CHEMMON2022_DK_2021.CSV,DE49BCC86AC749FE8552EAC621FED7FC,55.779,9.119,2021-04-15,3.9208333,9.05,-2.45,62.486134,0.0,76.416664
CZ,Tchequie,CZ,Czechia,CZ,Czechia,2021-04-16,2021,4,16,wheat,Wheat grains (feed),Primary production,Zearalenone,yes,43.66,,20.0,quantified_positive,Numerical Value,yes,yes,Objective sampling,Official (National) programme,,CZ_latest_15410924_contaminants.zip,OCC_CHEMMON2022_CZ_2021.ZIP/OCC_CHEMMON2022_CZ_2021.CSV,343A858C68EFA5BF857072A7AEFAA9EA,49.765,15.05,2021-04-16,-0.15,3.1,1.5541667,87.96862,1.4000002,99.416664
DK,Danemark,DK,Denmark,DK,Denmark,2021-04-19,2021,4,19,maize,Maize silage (feed),Primary production,Zearalenone,yes,13.75350767,,1.4,quantified_positive,Numerical Value,yes,yes,Objective sampling,Official (National and EU) programme,According to Reg 152/2009,DK_latest_15402714_contaminants.zip,OCC_CHEMMON2022_DK_2021.ZIP/OCC_CHEMMON2022_DK_2021.CSV,50B094ECBEFCD1C2B263CA463D6C0DE3,55.779,9.119,2021-04-19,9.889585,15.55,4.6,61.58194,0.0,18.833334
DK,Danemark,DK,Denmark,DK,Denmark,2021-04-20,2021,4,20,wheat,Wheat grains (feed),Primary production,Zearalenone,no,,,15.0,not_quantified_below_loq,Non Quantified Value ( less than LOQ),yes,yes,Objective sampling,Official (National and EU) programme,According to Reg 152/2009,DK_latest_15402714_contaminants.zip,OCC_CHEMMON2022_DK_2021.ZIP/OCC_CHEMMON2022_DK_2021.CSV,28B87DBF337DC1CD64F930879093A8D6,55.779,9.119,2021-04-20,9.333334,16.25,1.7,64.45983,0.0,17.625
DK,Danemark,DK,Denmark,DK,Denmark,2021-04-22,2021,4,22,maize,Maize silage (feed),Primary production,Zearalenone,yes,203.0740748,,1.4,quantified_positive,Numerical Value,yes,yes,Objective sampling,Official (National and EU) programme,According to Reg 152/2009,DK_latest_15402714_contaminants.zip,OCC_CHEMMON2022_DK_2021.ZIP/OCC_CHEMMON2022_DK_2021.CSV,C9A209A1C1D2DC3043A684B42A99010B,55.779,9.119,2021-04-22,5.6354165,9.3,2.5,67.95464,0.2,25.208334
DK,Danemark,DK,Denmark,DK,Denmark,2021-04-23,2021,4,23,barley,Barley grain (feed),Primary production,Zearalenone,no,,,15.0,not_quantified_below_loq,Non Quantified Value ( less than LOQ),yes,yes,Objective sampling,Official (National and EU) programme,According to Reg 152/2009,DK_latest_15402714_contaminants.zip,OCC_CHEMMON2022_DK_2021.ZIP/OCC_CHEMMON2022_DK_2021.CSV,FF13D759206AFB7EA8019F9B9DDE8D1F,55.779,9.119,2021-04-23,5.5187497,10.05,1.3,72.848076,0.0,36.333332
DK,Danemark,DK,Denmark,DK,Denmark,2021-04-26,2021,4,26,maize,Maize silage (feed),Primary production,Zearalenone,yes,33.70217008,,1.4,quantified_positive,Numerical Value,yes,yes,Objective sampling,Official (National and EU) programme,According to Reg 152/2009,DK_latest_15402714_contaminants.zip,OCC_CHEMMON2022_DK_2021.ZIP/OCC_CHEMMON2022_DK_2021.CSV,7BCF83462FC1964F97068B9A3B8545AB,55.779,9.119,2021-04-26,4.1875005,9.2,-2.7,62.530045,0.0,32.458332
DK,Danemark,DK,Denmark,DK,Denmark,2021-04-27,2021,4,27,barley,Barley grain (feed),Primary production,Zearalenone,no,3.022600811,,15.0,not_quantified_below_loq,Non Quantified Value ( less than LOQ),yes,yes,Objective sampling,Official (National and EU) programme,According to Reg 152/2009,DK_latest_15402714_contaminants.zip,OCC_CHEMMON2022_DK_2021.ZIP/OCC_CHEMMON2022_DK_2021.CSV,E917B955BEDC32335FAAC220F41A2226,55.779,9.119,2021-04-27,4.7562504,10.05,-2.1,60.516834,0.0,52.708332
DK,Danemark,DK,Denmark,DK,Denmark,2021-04-27,2021,4,27,wheat,Wheat grains (feed),Primary production,Zearalenone,no,8.028830802,,15.0,not_quantified_below_loq,Non Quantified Value ( less than LOQ),yes,yes,Objective sampling,Official (National and EU) programme,According to Reg 152/2009,DK_latest_15402714_contaminants.zip,OCC_CHEMMON2022_DK_2021.ZIP/OCC_CHEMMON2022_DK_2021.CSV,C28129F5BA815DA98F6AF0212A74C29E,55.779,9.119,2021-04-27,4.7562504,10.05,-2.1,60.516834,0.0,52.708332
DK,Danemark,DK,Denmark,DK,Denmark,2021-04-27,2021,4,27,barley,Barley grain (feed),Primary production,Zearalenone,no,,,15.0,not_quantified_below_loq,Non Quantified Value ( less than LOQ),yes,yes,Objective sampling,Official (National and EU) programme,According to Reg 152/2009,DK_latest_15402714_contaminants.zip,OCC_CHEMMON2022_DK_2021.ZIP/OCC_CHEMMON2022_DK_2021.CSV,510E5A84B9FA1D2684F30A159CA3F487,55.779,9.119,2021-04-27,4.7562504,10.05,-2.1,60.516834,0.0,52.708332
DK,Danemark,DK,Denmark,DK,Denmark,2021-04-28,2021,4,28,barley,Barley grain (feed),Primary production,Zearalenone,no,5.224722437,,15.0,not_quantified_below_loq,Non Quantified Value ( less than LOQ),yes,yes,Objective sampling,Official (National and EU) programme,According to Reg 152/2009,DK_latest_15402714_contaminants.zip,OCC_CHEMMON2022_DK_2021.ZIP/OCC_CHEMMON2022_DK_2021.CSV,01C04DDD46AE0E2ED695D3D439C769D8,55.779,9.119,2021-04-28,6.372917,10.6,0.85,65.05427,0.4,58.083332
DK,Danemark,DK,Denmark,DK,Denmark,2021-04-28,2021,4,28,wheat,Wheat grains (feed),Primary production,Zearalenone,no,6.254812533,,15.0,not_quantified_below_loq,Non Quantified Value ( less than LOQ),yes,yes,Objective sampling,Official (National and EU) programme,According to Reg 152/2009,DK_latest_15402714_contaminants.zip,OCC_CHEMMON2022_DK_2021.ZIP/OCC_CHEMMON2022_DK_2021.CSV,723F8C0C036BB93C8C994BC34C6C76BD,55.779,9.119,2021-04-28,6.372917,10.6,0.85,65.05427,0.4,58.083332
DK,Danemark,DK,Denmark,DK,Denmark,2021-04-28,2021,4,28,maize,Maize silage (feed),Primary production,Zearalenone,yes,26.29519539,,1.4,quantified_positive,Numerical Value,yes,yes,Objective sampling,Official (National and EU) programme,According to Reg 152/2009,DK_latest_15402714_contaminants.zip,OCC_CHEMMON2022_DK_2021.ZIP/OCC_CHEMMON2022_DK_2021.CSV,5F8EEE692D3C26FDD431F7C91B0544AD,55.779,9.119,2021-04-28,6.372917,10.6,0.85,65.05427,0.4,58.083332
DK,Danemark,DK,Denmark,DK,Denmark,2021-04-29,2021,4,29,barley,Barley grain (feed),Primary production,Zearalenone,no,,,15.0,not_quantified_below_loq,Non Quantified Value ( less than LOQ),yes,yes,Objective sampling,Official (National and EU) programme,According to Reg 152/2009,DK_latest_15402714_contaminants.zip,OCC_CHEMMON2022_DK_2021.ZIP/OCC_CHEMMON2022_DK_2021.CSV,0610971AE567B374995D52CE59A7EF4E,55.779,9.119,2021-04-29,6.8124995,9.25,3.85,69.48759,1.4000001,75.125
CZ,Tchequie,CZ,Czechia,CZ,Czechia,2021-04-29,2021,4,29,barley,Barley grain (feed),Storage,Zearalenone,no,20.0,,20.0,not_quantified_below_loq,Non Quantified Value ( less than LOQ),yes,yes,Objective sampling,Official (National) programme,,CZ_latest_15410924_contaminants.zip,OCC_CHEMMON2022_CZ_2021.ZIP/OCC_CHEMMON2022_CZ_2021.CSV,1DCE14DFDE29CAEA0D979A740ABAAC7A,49.765,15.05,2021-04-29,11.939584,17.3,6.6,69.70742,0.2,78.083336
CZ,Tchequie,CZ,Czechia,CZ,Czechia,2021-04-30,2021,4,30,barley,Barley grain (feed),Primary production,Zearalenone,no,20.0,,20.0,not_quantified_below_loq,Non Quantified Value ( less than LOQ),yes,yes,Objective sampling,Official (National) programme,,CZ_latest_15410924_contaminants.zip,OCC_CHEMMON2022_CZ_2021.ZIP/OCC_CHEMMON2022_CZ_2021.CSV,14EC66C3595EE76A9A079B189371589E,49.765,15.05,2021-04-30,7.45,16.4,11.316666,62.257534,0.9,85.875
DK,Danemark,DK,Denmark,DK,Denmark,2021-05-04,2021,5,4,maize,Maize silage (feed),Primary production,Zearalenone,yes,28.47054274,,1.4,quantified_positive,Numerical Value,yes,yes,Objective sampling,Official (National and EU) programme,According to Reg 152/2009,DK_latest_15402714_contaminants.zip,OCC_CHEMMON2022_DK_2021.ZIP/OCC_CHEMMON2022_DK_2021.CSV,C119F1D0C41706AF4765038C8B461630,55.779,9.119,2021-05-04,6.3979163,9.45,4.15,90.68362,15.4,94.958336
DK,Danemark,DK,Denmark,DK,Denmark,2021-05-04,2021,5,4,maize,Maize silage (feed),Primary production,Zearalenone,yes,16.12046884,,1.4,quantified_positive,Numerical Value,yes,yes,Objective sampling,Official (National and EU) programme,According to Reg 152/2009,DK_latest_15402714_contaminants.zip,OCC_CHEMMON2022_DK_2021.ZIP/OCC_CHEMMON2022_DK_2021.CSV,943FD82F06196022F16E2DBF316A2FFD,55.779,9.119,2021-05-04,6.3979163,9.45,4.15,90.68362,15.4,94.958336
DK,Danemark,DK,Denmark,DK,Denmark,2021-05-04,2021,5,4,barley,Barley grain (feed),Primary production,Zearalenone,no,,,15.0,not_quantified_below_loq,Non Quantified Value ( less than LOQ),yes,yes,Objective sampling,Official (National and EU) programme,According to Reg 152/2009,DK_latest_15402714_contaminants.zip,OCC_CHEMMON2022_DK_2021.ZIP/OCC_CHEMMON2022_DK_2021.CSV,72539F3159F0687E289724A3E892F745,55.779,9.119,2021-05-04,6.3979163,9.45,4.15,90.68362,15.4,94.958336
DK,Danemark,DK,Denmark,DK,Denmark,2021-05-04,2021,5,4,wheat,Wheat grains (feed),Primary production,Zearalenone,no,,,15.0,not_quantified_below_loq,Non Quantified Value ( less than LOQ),yes,yes,Objective sampling,Official (National and EU) programme,According to Reg 152/2009,DK_latest_15402714_contaminants.zip,OCC_CHEMMON2022_DK_2021.ZIP/OCC_CHEMMON2022_DK_2021.CSV,5908496A341A601413F01A1FFA4BB829,55.779,9.119,2021-05-04,6.3979163,9.45,4.15,90.68362,15.4,94.958336
DK,Danemark,DK,Denmark,DK,Denmark,2021-05-05,2021,5,5,maize,Maize silage (feed),Primary production,Zearalenone,yes,418.5216368,,1.4,quantified_positive,Numerical Value,yes,yes,Objective sampling,Official (National and EU) programme,According to Reg 152/2009,DK_latest_15402714_contaminants.zip,OCC_CHEMMON2022_DK_2021.ZIP/OCC_CHEMMON2022_DK_2021.CSV,D4601DB53B271EE707F829FBACFBDCC9,55.779,9.119,2021-05-05,5.8624997,10.1,3.7,86.52717,3.6999996,95.666664
DK,Danemark,DK,Denmark,DK,Denmark,2021-05-05,2021,5,5,maize,Maize silage (feed),Primary production,Zearalenone,yes,44.06541245,,1.4,quantified_positive,Numerical Value,yes,yes,Objective sampling,Official (National and EU) programme,According to Reg 152/2009,DK_latest_15402714_contaminants.zip,OCC_CHEMMON2022_DK_2021.ZIP/OCC_CHEMMON2022_DK_2021.CSV,75728D408EAD54E1DB380A9A379A7F5D,55.779,9.119,2021-05-05,5.8624997,10.1,3.7,86.52717,3.6999996,95.666664
CZ,Tchequie,CZ,Czechia,CZ,Czechia,2021-05-06,2021,5,6,wheat,Wheat grains (feed),Primary production,Zearalenone,yes,29.48,,20.0,quantified_positive,Numerical Value,yes,yes,Objective sampling,Official (National) programme,,CZ_latest_15410924_contaminants.zip,OCC_CHEMMON2022_CZ_2021.ZIP/OCC_CHEMMON2022_CZ_2021.CSV,40A958BD3530805AF656A691DCAF0138,49.765,15.05,2021-05-06,7.2354164,11.55,2.1,67.60643,4.6,70.833336
DK,Danemark,DK,Denmark,DK,Denmark,2021-05-06,2021,5,6,maize,Maize silage (feed),Primary production,Zearalenone,yes,19.2312695,,1.4,quantified_positive,Numerical Value,yes,yes,Objective sampling,Official (National and EU) programme,According to Reg 152/2009,DK_latest_15402714_contaminants.zip,OCC_CHEMMON2022_DK_2021.ZIP/OCC_CHEMMON2022_DK_2021.CSV,35E36E3718433F6C0DAD3859FB47A45A,55.779,9.119,2021-05-06,4.958333,7.95,2.6,85.3909,4.4999995,85.5
DK,Danemark,DK,Denmark,DK,Denmark,2021-05-06,2021,5,6,maize,Maize silage (feed),Primary production,Zearalenone,yes,20.14716861,,1.4,quantified_positive,Numerical Value,yes,yes,Objective sampling,Official (National and EU) programme,According to Reg 152/2009,DK_latest_15402714_contaminants.zip,OCC_CHEMMON2022_DK_2021.ZIP/OCC_CHEMMON2022_DK_2021.CSV,E862FF4A048E6A5C3937192FA4731118,55.779,9.119,2021-05-06,4.958333,7.95,2.6,85.3909,4.4999995,85.5
DK,Danemark,DK,Denmark,DK,Denmark,2021-05-11,2021,5,11,barley,Barley grain (feed),Primary production,Zearalenone,no,,,15.0,not_quantified_below_loq,Non Quantified Value ( less than LOQ),yes,yes,Objective sampling,Official (National and EU) programme,According to Reg 152/2009,DK_latest_15402714_contaminants.zip,OCC_CHEMMON2022_DK_2021.ZIP/OCC_CHEMMON2022_DK_2021.CSV,4D4BC6FB1CC4C8E6CF66A8AC23D95FA3,55.779,9.119,2021-05-11,11.047917,14.0,7.75,81.71551,1.5000001,99.833336
EE,Estonie,EE,Estonia,EE,Estonia,2021-05-11,2021,5,11,barley,Barley grain (feed),Farm,Zearalenone,no,,5.0,5.0,not_quantified_below_loq,Non Quantified Value ( less than LOQ),yes,yes,Objective sampling,Official (National and EU) programme,According to Reg 152/2009,EE_latest_15412636_contaminants.zip,OCC_CHEMMON2022_EE_2021.ZIP/OCC_CHEMMON2022_EE_2021.CSV,C0C5082A5033B056F2BF3DC87610B897,58.295,26.613,2021-05-11,11.047917,14.0,7.75,81.71551,1.5000001,99.833336
DK,Danemark,DK,Denmark,DK,Denmark,2021-05-11,2021,5,11,maize,Maize silage (feed),Primary production,Zearalenone,yes,12.6087783,,1.4,quantified_positive,Numerical Value,yes,yes,Objective sampling,Official (National and EU) programme,According to Reg 152/2009,DK_latest_15402714_contaminants.zip,OCC_CHEMMON2022_DK_2021.ZIP/OCC_CHEMMON2022_DK_2021.CSV,78294B1DF88A5E35EE54D2EB757586AF,55.779,9.119,2021-05-11,11.047917,14.0,7.75,81.71551,1.5000001,99.833336
DK,Danemark,DK,Denmark,DK,Denmark,2021-05-11,2021,5,11,barley,Barley grain (feed),Primary production,Zearalenone,no,,,15.0,not_quantified_below_loq,Non Quantified Value ( less than LOQ),yes,yes,Objective sampling,Official (National and EU) programme,According to Reg 152/2009,DK_latest_15402714_contaminants.zip,OCC_CHEMMON2022_DK_2021.ZIP/OCC_CHEMMON2022_DK_2021.CSV,4E6B9FD4834EFCBAE45D9E8C1CBDBEB2,55.779,9.119,2021-05-11,16.252083,22.35,10.65,52.28075,0.0,25.75
CZ,Tchequie,CZ,Czechia,CZ,Czechia,2021-05-12,2021,5,12,barley,Barley grain (feed),Storage,Zearalenone,no,20.0,,20.0,not_quantified_below_loq,Non Quantified Value ( less than LOQ),yes,yes,Objective sampling,Official (National) programme,,CZ_latest_15410924_contaminants.zip,OCC_CHEMMON2022_CZ_2021.ZIP/OCC_CHEMMON2022_CZ_2021.CSV,B4F7D391A60EF4DE0A223A7C1C799066,49.765,15.05,2021-05-12,14.045833,17.5,11.05,89.522865,5.1,89.083336
DK,Danemark,DK,Denmark,DK,Denmark,2021-05-12,2021,5,12,barley,Barley grain (feed),Primary production,Zearalenone,no,,,15.0,not_quantified_below_loq,Non Quantified Value ( less than LOQ),yes,yes,Objective sampling,Official (National and EU) programme,According to Reg 152/2009,DK_latest_15402714_contaminants.zip,OCC_CHEMMON2022_DK_2021.ZIP/OCC_CHEMMON2022_DK_2021.CSV,E59430FC0540AE5F07E8736257900118,55.779,9.119,2021-05-12,10.533332,13.65,8.45,88.45263,1.8000002,99.958336
CZ,Tchequie,CZ,Czechia,CZ,Czechia,2021-05-13,2021,5,13,wheat,Wheat grains (feed),Storage,Zearalenone,yes,76.51,,20.0,quantified_positive,Numerical Value,yes,yes,Objective sampling,Official (National) programme,,CZ_latest_15410924_contaminants.zip,OCC_CHEMMON2022_CZ_2021.ZIP/OCC_CHEMMON2022_CZ_2021.CSV,7077A19FD5F3447A6ACAFBC04BB8BF06,49.765,15.05,2021-05-13,8.3,11.3,10.108333,96.378235,26.1,100.0
CZ,Tchequie,CZ,Czechia,CZ,Czechia,2021-05-17,2021,5,17,maize,Maize grain (feed),Storage,Zearalenone,yes,123.8,,20.0,quantified_positive,Numerical Value,yes,yes,Objective sampling,Official (National) programme,,CZ_latest_15410924_contaminants.zip,OCC_CHEMMON2022_CZ_2021.ZIP/OCC_CHEMMON2022_CZ_2021.CSV,0EF0C518ED6F4B8AC373DFDAEBA0E3AF,49.765,15.05,2021-05-17,7.7,13.65,10.5125,76.79061,3.7000003,82.833336
CZ,Tchequie,CZ,Czechia,CZ,Czechia,2021-05-17,2021,5,17,maize,Maize grain (feed),Storage,Zearalenone,yes,231.8,,20.0,quantified_positive,Numerical Value,yes,yes,Objective sampling,Official (National) programme,,CZ_latest_15410924_contaminants.zip,OCC_CHEMMON2022_CZ_2021.ZIP/OCC_CHEMMON2022_CZ_2021.CSV,1E6CF15CCBADD5E9FC4835CA6449DE35,49.765,15.05,2021-05-17,7.7,13.65,10.5125,76.79061,3.7000003,82.833336
DK,Danemark,DK,Denmark,DK,Denmark,2021-05-18,2021,5,18,maize,Maize silage (feed),Primary production,Zearalenone,yes,37.9365996,,1.4,quantified_positive,Numerical Value,yes,yes,Objective sampling,Official (National and EU) programme,According to Reg 152/2009,DK_latest_15402714_contaminants.zip,OCC_CHEMMON2022_DK_2021.ZIP/OCC_CHEMMON2022_DK_2021.CSV,39444B7460DA9046C9A2885CC6255A38,55.779,9.119,2021-05-18,9.085417,12.35,4.5,86.16563,2.1,63.791668
DK,Danemark,DK,Denmark,DK,Denmark,2021-05-18,2021,5,18,maize,Maize silage (feed),Primary production,Zearalenone,yes,12.49515225,,1.4,quantified_positive,Numerical Value,yes,yes,Objective sampling,Official (National and EU) programme,According to Reg 152/2009,DK_latest_15402714_contaminants.zip,OCC_CHEMMON2022_DK_2021.ZIP/OCC_CHEMMON2022_DK_2021.CSV,54CFE46976365B26CC93AD2DA1363F13,55.779,9.119,2021-05-18,9.085417,12.35,4.5,86.16563,2.1,63.791668
DK,Danemark,DK,Denmark,DK,Denmark,2021-05-18,2021,5,18,maize,Maize silage (feed),Primary production,Zearalenone,yes,6.549693534,,1.4,quantified_positive,Numerical Value,yes,yes,Objective sampling,Official (National and EU) programme,According to Reg 152/2009,DK_latest_15402714_contaminants.zip,OCC_CHEMMON2022_DK_2021.ZIP/OCC_CHEMMON2022_DK_2021.CSV,5096F3DF4593EA5A846D031BDD8628E9,55.779,9.119,2021-05-18,9.085417,12.35,4.5,86.16563,2.1,63.791668
DK,Danemark,DK,Denmark,DK,Denmark,2021-05-18,2021,5,18,barley,Barley grain (feed),Primary production,Zearalenone,no,,,15.0,not_quantified_below_loq,Non Quantified Value ( less than LOQ),yes,yes,Objective sampling,Official (National and EU) programme,According to Reg 152/2009,DK_latest_15402714_contaminants.zip,OCC_CHEMMON2022_DK_2021.ZIP/OCC_CHEMMON2022_DK_2021.CSV,004B451D61FDFDB58B5D7CBEA6CB4A73,55.779,9.119,2021-05-18,10.533334,14.1,7.25,76.02874,3.6999998,46.291668
CZ,Tchequie,CZ,Czechia,CZ,Czechia,2021-05-18,2021,5,18,barley,Barley grain (feed),Primary production,Zearalenone,no,20.0,,20.0,not_quantified_below_loq,Non Quantified Value ( less than LOQ),yes,yes,Objective sampling,Official (National) programme,,CZ_latest_15410924_contaminants.zip,OCC_CHEMMON2022_CZ_2021.ZIP/OCC_CHEMMON2022_CZ_2021.CSV,7D20FA0D3286EBA1923C8308FE0F10BD,49.765,15.05,2021-05-18,9.085417,12.35,4.5,86.16563,2.1,63.791668
DK,Danemark,DK,Denmark,DK,Denmark,2021-05-20,2021,5,20,maize,Maize silage (feed),Primary production,Zearalenone,yes,23.19662296,,1.4,quantified_positive,Numerical Value,yes,yes,Objective sampling,Official (National and EU) programme,According to Reg 152/2009,DK_latest_15402714_contaminants.zip,OCC_CHEMMON2022_DK_2021.ZIP/OCC_CHEMMON2022_DK_2021.CSV,361C5735C5ED7C6D520EFE579158FA39,55.779,9.119,2021-05-20,8.870833,11.4,6.4,74.51458,0.1,77.166664
DK,Danemark,DK,Denmark,DK,Denmark,2021-05-20,2021,5,20,barley,Barley grain (feed),Primary production,Zearalenone,no,,,15.0,not_quantified_below_loq,Non Quantified Value ( less than LOQ),yes,yes,Objective sampling,Official (National and EU) programme,According to Reg 152/2009,DK_latest_15402714_contaminants.zip,OCC_CHEMMON2022_DK_2021.ZIP/OCC_CHEMMON2022_DK_2021.CSV,616B138F172598DE7420B12386A94AD0,55.779,9.119,2021-05-20,8.870833,11.4,6.4,74.51458,0.1,77.166664
DK,Danemark,DK,Denmark,DK,Denmark,2021-05-21,2021,5,21,maize,Maize silage (feed),Primary production,Zearalenone,yes,38.07379163,,1.4,quantified_positive,Numerical Value,yes,yes,Objective sampling,Official (National and EU) programme,According to Reg 152/2009,DK_latest_15402714_contaminants.zip,OCC_CHEMMON2022_DK_2021.ZIP/OCC_CHEMMON2022_DK_2021.CSV,1E1B7A7242829B42170061E3B5823D39,55.779,9.119,2021-05-21,9.472917,12.55,7.3,88.13559,10.2,93.125
DK,Danemark,DK,Denmark,DK,Denmark,2021-05-21,2021,5,21,barley,Barley grain (feed),Primary production,Zearalenone,no,,,15.0,not_quantified_below_loq,Non Quantified Value ( less than LOQ),yes,yes,Objective sampling,Official (National and EU) programme,According to Reg 152/2009,DK_latest_15402714_contaminants.zip,OCC_CHEMMON2022_DK_2021.ZIP/OCC_CHEMMON2022_DK_2021.CSV,027A486C7DB396D9606D430D7AA233C9,55.779,9.119,2021-05-21,9.472917,12.55,7.3,88.13559,10.2,93.125
DK,Danemark,DK,Denmark,DK,Denmark,2021-05-21,2021,5,21,maize,Maize silage (feed),Primary production,Zearalenone,yes,35.37940008,,1.4,quantified_positive,Numerical Value,yes,yes,Objective sampling,Official (National and EU) programme,According to Reg 152/2009,DK_latest_15402714_contaminants.zip,OCC_CHEMMON2022_DK_2021.ZIP/OCC_CHEMMON2022_DK_2021.CSV,B94F432FF10843221C45AF5FD771C38E,55.779,9.119,2021-05-21,9.472917,12.55,7.3,88.13559,10.2,93.125
DK,Danemark,DK,Denmark,DK,Denmark,2021-05-21,2021,5,21,maize,Maize silage (feed),Primary production,Zearalenone,yes,36.19261253,,1.4,quantified_positive,Numerical Value,yes,yes,Objective sampling,Official (National and EU) programme,According to Reg 152/2009,DK_latest_15402714_contaminants.zip,OCC_CHEMMON2022_DK_2021.ZIP/OCC_CHEMMON2022_DK_2021.CSV,8B6F4A1374A78127EBC48E2CACB580B1,55.779,9.119,2021-05-21,9.472917,12.55,7.3,88.13559,10.2,93.125
DK,Danemark,DK,Denmark,DK,Denmark,2021-05-21,2021,5,21,maize,Maize silage (feed),Primary production,Zearalenone,yes,23.62373927,,1.4,quantified_positive,Numerical Value,yes,yes,Objective sampling,Official (National and EU) programme,According to Reg 152/2009,DK_latest_15402714_contaminants.zip,OCC_CHEMMON2022_DK_2021.ZIP/OCC_CHEMMON2022_DK_2021.CSV,3AA490F2FB9B2694B0B28FC4678240BD,55.779,9.119,2021-05-21,9.472917,12.55,7.3,88.13559,10.2,93.125
DK,Danemark,DK,Denmark,DK,Denmark,2021-05-25,2021,5,25,maize,Maize silage (feed),Primary production,Zearalenone,yes,58.05040756,,1.4,quantified_positive,Numerical Value,yes,yes,Objective sampling,Official (National and EU) programme,According to Reg 152/2009,DK_latest_15402714_contaminants.zip,OCC_CHEMMON2022_DK_2021.ZIP/OCC_CHEMMON2022_DK_2021.CSV,803110A9010678C4D32DD45C9DB478EF,55.779,9.119,2021-05-25,10.3791685,13.8,8.3,90.782776,12.9,99.583336
DK,Danemark,DK,Denmark,DK,Denmark,2021-05-25,2021,5,25,maize,Maize silage (feed),Primary production,Zearalenone,yes,103.3762328,,1.4,quantified_positive,Numerical Value,yes,yes,Objective sampling,Official (National and EU) programme,According to Reg 152/2009,DK_latest_15402714_contaminants.zip,OCC_CHEMMON2022_DK_2021.ZIP/OCC_CHEMMON2022_DK_2021.CSV,87E6F47FE4208A46DDCEB4CD3E9A1B07,55.779,9.119,2021-05-25,10.3791685,13.8,8.3,90.782776,12.9,99.583336
DK,Danemark,DK,Denmark,DK,Denmark,2021-05-25,2021,5,25,maize,Maize silage (feed),Primary production,Zearalenone,no,,,1.4,not_quantified_below_loq,Non Quantified Value ( less than LOQ),yes,yes,Objective sampling,Official (National and EU) programme,According to Reg 152/2009,DK_latest_15402714_contaminants.zip,OCC_CHEMMON2022_DK_2021.ZIP/OCC_CHEMMON2022_DK_2021.CSV,E8F6364F2F2E52E8184474D8C591B56E,55.779,9.119,2021-05-25,10.3791685,13.8,8.3,90.782776,12.9,99.583336
DK,Danemark,DK,Denmark,DK,Denmark,2021-05-26,2021,5,26,wheat,Wheat grains (feed),Primary production,Zearalenone,no,,,15.0,not_quantified_below_loq,Non Quantified Value ( less than LOQ),yes,yes,Objective sampling,Official (National and EU) programme,According to Reg 152/2009,DK_latest_15402714_contaminants.zip,OCC_CHEMMON2022_DK_2021.ZIP/OCC_CHEMMON2022_DK_2021.CSV,49695F6356755FDEA22F399F9866435F,55.779,9.119,2021-05-26,9.079165,10.55,8.1,93.94415,16.5,99.875
DK,Danemark,DK,Denmark,DK,Denmark,2021-05-26,2021,5,26,maize,Maize silage (feed),Primary production,Zearalenone,yes,36.07792362,,1.4,quantified_positive,Numerical Value,yes,yes,Objective sampling,Official (National and EU) programme,According to Reg 152/2009,DK_latest_15402714_contaminants.zip,OCC_CHEMMON2022_DK_2021.ZIP/OCC_CHEMMON2022_DK_2021.CSV,EBFEB329802BEBB65A8F42F6325DFD1A,55.779,9.119,2021-05-26,9.079165,10.55,8.1,93.94415,16.5,99.875
DK,Danemark,DK,Denmark,DK,Denmark,2021-05-27,2021,5,27,wheat,Wheat grains (feed),Primary production,Zearalenone,no,,,15.0,not_quantified_below_loq,Non Quantified Value ( less than LOQ),yes,yes,Objective sampling,Official (National and EU) programme,According to Reg 152/2009,DK_latest_15402714_contaminants.zip,OCC_CHEMMON2022_DK_2021.ZIP/OCC_CHEMMON2022_DK_2021.CSV,7B12373AD783DFD256E822F9871BA02D,55.779,9.119,2021-05-27,10.55625,13.25,7.65,78.4831,0.8000001,74.375
DK,Danemark,DK,Denmark,DK,Denmark,2021-05-27,2021,5,27,barley,Barley grain (feed),Primary production,Zearalenone,no,,,15.0,not_quantified_below_loq,Non Quantified Value ( less than LOQ),yes,yes,Objective sampling,Official (National and EU) programme,According to Reg 152/2009,DK_latest_15402714_contaminants.zip,OCC_CHEMMON2022_DK_2021.ZIP/OCC_CHEMMON2022_DK_2021.CSV,B5F2CDC71D55603E822A24B7713964AB,55.779,9.119,2021-05-27,10.55625,13.25,7.65,78.4831,0.8000001,74.375
CZ,Tchequie,CZ,Czechia,CZ,Czechia,2021-05-27,2021,5,27,maize,Maize silage (feed),Primary production,Zearalenone,yes,171.4,,20.0,quantified_positive,Numerical Value,yes,yes,Objective sampling,Official (National) programme,,CZ_latest_15410924_contaminants.zip,OCC_CHEMMON2022_CZ_2021.ZIP/OCC_CHEMMON2022_CZ_2021.CSV,4E8A071682E71F97890FFF0AC91C82D5,49.765,15.05,2021-05-27,10.743751,14.35,7.6,69.547356,0.4,68.833336
DK,Danemark,DK,Denmark,DK,Denmark,2021-05-28,2021,5,28,maize,Maize silage (feed),Primary production,Zearalenone,yes,42.89340181,,1.4,quantified_positive,Numerical Value,yes,yes,Objective sampling,Official (National and EU) programme,According to Reg 152/2009,DK_latest_15402714_contaminants.zip,OCC_CHEMMON2022_DK_2021.ZIP/OCC_CHEMMON2022_DK_2021.CSV,9F04CAB452D2C164D2966A419C82918F,55.779,9.119,2021-05-28,5.5,14.65,9.960418,84.75349,0.70000005,60.5
CZ,Tchequie,CZ,Czechia,CZ,Czechia,2021-06-01,2021,6,1,maize,Maize silage (feed),Primary production,Zearalenone,yes,93.95,,20.0,quantified_positive,Numerical Value,yes,yes,Objective sampling,Official (National) programme,,CZ_latest_15410924_contaminants.zip,OCC_CHEMMON2022_CZ_2021.ZIP/OCC_CHEMMON2022_CZ_2021.CSV,3BCDC3EBEE37F22EF4D7FB449B0E9644,49.765,15.05,2021-06-01,13.112498,17.75,6.1,64.15483,0.0,62.083332
DK,Danemark,DK,Denmark,DK,Denmark,2021-06-01,2021,6,1,wheat,Wheat grains (feed),Primary production,Zearalenone,no,,,15.0,not_quantified_below_loq,Non Quantified Value ( less than LOQ),yes,yes,Objective sampling,Official (National and EU) programme,According to Reg 152/2009,DK_latest_15402714_contaminants.zip,OCC_CHEMMON2022_DK_2021.ZIP/OCC_CHEMMON2022_DK_2021.CSV,6620DA4754AE58811FF94C2FB4E731E7,55.779,9.119,2021-06-01,12.831249,18.2,5.8,79.14688,0.0,67.75
DK,Danemark,DK,Denmark,DK,Denmark,2021-06-01,2021,6,1,barley,Barley grain (feed),Primary production,Zearalenone,no,,,15.0,not_quantified_below_loq,Non Quantified Value ( less than LOQ),yes,yes,Objective sampling,Official (National and EU) programme,According to Reg 152/2009,DK_latest_15402714_contaminants.zip,OCC_CHEMMON2022_DK_2021.ZIP/OCC_CHEMMON2022_DK_2021.CSV,98A7BDD4779E807A0B601062AC2D6893,55.779,9.119,2021-06-01,12.831249,18.2,5.8,79.14688,0.0,67.75
SK,Slovaquie,SK,Slovakia,SK,Slovakia,2021-06-02,2021,6,2,barley,Barley grains,Primary production,Zearalenone,no,,,20.0,not_quantified_below_loq,Non Quantified Value ( less than LOQ),yes,yes,Other,Official (National) programme,According to 97/747/EC,SK_latest_15411469_contaminants.zip,OCC_CHEMMON2022_SK_2021.ZIP/OCC_CHEMMON2022_SK_2021.CSV,1F759791226103D76E2B170D6C707DCB,48.053,17.37,2021-06-02,16.489584,22.6,9.35,61.605312,0.0,23.625
LT,Lituanie,LT,Lithuania,LT,Lithuania,2021-06-02,2021,6,2,generic_cereal,Cereal grains and products derived thereof (feed),Farm,Zearalanone,no,,,7.8,not_quantified_below_loq,Non Quantified Value ( less than LOQ),yes,yes,Selective sampling,Official (National) programme,According to Dir. 2002/63/EC,LT_latest_15334031_contaminants.zip,OCC_CHEMMON2022_LT_2021.ZIP/OCC_CHEMMON2022_LT_2021.CSV,D5F46836DC92BED2F9E4356401A9292F,55.201,24.135,2021-06-02,15.868752,20.2,10.2,58.43736,0.0,67.041664
DK,Danemark,DK,Denmark,DK,Denmark,2021-06-04,2021,6,4,maize,Maize silage (feed),Primary production,Zearalenone,yes,26.72838657,,1.4,quantified_positive,Numerical Value,yes,yes,Objective sampling,Official (National and EU) programme,According to Reg 152/2009,DK_latest_15402714_contaminants.zip,OCC_CHEMMON2022_DK_2021.ZIP/OCC_CHEMMON2022_DK_2021.CSV,C34B90018337E2EB60A3F0D6F1D4FED8,55.779,9.119,2021-06-04,12.1,19.7,15.722916,80.40655,0.7,51.75
DK,Danemark,DK,Denmark,DK,Denmark,2021-06-07,2021,6,7,barley,Barley grain (feed),Primary production,Zearalenone,no,,,15.0,not_quantified_below_loq,Non Quantified Value ( less than LOQ),yes,yes,Objective sampling,Official (National and EU) programme,According to Reg 152/2009,DK_latest_15402714_contaminants.zip,OCC_CHEMMON2022_DK_2021.ZIP/OCC_CHEMMON2022_DK_2021.CSV,2C3817C671CE66C9B79502AAFF1066A4,55.779,9.119,2021-06-07,10.5,20.15,15.200001,81.90192,2.2999997,69.666664
CZ,Tchequie,CZ,Czechia,CZ,Czechia,2021-06-08,2021,6,8,maize,Maize silage (feed),Primary production,Zearalenone,yes,85.53,,20.0,quantified_positive,Numerical Value,yes,yes,Objective sampling,Official (National) programme,,CZ_latest_15410924_contaminants.zip,OCC_CHEMMON2022_CZ_2021.ZIP/OCC_CHEMMON2022_CZ_2021.CSV,827B256A78A054259A0FBE161093073C,49.765,15.05,2021-06-08,13.75,24.3,19.218748,62.833088,0.0,29.875
CZ,Tchequie,CZ,Czechia,CZ,Czechia,2021-06-08,2021,6,8,wheat,Wheat grains (feed),Primary production,Zearalenone,no,20.0,,20.0,not_quantified_below_loq,Non Quantified Value ( less than LOQ),yes,yes,Objective sampling,Official (National) programme,,CZ_latest_15410924_contaminants.zip,OCC_CHEMMON2022_CZ_2021.ZIP/OCC_CHEMMON2022_CZ_2021.CSV,0EA4020930E2E5D6D055CDFBB67AFF79,49.765,15.05,2021-06-08,13.75,24.3,19.218748,62.833088,0.0,29.875
DK,Danemark,DK,Denmark,DK,Denmark,2021-06-09,2021,6,9,barley,Barley grain (feed),Primary production,Zearalenone,no,,,15.0,not_quantified_below_loq,Non Quantified Value ( less than LOQ),yes,yes,Objective sampling,Official (National and EU) programme,According to Reg 152/2009,DK_latest_15402714_contaminants.zip,OCC_CHEMMON2022_DK_2021.ZIP/OCC_CHEMMON2022_DK_2021.CSV,0A0545039F2566B3D7C8233E48D62C60,55.779,9.119,2021-06-09,9.45,19.7,14.983335,78.33033,0.0,25.333334
DK,Danemark,DK,Denmark,DK,Denmark,2021-06-09,2021,6,9,maize,Maize silage (feed),Primary production,Zearalenone,yes,159.10734,,1.4,quantified_positive,Numerical Value,yes,yes,Objective sampling,Official (National and EU) programme,According to Reg 152/2009,DK_latest_15402714_contaminants.zip,OCC_CHEMMON2022_DK_2021.ZIP/OCC_CHEMMON2022_DK_2021.CSV,8BEB92C5E63971E0BCED51F249B95347,55.779,9.119,2021-06-09,9.45,19.7,14.983335,78.33033,0.0,25.333334
DK,Danemark,DK,Denmark,DK,Denmark,2021-06-09,2021,6,9,maize,Maize silage (feed),Primary production,Zearalenone,yes,23.33173039,,1.4,quantified_positive,Numerical Value,yes,yes,Objective sampling,Official (National and EU) programme,According to Reg 152/2009,DK_latest_15402714_contaminants.zip,OCC_CHEMMON2022_DK_2021.ZIP/OCC_CHEMMON2022_DK_2021.CSV,CD934AE00A13EB4736624DF91E6C3629,55.779,9.119,2021-06-09,9.45,19.7,14.983335,78.33033,0.0,25.333334
DK,Danemark,DK,Denmark,DK,Denmark,2021-06-10,2021,6,10,barley,Barley grain (feed),Primary production,Zearalenone,no,,,15.0,not_quantified_below_loq,Non Quantified Value ( less than LOQ),yes,yes,Objective sampling,Official (National and EU) programme,According to Reg 152/2009,DK_latest_15402714_contaminants.zip,OCC_CHEMMON2022_DK_2021.ZIP/OCC_CHEMMON2022_DK_2021.CSV,D4554B27AC585FC27CE5E285EEDD746C,55.779,9.119,2021-06-10,16.6625,22.25,10.65,76.16522,0.0,80.75
CZ,Tchequie,CZ,Czechia,CZ,Czechia,2021-06-10,2021,6,10,barley,Barley grain (feed),Storage,Zearalenone,yes,112.6,,20.0,quantified_positive,Numerical Value,yes,yes,Objective sampling,Official (National) programme,,CZ_latest_15410924_contaminants.zip,OCC_CHEMMON2022_CZ_2021.ZIP/OCC_CHEMMON2022_CZ_2021.CSV,117DB931C57D5DCA152015D5E78951A2,49.765,15.05,2021-06-10,17.11875,21.85,11.5,76.76241,1.9000001,48.166668
DK,Danemark,DK,Denmark,DK,Denmark,2021-06-10,2021,6,10,wheat,Wheat grains (feed),Primary production,Zearalenone,no,,,15.0,not_quantified_below_loq,Non Quantified Value ( less than LOQ),yes,yes,Objective sampling,Official (National and EU) programme,According to Reg 152/2009,DK_latest_15402714_contaminants.zip,OCC_CHEMMON2022_DK_2021.ZIP/OCC_CHEMMON2022_DK_2021.CSV,0C6D47F77FFD6E6021A0B1C9C84E4860,55.779,9.119,2021-06-10,16.6625,22.25,10.65,76.16522,0.0,80.75
DK,Danemark,DK,Denmark,DK,Denmark,2021-06-15,2021,6,15,barley,Barley grain (feed),Primary production,Zearalenone,no,,,15.0,not_quantified_below_loq,Non Quantified Value ( less than LOQ),yes,yes,Objective sampling,Official (National and EU) programme,According to Reg 152/2009,DK_latest_15402714_contaminants.zip,OCC_CHEMMON2022_DK_2021.ZIP/OCC_CHEMMON2022_DK_2021.CSV,79F7ADF2F0FBC9FD8BBD5B731A2AE524,55.779,9.119,2021-06-15,8.6,16.65,13.214583,72.915,0.0,62.958332
DK,Danemark,DK,Denmark,DK,Denmark,2021-06-15,2021,6,15,maize,Maize silage (feed),Primary production,Zearalenone,yes,44.55036912,,1.4,quantified_positive,Numerical Value,yes,yes,Objective sampling,Official (National and EU) programme,According to Reg 152/2009,DK_latest_15402714_contaminants.zip,OCC_CHEMMON2022_DK_2021.ZIP/OCC_CHEMMON2022_DK_2021.CSV,33B0B5D509504ECCD912E29A59716782,55.779,9.119,2021-06-15,8.6,16.65,13.214583,72.915,0.0,62.958332
CZ,Tchequie,CZ,Czechia,CZ,Czechia,2021-06-24,2021,6,24,maize,Maize grain (feed),Storage,Zearalenone,yes,22.55,,20.0,quantified_positive,Numerical Value,yes,yes,Objective sampling,Official (National) programme,,CZ_latest_15410924_contaminants.zip,OCC_CHEMMON2022_CZ_2021.ZIP/OCC_CHEMMON2022_CZ_2021.CSV,F37C546F44645004425B219388E724E2,49.765,15.05,2021-06-24,15.7,23.65,19.152084,81.64027,10.800001,79.958336
SK,Slovaquie,SK,Slovakia,SK,Slovakia,2021-06-29,2021,6,29,generic_cereal,Cereal grains screenings (feed),Primary production,Zearalenone,no,,,1.0,not_quantified_below_loq,Non Quantified Value ( less than LOQ),yes,yes,Other,Official (National) programme,According to 97/747/EC,SK_latest_15411469_contaminants.zip,OCC_CHEMMON2022_SK_2021.ZIP/OCC_CHEMMON2022_SK_2021.CSV,B47E586011BDA48CEC409294EDA40735,48.053,17.37,2021-06-29,20.9,32.05,27.508331,53.134647,0.0,35.5
LT,Lituanie,LT,Lithuania,LT,Lithuania,2021-07-02,2021,7,2,generic_cereal,Cereal grains and products derived thereof (feed),Farm,Zearalanone,yes,14.0,,7.8,quantified_positive,Numerical Value,yes,yes,Selective sampling,Official (National) programme,According to Dir. 2002/63/EC,LT_latest_15334031_contaminants.zip,OCC_CHEMMON2022_LT_2021.ZIP/OCC_CHEMMON2022_LT_2021.CSV,D016A230AB39BCEB6867AC9C77AEA372,55.201,24.135,2021-07-02,18.75,26.7,22.53125,66.5224,0.0,72.791664
CZ,Tchequie,CZ,Czechia,CZ,Czechia,2021-07-29,2021,7,29,barley,Barley grain (feed),Primary production,Zearalenone,no,20.0,,20.0,not_quantified_below_loq,Non Quantified Value ( less than LOQ),yes,yes,Objective sampling,Official (National) programme,,CZ_latest_15410924_contaminants.zip,OCC_CHEMMON2022_CZ_2021.ZIP/OCC_CHEMMON2022_CZ_2021.CSV,E46757DD3278F9E1F66AF3060ED37164,49.765,15.05,2021-07-29,14.25,23.75,19.227083,66.97146,0.0,26.916666
LT,Lituanie,LT,Lithuania,LT,Lithuania,2021-08-06,2021,8,6,generic_cereal,Cereal grains and products derived thereof (feed),Farm,Zearalanone,no,,,7.8,not_quantified_below_loq,Non Quantified Value ( less than LOQ),yes,yes,Selective sampling,Official (National) programme,According to Dir. 2002/63/EC,LT_latest_15334031_contaminants.zip,OCC_CHEMMON2022_LT_2021.ZIP/OCC_CHEMMON2022_LT_2021.CSV,3CB312833AA1320C0CE44A79247B5810,55.201,24.135,2021-08-06,12.55,16.4,14.837499,85.96963,10.9,97.125
DK,Danemark,DK,Denmark,DK,Denmark,2021-08-13,2021,8,13,wheat,Wheat grains (feed),Primary production,Zearalenone,no,,,15.0,not_quantified_below_loq,Non Quantified Value ( less than LOQ),yes,yes,Objective sampling,Official (National and EU) programme,According to Reg 152/2009,DK_latest_15402714_contaminants.zip,OCC_CHEMMON2022_DK_2021.ZIP/OCC_CHEMMON2022_DK_2021.CSV,282E764AB50D9FC5E3293523C5EDE36A,55.779,9.119,2021-08-13,14.25,21.15,17.05625,83.28141,1.2,66.541664
DK,Danemark,DK,Denmark,DK,Denmark,2021-08-17,2021,8,17,barley,Barley grain (feed),Primary production,Zearalenone,no,,,15.0,not_quantified_below_loq,Non Quantified Value ( less than LOQ),yes,yes,Objective sampling,Official (National and EU) programme,According to Reg 152/2009,DK_latest_15402714_contaminants.zip,OCC_CHEMMON2022_DK_2021.ZIP/OCC_CHEMMON2022_DK_2021.CSV,DAC9D83BAE1DF5A9938ACBCD424E80CC,55.779,9.119,2021-08-17,15.150001,18.9,11.35,82.718666,1.7000002,41.25
DK,Danemark,DK,Denmark,DK,Denmark,2021-08-17,2021,8,17,wheat,Wheat grains (feed),Primary production,Zearalenone,no,,,15.0,not_quantified_below_loq,Non Quantified Value ( less than LOQ),yes,yes,Objective sampling,Official (National and EU) programme,According to Reg 152/2009,DK_latest_15402714_contaminants.zip,OCC_CHEMMON2022_DK_2021.ZIP/OCC_CHEMMON2022_DK_2021.CSV,4073185AA33F33EB4D149003ED8F17DC,55.779,9.119,2021-08-17,15.150001,18.9,11.35,82.718666,1.7000002,41.25
EE,Estonie,EE,Estonia,EE,Estonia,2021-08-17,2021,8,17,wheat,Wheat grains (feed),Farm,Zearalenone,yes,15.0,5.0,5.0,quantified_positive,Numerical Value,yes,yes,Objective sampling,Official (National and EU) programme,According to Reg 152/2009,EE_latest_15412636_contaminants.zip,OCC_CHEMMON2022_EE_2021.ZIP/OCC_CHEMMON2022_EE_2021.CSV,A534429E6071A8ECD8917B5025A8CB61,58.295,26.613,2021-08-17,17.706251,22.2,13.3,88.025,15.4,85.333336
CZ,Tchequie,CZ,Czechia,CZ,Czechia,2021-08-17,2021,8,17,wheat,Wheat grains (feed),Primary production,Zearalenone,no,20.0,,20.0,not_quantified_below_loq,Non Quantified Value ( less than LOQ),yes,yes,Objective sampling,Official (National) programme,,CZ_latest_15410924_contaminants.zip,OCC_CHEMMON2022_CZ_2021.ZIP/OCC_CHEMMON2022_CZ_2021.CSV,3565B2013537209D0A498CDF422BB305,49.765,15.05,2021-08-17,13.529166,15.7,11.35,71.248024,2.6999996,88.708336
DK,Danemark,DK,Denmark,DK,Denmark,2021-08-19,2021,8,19,maize,Maize silage (feed),Primary production,Zearalenone,yes,46.41686212,,1.4,quantified_positive,Numerical Value,yes,yes,Objective sampling,Official (National and EU) programme,According to Reg 152/2009,DK_latest_15402714_contaminants.zip,OCC_CHEMMON2022_DK_2021.ZIP/OCC_CHEMMON2022_DK_2021.CSV,08F22520E6686B530BC4B98DE78671E8,55.779,9.119,2021-08-19,11.5,16.85,14.289584,77.502045,0.5,53.5
SK,Slovaquie,SK,Slovakia,SK,Slovakia,2021-08-23,2021,8,23,wheat,Common wheat grain,Farm,Zearalenone,no,,3.0,10.0,not_quantified_below_loq,Non Quantified Value ( less than LOQ),yes,yes,Objective sampling,Official (National) programme,According to 97/747/EC,SK_latest_15411469_contaminants.zip,OCC_CHEMMON2022_SK_2021.ZIP/OCC_CHEMMON2022_SK_2021.CSV,125D9FDDA84C15F3D1A327AC9B3CA304,48.053,17.37,2021-08-23,15.579166,18.85,12.85,82.23919,2.0000002,66.375
CZ,Tchequie,CZ,Czechia,CZ,Czechia,2021-08-23,2021,8,23,wheat,Wheat grains (feed),Storage,Zearalenone,no,20.0,,20.0,not_quantified_below_loq,Non Quantified Value ( less than LOQ),yes,yes,Objective sampling,Official (National) programme,,CZ_latest_15410924_contaminants.zip,OCC_CHEMMON2022_CZ_2021.ZIP/OCC_CHEMMON2022_CZ_2021.CSV,A648A68945149601ED7C96590DB9B32E,49.765,15.05,2021-08-23,19.495834,22.15,17.05,75.3656,17.4,74.583336
DK,Danemark,DK,Denmark,DK,Denmark,2021-08-25,2021,8,25,barley,Barley grain (feed),Primary production,Zearalenone,no,,,15.0,not_quantified_below_loq,Non Quantified Value ( less than LOQ),yes,yes,Objective sampling,Official (National and EU) programme,According to Reg 152/2009,DK_latest_15402714_contaminants.zip,OCC_CHEMMON2022_DK_2021.ZIP/OCC_CHEMMON2022_DK_2021.CSV,CAFBF3B9D0FAA1D29D5049075E906407,55.779,9.119,2021-08-25,12.7,17.05,15.114582,85.739746,2.7,74.125
DK,Danemark,DK,Denmark,DK,Denmark,2021-08-31,2021,8,31,barley,Barley grain (feed),Primary production,Zearalenone,no,,,15.0,not_quantified_below_loq,Non Quantified Value ( less than LOQ),yes,yes,Objective sampling,Official (National and EU) programme,According to Reg 152/2009,DK_latest_15402714_contaminants.zip,OCC_CHEMMON2022_DK_2021.ZIP/OCC_CHEMMON2022_DK_2021.CSV,095EA2D689A60E757655748083CE2B98,55.779,9.119,2021-08-31,9.6,20.8,15.358334,80.23045,0.0,9.375
DK,Danemark,DK,Denmark,DK,Denmark,2021-08-31,2021,8,31,wheat,Wheat grains (feed),Primary production,Zearalenone,no,,,15.0,not_quantified_below_loq,Non Quantified Value ( less than LOQ),yes,yes,Objective sampling,Official (National and EU) programme,According to Reg 152/2009,DK_latest_15402714_contaminants.zip,OCC_CHEMMON2022_DK_2021.ZIP/OCC_CHEMMON2022_DK_2021.CSV,29CD74843EEB3EEFA057C38CFF7290FD,55.779,9.119,2021-08-31,9.6,20.8,15.358334,80.23045,0.0,9.375
DK,Danemark,DK,Denmark,DK,Denmark,2021-09-03,2021,9,3,maize,Maize silage (feed),Primary production,Zearalenone,yes,27.38068709,,1.4,quantified_positive,Numerical Value,yes,yes,Objective sampling,Official (National and EU) programme,According to Reg 152/2009,DK_latest_15402714_contaminants.zip,OCC_CHEMMON2022_DK_2021.ZIP/OCC_CHEMMON2022_DK_2021.CSV,EA4129A01D8128849E711701E7E46421,55.779,9.119,2021-09-03,10.9,18.7,14.314583,82.69891,0.0,11.625
DK,Danemark,DK,Denmark,DK,Denmark,2021-09-03,2021,9,3,maize,Maize silage (feed),Primary production,Zearalenone,yes,36.9600548,,1.4,quantified_positive,Numerical Value,yes,yes,Objective sampling,Official (National and EU) programme,According to Reg 152/2009,DK_latest_15402714_contaminants.zip,OCC_CHEMMON2022_DK_2021.ZIP/OCC_CHEMMON2022_DK_2021.CSV,276FC83E22CDA7D4BC0AC5C5E02F3CF9,55.779,9.119,2021-09-03,10.9,18.7,14.314583,82.69891,0.0,11.625
DK,Danemark,DK,Denmark,DK,Denmark,2021-09-03,2021,9,3,wheat,Wheat grains (feed),Primary production,Zearalenone,no,,,15.0,not_quantified_below_loq,Non Quantified Value ( less than LOQ),yes,yes,Objective sampling,Official (National and EU) programme,According to Reg 152/2009,DK_latest_15402714_contaminants.zip,OCC_CHEMMON2022_DK_2021.ZIP/OCC_CHEMMON2022_DK_2021.CSV,130D4ED3AEFCD8480E8A0B18A220594C,55.779,9.119,2021-09-03,10.9,18.7,14.314583,82.69891,0.0,11.625
DK,Danemark,DK,Denmark,DK,Denmark,2021-09-06,2021,9,6,maize,Maize silage (feed),Primary production,Zearalenone,yes,28.42776378,,1.4,quantified_positive,Numerical Value,yes,yes,Objective sampling,Official (National and EU) programme,According to Reg 152/2009,DK_latest_15402714_contaminants.zip,OCC_CHEMMON2022_DK_2021.ZIP/OCC_CHEMMON2022_DK_2021.CSV,4C0402F9E4C7F08146EE85BAAC18ABDC,55.779,9.119,2021-09-06,13.818748,17.35,10.3,85.8529,0.5,93.125
DK,Danemark,DK,Denmark,DK,Denmark,2021-09-07,2021,9,7,wheat,Wheat grains (feed),Primary production,Zearalenone,no,,,15.0,not_quantified_below_loq,Non Quantified Value ( less than LOQ),yes,yes,Objective sampling,Official (National and EU) programme,According to Reg 152/2009,DK_latest_15402714_contaminants.zip,OCC_CHEMMON2022_DK_2021.ZIP/OCC_CHEMMON2022_DK_2021.CSV,46A9762F40694CC2FAA01E6E31B433B3,55.779,9.119,2021-09-07,14.745834,18.85,10.1,88.03878,0.0,76.166664
DK,Danemark,DK,Denmark,DK,Denmark,2021-09-07,2021,9,7,barley,Barley grain (feed),Primary production,Zearalenone,no,,,15.0,not_quantified_below_loq,Non Quantified Value ( less than LOQ),yes,yes,Objective sampling,Official (National and EU) programme,According to Reg 152/2009,DK_latest_15402714_contaminants.zip,OCC_CHEMMON2022_DK_2021.ZIP/OCC_CHEMMON2022_DK_2021.CSV,1A1498A82005E33FEB88900C22B4DD53,55.779,9.119,2021-09-07,14.745834,18.85,10.1,88.03878,0.0,76.166664
DK,Danemark,DK,Denmark,DK,Denmark,2021-09-09,2021,9,9,barley,Barley grain (feed),Primary production,Zearalenone,no,,,15.0,not_quantified_below_loq,Non Quantified Value ( less than LOQ),yes,yes,Objective sampling,Official (National and EU) programme,According to Reg 152/2009,DK_latest_15402714_contaminants.zip,OCC_CHEMMON2022_DK_2021.ZIP/OCC_CHEMMON2022_DK_2021.CSV,A978BAA1314B58263F7C657155F23299,55.779,9.119,2021-09-09,13.85,23.25,17.885416,78.27653,0.0,8.458333
DK,Danemark,DK,Denmark,DK,Denmark,2021-09-09,2021,9,9,wheat,Wheat grains (feed),Primary production,Zearalenone,no,,,15.0,not_quantified_below_loq,Non Quantified Value ( less than LOQ),yes,yes,Objective sampling,Official (National and EU) programme,According to Reg 152/2009,DK_latest_15402714_contaminants.zip,OCC_CHEMMON2022_DK_2021.ZIP/OCC_CHEMMON2022_DK_2021.CSV,345F82F47132D904E6BE348BA6640A23,55.779,9.119,2021-09-09,13.85,23.25,17.885416,78.27653,0.0,8.458333
DK,Danemark,DK,Denmark,DK,Denmark,2021-09-14,2021,9,14,barley,Barley grain (feed),Primary production,Zearalenone,no,,,15.0,not_quantified_below_loq,Non Quantified Value ( less than LOQ),yes,yes,Objective sampling,Official (National and EU) programme,According to Reg 152/2009,DK_latest_15402714_contaminants.zip,OCC_CHEMMON2022_DK_2021.ZIP/OCC_CHEMMON2022_DK_2021.CSV,17AAB83C57EC94A29A2D84BD23EB45BC,55.779,9.119,2021-09-14,15.162499,18.4,11.95,85.40622,0.70000005,86.25
DK,Danemark,DK,Denmark,DK,Denmark,2021-09-14,2021,9,14,barley,Barley grain (feed),Primary production,Zearalenone,no,,,15.0,not_quantified_below_loq,Non Quantified Value ( less than LOQ),yes,yes,Objective sampling,Official (National and EU) programme,According to Reg 152/2009,DK_latest_15402714_contaminants.zip,OCC_CHEMMON2022_DK_2021.ZIP/OCC_CHEMMON2022_DK_2021.CSV,07BEDB4537757C0C36A052A34B7CDCFD,55.779,9.119,2021-09-14,15.162499,18.4,11.95,85.40622,0.70000005,86.25
DK,Danemark,DK,Denmark,DK,Denmark,2021-09-14,2021,9,14,wheat,Wheat grains (feed),Primary production,Zearalenone,no,8.166333363,,15.0,not_quantified_below_loq,Non Quantified Value ( less than LOQ),yes,yes,Objective sampling,Official (National and EU) programme,According to Reg 152/2009,DK_latest_15402714_contaminants.zip,OCC_CHEMMON2022_DK_2021.ZIP/OCC_CHEMMON2022_DK_2021.CSV,49730EE8BA22CBBF5BADCC3F6DE877C4,55.779,9.119,2021-09-14,15.162499,18.4,11.95,85.40622,0.70000005,86.25
DK,Danemark,DK,Denmark,DK,Denmark,2021-09-15,2021,9,15,barley,Barley grain (feed),Primary production,Zearalenone,no,,,15.0,not_quantified_below_loq,Non Quantified Value ( less than LOQ),yes,yes,Objective sampling,Official (National and EU) programme,According to Reg 152/2009,DK_latest_15402714_contaminants.zip,OCC_CHEMMON2022_DK_2021.ZIP/OCC_CHEMMON2022_DK_2021.CSV,3C3961D354412F4132FD97C0DB099B71,55.779,9.119,2021-09-15,14.710418,15.9,12.45,93.243256,14.6,99.25
DK,Danemark,DK,Denmark,DK,Denmark,2021-09-15,2021,9,15,maize,Maize silage (feed),Primary production,Zearalenone,no,,,1.4,not_quantified_below_loq,Non Quantified Value ( less than LOQ),yes,yes,Objective sampling,Official (National and EU) programme,According to Reg 152/2009,DK_latest_15402714_contaminants.zip,OCC_CHEMMON2022_DK_2021.ZIP/OCC_CHEMMON2022_DK_2021.CSV,9CAF557595D92F0BD660DEB14E114CB9,55.779,9.119,2021-09-15,14.710418,15.9,12.45,93.243256,14.6,99.25
DK,Danemark,DK,Denmark,DK,Denmark,2021-09-15,2021,9,15,wheat,Wheat grains (feed),Primary production,Zearalenone,no,,,15.0,not_quantified_below_loq,Non Quantified Value ( less than LOQ),yes,yes,Objective sampling,Official (National and EU) programme,According to Reg 152/2009,DK_latest_15402714_contaminants.zip,OCC_CHEMMON2022_DK_2021.ZIP/OCC_CHEMMON2022_DK_2021.CSV,C7EA7451E26D2F7F7983A8B0D41AD095,55.779,9.119,2021-09-15,14.710418,15.9,12.45,93.243256,14.6,99.25
DK,Danemark,DK,Denmark,DK,Denmark,2021-09-15,2021,9,15,barley,Barley grain (feed),Primary production,Zearalenone,no,,,15.0,not_quantified_below_loq,Non Quantified Value ( less than LOQ),yes,yes,Objective sampling,Official (National and EU) programme,According to Reg 152/2009,DK_latest_15402714_contaminants.zip,OCC_CHEMMON2022_DK_2021.ZIP/OCC_CHEMMON2022_DK_2021.CSV,709F63E6C86D646F7538868508FC512E,55.779,9.119,2021-09-15,14.710418,15.9,12.45,93.243256,14.6,99.25
CZ,Tchequie,CZ,Czechia,CZ,Czechia,2021-09-16,2021,9,16,barley,Barley grain (feed),Primary production,Zearalenone,no,20.0,,20.0,not_quantified_below_loq,Non Quantified Value ( less than LOQ),yes,yes,Objective sampling,Official (National) programme,,CZ_latest_15410924_contaminants.zip,OCC_CHEMMON2022_CZ_2021.ZIP/OCC_CHEMMON2022_CZ_2021.CSV,6B8EC4E36831FD41AE76793D631ACD07,49.765,15.05,2021-09-16,14.3,20.55,17.185415,88.93921,10.700001,98.041664
CZ,Tchequie,CZ,Czechia,CZ,Czechia,2021-09-17,2021,9,17,maize,Maize grain (feed),Storage,Zearalenone,no,20.0,,20.0,not_quantified_below_loq,Non Quantified Value ( less than LOQ),yes,yes,Objective sampling,Official (National) programme,,CZ_latest_15410924_contaminants.zip,OCC_CHEMMON2022_CZ_2021.ZIP/OCC_CHEMMON2022_CZ_2021.CSV,BA452A56EE49C99ACB5FAED2465BA3A0,49.765,15.05,2021-09-17,13.825,16.95,11.2,80.14309,0.90000004,69.583336
DK,Danemark,DK,Denmark,DK,Denmark,2021-09-17,2021,9,17,barley,Barley grain (feed),Primary production,Zearalenone,no,,,15.0,not_quantified_below_loq,Non Quantified Value ( less than LOQ),yes,yes,Objective sampling,Official (National and EU) programme,According to Reg 152/2009,DK_latest_15402714_contaminants.zip,OCC_CHEMMON2022_DK_2021.ZIP/OCC_CHEMMON2022_DK_2021.CSV,A0B64B1FEE49DAA306F284A266B96882,55.779,9.119,2021-09-17,12.122916,13.75,9.35,84.96612,0.0,76.416664
DK,Danemark,DK,Denmark,DK,Denmark,2021-09-23,2021,9,23,maize,Maize silage (feed),Primary production,Zearalenone,yes,12.29251033,,1.4,quantified_positive,Numerical Value,yes,yes,Objective sampling,Official (National and EU) programme,According to Reg 152/2009,DK_latest_15402714_contaminants.zip,OCC_CHEMMON2022_DK_2021.ZIP/OCC_CHEMMON2022_DK_2021.CSV,36EC678040267D7A3149E9673C658C57,55.779,9.119,2021-09-23,11.7,15.15,13.916667,81.58863,3.7999997,81.541664
CZ,Tchequie,CZ,Czechia,CZ,Czechia,2021-09-24,2021,9,24,wheat,Wheat grains (feed),Primary production,Zearalenone,no,20.0,,20.0,not_quantified_below_loq,Non Quantified Value ( less than LOQ),yes,yes,Objective sampling,Official (National) programme,,CZ_latest_15410924_contaminants.zip,OCC_CHEMMON2022_CZ_2021.ZIP/OCC_CHEMMON2022_CZ_2021.CSV,A6F11DB42F8563EE474A65D83EDA520F,49.765,15.05,2021-09-24,13.05,16.55,14.741669,75.97,1.5000001,87.791664
LT,Lituanie,LT,Lithuania,LT,Lithuania,2021-09-27,2021,9,27,generic_cereal,Cereal grains and products derived thereof (feed),Farm,Zearalanone,no,,,7.8,not_quantified_below_loq,Non Quantified Value ( less than LOQ),yes,yes,Selective sampling,Official (National) programme,According to Dir. 2002/63/EC,LT_latest_15334031_contaminants.zip,OCC_CHEMMON2022_LT_2021.ZIP/OCC_CHEMMON2022_LT_2021.CSV,775DA739C1DF8E79AA20F8EB21B5360A,55.201,24.135,2021-09-27,4.9,13.15,9.504166,76.9089,0.0,43.541668
CZ,Tchequie,CZ,Czechia,CZ,Czechia,2021-09-29,2021,9,29,wheat,Wheat grains (feed),Primary production,Zearalenone,yes,23.91,,20.0,quantified_positive,Numerical Value,yes,yes,Objective sampling,Official (National) programme,,CZ_latest_15410924_contaminants.zip,OCC_CHEMMON2022_CZ_2021.ZIP/OCC_CHEMMON2022_CZ_2021.CSV,EEFDF11FB71C1C8C405C645E727EFD01,49.765,15.05,2021-09-29,10.65,16.75,13.34375,81.44165,2.1999998,73.791664
SK,Slovaquie,SK,Slovakia,SK,Slovakia,2021-09-30,2021,9,30,wheat,Common wheat grain,Primary production,Zearalenone,no,,,1.0,not_quantified_below_loq,Non Quantified Value ( less than LOQ),yes,yes,Objective sampling,Official (National) programme,According to 97/747/EC,SK_latest_15411469_contaminants.zip,OCC_CHEMMON2022_SK_2021.ZIP/OCC_CHEMMON2022_SK_2021.CSV,45F72CB8EBAEFC616BFD7EB3A42F1ECF,48.053,17.37,2021-09-30,7.35,16.65,12.974999,74.14779,0.2,58.708332
SK,Slovaquie,SK,Slovakia,SK,Slovakia,2021-10-06,2021,10,6,wheat,Common wheat grain,Primary production,Zearalenone,no,,,1.0,not_quantified_below_loq,Non Quantified Value ( less than LOQ),yes,yes,Objective sampling,Official (National) programme,According to 97/747/EC,SK_latest_15411469_contaminants.zip,OCC_CHEMMON2022_SK_2021.ZIP/OCC_CHEMMON2022_SK_2021.CSV,6432AF740584C77F13F8689A5833BC4F,48.053,17.37,2021-10-06,11.3,18.25,13.158333,83.02148,7.3999987,98.875
EE,Estonie,EE,Estonia,EE,Estonia,2021-10-11,2021,10,11,wheat,Wheat grains (feed),Storage,Zearalenone,no,,5.0,5.0,not_quantified_below_loq,Non Quantified Value ( less than LOQ),yes,yes,Objective sampling,Official (National and EU) programme,According to Reg 152/2009,EE_latest_15412636_contaminants.zip,OCC_CHEMMON2022_EE_2021.ZIP/OCC_CHEMMON2022_EE_2021.CSV,05DF617E2B3EF8E303E333963D591F48,58.295,26.613,2021-10-11,3.65,10.1,6.6499996,64.99795,0.0,32.625
EE,Estonie,EE,Estonia,EE,Estonia,2021-10-14,2021,10,14,barley,Barley grain (feed),Farm,Zearalenone,no,,5.0,5.0,not_quantified_below_loq,Non Quantified Value ( less than LOQ),yes,yes,Objective sampling,Official (National and EU) programme,According to Reg 152/2009,EE_latest_15412636_contaminants.zip,OCC_CHEMMON2022_EE_2021.ZIP/OCC_CHEMMON2022_EE_2021.CSV,D8D314EDDF1225F437D10EF84F906BA1,58.295,26.613,2021-10-14,1.75,8.3,4.4854164,91.260796,0.2,83.5
CZ,Tchequie,CZ,Czechia,CZ,Czechia,2021-10-21,2021,10,21,wheat,Wheat grains (feed),Storage,Zearalenone,no,20.0,,20.0,not_quantified_below_loq,Non Quantified Value ( less than LOQ),yes,yes,Objective sampling,Official (National) programme,,CZ_latest_15410924_contaminants.zip,OCC_CHEMMON2022_CZ_2021.ZIP/OCC_CHEMMON2022_CZ_2021.CSV,47886C8B77F58A81A7586C4DF8121BC4,49.765,15.05,2021-10-21,9.2,15.4,12.027083,65.23605,2.6,60.208332
SK,Slovaquie,SK,Slovakia,SK,Slovakia,2021-10-28,2021,10,28,wheat,Common wheat grain,Primary production,Zearalenone,no,,,1.0,not_quantified_below_loq,Non Quantified Value ( less than LOQ),yes,yes,Objective sampling,Official (National) programme,According to 97/747/EC,SK_latest_15411469_contaminants.zip,OCC_CHEMMON2022_SK_2021.ZIP/OCC_CHEMMON2022_SK_2021.CSV,C4D56A6292024289F2BC74390A7314DD,48.053,17.37,2021-10-28,2.25,14.25,7.2645836,78.99714,0.0,12.166667
LT,Lituanie,LT,Lithuania,LT,Lithuania,2021-11-10,2021,11,10,generic_cereal,Cereal grains and products derived thereof (feed),Farm,Zearalanone,no,,,7.8,not_quantified_below_loq,Non Quantified Value ( less than LOQ),yes,yes,Selective sampling,Official (National) programme,According to Dir. 2002/63/EC,LT_latest_15334031_contaminants.zip,OCC_CHEMMON2022_LT_2021.ZIP/OCC_CHEMMON2022_LT_2021.CSV,928DABDAB455D09280D212C1C53FE4CB,55.201,24.135,2021-11-10,1.5,6.05,3.9750006,84.36317,0.8,83.958336
DK,Danemark,DK,Denmark,DK,Denmark,2022-01-20,2022,1,20,barley,Barley grain (feed),Primary production,Zearalenone,no,,,15.0,not_quantified_below_loq,Non Quantified Value ( less than LOQ),yes,yes,Objective sampling,Official (National and EU) programme,According to Reg 152/2009,DK_latest_15402714_contaminants.zip,OCC_CHEMMON2023_DK_2022.ZIP/OCC_CHEMMON2023_DK_2022.CSV,614ABAD59294871642C6B71A9D25B223,55.779,9.119,2022-01-20,-2.85,2.15,-0.106250025,55.265762,0.0,7.8333335
DK,Danemark,DK,Denmark,DK,Denmark,2022-01-24,2022,1,24,wheat,Wheat grains (feed),Primary production,Zearalenone,no,,,15.0,not_quantified_below_loq,Non Quantified Value ( less than LOQ),yes,yes,Objective sampling,Official (National and EU) programme,According to Reg 152/2009,DK_latest_15402714_contaminants.zip,OCC_CHEMMON2023_DK_2022.ZIP/OCC_CHEMMON2023_DK_2022.CSV,7C2B19ED383869640BE383C54F20A3D4,55.779,9.119,2022-01-24,4.6,5.5,5.0249996,89.51111,0.2,100.0
DK,Danemark,DK,Denmark,DK,Denmark,2022-01-27,2022,1,27,maize,Maize silage (feed),Primary production,Zearalenone,yes,33.89307278,,1.4,quantified_positive,Numerical Value,yes,yes,Objective sampling,Official (National and EU) programme,According to Reg 152/2009,DK_latest_15402714_contaminants.zip,OCC_CHEMMON2023_DK_2022.ZIP/OCC_CHEMMON2023_DK_2022.CSV,BD3F503F7EE3F322E67A0BD4ECFF282B,55.779,9.119,2022-01-27,3.7,7.95,5.808334,80.59274,5.2,58.291668
DK,Danemark,DK,Denmark,DK,Denmark,2022-02-01,2022,2,1,maize,Maize silage (feed),Primary production,Zearalenone,yes,6.386272591,,1.4,quantified_positive,Numerical Value,yes,yes,Objective sampling,Official (National and EU) programme,According to Reg 152/2009,DK_latest_15402714_contaminants.zip,OCC_CHEMMON2023_DK_2022.ZIP/OCC_CHEMMON2023_DK_2022.CSV,F116F3F982F41432E7BE036C7A167020,55.779,9.119,2022-02-01,0.5,6.35,3.6395829,90.52839,8.099999,83.041664
CZ,Tchequie,CZ,Czechia,CZ,Czechia,2022-02-02,2022,2,2,barley,Barley grain (feed),Storage,Zearalenone,yes,24.89,,20.0,quantified_positive,Numerical Value,yes,yes,Objective sampling,Official (National) programme,,CZ_latest_15410924_contaminants.zip,OCC_CHEMMON2023_CZ_2022.ZIP/OCC_CHEMMON2023_CZ_2022.CSV,A3CE2B7B9EBE5DC9071FB60A945C356E,49.765,15.05,2022-02-02,0.1,3.75,1.9250001,79.24557,4.2,70.916664
DK,Danemark,DK,Denmark,DK,Denmark,2022-02-03,2022,2,3,barley,Barley grain (feed),Primary production,Zearalenone,no,,,15.0,not_quantified_below_loq,Non Quantified Value ( less than LOQ),yes,yes,Objective sampling,Official (National and EU) programme,According to Reg 152/2009,DK_latest_15402714_contaminants.zip,OCC_CHEMMON2023_DK_2022.ZIP/OCC_CHEMMON2023_DK_2022.CSV,427E5AF91A9D00C91BE36DDDF5E7AC23,55.779,9.119,2022-02-03,3.65,7.2,5.710417,97.719055,7.1,100.0
DK,Danemark,DK,Denmark,DK,Denmark,2022-02-09,2022,2,9,maize,Maize silage (feed),Primary production,Zearalenone,yes,13.04885688,,1.4,quantified_positive,Numerical Value,yes,yes,Objective sampling,Official (National and EU) programme,According to Reg 152/2009,DK_latest_15402714_contaminants.zip,OCC_CHEMMON2023_DK_2022.ZIP/OCC_CHEMMON2023_DK_2022.CSV,3B6894E87B53DCC616267696D56C5235,55.779,9.119,2022-02-09,2.9,8.1,5.779167,90.44619,5.1,83.458336
DK,Danemark,DK,Denmark,DK,Denmark,2022-02-09,2022,2,9,maize,Maize silage (feed),Primary production,Zearalenone,yes,32.42706094,,1.4,quantified_positive,Numerical Value,yes,yes,Objective sampling,Official (National and EU) programme,According to Reg 152/2009,DK_latest_15402714_contaminants.zip,OCC_CHEMMON2023_DK_2022.ZIP/OCC_CHEMMON2023_DK_2022.CSV,E7C9AA31ECC446C2449DD9941F3B7780,55.779,9.119,2022-02-09,2.9,8.1,5.779167,90.44619,5.1,83.458336
DK,Danemark,DK,Denmark,DK,Denmark,2022-02-09,2022,2,9,barley,Barley grain (feed),Primary production,Zearalenone,no,,,15.0,not_quantified_below_loq,Non Quantified Value ( less than LOQ),yes,yes,Objective sampling,Official (National and EU) programme,According to Reg 152/2009,DK_latest_15402714_contaminants.zip,OCC_CHEMMON2023_DK_2022.ZIP/OCC_CHEMMON2023_DK_2022.CSV,D4FDBB65E98E05E4FAC7A541218EF2E6,55.779,9.119,2022-02-09,2.9,8.1,5.779167,90.44619,5.1,83.458336
CZ,Tchequie,CZ,Czechia,CZ,Czechia,2022-02-10,2022,2,10,wheat,Wheat grains (feed),Storage,Zearalenone,yes,45.49,,20.0,quantified_positive,Numerical Value,yes,yes,Objective sampling,Official (National) programme,,CZ_latest_15410924_contaminants.zip,OCC_CHEMMON2023_CZ_2022.ZIP/OCC_CHEMMON2023_CZ_2022.CSV,D92FF9933A51EB7D55CC14A2196BA70A,49.765,15.05,2022-02-10,5.714583,10.65,1.45,76.63289,0.0,74.75
DK,Danemark,DK,Denmark,DK,Denmark,2022-02-10,2022,2,10,maize,Maize silage (feed),Primary production,Zearalenone,yes,24.56955449,,1.4,quantified_positive,Numerical Value,yes,yes,Objective sampling,Official (National and EU) programme,According to Reg 152/2009,DK_latest_15402714_contaminants.zip,OCC_CHEMMON2023_DK_2022.ZIP/OCC_CHEMMON2023_DK_2022.CSV,2EACC2E50619829538F7866E21D8468F,55.779,9.119,2022-02-10,3.0062494,5.25,0.2,84.02537,0.9,63.875
DK,Danemark,DK,Denmark,DK,Denmark,2022-02-10,2022,2,10,maize,Maize silage (feed),Primary production,Zearalenone,yes,11.95827432,,1.4,quantified_positive,Numerical Value,yes,yes,Objective sampling,Official (National and EU) programme,According to Reg 152/2009,DK_latest_15402714_contaminants.zip,OCC_CHEMMON2023_DK_2022.ZIP/OCC_CHEMMON2023_DK_2022.CSV,792CE52717DF2A2E433F1939F2599CC9,55.779,9.119,2022-02-10,3.0062494,5.25,0.2,84.02537,0.9,63.875
CZ,Tchequie,CZ,Czechia,CZ,Czechia,2022-02-14,2022,2,14,maize,Maize grain (feed),Storage,Zearalenone,yes,111.7,,20.0,quantified_positive,Numerical Value,yes,yes,Objective sampling,Official (National) programme,,CZ_latest_15410924_contaminants.zip,OCC_CHEMMON2023_CZ_2022.ZIP/OCC_CHEMMON2023_CZ_2022.CSV,9C55E9B4E235E3D5CECD5FE600CF6F32,49.765,15.05,2022-02-14,-2.9,6.8,0.9729168,71.589966,0.0,12.666667
DK,Danemark,DK,Denmark,DK,Denmark,2022-02-15,2022,2,15,wheat,Wheat grains (feed),Primary production,Zearalenone,no,,,15.0,not_quantified_below_loq,Non Quantified Value ( less than LOQ),yes,yes,Objective sampling,Official (National and EU) programme,According to Reg 152/2009,DK_latest_15402714_contaminants.zip,OCC_CHEMMON2023_DK_2022.ZIP/OCC_CHEMMON2023_DK_2022.CSV,484F3AC4BAB5961ACCDE876451257C5A,55.779,9.119,2022-02-15,4.7791667,6.5,2.3,85.124626,9.6,93.875
DK,Danemark,DK,Denmark,DK,Denmark,2022-02-16,2022,2,16,maize,Maize silage (feed),Primary production,Zearalenone,yes,28.12264312,,1.4,quantified_positive,Numerical Value,yes,yes,Objective sampling,Official (National and EU) programme,According to Reg 152/2009,DK_latest_15402714_contaminants.zip,OCC_CHEMMON2023_DK_2022.ZIP/OCC_CHEMMON2023_DK_2022.CSV,C1BB9778C37E97406AAC6A6BC04878AD,55.779,9.119,2022-02-16,5.2999997,8.75,2.7,91.00757,21.6,90.375
DK,Danemark,DK,Denmark,DK,Denmark,2022-02-16,2022,2,16,wheat,Wheat grains (feed),Primary production,Zearalenone,no,,,15.0,not_quantified_below_loq,Non Quantified Value ( less than LOQ),yes,yes,Objective sampling,Official (National and EU) programme,According to Reg 152/2009,DK_latest_15402714_contaminants.zip,OCC_CHEMMON2023_DK_2022.ZIP/OCC_CHEMMON2023_DK_2022.CSV,4DC148F80F468BA348C7FB35701A2B26,55.779,9.119,2022-02-16,5.2999997,8.75,2.7,91.00757,21.6,90.375
CZ,Tchequie,CZ,Czechia,CZ,Czechia,2022-02-17,2022,2,17,barley,Barley grain (feed),Storage,Zearalenone,no,20.0,,20.0,not_quantified_below_loq,Non Quantified Value ( less than LOQ),yes,yes,Objective sampling,Official (National) programme,,CZ_latest_15410924_contaminants.zip,OCC_CHEMMON2023_CZ_2022.ZIP/OCC_CHEMMON2023_CZ_2022.CSV,091596B6222B82DE6014F1272EE28916,49.765,15.05,2022-02-17,3.0,11.05,7.139583,72.81809,6.8999996,73.416664
DK,Danemark,DK,Denmark,DK,Denmark,2022-02-22,2022,2,22,barley,Barley grain (feed),Primary production,Zearalenone,no,,,15.0,not_quantified_below_loq,Non Quantified Value ( less than LOQ),yes,yes,Objective sampling,Official (National and EU) programme,According to Reg 152/2009,DK_latest_15402714_contaminants.zip,OCC_CHEMMON2023_DK_2022.ZIP/OCC_CHEMMON2023_DK_2022.CSV,6FB7813F658A01DBBB1B8DDB6281B6D5,55.779,9.119,2022-02-22,-0.55,5.95,3.8145835,84.84021,6.0,89.541664
DK,Danemark,DK,Denmark,DK,Denmark,2022-02-22,2022,2,22,wheat,Wheat grains (feed),Primary production,Zearalenone,no,,,15.0,not_quantified_below_loq,Non Quantified Value ( less than LOQ),yes,yes,Objective sampling,Official (National and EU) programme,According to Reg 152/2009,DK_latest_15402714_contaminants.zip,OCC_CHEMMON2023_DK_2022.ZIP/OCC_CHEMMON2023_DK_2022.CSV,75E60D4051D33E6829FE023DD4483969,55.779,9.119,2022-02-22,-0.55,5.95,3.8145835,84.84021,6.0,89.541664
DK,Danemark,DK,Denmark,DK,Denmark,2022-02-25,2022,2,25,wheat,Wheat grains (feed),Primary production,Zearalenone,no,,,15.0,not_quantified_below_loq,Non Quantified Value ( less than LOQ),yes,yes,Objective sampling,Official (National and EU) programme,According to Reg 152/2009,DK_latest_15402714_contaminants.zip,OCC_CHEMMON2023_DK_2022.ZIP/OCC_CHEMMON2023_DK_2022.CSV,8A75E254FB840BF3B4B40ADE3E4A3E45,55.779,9.119,2022-02-25,0.5,5.75,2.9958332,82.603294,0.1,47.125
DK,Danemark,DK,Denmark,DK,Denmark,2022-02-25,2022,2,25,barley,Barley grain (feed),Primary production,Zearalenone,no,,,15.0,not_quantified_below_loq,Non Quantified Value ( less than LOQ),yes,yes,Objective sampling,Official (National and EU) programme,According to Reg 152/2009,DK_latest_15402714_contaminants.zip,OCC_CHEMMON2023_DK_2022.ZIP/OCC_CHEMMON2023_DK_2022.CSV,399626E02121D47459E2E830064F6AE8,55.779,9.119,2022-02-25,0.5,5.75,2.9958332,82.603294,0.1,47.125
CZ,Tchequie,CZ,Czechia,CZ,Czechia,2022-03-01,2022,3,1,barley,Barley grain (feed),Primary production,Zearalenone,no,20.0,,20.0,not_quantified_below_loq,Non Quantified Value ( less than LOQ),yes,yes,Objective sampling,Official (National) programme,,CZ_latest_15410924_contaminants.zip,OCC_CHEMMON2023_CZ_2022.ZIP/OCC_CHEMMON2023_CZ_2022.CSV,204F459E6CC4E638A4F261113ECCA589,49.765,15.05,2022-03-01,-4.35,4.45,-0.9604166,63.02798,0.0,5.25
DK,Danemark,DK,Denmark,DK,Denmark,2022-03-03,2022,3,3,barley,Barley grain (feed),Primary production,Zearalenone,no,,,15.0,not_quantified_below_loq,Non Quantified Value ( less than LOQ),yes,yes,Objective sampling,Official (National and EU) programme,According to Reg 152/2009,DK_latest_15402714_contaminants.zip,OCC_CHEMMON2023_DK_2022.ZIP/OCC_CHEMMON2023_DK_2022.CSV,C09BFF913B4C197C457E2673CC0D4B1E,55.779,9.119,2022-03-03,-1.6,7.6,1.2083334,87.232635,0.0,45.125
DK,Danemark,DK,Denmark,DK,Denmark,2022-03-03,2022,3,3,wheat,Wheat grains (feed),Primary production,Zearalenone,no,,,15.0,not_quantified_below_loq,Non Quantified Value ( less than LOQ),yes,yes,Objective sampling,Official (National and EU) programme,According to Reg 152/2009,DK_latest_15402714_contaminants.zip,OCC_CHEMMON2023_DK_2022.ZIP/OCC_CHEMMON2023_DK_2022.CSV,EA3446BB25B64AE759A2FB58D4882967,55.779,9.119,2022-03-03,-1.6,7.6,1.2083334,87.232635,0.0,45.125
DK,Danemark,DK,Denmark,DK,Denmark,2022-03-03,2022,3,3,maize,Maize silage (feed),Primary production,Zearalenone,yes,20.73663602,,1.4,quantified_positive,Numerical Value,yes,yes,Objective sampling,Official (National and EU) programme,According to Reg 152/2009,DK_latest_15402714_contaminants.zip,OCC_CHEMMON2023_DK_2022.ZIP/OCC_CHEMMON2023_DK_2022.CSV,4284A3FCB517098BA4BF6CF64108496C,55.779,9.119,2022-03-03,-1.6,7.6,1.2083334,87.232635,0.0,45.125
CZ,Tchequie,CZ,Czechia,CZ,Czechia,2022-03-09,2022,3,9,wheat,Wheat grains (feed),Storage,Zearalenone,no,20.0,,20.0,not_quantified_below_loq,Non Quantified Value ( less than LOQ),yes,yes,Objective sampling,Official (National) programme,,CZ_latest_15410924_contaminants.zip,OCC_CHEMMON2023_CZ_2022.ZIP/OCC_CHEMMON2023_CZ_2022.CSV,E378BAED271BC50581B1AA9B91B7CBF2,49.765,15.05,2022-03-09,-3.3,8.3,1.84375,65.934975,0.0,3.2083333
DK,Danemark,DK,Denmark,DK,Denmark,2022-03-10,2022,3,10,maize,Maize silage (feed),Primary production,Zearalenone,yes,5.067213678,,1.4,quantified_positive,Numerical Value,yes,yes,Objective sampling,Official (National and EU) programme,According to Reg 152/2009,DK_latest_15402714_contaminants.zip,OCC_CHEMMON2023_DK_2022.ZIP/OCC_CHEMMON2023_DK_2022.CSV,D0A49D3EF41E0A6A51971115D89C1403,55.779,9.119,2022-03-10,-0.25,8.85,3.7874997,79.46818,0.0,17.25
DK,Danemark,DK,Denmark,DK,Denmark,2022-03-11,2022,3,11,wheat,Wheat grains (feed),Primary production,Zearalenone,no,,,15.0,not_quantified_below_loq,Non Quantified Value ( less than LOQ),yes,yes,Objective sampling,Official (National and EU) programme,According to Reg 152/2009,DK_latest_15402714_contaminants.zip,OCC_CHEMMON2023_DK_2022.ZIP/OCC_CHEMMON2023_DK_2022.CSV,027AFDE7F47B41A49E785817BC610A99,55.779,9.119,2022-03-11,-1.3541669,3.4,-4.75,45.1752,0.0,0.0
CZ,Tchequie,CZ,Czechia,CZ,Czechia,2022-03-11,2022,3,11,barley,Barley grain (feed),Primary production,Zearalenone,no,20.0,,20.0,not_quantified_below_loq,Non Quantified Value ( less than LOQ),yes,yes,Objective sampling,Official (National) programme,,CZ_latest_15410924_contaminants.zip,OCC_CHEMMON2023_CZ_2022.ZIP/OCC_CHEMMON2023_CZ_2022.CSV,42604C6882286DB7A9198A532C3B1594,49.765,15.05,2022-03-11,3.2708333,7.1,-0.05,56.808666,0.0,7.125
CZ,Tchequie,CZ,Czechia,CZ,Czechia,2022-03-14,2022,3,14,maize,Maize grain (feed),Storage,Zearalenone,yes,139.0,,20.0,quantified_positive,Numerical Value,yes,yes,Objective sampling,Official (National) programme,,CZ_latest_15410924_contaminants.zip,OCC_CHEMMON2023_CZ_2022.ZIP/OCC_CHEMMON2023_CZ_2022.CSV,9F4010D91A49A70DBCD6FB6B18CDF28F,49.765,15.05,2022-03-14,0.15,11.7,4.9791665,55.00209,0.0,8.5
CZ,Tchequie,CZ,Czechia,CZ,Czechia,2022-03-24,2022,3,24,wheat,Wheat grains (feed),Primary production,Zearalenone,no,20.0,,20.0,not_quantified_below_loq,Non Quantified Value ( less than LOQ),yes,yes,Objective sampling,Official (National) programme,,CZ_latest_15410924_contaminants.zip,OCC_CHEMMON2023_CZ_2022.ZIP/OCC_CHEMMON2023_CZ_2022.CSV,154C0C3EB398818D282D018BE75D1910,49.765,15.05,2022-03-24,1.7,15.35,8.291666,55.0273,0.0,0.0
SK,Slovaquie,SK,Slovakia,SK,Slovakia,2022-03-30,2022,3,30,generic_cereal,Cereal grains screenings (feed),Farm,Zearalenone,yes,1.0,,1.0,quantified_positive,Numerical Value,yes,yes,Other,Official (National) programme,According to 97/747/EC,SK_latest_15411469_contaminants.zip,OCC_CHEMMON2023_SK_2022.ZIP/OCC_CHEMMON2023_SK_2022.CSV,D134C112CD2F4EC15F6C742C050B1129,48.053,17.37,2022-03-30,12.629167,16.9,7.2,58.76732,0.0,99.833336
CZ,Tchequie,CZ,Czechia,CZ,Czechia,2022-03-30,2022,3,30,barley,Barley grain (feed),Primary production,Zearalenone,no,20.0,,20.0,not_quantified_below_loq,Non Quantified Value ( less than LOQ),yes,yes,Objective sampling,Official (National) programme,,CZ_latest_15410924_contaminants.zip,OCC_CHEMMON2023_CZ_2022.ZIP/OCC_CHEMMON2023_CZ_2022.CSV,352A60766D820BF3288640E49DD62978,49.765,15.05,2022-03-30,6.1145835,9.5,3.3,86.8706,4.5,100.0
DK,Danemark,DK,Denmark,DK,Denmark,2022-03-30,2022,3,30,maize,Maize silage (feed),Primary production,Zearalenone,no,,,1.4,not_quantified_below_loq,Non Quantified Value ( less than LOQ),yes,yes,Objective sampling,Official (National and EU) programme,According to Reg 152/2009,DK_latest_15402714_contaminants.zip,OCC_CHEMMON2023_DK_2022.ZIP/OCC_CHEMMON2023_DK_2022.CSV,854D0A8D36CD1A4CAD9E75741F03BDAE,55.779,9.119,2022-03-30,0.32916662,4.2,-4.2,77.415,1.6999999,84.625
DK,Danemark,DK,Denmark,DK,Denmark,2022-03-31,2022,3,31,maize,Maize silage (feed),Primary production,Zearalenone,yes,345.9780319,,1.4,quantified_positive,Numerical Value,yes,yes,Objective sampling,Official (National and EU) programme,According to Reg 152/2009,DK_latest_15402714_contaminants.zip,OCC_CHEMMON2023_DK_2022.ZIP/OCC_CHEMMON2023_DK_2022.CSV,06F13A59A0A57ACB5CE5ABD396B31101,55.779,9.119,2022-03-31,-2.9,4.6,0.48333335,62.83623,0.0,67.0
DK,Danemark,DK,Denmark,DK,Denmark,2022-04-21,2022,4,21,maize,Maize silage (feed),Primary production,Zearalenone,yes,10.23782696,,1.4,quantified_positive,Numerical Value,yes,yes,Objective sampling,Official (National and EU) programme,According to Reg 152/2009,DK_latest_15402714_contaminants.zip,OCC_CHEMMON2023_DK_2022.ZIP/OCC_CHEMMON2023_DK_2022.CSV,45D8930AD27F31D42E71FA8A136E1A6F,55.779,9.119,2022-04-21,4.8,15.0,9.683332,67.812614,0.0,25.666666
DK,Danemark,DK,Denmark,DK,Denmark,2022-04-28,2022,4,28,maize,Maize silage (feed),Primary production,Zearalenone,yes,12.83838703,,1.4,quantified_positive,Numerical Value,yes,yes,Objective sampling,Official (National and EU) programme,According to Reg 152/2009,DK_latest_15402714_contaminants.zip,OCC_CHEMMON2023_DK_2022.ZIP/OCC_CHEMMON2023_DK_2022.CSV,DF3357F1F7F4C5BA806509AC4DA4999E,55.779,9.119,2022-04-28,2.35,13.85,7.8083324,71.13853,0.0,7.75
DK,Danemark,DK,Denmark,DK,Denmark,2022-05-05,2022,5,5,maize,Maize silage (feed),Primary production,Zearalenone,yes,11.57958272,,1.4,quantified_positive,Numerical Value,yes,yes,Objective sampling,Official (National and EU) programme,According to Reg 152/2009,DK_latest_15402714_contaminants.zip,OCC_CHEMMON2023_DK_2022.ZIP/OCC_CHEMMON2023_DK_2022.CSV,46C81B1B8AC01BC0B5411A288F88A6B6,55.779,9.119,2022-05-05,12.341667,18.0,8.45,82.09828,1.3000001,78.0
CZ,Tchequie,CZ,Czechia,CZ,Czechia,2022-05-05,2022,5,5,maize,Maize grain (feed),Storage,Zearalenone,yes,26.27,,20.0,quantified_positive,Numerical Value,yes,yes,Objective sampling,Official (National) programme,,CZ_latest_15410924_contaminants.zip,OCC_CHEMMON2023_CZ_2022.ZIP/OCC_CHEMMON2023_CZ_2022.CSV,3E4B946AB678234155F209124F802AEB,49.765,15.05,2022-05-05,8.05625,11.95,2.1,82.20837,0.4,75.291664
DK,Danemark,DK,Denmark,DK,Denmark,2022-05-05,2022,5,5,maize,Maize silage (feed),Primary production,Zearalenone,yes,24.79136767,,1.4,quantified_positive,Numerical Value,yes,yes,Objective sampling,Official (National and EU) programme,According to Reg 152/2009,DK_latest_15402714_contaminants.zip,OCC_CHEMMON2023_DK_2022.ZIP/OCC_CHEMMON2023_DK_2022.CSV,C1BD4A85EEA2E166EA78544F5CE7FD5C,55.779,9.119,2022-05-05,8.05625,11.95,2.1,82.20837,0.4,75.291664
DK,Danemark,DK,Denmark,DK,Denmark,2022-05-11,2022,5,11,maize,Maize silage (feed),Primary production,Zearalenone,no,,,1.4,not_quantified_below_loq,Non Quantified Value ( less than LOQ),yes,yes,Objective sampling,Official (National and EU) programme,According to Reg 152/2009,DK_latest_15402714_contaminants.zip,OCC_CHEMMON2023_DK_2022.ZIP/OCC_CHEMMON2023_DK_2022.CSV,1794FDEC34E8294C161174ABDD143B6F,55.779,9.119,2022-05-11,10.833333,14.1,8.2,87.77506,7.4,98.708336
DK,Danemark,DK,Denmark,DK,Denmark,2022-05-12,2022,5,12,barley,Barley grain (feed),Primary production,Zearalenone,no,4.104525473,,15.0,not_quantified_below_loq,Non Quantified Value ( less than LOQ),yes,yes,Objective sampling,Official (National and EU) programme,According to Reg 152/2009,DK_latest_15402714_contaminants.zip,OCC_CHEMMON2023_DK_2022.ZIP/OCC_CHEMMON2023_DK_2022.CSV,C8CF54643DF7A73B7C87290896B818D3,55.779,9.119,2022-05-12,10.397917,15.15,7.25,76.082695,0.90000004,44.416668
DK,Danemark,DK,Denmark,DK,Denmark,2022-05-17,2022,5,17,wheat,Wheat grains (feed),Primary production,Zearalenone,no,2.097772904,,15.0,not_quantified_below_loq,Non Quantified Value ( less than LOQ),yes,yes,Objective sampling,Official (National and EU) programme,According to Reg 152/2009,DK_latest_15402714_contaminants.zip,OCC_CHEMMON2023_DK_2022.ZIP/OCC_CHEMMON2023_DK_2022.CSV,248B4222DF2B3C059FF2909ED4636F64,55.779,9.119,2022-05-17,10.55,17.35,13.927083,61.061405,0.1,82.25
DK,Danemark,DK,Denmark,DK,Denmark,2022-05-19,2022,5,19,generic_cereal,Cereal grains and products derived thereof (feed),Primary production,Zearalenone,no,,,15.0,not_quantified_below_loq,Non Quantified Value ( less than LOQ),yes,yes,Objective sampling,Official (National and EU) programme,According to Reg 152/2009,DK_latest_15402714_contaminants.zip,OCC_CHEMMON2023_DK_2022.ZIP/OCC_CHEMMON2023_DK_2022.CSV,75D9CD8849B6AD484E6EBE1C2C7476ED,55.779,9.119,2022-05-19,11.75,21.0,16.054165,84.94852,3.5,99.791664
DK,Danemark,DK,Denmark,DK,Denmark,2022-05-19,2022,5,19,maize,Maize silage (feed),Primary production,Zearalenone,no,,,1.4,not_quantified_below_loq,Non Quantified Value ( less than LOQ),yes,yes,Objective sampling,Official (National and EU) programme,According to Reg 152/2009,DK_latest_15402714_contaminants.zip,OCC_CHEMMON2023_DK_2022.ZIP/OCC_CHEMMON2023_DK_2022.CSV,ABAF2FEA4849B3AF231362829CFB7487,55.779,9.119,2022-05-19,11.75,21.0,16.054165,84.94852,3.5,99.791664
DK,Danemark,DK,Denmark,DK,Denmark,2022-05-24,2022,5,24,wheat,Wheat grains (feed),Primary production,Zearalenone,no,,,15.0,not_quantified_below_loq,Non Quantified Value ( less than LOQ),yes,yes,Objective sampling,Official (National and EU) programme,According to Reg 152/2009,DK_latest_15402714_contaminants.zip,OCC_CHEMMON2023_DK_2022.ZIP/OCC_CHEMMON2023_DK_2022.CSV,29020D1783F689ACC6D6F0B4B008DD4A,55.779,9.119,2022-05-24,13.068749,15.65,10.2,80.424446,12.799999,85.875
DK,Danemark,DK,Denmark,DK,Denmark,2022-05-24,2022,5,24,barley,Barley grain (feed),Primary production,Zearalenone,no,,,15.0,not_quantified_below_loq,Non Quantified Value ( less than LOQ),yes,yes,Objective sampling,Official (National and EU) programme,According to Reg 152/2009,DK_latest_15402714_contaminants.zip,OCC_CHEMMON2023_DK_2022.ZIP/OCC_CHEMMON2023_DK_2022.CSV,8719A2964FE81F6ABB31D47535296642,55.779,9.119,2022-05-24,13.068749,15.65,10.2,80.424446,12.799999,85.875
DK,Danemark,DK,Denmark,DK,Denmark,2022-05-25,2022,5,25,maize,Maize silage (feed),Primary production,Zearalenone,no,,,1.4,not_quantified_below_loq,Non Quantified Value ( less than LOQ),yes,yes,Objective sampling,Official (National and EU) programme,According to Reg 152/2009,DK_latest_15402714_contaminants.zip,OCC_CHEMMON2023_DK_2022.ZIP/OCC_CHEMMON2023_DK_2022.CSV,8470170FB64F0B9ABF5C9AB956FD1B70,55.779,9.119,2022-05-25,11.90625,15.3,8.75,76.97286,7.8,72.541664
DK,Danemark,DK,Denmark,DK,Denmark,2022-05-25,2022,5,25,wheat,Wheat grains (feed),Primary production,Zearalenone,no,,,15.0,not_quantified_below_loq,Non Quantified Value ( less than LOQ),yes,yes,Objective sampling,Official (National and EU) programme,According to Reg 152/2009,DK_latest_15402714_contaminants.zip,OCC_CHEMMON2023_DK_2022.ZIP/OCC_CHEMMON2023_DK_2022.CSV,3599EE2E017F1BDF030DD2FF06747760,55.779,9.119,2022-05-25,11.90625,15.3,8.75,76.97286,7.8,72.541664
DK,Danemark,DK,Denmark,DK,Denmark,2022-05-31,2022,5,31,maize,Maize silage (feed),Primary production,Zearalenone,no,,,1.4,not_quantified_below_loq,Non Quantified Value ( less than LOQ),yes,yes,Objective sampling,Official (National and EU) programme,According to Reg 152/2009,DK_latest_15402714_contaminants.zip,OCC_CHEMMON2023_DK_2022.ZIP/OCC_CHEMMON2023_DK_2022.CSV,B697F372F909B335F22243EA732A0F59,55.779,9.119,2022-05-31,6.2,12.45,10.106251,83.78524,1.2,89.833336
DK,Danemark,DK,Denmark,DK,Denmark,2022-06-01,2022,6,1,maize,Maize silage (feed),Primary production,Zearalenone,yes,79.26723429,,1.4,quantified_positive,Numerical Value,yes,yes,Objective sampling,Official (National and EU) programme,According to Reg 152/2009,DK_latest_15402714_contaminants.zip,OCC_CHEMMON2023_DK_2022.ZIP/OCC_CHEMMON2023_DK_2022.CSV,C387DFA729D7F911D9F81C3A260C0AB7,55.779,9.119,2022-06-01,10.147916,13.6,4.8,75.7346,0.6,75.916664
CZ,Tchequie,CZ,Czechia,CZ,Czechia,2022-06-01,2022,6,1,maize,Maize grain (feed),Storage,Zearalenone,yes,36.33,,20.0,quantified_positive,Numerical Value,yes,yes,Objective sampling,Official (National) programme,,CZ_latest_15410924_contaminants.zip,OCC_CHEMMON2023_CZ_2022.ZIP/OCC_CHEMMON2023_CZ_2022.CSV,789D6B06CC691C7DDAEBC6E0A5F20D49,49.765,15.05,2022-06-01,15.581248,21.1,10.3,63.272125,2.3999999,44.416668
DK,Danemark,DK,Denmark,DK,Denmark,2022-06-01,2022,6,1,maize,Maize silage (feed),Primary production,Zearalenone,yes,13.4434412,,1.4,quantified_positive,Numerical Value,yes,yes,Objective sampling,Official (National and EU) programme,According to Reg 152/2009,DK_latest_15402714_contaminants.zip,OCC_CHEMMON2023_DK_2022.ZIP/OCC_CHEMMON2023_DK_2022.CSV,C1637DA15E324DC2AFC23FA71B1BD75A,55.779,9.119,2022-06-01,10.147916,13.6,4.8,75.7346,0.6,75.916664
DK,Danemark,DK,Denmark,DK,Denmark,2022-06-01,2022,6,1,barley,Barley grain (feed),Primary production,Zearalenone,no,,,15.0,not_quantified_below_loq,Non Quantified Value ( less than LOQ),yes,yes,Objective sampling,Official (National and EU) programme,According to Reg 152/2009,DK_latest_15402714_contaminants.zip,OCC_CHEMMON2023_DK_2022.ZIP/OCC_CHEMMON2023_DK_2022.CSV,20C2B42384EABFE44A47B604F38A14F4,55.779,9.119,2022-06-01,10.147916,13.6,4.8,75.7346,0.6,75.916664
DK,Danemark,DK,Denmark,DK,Denmark,2022-06-01,2022,6,1,maize,Maize silage (feed),Primary production,Zearalenone,yes,27.41535852,,1.4,quantified_positive,Numerical Value,yes,yes,Objective sampling,Official (National and EU) programme,According to Reg 152/2009,DK_latest_15402714_contaminants.zip,OCC_CHEMMON2023_DK_2022.ZIP/OCC_CHEMMON2023_DK_2022.CSV,7F1116CA7B6F8DB74CE1413CBE874CFF,55.779,9.119,2022-06-01,10.147916,13.6,4.8,75.7346,0.6,75.916664
CZ,Tchequie,CZ,Czechia,CZ,Czechia,2022-06-02,2022,6,2,wheat,Wheat grains (feed),Primary production,Zearalenone,no,20.0,,20.0,not_quantified_below_loq,Non Quantified Value ( less than LOQ),yes,yes,Objective sampling,Official (National) programme,,CZ_latest_15410924_contaminants.zip,OCC_CHEMMON2023_CZ_2022.ZIP/OCC_CHEMMON2023_CZ_2022.CSV,7F0BD0CEA48D5B69C9AB49256A4F3EEE,49.765,15.05,2022-06-02,15.302083,20.2,10.7,59.98111,0.0,58.041668
DK,Danemark,DK,Denmark,DK,Denmark,2022-06-02,2022,6,2,maize,Maize silage (feed),Primary production,Zearalenone,yes,30.1788765,,1.4,quantified_positive,Numerical Value,yes,yes,Objective sampling,Official (National and EU) programme,According to Reg 152/2009,DK_latest_15402714_contaminants.zip,OCC_CHEMMON2023_DK_2022.ZIP/OCC_CHEMMON2023_DK_2022.CSV,AF7658308EFB69E52247CA0FADCE585A,55.779,9.119,2022-06-02,11.029167,13.25,8.85,84.95632,1.9000002,99.666664
DK,Danemark,DK,Denmark,DK,Denmark,2022-06-02,2022,6,2,maize,Maize silage (feed),Primary production,Zearalenone,yes,586.152338,,1.4,quantified_positive,Numerical Value,yes,yes,Objective sampling,Official (National and EU) programme,According to Reg 152/2009,DK_latest_15402714_contaminants.zip,OCC_CHEMMON2023_DK_2022.ZIP/OCC_CHEMMON2023_DK_2022.CSV,AEB55CE67959B5D3858672CD3B36DEE3,55.779,9.119,2022-06-02,11.029167,13.25,8.85,84.95632,1.9000002,99.666664
DK,Danemark,DK,Denmark,DK,Denmark,2022-06-03,2022,6,3,maize,Maize silage (feed),Primary production,Zearalenone,yes,20.8696972,,1.4,quantified_positive,Numerical Value,yes,yes,Objective sampling,Official (National and EU) programme,According to Reg 152/2009,DK_latest_15402714_contaminants.zip,OCC_CHEMMON2023_DK_2022.ZIP/OCC_CHEMMON2023_DK_2022.CSV,0ACF00D56B78E5D7C634A9CE7E1F4BDE,55.779,9.119,2022-06-03,8.1,15.2,11.714585,78.38459,0.0,83.083336
CZ,Tchequie,CZ,Czechia,CZ,Czechia,2022-06-07,2022,6,7,wheat,Wheat grains (feed),Primary production,Zearalenone,no,20.0,,20.0,not_quantified_below_loq,Non Quantified Value ( less than LOQ),yes,yes,Objective sampling,Official (National) programme,,CZ_latest_15410924_contaminants.zip,OCC_CHEMMON2023_CZ_2022.ZIP/OCC_CHEMMON2023_CZ_2022.CSV,95E6CE4F76D77CEC660AD1FCA1E6AFF4,49.765,15.05,2022-06-07,11.591667,13.0,9.8,88.26874,9.299999,99.708336
DK,Danemark,DK,Denmark,DK,Denmark,2022-06-07,2022,6,7,barley,Barley grain (feed),Primary production,Zearalenone,no,,,15.0,not_quantified_below_loq,Non Quantified Value ( less than LOQ),yes,yes,Objective sampling,Official (National and EU) programme,According to Reg 152/2009,DK_latest_15402714_contaminants.zip,OCC_CHEMMON2023_DK_2022.ZIP/OCC_CHEMMON2023_DK_2022.CSV,035C81538E3943A4F00E035F5054AB2B,55.779,9.119,2022-06-07,14.899999,16.8,13.1,88.36016,10.000001,97.125
CZ,Tchequie,CZ,Czechia,CZ,Czechia,2022-06-08,2022,6,8,wheat,Wheat grains (feed),Primary production,Zearalenone,no,20.0,,20.0,not_quantified_below_loq,Non Quantified Value ( less than LOQ),yes,yes,Objective sampling,Official (National) programme,,CZ_latest_15410924_contaminants.zip,OCC_CHEMMON2023_CZ_2022.ZIP/OCC_CHEMMON2023_CZ_2022.CSV,FB53C293EA4A73CB84D7CEA49B9A6C95,49.765,15.05,2022-06-08,16.845835,20.95,11.25,73.68545,0.2,56.0
DK,Danemark,DK,Denmark,DK,Denmark,2022-06-08,2022,6,8,maize,Maize silage (feed),Primary production,Zearalenone,yes,44.18707203,,1.4,quantified_positive,Numerical Value,yes,yes,Objective sampling,Official (National and EU) programme,According to Reg 152/2009,DK_latest_15402714_contaminants.zip,OCC_CHEMMON2023_DK_2022.ZIP/OCC_CHEMMON2023_DK_2022.CSV,6F603979D00B022DD74C21757335267E,55.779,9.119,2022-06-08,13.368752,16.05,9.7,82.56617,1.7000002,98.041664
DK,Danemark,DK,Denmark,DK,Denmark,2022-06-08,2022,6,8,maize,Maize silage (feed),Primary production,Zearalenone,yes,33.96334645,,1.4,quantified_positive,Numerical Value,yes,yes,Objective sampling,Official (National and EU) programme,According to Reg 152/2009,DK_latest_15402714_contaminants.zip,OCC_CHEMMON2023_DK_2022.ZIP/OCC_CHEMMON2023_DK_2022.CSV,DC56B16C8D0445B078CDB8544AEE42BB,55.779,9.119,2022-06-08,13.368752,16.05,9.7,82.56617,1.7000002,98.041664
CZ,Tchequie,CZ,Czechia,CZ,Czechia,2022-06-10,2022,6,10,wheat,Wheat grains (feed),Primary production,Zearalenone,no,20.0,,20.0,not_quantified_below_loq,Non Quantified Value ( less than LOQ),yes,yes,Objective sampling,Official (National) programme,,CZ_latest_15410924_contaminants.zip,OCC_CHEMMON2023_CZ_2022.ZIP/OCC_CHEMMON2023_CZ_2022.CSV,813D8540CC5E7E2B76B6FA4AB6F55939,49.765,15.05,2022-06-10,13.8,20.65,16.679167,67.80534,0.1,65.0
DK,Danemark,DK,Denmark,DK,Denmark,2022-06-13,2022,6,13,maize,Maize silage (feed),Primary production,Zearalenone,yes,39.53384357,,1.4,quantified_positive,Numerical Value,yes,yes,Objective sampling,Official (National and EU) programme,According to Reg 152/2009,DK_latest_15402714_contaminants.zip,OCC_CHEMMON2023_DK_2022.ZIP/OCC_CHEMMON2023_DK_2022.CSV,1B757DDC6FA0FB0E8AF3A5430DD3B033,55.779,9.119,2022-06-13,8.95,14.85,12.193749,74.02534,1.1,47.208332
DK,Danemark,DK,Denmark,DK,Denmark,2022-06-13,2022,6,13,maize,Maize silage (feed),Primary production,Zearalenone,yes,48.31788458,,1.4,quantified_positive,Numerical Value,yes,yes,Objective sampling,Official (National and EU) programme,According to Reg 152/2009,DK_latest_15402714_contaminants.zip,OCC_CHEMMON2023_DK_2022.ZIP/OCC_CHEMMON2023_DK_2022.CSV,C6C056C7EE32EA664158D72BD6D9B7D9,55.779,9.119,2022-06-13,8.95,14.85,12.193749,74.02534,1.1,47.208332
DK,Danemark,DK,Denmark,DK,Denmark,2022-06-13,2022,6,13,maize,Maize silage (feed),Primary production,Zearalenone,yes,125.4039894,,1.4,quantified_positive,Numerical Value,yes,yes,Objective sampling,Official (National and EU) programme,According to Reg 152/2009,DK_latest_15402714_contaminants.zip,OCC_CHEMMON2023_DK_2022.ZIP/OCC_CHEMMON2023_DK_2022.CSV,ACECFD60EBB8B67B79F6C99B055E6AE6,55.779,9.119,2022-06-13,8.95,14.85,12.193749,74.02534,1.1,47.208332
DK,Danemark,DK,Denmark,DK,Denmark,2022-06-16,2022,6,16,barley,Barley grain (feed),Primary production,Zearalenone,no,,,15.0,not_quantified_below_loq,Non Quantified Value ( less than LOQ),yes,yes,Objective sampling,Official (National and EU) programme,According to Reg 152/2009,DK_latest_15402714_contaminants.zip,OCC_CHEMMON2023_DK_2022.ZIP/OCC_CHEMMON2023_DK_2022.CSV,D83F1816BE1639CF9EE19E67BB4713FF,55.779,9.119,2022-06-16,9.65,18.85,14.454169,74.59542,0.0,64.666664
DK,Danemark,DK,Denmark,DK,Denmark,2022-06-16,2022,6,16,maize,Maize silage (feed),Primary production,Zearalenone,no,,,1.4,not_quantified_below_loq,Non Quantified Value ( less than LOQ),yes,yes,Objective sampling,Official (National and EU) programme,According to Reg 152/2009,DK_latest_15402714_contaminants.zip,OCC_CHEMMON2023_DK_2022.ZIP/OCC_CHEMMON2023_DK_2022.CSV,99B3578D257C51C68FEA4D2274F173B3,55.779,9.119,2022-06-16,9.65,18.85,14.454169,74.59542,0.0,64.666664
DK,Danemark,DK,Denmark,DK,Denmark,2022-06-21,2022,6,21,maize,Maize silage (feed),Primary production,Zearalenone,yes,40.36516623,,1.4,quantified_positive,Numerical Value,yes,yes,Objective sampling,Official (National and EU) programme,According to Reg 152/2009,DK_latest_15402714_contaminants.zip,OCC_CHEMMON2023_DK_2022.ZIP/OCC_CHEMMON2023_DK_2022.CSV,D50179F8FC7AB88C9A5A2B1311ADABF1,55.779,9.119,2022-06-21,14.056251,17.55,9.85,78.64518,0.0,57.333332
DK,Danemark,DK,Denmark,DK,Denmark,2022-06-22,2022,6,22,maize,Maize silage (feed),Primary production,Zearalenone,yes,7.689480937,,1.4,quantified_positive,Numerical Value,yes,yes,Objective sampling,Official (National and EU) programme,According to Reg 152/2009,DK_latest_15402714_contaminants.zip,OCC_CHEMMON2023_DK_2022.ZIP/OCC_CHEMMON2023_DK_2022.CSV,AF598A7CF3F2F337BDC6A6154AE9D688,55.779,9.119,2022-06-22,14.220833,16.75,10.8,80.432755,0.3,99.958336
DK,Danemark,DK,Denmark,DK,Denmark,2022-06-22,2022,6,22,maize,Maize silage (feed),Primary production,Zearalenone,yes,189.47813,,1.4,quantified_positive,Numerical Value,yes,yes,Objective sampling,Official (National and EU) programme,According to Reg 152/2009,DK_latest_15402714_contaminants.zip,OCC_CHEMMON2023_DK_2022.ZIP/OCC_CHEMMON2023_DK_2022.CSV,3718AE15D90E50EBB8686EAB8E616C18,55.779,9.119,2022-06-22,14.220833,16.75,10.8,80.432755,0.3,99.958336
DK,Danemark,DK,Denmark,DK,Denmark,2022-06-23,2022,6,23,maize,Maize silage (feed),Primary production,Zearalenone,yes,105.0810571,,1.4,quantified_positive,Numerical Value,yes,yes,Objective sampling,Official (National and EU) programme,According to Reg 152/2009,DK_latest_15402714_contaminants.zip,OCC_CHEMMON2023_DK_2022.ZIP/OCC_CHEMMON2023_DK_2022.CSV,7EEC9680362E74AD1C801D2A4047BF7E,55.779,9.119,2022-06-23,16.477085,22.55,9.4,79.759026,0.0,49.041668
DK,Danemark,DK,Denmark,DK,Denmark,2022-06-28,2022,6,28,barley,Barley grain (feed),Primary production,Zearalenone,no,,,15.0,not_quantified_below_loq,Non Quantified Value ( less than LOQ),yes,yes,Objective sampling,Official (National and EU) programme,According to Reg 152/2009,DK_latest_15402714_contaminants.zip,OCC_CHEMMON2023_DK_2022.ZIP/OCC_CHEMMON2023_DK_2022.CSV,ACEC74BAA421F566526DEC4C1301A866,55.779,9.119,2022-06-28,15.502083,20.05,10.7,77.846275,0.1,40.458332
CZ,Tchequie,CZ,Czechia,CZ,Czechia,2022-06-28,2022,6,28,barley,Barley grain (feed),Primary production,Zearalenone,no,20.0,,20.0,not_quantified_below_loq,Non Quantified Value ( less than LOQ),yes,yes,Objective sampling,Official (National) programme,,CZ_latest_15410924_contaminants.zip,OCC_CHEMMON2023_CZ_2022.ZIP/OCC_CHEMMON2023_CZ_2022.CSV,BC949C9349CAB67928162E2C7EBEA42A,49.765,15.05,2022-06-28,19.895836,22.7,17.45,76.675705,4.2999997,93.916664
CZ,Tchequie,CZ,Czechia,CZ,Czechia,2022-06-28,2022,6,28,wheat,Wheat grains (feed),Primary production,Zearalenone,no,20.0,,20.0,not_quantified_below_loq,Non Quantified Value ( less than LOQ),yes,yes,Objective sampling,Official (National) programme,,CZ_latest_15410924_contaminants.zip,OCC_CHEMMON2023_CZ_2022.ZIP/OCC_CHEMMON2023_CZ_2022.CSV,344090097483738A4508C338AC5E1A94,49.765,15.05,2022-06-28,19.895836,22.7,17.45,76.675705,4.2999997,93.916664
DK,Danemark,DK,Denmark,DK,Denmark,2022-07-05,2022,7,5,wheat,Wheat grains (feed),Primary production,Zearalenone,no,9.266268326,,15.0,not_quantified_below_loq,Non Quantified Value ( less than LOQ),yes,yes,Objective sampling,Official (National and EU) programme,According to Reg 152/2009,DK_latest_15402714_contaminants.zip,OCC_CHEMMON2023_DK_2022.ZIP/OCC_CHEMMON2023_DK_2022.CSV,212274FA567635E4481573A878344BBD,55.779,9.119,2022-07-05,11.25,17.4,14.4104185,71.74909,0.4,58.416668
DK,Danemark,DK,Denmark,DK,Denmark,2022-07-07,2022,7,7,wheat,Wheat grains (feed),Primary production,Zearalenone,no,8.276033946,,15.0,not_quantified_below_loq,Non Quantified Value ( less than LOQ),yes,yes,Objective sampling,Official (National and EU) programme,According to Reg 152/2009,DK_latest_15402714_contaminants.zip,OCC_CHEMMON2023_DK_2022.ZIP/OCC_CHEMMON2023_DK_2022.CSV,16DD0DD779439BCB333337E3FECA195E,55.779,9.119,2022-07-07,11.75,19.45,15.610416,80.3012,0.70000005,56.541668
DK,Danemark,DK,Denmark,DK,Denmark,2022-07-07,2022,7,7,maize,Maize silage (feed),Primary production,Zearalenone,yes,27.81100825,,1.4,quantified_positive,Numerical Value,yes,yes,Objective sampling,Official (National and EU) programme,According to Reg 152/2009,DK_latest_15402714_contaminants.zip,OCC_CHEMMON2023_DK_2022.ZIP/OCC_CHEMMON2023_DK_2022.CSV,C9E86951E99A526DE621F61FD1FE1364,55.779,9.119,2022-07-07,11.75,19.45,15.610416,80.3012,0.70000005,56.541668
DK,Danemark,DK,Denmark,DK,Denmark,2022-07-07,2022,7,7,maize,Maize silage (feed),Primary production,Zearalenone,yes,15.42770225,,1.4,quantified_positive,Numerical Value,yes,yes,Objective sampling,Official (National and EU) programme,According to Reg 152/2009,DK_latest_15402714_contaminants.zip,OCC_CHEMMON2023_DK_2022.ZIP/OCC_CHEMMON2023_DK_2022.CSV,ECB96EAEFF0245D5F932E837CA973743,55.779,9.119,2022-07-07,11.75,19.45,15.610416,80.3012,0.70000005,56.541668
CZ,Tchequie,CZ,Czechia,CZ,Czechia,2022-07-19,2022,7,19,wheat,Wheat grains (feed),Primary production,Zearalenone,no,20.0,,20.0,not_quantified_below_loq,Non Quantified Value ( less than LOQ),yes,yes,Objective sampling,Official (National) programme,,CZ_latest_15410924_contaminants.zip,OCC_CHEMMON2023_CZ_2022.ZIP/OCC_CHEMMON2023_CZ_2022.CSV,10CBD63E4FBE6FFF10A2663726D64EAC,49.765,15.05,2022-07-19,14.15,29.7,22.7875,54.578983,0.0,3.7083333
SK,Slovaquie,SK,Slovakia,SK,Slovakia,2022-07-20,2022,7,20,wheat,Common wheat grain,Storage,Zearalenone,no,,3.0,10.0,not_quantified_below_loq,Non Quantified Value ( less than LOQ),yes,yes,Objective sampling,Official (National) programme,According to 97/747/EC,SK_latest_15411469_contaminants.zip,OCC_CHEMMON2023_SK_2022.ZIP/OCC_CHEMMON2023_SK_2022.CSV,A2FBE52867C663F4974377B840569F86,48.053,17.37,2022-07-20,17.65,34.1,27.052086,43.05075,0.0,10.666667
SK,Slovaquie,SK,Slovakia,SK,Slovakia,2022-08-02,2022,8,2,wheat,Common wheat grain,Primary production,Zearalenone,no,,,1.0,not_quantified_below_loq,Non Quantified Value ( less than LOQ),yes,yes,Objective sampling,Official (National) programme,According to 97/747/EC,SK_latest_15411469_contaminants.zip,OCC_CHEMMON2023_SK_2022.ZIP/OCC_CHEMMON2023_SK_2022.CSV,15E6D8766996069B1B5ACF0C3115DA1D,48.053,17.37,2022-08-02,23.677084,29.0,19.0,60.066563,0.0,37.291668
SK,Slovaquie,SK,Slovakia,SK,Slovakia,2022-08-02,2022,8,2,wheat,Common wheat grain,Primary production,Zearalenone,no,,,1.0,not_quantified_below_loq,Non Quantified Value ( less than LOQ),yes,yes,Objective sampling,Official (National) programme,According to 97/747/EC,SK_latest_15411469_contaminants.zip,OCC_CHEMMON2023_SK_2022.ZIP/OCC_CHEMMON2023_SK_2022.CSV,C7F2C67CC344F71EA44D3D3A38BA56A8,48.053,17.37,2022-08-02,23.677084,29.0,19.0,60.066563,0.0,37.291668
CZ,Tchequie,CZ,Czechia,CZ,Czechia,2022-08-02,2022,8,2,barley,Barley grain (feed),Primary production,Zearalenone,no,20.0,,20.0,not_quantified_below_loq,Non Quantified Value ( less than LOQ),yes,yes,Objective sampling,Official (National) programme,,CZ_latest_15410924_contaminants.zip,OCC_CHEMMON2023_CZ_2022.ZIP/OCC_CHEMMON2023_CZ_2022.CSV,7CDAABC07430C0AAB0CB5B1D8FB9E7C8,49.765,15.05,2022-08-02,20.247915,24.4,14.55,70.99062,0.4,43.958332
SK,Slovaquie,SK,Slovakia,SK,Slovakia,2022-08-03,2022,8,3,wheat,Common wheat grain,Primary production,Zearalenone,no,,,8.0,not_quantified_below_loq,Non Quantified Value ( less than LOQ),yes,yes,Objective sampling,Official (National) programme,According to 97/747/EC,SK_latest_15411469_contaminants.zip,OCC_CHEMMON2023_SK_2022.ZIP/OCC_CHEMMON2023_SK_2022.CSV,03762503096F14164C63448901BA594F,48.053,17.37,2022-08-03,17.55,30.1,24.087502,56.05044,0.0,9.916667
DK,Danemark,DK,Denmark,DK,Denmark,2022-08-05,2022,8,5,barley,Barley grain (feed),Primary production,Zearalenone,no,,,15.0,not_quantified_below_loq,Non Quantified Value ( less than LOQ),yes,yes,Objective sampling,Official (National and EU) programme,According to Reg 152/2009,DK_latest_15402714_contaminants.zip,OCC_CHEMMON2023_DK_2022.ZIP/OCC_CHEMMON2023_DK_2022.CSV,2D79CEA84341BBA337D8190099F81D2B,55.779,9.119,2022-08-05,10.9,17.95,14.185418,78.82205,0.70000005,65.541664
SK,Slovaquie,SK,Slovakia,SK,Slovakia,2022-08-08,2022,8,8,wheat,Common wheat grain,Primary production,Zearalenone,no,,3.0,10.0,not_quantified_below_loq,Non Quantified Value ( less than LOQ),yes,yes,Objective sampling,Official (National) programme,According to 97/747/EC,SK_latest_15411469_contaminants.zip,OCC_CHEMMON2023_SK_2022.ZIP/OCC_CHEMMON2023_SK_2022.CSV,7E11CC482B24D33552A30408C71B0FBE,48.053,17.37,2022-08-08,16.6,24.2,19.445835,74.53414,7.7,75.083336
DK,Danemark,DK,Denmark,DK,Denmark,2022-08-09,2022,8,9,barley,Barley grain (feed),Primary production,Zearalenone,no,,,15.0,not_quantified_below_loq,Non Quantified Value ( less than LOQ),yes,yes,Objective sampling,Official (National and EU) programme,According to Reg 152/2009,DK_latest_15402714_contaminants.zip,OCC_CHEMMON2023_DK_2022.ZIP/OCC_CHEMMON2023_DK_2022.CSV,F5BE0CE3488CC43402257F670B402256,55.779,9.119,2022-08-09,11.15,20.5,16.127085,82.13409,0.2,90.875
DK,Danemark,DK,Denmark,DK,Denmark,2022-08-09,2022,8,9,barley,Barley grain (feed),Primary production,Zearalenone,no,,,15.0,not_quantified_below_loq,Non Quantified Value ( less than LOQ),yes,yes,Objective sampling,Official (National and EU) programme,According to Reg 152/2009,DK_latest_15402714_contaminants.zip,OCC_CHEMMON2023_DK_2022.ZIP/OCC_CHEMMON2023_DK_2022.CSV,2C0FB6BCD0A005ED195809012C6B1E20,55.779,9.119,2022-08-09,11.15,20.5,16.127085,82.13409,0.2,90.875
DK,Danemark,DK,Denmark,DK,Denmark,2022-08-09,2022,8,9,barley,Barley grain (feed),Primary production,Zearalenone,no,,,15.0,not_quantified_below_loq,Non Quantified Value ( less than LOQ),yes,yes,Objective sampling,Official (National and EU) programme,According to Reg 152/2009,DK_latest_15402714_contaminants.zip,OCC_CHEMMON2023_DK_2022.ZIP/OCC_CHEMMON2023_DK_2022.CSV,3FE0D0169A19757D6424F669D1C3724B,55.779,9.119,2022-08-09,11.15,20.5,16.127085,82.13409,0.2,90.875
CZ,Tchequie,CZ,Czechia,CZ,Czechia,2022-08-10,2022,8,10,barley,Barley grain (feed),Storage,Zearalenone,no,20.0,,20.0,not_quantified_below_loq,Non Quantified Value ( less than LOQ),yes,yes,Objective sampling,Official (National) programme,,CZ_latest_15410924_contaminants.zip,OCC_CHEMMON2023_CZ_2022.ZIP/OCC_CHEMMON2023_CZ_2022.CSV,5CA7A015E331FCC9F12642ACA66E3478,49.765,15.05,2022-08-10,13.55,24.1,18.93125,56.960575,0.0,36.541668
CZ,Tchequie,CZ,Czechia,CZ,Czechia,2022-08-15,2022,8,15,barley,Barley grain (feed),Primary production,Zearalenone,no,20.0,,20.0,not_quantified_below_loq,Non Quantified Value ( less than LOQ),yes,yes,Objective sampling,Official (National) programme,,CZ_latest_15410924_contaminants.zip,OCC_CHEMMON2023_CZ_2022.ZIP/OCC_CHEMMON2023_CZ_2022.CSV,5357D52103996F0A1E8F18DE659934F0,49.765,15.05,2022-08-15,16.35,26.2,20.664583,77.31367,4.3,46.25
CZ,Tchequie,CZ,Czechia,CZ,Czechia,2022-08-15,2022,8,15,barley,Barley grain (feed),Primary production,Zearalenone,no,20.0,,20.0,not_quantified_below_loq,Non Quantified Value ( less than LOQ),yes,yes,Objective sampling,Official (National) programme,,CZ_latest_15410924_contaminants.zip,OCC_CHEMMON2023_CZ_2022.ZIP/OCC_CHEMMON2023_CZ_2022.CSV,97289AB78497313CDEAB21AABA1C0475,49.765,15.05,2022-08-15,16.35,26.2,20.664583,77.31367,4.3,46.25
DK,Danemark,DK,Denmark,DK,Denmark,2022-08-16,2022,8,16,maize,Maize silage (feed),Primary production,Zearalenone,yes,176.1007743,,1.4,quantified_positive,Numerical Value,yes,yes,Objective sampling,Official (National and EU) programme,According to Reg 152/2009,DK_latest_15402714_contaminants.zip,OCC_CHEMMON2023_DK_2022.ZIP/OCC_CHEMMON2023_DK_2022.CSV,886F9DE469972381928AF578AC296393,55.779,9.119,2022-08-16,16.95,25.35,20.7875,83.20129,0.7,79.416664
DK,Danemark,DK,Denmark,DK,Denmark,2022-08-16,2022,8,16,maize,Maize silage (feed),Primary production,Zearalenone,yes,41.56840692,,1.4,quantified_positive,Numerical Value,yes,yes,Objective sampling,Official (National and EU) programme,According to Reg 152/2009,DK_latest_15402714_contaminants.zip,OCC_CHEMMON2023_DK_2022.ZIP/OCC_CHEMMON2023_DK_2022.CSV,36C4A760485D34AD91C601792B121C86,55.779,9.119,2022-08-16,16.95,25.35,20.7875,83.20129,0.7,79.416664
DK,Danemark,DK,Denmark,DK,Denmark,2022-08-19,2022,8,19,generic_cereal,Cereal grains and products derived thereof (feed),Primary production,Zearalenone,no,2.081103931,,15.0,not_quantified_below_loq,Non Quantified Value ( less than LOQ),yes,yes,Objective sampling,Official (National and EU) programme,According to Reg 152/2009,DK_latest_15402714_contaminants.zip,OCC_CHEMMON2023_DK_2022.ZIP/OCC_CHEMMON2023_DK_2022.CSV,62B1E7260D4D83D26222893BA044AAAB,55.779,9.119,2022-08-19,14.4,23.0,18.391665,79.7347,0.1,76.083336
DK,Danemark,DK,Denmark,DK,Denmark,2022-08-19,2022,8,19,barley,Barley grain (feed),Primary production,Zearalenone,no,,,15.0,not_quantified_below_loq,Non Quantified Value ( less than LOQ),yes,yes,Objective sampling,Official (National and EU) programme,According to Reg 152/2009,DK_latest_15402714_contaminants.zip,OCC_CHEMMON2023_DK_2022.ZIP/OCC_CHEMMON2023_DK_2022.CSV,D4A08BB33BFFC6E1CE020B2B7E4DADCB,55.779,9.119,2022-08-19,14.4,23.0,18.391665,79.7347,0.1,76.083336
DK,Danemark,DK,Denmark,DK,Denmark,2022-08-19,2022,8,19,generic_cereal,Cereal grains and products derived thereof (feed),Primary production,Zearalenone,no,,,15.0,not_quantified_below_loq,Non Quantified Value ( less than LOQ),yes,yes,Objective sampling,Official (National and EU) programme,According to Reg 152/2009,DK_latest_15402714_contaminants.zip,OCC_CHEMMON2023_DK_2022.ZIP/OCC_CHEMMON2023_DK_2022.CSV,158D129397CB721F9FF1347D158EC3A8,55.779,9.119,2022-08-19,14.4,23.0,18.391665,79.7347,0.1,76.083336
DK,Danemark,DK,Denmark,DK,Denmark,2022-08-19,2022,8,19,wheat,Wheat grains (feed),Primary production,Zearalenone,no,,,15.0,not_quantified_below_loq,Non Quantified Value ( less than LOQ),yes,yes,Objective sampling,Official (National and EU) programme,According to Reg 152/2009,DK_latest_15402714_contaminants.zip,OCC_CHEMMON2023_DK_2022.ZIP/OCC_CHEMMON2023_DK_2022.CSV,6EBDABA934B5760A1B39B6925099EDBB,55.779,9.119,2022-08-19,14.4,23.0,18.391665,79.7347,0.1,76.083336
CZ,Tchequie,CZ,Czechia,CZ,Czechia,2022-08-23,2022,8,23,wheat,Wheat grains (feed),Primary production,Zearalenone,no,20.0,,20.0,not_quantified_below_loq,Non Quantified Value ( less than LOQ),yes,yes,Objective sampling,Official (National) programme,,CZ_latest_15410924_contaminants.zip,OCC_CHEMMON2023_CZ_2022.ZIP/OCC_CHEMMON2023_CZ_2022.CSV,7448601E3A6569EE5EB4A878B8BBF7DF,49.765,15.05,2022-08-23,19.010416,22.1,16.55,81.67733,5.1,77.625
CZ,Tchequie,CZ,Czechia,CZ,Czechia,2022-08-23,2022,8,23,wheat,Wheat grains (feed),Storage,Zearalenone,no,20.0,,20.0,not_quantified_below_loq,Non Quantified Value ( less than LOQ),yes,yes,Objective sampling,Official (National) programme,,CZ_latest_15410924_contaminants.zip,OCC_CHEMMON2023_CZ_2022.ZIP/OCC_CHEMMON2023_CZ_2022.CSV,DB7F37FCC55738308E1C3DF741117B27,49.765,15.05,2022-08-23,16.0375,19.05,13.8,92.244316,19.500002,76.791664
SK,Slovaquie,SK,Slovakia,SK,Slovakia,2022-08-23,2022,8,23,maize,Maize grain (feed),Farm,Zearalenone,no,,3.0,10.0,not_quantified_below_loq,Non Quantified Value ( less than LOQ),yes,yes,Other,Official (National) programme,According to 97/747/EC,SK_latest_15411469_contaminants.zip,OCC_CHEMMON2023_SK_2022.ZIP/OCC_CHEMMON2023_SK_2022.CSV,8502828A492C5B3690650659D49B8CED,48.053,17.37,2022-08-23,16.0375,19.05,13.8,92.244316,19.500002,76.791664
DK,Danemark,DK,Denmark,DK,Denmark,2022-08-24,2022,8,24,generic_cereal,Cereal grains and products derived thereof (feed),Primary production,Zearalenone,no,,,15.0,not_quantified_below_loq,Non Quantified Value ( less than LOQ),yes,yes,Objective sampling,Official (National and EU) programme,According to Reg 152/2009,DK_latest_15402714_contaminants.zip,OCC_CHEMMON2023_DK_2022.ZIP/OCC_CHEMMON2023_DK_2022.CSV,16A6E3D02831E9DEC72589169975F3E0,55.779,9.119,2022-08-24,20.2875,24.55,16.55,67.88915,0.0,39.291668
DK,Danemark,DK,Denmark,DK,Denmark,2022-08-25,2022,8,25,wheat,Wheat grains (feed),Primary production,Zearalenone,no,,,15.0,not_quantified_below_loq,Non Quantified Value ( less than LOQ),yes,yes,Objective sampling,Official (National and EU) programme,According to Reg 152/2009,DK_latest_15402714_contaminants.zip,OCC_CHEMMON2023_DK_2022.ZIP/OCC_CHEMMON2023_DK_2022.CSV,84554341DFC595490527D4855FD519A9,55.779,9.119,2022-08-25,19.785416,23.7,16.05,77.91216,0.0,25.083334
DK,Danemark,DK,Denmark,DK,Denmark,2022-08-25,2022,8,25,barley,Barley grain (feed),Primary production,Zearalenone,no,,,15.0,not_quantified_below_loq,Non Quantified Value ( less than LOQ),yes,yes,Objective sampling,Official (National and EU) programme,According to Reg 152/2009,DK_latest_15402714_contaminants.zip,OCC_CHEMMON2023_DK_2022.ZIP/OCC_CHEMMON2023_DK_2022.CSV,9AEDFF92810DAD1A83A6213026BA0F1E,55.779,9.119,2022-08-25,19.785416,23.7,16.05,77.91216,0.0,25.083334
DK,Danemark,DK,Denmark,DK,Denmark,2022-08-30,2022,8,30,barley,Barley grain (feed),Primary production,Zearalenone,no,,,15.0,not_quantified_below_loq,Non Quantified Value ( less than LOQ),yes,yes,Objective sampling,Official (National and EU) programme,According to Reg 152/2009,DK_latest_15402714_contaminants.zip,OCC_CHEMMON2023_DK_2022.ZIP/OCC_CHEMMON2023_DK_2022.CSV,3657DA4E2CE5E87D78032DBDD41E92FF,55.779,9.119,2022-08-30,9.6,19.35,14.531249,68.8864,0.0,34.583332
DK,Danemark,DK,Denmark,DK,Denmark,2022-08-31,2022,8,31,wheat,Wheat grains (feed),Primary production,Zearalenone,no,,,15.0,not_quantified_below_loq,Non Quantified Value ( less than LOQ),yes,yes,Objective sampling,Official (National and EU) programme,According to Reg 152/2009,DK_latest_15402714_contaminants.zip,OCC_CHEMMON2023_DK_2022.ZIP/OCC_CHEMMON2023_DK_2022.CSV,BC8BB398D602082E4DD5EF4D2727A5F5,55.779,9.119,2022-08-31,14.022914,19.2,9.4,71.644745,0.1,30.083334
CZ,Tchequie,CZ,Czechia,CZ,Czechia,2022-08-31,2022,8,31,wheat,Wheat grains (feed),Storage,Zearalenone,no,20.0,,20.0,not_quantified_below_loq,Non Quantified Value ( less than LOQ),yes,yes,Objective sampling,Official (National) programme,,CZ_latest_15410924_contaminants.zip,OCC_CHEMMON2023_CZ_2022.ZIP/OCC_CHEMMON2023_CZ_2022.CSV,DAB07593521D735403CAE831A1783049,49.765,15.05,2022-08-31,16.270832,19.55,13.65,76.281166,0.3,100.0
DK,Danemark,DK,Denmark,DK,Denmark,2022-09-01,2022,9,1,wheat,Wheat grains (feed),Primary production,Zearalenone,no,,,15.0,not_quantified_below_loq,Non Quantified Value ( less than LOQ),yes,yes,Objective sampling,Official (National and EU) programme,According to Reg 152/2009,DK_latest_15402714_contaminants.zip,OCC_CHEMMON2023_DK_2022.ZIP/OCC_CHEMMON2023_DK_2022.CSV,CF24DBCDFC396A9E6D9239CEEA55BCA2,55.779,9.119,2022-09-01,8.75,20.0,14.227084,66.7759,0.0,14.583333
DK,Danemark,DK,Denmark,DK,Denmark,2022-09-01,2022,9,1,barley,Barley grain (feed),Primary production,Zearalenone,no,,,15.0,not_quantified_below_loq,Non Quantified Value ( less than LOQ),yes,yes,Objective sampling,Official (National and EU) programme,According to Reg 152/2009,DK_latest_15402714_contaminants.zip,OCC_CHEMMON2023_DK_2022.ZIP/OCC_CHEMMON2023_DK_2022.CSV,0C1749D6C3F6198EB14E56222B512AA5,55.779,9.119,2022-09-01,8.75,20.0,14.227084,66.7759,0.0,14.583333
DK,Danemark,DK,Denmark,DK,Denmark,2022-09-01,2022,9,1,generic_cereal,Cereal grains and products derived thereof (feed),Primary production,Zearalenone,no,2.069497488,,15.0,not_quantified_below_loq,Non Quantified Value ( less than LOQ),yes,yes,Objective sampling,Official (National and EU) programme,According to Reg 152/2009,DK_latest_15402714_contaminants.zip,OCC_CHEMMON2023_DK_2022.ZIP/OCC_CHEMMON2023_DK_2022.CSV,0F7BC5087F63B316871BBE10FBD09D56,55.779,9.119,2022-09-01,8.75,20.0,14.227084,66.7759,0.0,14.583333
CZ,Tchequie,CZ,Czechia,CZ,Czechia,2022-09-07,2022,9,7,wheat,Wheat grains (feed),Storage,Zearalenone,no,20.0,,20.0,not_quantified_below_loq,Non Quantified Value ( less than LOQ),yes,yes,Objective sampling,Official (National) programme,,CZ_latest_15410924_contaminants.zip,OCC_CHEMMON2023_CZ_2022.ZIP/OCC_CHEMMON2023_CZ_2022.CSV,BE1CCFCBC915A7E777B9C6DE355B68D2,49.765,15.05,2022-09-07,14.6,23.75,18.145832,83.73252,3.9,75.083336
DK,Danemark,DK,Denmark,DK,Denmark,2022-09-09,2022,9,9,barley,Barley grain (feed),Primary production,Zearalenone,no,,,15.0,not_quantified_below_loq,Non Quantified Value ( less than LOQ),yes,yes,Objective sampling,Official (National and EU) programme,According to Reg 152/2009,DK_latest_15402714_contaminants.zip,OCC_CHEMMON2023_DK_2022.ZIP/OCC_CHEMMON2023_DK_2022.CSV,18684423514A3D6CA0493DC5EC165FE7,55.779,9.119,2022-09-09,12.9,18.5,14.920834,88.37682,8.999999,74.083336
DK,Danemark,DK,Denmark,DK,Denmark,2022-09-12,2022,9,12,wheat,Wheat grains (feed),Primary production,Zearalenone,no,,,15.0,not_quantified_below_loq,Non Quantified Value ( less than LOQ),yes,yes,Objective sampling,Official (National and EU) programme,According to Reg 152/2009,DK_latest_15402714_contaminants.zip,OCC_CHEMMON2023_DK_2022.ZIP/OCC_CHEMMON2023_DK_2022.CSV,AF4A080399C4897DD4706C3CE02D437C,55.779,9.119,2022-09-12,8.75,17.95,14.414582,85.99185,8.3,99.791664
DK,Danemark,DK,Denmark,DK,Denmark,2022-09-12,2022,9,12,barley,Barley grain (feed),Primary production,Zearalenone,no,,,15.0,not_quantified_below_loq,Non Quantified Value ( less than LOQ),yes,yes,Objective sampling,Official (National and EU) programme,According to Reg 152/2009,DK_latest_15402714_contaminants.zip,OCC_CHEMMON2023_DK_2022.ZIP/OCC_CHEMMON2023_DK_2022.CSV,D2867FE1F77F6629559969D5717C3419,55.779,9.119,2022-09-12,8.75,17.95,14.414582,85.99185,8.3,99.791664
LT,Lituanie,LT,Lithuania,LT,Lithuania,2022-09-14,2022,9,14,generic_cereal,Cereal grains and products derived thereof (feed),Farm,Zearalanone,no,,,7.8,not_quantified_below_loq,Non Quantified Value ( less than LOQ),yes,yes,Selective sampling,Official (National) programme,According to Dir. 2002/63/EC,LT_latest_15334031_contaminants.zip,OCC_CHEMMON2023_LT_2022.ZIP/OCC_CHEMMON2023_LT_2022.CSV,B52B082FEF1E39AEA9078D97AE6C65C1,55.201,24.135,2022-09-14,13.602082,17.0,10.9,83.39271,3.7999997,80.25
DK,Danemark,DK,Denmark,DK,Denmark,2022-09-14,2022,9,14,barley,Barley grain (feed),Primary production,Zearalenone,no,,,15.0,not_quantified_below_loq,Non Quantified Value ( less than LOQ),yes,yes,Objective sampling,Official (National and EU) programme,According to Reg 152/2009,DK_latest_15402714_contaminants.zip,OCC_CHEMMON2023_DK_2022.ZIP/OCC_CHEMMON2023_DK_2022.CSV,27DF9269B0A6D975728983D2CF3D791E,55.779,9.119,2022-09-14,13.752083,16.15,11.55,76.04165,0.5,77.5
SK,Slovaquie,SK,Slovakia,SK,Slovakia,2022-09-16,2022,9,16,wheat,Common wheat grain,Farm,Zearalenone,no,,,2000.0,not_quantified_below_loq,Non Quantified Value ( less than LOQ),yes,yes,Other,Official (National) programme,According to 97/747/EC,SK_latest_15411469_contaminants.zip,OCC_CHEMMON2023_SK_2022.ZIP/OCC_CHEMMON2023_SK_2022.CSV,6C03AE01BAA0F2B444A4E1C65D4C3F14,48.053,17.37,2022-09-16,12.474999,16.65,9.25,79.123245,1.3000001,38.5
DK,Danemark,DK,Denmark,DK,Denmark,2022-09-16,2022,9,16,barley,Barley grain (feed),Primary production,Zearalenone,no,,,15.0,not_quantified_below_loq,Non Quantified Value ( less than LOQ),yes,yes,Objective sampling,Official (National and EU) programme,According to Reg 152/2009,DK_latest_15402714_contaminants.zip,OCC_CHEMMON2023_DK_2022.ZIP/OCC_CHEMMON2023_DK_2022.CSV,71B413DE783BFE2134831A0321007ED6,55.779,9.119,2022-09-16,16.022917,20.05,13.55,76.66399,1.8000001,91.125
DK,Danemark,DK,Denmark,DK,Denmark,2022-09-16,2022,9,16,wheat,Wheat grains (feed),Primary production,Zearalenone,no,4.122851608,,15.0,not_quantified_below_loq,Non Quantified Value ( less than LOQ),yes,yes,Objective sampling,Official (National and EU) programme,According to Reg 152/2009,DK_latest_15402714_contaminants.zip,OCC_CHEMMON2023_DK_2022.ZIP/OCC_CHEMMON2023_DK_2022.CSV,2FE09D58B75D35805FA543A4C5E8F09C,55.779,9.119,2022-09-16,12.474999,16.65,9.25,79.123245,1.3000001,38.5
DK,Danemark,DK,Denmark,DK,Denmark,2022-09-19,2022,9,19,barley,Barley grain (feed),Primary production,Zearalenone,no,,,15.0,not_quantified_below_loq,Non Quantified Value ( less than LOQ),yes,yes,Objective sampling,Official (National and EU) programme,According to Reg 152/2009,DK_latest_15402714_contaminants.zip,OCC_CHEMMON2023_DK_2022.ZIP/OCC_CHEMMON2023_DK_2022.CSV,1661412F5DD3403523EA873B79116BB0,55.779,9.119,2022-09-19,5.0,14.85,10.266667,79.73152,4.6,19.666666
LT,Lituanie,LT,Lithuania,LT,Lithuania,2022-09-20,2022,9,20,generic_cereal,Cereal grains and products derived thereof (feed),Farm,Zearalanone,no,,,7.8,not_quantified_below_loq,Non Quantified Value ( less than LOQ),yes,yes,Selective sampling,Official (National) programme,According to Dir. 2002/63/EC,LT_latest_15334031_contaminants.zip,OCC_CHEMMON2023_LT_2022.ZIP/OCC_CHEMMON2023_LT_2022.CSV,BFB69B2107A0485928E2DE0E6B732289,55.201,24.135,2022-09-20,7.3,14.7,10.720833,83.80301,0.5,48.875
CZ,Tchequie,CZ,Czechia,CZ,Czechia,2022-09-21,2022,9,21,wheat,Wheat grains (feed),Storage,Zearalenone,no,20.0,,20.0,not_quantified_below_loq,Non Quantified Value ( less than LOQ),yes,yes,Objective sampling,Official (National) programme,,CZ_latest_15410924_contaminants.zip,OCC_CHEMMON2023_CZ_2022.ZIP/OCC_CHEMMON2023_CZ_2022.CSV,D9C556A1FFC10CFEB5A55C2A926E0017,49.765,15.05,2022-09-21,3.95,11.7,7.9833336,84.05596,0.90000004,27.25
DK,Danemark,DK,Denmark,DK,Denmark,2022-09-22,2022,9,22,barley,Barley grain (feed),Primary production,Zearalenone,no,,,15.0,not_quantified_below_loq,Non Quantified Value ( less than LOQ),yes,yes,Objective sampling,Official (National and EU) programme,According to Reg 152/2009,DK_latest_15402714_contaminants.zip,OCC_CHEMMON2023_DK_2022.ZIP/OCC_CHEMMON2023_DK_2022.CSV,16D474389D17EFF19FB4DD472E37143F,55.779,9.119,2022-09-22,5.9,15.6,10.872917,77.654335,0.1,84.333336
DK,Danemark,DK,Denmark,DK,Denmark,2022-09-23,2022,9,23,barley,Barley grain (feed),Primary production,Zearalenone,no,,,15.0,not_quantified_below_loq,Non Quantified Value ( less than LOQ),yes,yes,Objective sampling,Official (National and EU) programme,According to Reg 152/2009,DK_latest_15402714_contaminants.zip,OCC_CHEMMON2023_DK_2022.ZIP/OCC_CHEMMON2023_DK_2022.CSV,D273A22261742E75512EC41B3A2EA5F8,55.779,9.119,2022-09-23,11.720834,16.1,8.45,77.799446,3.5,96.25
DK,Danemark,DK,Denmark,DK,Denmark,2022-09-23,2022,9,23,wheat,Wheat grains (feed),Primary production,Zearalenone,no,,,15.0,not_quantified_below_loq,Non Quantified Value ( less than LOQ),yes,yes,Objective sampling,Official (National and EU) programme,According to Reg 152/2009,DK_latest_15402714_contaminants.zip,OCC_CHEMMON2023_DK_2022.ZIP/OCC_CHEMMON2023_DK_2022.CSV,835A34FFEA7BBC293B964EE1EDE978EB,55.779,9.119,2022-09-23,11.720834,16.1,8.45,77.799446,3.5,96.25
SK,Slovaquie,SK,Slovakia,SK,Slovakia,2022-09-23,2022,9,23,wheat,Common wheat grain,Farm,Zearalenone,no,,3.0,10.0,not_quantified_below_loq,Non Quantified Value ( less than LOQ),yes,yes,Objective sampling,Official (National) programme,According to 97/747/EC,SK_latest_15411469_contaminants.zip,OCC_CHEMMON2023_SK_2022.ZIP/OCC_CHEMMON2023_SK_2022.CSV,71819FC35C402331AAFFBA6CE7946914,48.053,17.37,2022-09-23,11.274999,17.05,5.45,64.08317,0.0,38.208332
LT,Lituanie,LT,Lithuania,LT,Lithuania,2022-09-27,2022,9,27,generic_cereal,Cereal grains and products derived thereof (feed),Farm,Zearalanone,no,,,7.8,not_quantified_below_loq,Non Quantified Value ( less than LOQ),yes,yes,Selective sampling,Official (National) programme,According to Dir. 2002/63/EC,LT_latest_15334031_contaminants.zip,OCC_CHEMMON2023_LT_2022.ZIP/OCC_CHEMMON2023_LT_2022.CSV,7739FD9B4F7A332CFA09EAF91BB97F41,55.201,24.135,2022-09-27,11.368752,15.5,8.55,80.40916,1.1,84.25
CZ,Tchequie,CZ,Czechia,CZ,Czechia,2022-09-27,2022,9,27,wheat,Wheat grains (feed),Primary production,Zearalenone,no,20.0,,20.0,not_quantified_below_loq,Non Quantified Value ( less than LOQ),yes,yes,Objective sampling,Official (National) programme,,CZ_latest_15410924_contaminants.zip,OCC_CHEMMON2023_CZ_2022.ZIP/OCC_CHEMMON2023_CZ_2022.CSV,E33FEAF5F467D79BA29C89375B3E68D6,49.765,15.05,2022-09-27,9.6375,12.5,6.2,76.65903,1.1,81.291664
SK,Slovaquie,SK,Slovakia,SK,Slovakia,2022-10-04,2022,10,4,generic_cereal,Cereal grains screenings (feed),Farm,Zearalenone,yes,5.0,,1.0,quantified_positive,Numerical Value,yes,yes,Other,Official (National) programme,According to 97/747/EC,SK_latest_15411469_contaminants.zip,OCC_CHEMMON2023_SK_2022.ZIP/OCC_CHEMMON2023_SK_2022.CSV,0827A09D12275EC548244709F6C64732,48.053,17.37,2022-10-04,13.172916,16.9,8.4,70.738,0.1,40.541668
CZ,Tchequie,CZ,Czechia,CZ,Czechia,2022-10-04,2022,10,4,maize,Maize grain (feed),Primary production,Zearalenone,yes,72.0,,20.0,quantified_positive,Numerical Value,yes,yes,Objective sampling,Official (National) programme,,CZ_latest_15410924_contaminants.zip,OCC_CHEMMON2023_CZ_2022.ZIP/OCC_CHEMMON2023_CZ_2022.CSV,1A7536FDB2D1EAF484C0BE2B5CD67D8D,49.765,15.05,2022-10-04,10.641666,14.5,7.8,77.819084,0.4,66.166664
DK,Danemark,DK,Denmark,DK,Denmark,2022-10-05,2022,10,5,barley,Barley grain (feed),Primary production,Zearalenone,no,,,15.0,not_quantified_below_loq,Non Quantified Value ( less than LOQ),yes,yes,Objective sampling,Official (National and EU) programme,According to Reg 152/2009,DK_latest_15402714_contaminants.zip,OCC_CHEMMON2023_DK_2022.ZIP/OCC_CHEMMON2023_DK_2022.CSV,A08CD720C0D4EA79062FEE3633D44CAB,55.779,9.119,2022-10-05,14.733331,15.6,12.5,89.66209,4.9,99.583336
LT,Lituanie,LT,Lithuania,LT,Lithuania,2022-10-05,2022,10,5,generic_cereal,Cereal grains and products derived thereof (feed),Farm,Zearalanone,no,,,7.8,not_quantified_below_loq,Non Quantified Value ( less than LOQ),yes,yes,Selective sampling,Official (National) programme,According to Dir. 2002/63/EC,LT_latest_15334031_contaminants.zip,OCC_CHEMMON2023_LT_2022.ZIP/OCC_CHEMMON2023_LT_2022.CSV,75233C6ADB2DFC23EB536527AC862F61,55.201,24.135,2022-10-05,14.733331,15.6,12.5,89.66209,4.9,99.583336
DK,Danemark,DK,Denmark,DK,Denmark,2022-10-05,2022,10,5,barley,Barley grain (feed),Primary production,Zearalenone,no,,,15.0,not_quantified_below_loq,Non Quantified Value ( less than LOQ),yes,yes,Objective sampling,Official (National and EU) programme,According to Reg 152/2009,DK_latest_15402714_contaminants.zip,OCC_CHEMMON2023_DK_2022.ZIP/OCC_CHEMMON2023_DK_2022.CSV,F384A0961280C81973AB518E2D2033E8,55.779,9.119,2022-10-05,11.075001,14.2,7.3,86.469444,0.0,89.958336
LT,Lituanie,LT,Lithuania,LT,Lithuania,2022-10-06,2022,10,6,generic_cereal,Cereal grains and products derived thereof (feed),Farm,Zearalanone,no,,,7.8,not_quantified_below_loq,Non Quantified Value ( less than LOQ),yes,yes,Selective sampling,Official (National) programme,According to Dir. 2002/63/EC,LT_latest_15334031_contaminants.zip,OCC_CHEMMON2023_LT_2022.ZIP/OCC_CHEMMON2023_LT_2022.CSV,013DD5C3E1CF52F271EE0D176FC3DB29,55.201,24.135,2022-10-06,8.55,16.9,12.162499,79.674965,0.1,21.291666
DK,Danemark,DK,Denmark,DK,Denmark,2022-10-12,2022,10,12,wheat,Wheat grains (feed),Primary production,Zearalenone,no,,,15.0,not_quantified_below_loq,Non Quantified Value ( less than LOQ),yes,yes,Objective sampling,Official (National and EU) programme,According to Reg 152/2009,DK_latest_15402714_contaminants.zip,OCC_CHEMMON2023_DK_2022.ZIP/OCC_CHEMMON2023_DK_2022.CSV,09CF9E6276D45911BEA7B457B650725E,55.779,9.119,2022-10-12,10.239584,13.4,7.55,82.5769,0.1,82.083336
DK,Danemark,DK,Denmark,DK,Denmark,2022-10-12,2022,10,12,barley,Barley grain (feed),Primary production,Zearalenone,no,,,15.0,not_quantified_below_loq,Non Quantified Value ( less than LOQ),yes,yes,Objective sampling,Official (National and EU) programme,According to Reg 152/2009,DK_latest_15402714_contaminants.zip,OCC_CHEMMON2023_DK_2022.ZIP/OCC_CHEMMON2023_DK_2022.CSV,EC7D80A916FE7DEC6B1A915A20C459B2,55.779,9.119,2022-10-12,10.239584,13.4,7.55,82.5769,0.1,82.083336
DK,Danemark,DK,Denmark,DK,Denmark,2022-10-13,2022,10,13,barley,Barley grain (feed),Primary production,Zearalenone,no,1.029717892,,15.0,not_quantified_below_loq,Non Quantified Value ( less than LOQ),yes,yes,Objective sampling,Official (National and EU) programme,According to Reg 152/2009,DK_latest_15402714_contaminants.zip,OCC_CHEMMON2023_DK_2022.ZIP/OCC_CHEMMON2023_DK_2022.CSV,47963C8201DAFE0569D331735885B564,55.779,9.119,2022-10-13,9.943749,12.05,7.7,90.53713,1.8,88.791664
DK,Danemark,DK,Denmark,DK,Denmark,2022-10-13,2022,10,13,wheat,Wheat grains (feed),Primary production,Zearalenone,no,,,15.0,not_quantified_below_loq,Non Quantified Value ( less than LOQ),yes,yes,Objective sampling,Official (National and EU) programme,According to Reg 152/2009,DK_latest_15402714_contaminants.zip,OCC_CHEMMON2023_DK_2022.ZIP/OCC_CHEMMON2023_DK_2022.CSV,F9421A0B2FA9FED0704D67805590B83B,55.779,9.119,2022-10-13,9.943749,12.05,7.7,90.53713,1.8,88.791664
DK,Danemark,DK,Denmark,DK,Denmark,2022-10-18,2022,10,18,generic_cereal,Cereal grains and products derived thereof (feed),Primary production,Zearalenone,no,,,15.0,not_quantified_below_loq,Non Quantified Value ( less than LOQ),yes,yes,Objective sampling,Official (National and EU) programme,According to Reg 152/2009,DK_latest_15402714_contaminants.zip,OCC_CHEMMON2023_DK_2022.ZIP/OCC_CHEMMON2023_DK_2022.CSV,83A0A347F038C1E78C7B6E3BA47CF558,55.779,9.119,2022-10-18,8.0,14.35,11.127083,87.56961,0.4,41.5
SK,Slovaquie,SK,Slovakia,SK,Slovakia,2022-11-03,2022,11,3,generic_cereal,Cereal grains screenings (feed),Farm,Zearalenone,no,,,20.0,not_quantified_below_loq,Non Quantified Value ( less than LOQ),yes,yes,Other,Official (National) programme,According to 97/747/EC,SK_latest_15411469_contaminants.zip,OCC_CHEMMON2023_SK_2022.ZIP/OCC_CHEMMON2023_SK_2022.CSV,2F4E8CE0637E172407852ADD21D6E858,48.053,17.37,2022-11-03,10.89375,17.1,6.65,83.99032,0.0,62.041668
DK,Danemark,DK,Denmark,DK,Denmark,2022-11-03,2022,11,3,wheat,Wheat grains (feed),Primary production,Zearalenone,no,1.032753544,,15.0,not_quantified_below_loq,Non Quantified Value ( less than LOQ),yes,yes,Objective sampling,Official (National and EU) programme,According to Reg 152/2009,DK_latest_15402714_contaminants.zip,OCC_CHEMMON2023_DK_2022.ZIP/OCC_CHEMMON2023_DK_2022.CSV,D5666178C69B3EC86FAE5AC3C46CA562,55.779,9.119,2022-11-03,10.247917,12.2,9.3,82.02799,1.6,98.0
DK,Danemark,DK,Denmark,DK,Denmark,2022-11-04,2022,11,4,barley,Barley grain (feed),Primary production,Zearalenone,no,,,15.0,not_quantified_below_loq,Non Quantified Value ( less than LOQ),yes,yes,Objective sampling,Official (National and EU) programme,According to Reg 152/2009,DK_latest_15402714_contaminants.zip,OCC_CHEMMON2023_DK_2022.ZIP/OCC_CHEMMON2023_DK_2022.CSV,08BEAEA8213C8025483AD16C2A01BB48,55.779,9.119,2022-11-04,7.8,11.1,9.162498,83.90075,2.4999998,90.791664
DK,Danemark,DK,Denmark,DK,Denmark,2022-11-08,2022,11,8,maize,Maize silage (feed),Primary production,Zearalenone,yes,70.85375436,,1.4,quantified_positive,Numerical Value,yes,yes,Objective sampling,Official (National and EU) programme,According to Reg 152/2009,DK_latest_15402714_contaminants.zip,OCC_CHEMMON2023_DK_2022.ZIP/OCC_CHEMMON2023_DK_2022.CSV,9D7D9A5DA08DAA0725109515D63DBC8B,55.779,9.119,2022-11-08,12.031249,12.9,11.0,86.96771,3.1999998,99.958336
SK,Slovaquie,SK,Slovakia,SK,Slovakia,2022-11-08,2022,11,8,maize,Maize grain (feed),Farm,Zearalenone,no,,,20.0,not_quantified_below_loq,Non Quantified Value ( less than LOQ),yes,yes,Other,Official (National) programme,According to 97/747/EC,SK_latest_15411469_contaminants.zip,OCC_CHEMMON2023_SK_2022.ZIP/OCC_CHEMMON2023_SK_2022.CSV,F9D6B3C414005D9EB441BD877E0662FD,48.053,17.37,2022-11-08,8.864584,14.7,3.6,88.971565,0.0,27.416666
LT,Lituanie,LT,Lithuania,LT,Lithuania,2022-11-09,2022,11,9,generic_cereal,Cereal grains and products derived thereof (feed),Farm,Zearalanone,no,,,7.8,not_quantified_below_loq,Non Quantified Value ( less than LOQ),yes,yes,Selective sampling,Official (National) programme,According to Dir. 2002/63/EC,LT_latest_15334031_contaminants.zip,OCC_CHEMMON2023_LT_2022.ZIP/OCC_CHEMMON2023_LT_2022.CSV,77D9CB7BC8FBC0A5B185BA5F9F4D744F,55.201,24.135,2022-11-09,7.65,10.75,8.843751,89.92478,1.9,100.0
LT,Lituanie,LT,Lithuania,LT,Lithuania,2022-11-11,2022,11,11,generic_cereal,Cereal grains and products derived thereof (feed),Farm,Zearalanone,no,,,7.8,not_quantified_below_loq,Non Quantified Value ( less than LOQ),yes,yes,Selective sampling,Official (National) programme,According to Dir. 2002/63/EC,LT_latest_15334031_contaminants.zip,OCC_CHEMMON2023_LT_2022.ZIP/OCC_CHEMMON2023_LT_2022.CSV,165743D7E5081C5CE81C90EF0780ED27,55.201,24.135,2022-11-11,8.75,11.3,9.941667,92.84351,0.6,100.0
DK,Danemark,DK,Denmark,DK,Denmark,2022-11-15,2022,11,15,wheat,Wheat grains (feed),Primary production,Zearalenone,no,,,15.0,not_quantified_below_loq,Non Quantified Value ( less than LOQ),yes,yes,Objective sampling,Official (National and EU) programme,According to Reg 152/2009,DK_latest_15402714_contaminants.zip,OCC_CHEMMON2023_DK_2022.ZIP/OCC_CHEMMON2023_DK_2022.CSV,B1AA00663DF6BFCEB1B497C9FC6A7B87,55.779,9.119,2022-11-15,6.1,9.05,7.96875,92.34958,0.6,94.25
DK,Danemark,DK,Denmark,DK,Denmark,2022-11-15,2022,11,15,maize,Maize silage (feed),Primary production,Zearalenone,yes,27.07430848,,1.4,quantified_positive,Numerical Value,yes,yes,Objective sampling,Official (National and EU) programme,According to Reg 152/2009,DK_latest_15402714_contaminants.zip,OCC_CHEMMON2023_DK_2022.ZIP/OCC_CHEMMON2023_DK_2022.CSV,80CB82043AD2A69BA8D0B23A4DCE8E0D,55.779,9.119,2022-11-15,6.1,9.05,7.96875,92.34958,0.6,94.25
DK,Danemark,DK,Denmark,DK,Denmark,2022-11-21,2022,11,21,wheat,Wheat grains (feed),Primary production,Zearalenone,no,,,15.0,not_quantified_below_loq,Non Quantified Value ( less than LOQ),yes,yes,Objective sampling,Official (National and EU) programme,According to Reg 152/2009,DK_latest_15402714_contaminants.zip,OCC_CHEMMON2023_DK_2022.ZIP/OCC_CHEMMON2023_DK_2022.CSV,53E0B550114583B1EE5FA97D313DC899,55.779,9.119,2022-11-21,-0.96250004,0.45,-2.1,93.56009,1.3000002,90.875
DK,Danemark,DK,Denmark,DK,Denmark,2022-11-21,2022,11,21,wheat,Wheat grains (feed),Primary production,Zearalenone,no,,,15.0,not_quantified_below_loq,Non Quantified Value ( less than LOQ),yes,yes,Objective sampling,Official (National and EU) programme,According to Reg 152/2009,DK_latest_15402714_contaminants.zip,OCC_CHEMMON2023_DK_2022.ZIP/OCC_CHEMMON2023_DK_2022.CSV,CC10F1E91F4A7447CF5C1C9EB9828034,55.779,9.119,2022-11-21,-0.96250004,0.45,-2.1,93.56009,1.3000002,90.875
DK,Danemark,DK,Denmark,DK,Denmark,2022-11-21,2022,11,21,barley,Barley grain (feed),Primary production,Zearalenone,no,,,15.0,not_quantified_below_loq,Non Quantified Value ( less than LOQ),yes,yes,Objective sampling,Official (National and EU) programme,According to Reg 152/2009,DK_latest_15402714_contaminants.zip,OCC_CHEMMON2023_DK_2022.ZIP/OCC_CHEMMON2023_DK_2022.CSV,F0888FA9AD9B991635107E517315F660,55.779,9.119,2022-11-21,-0.96250004,0.45,-2.1,93.56009,1.3000002,90.875
DK,Danemark,DK,Denmark,DK,Denmark,2022-11-22,2022,11,22,barley,Barley grain (feed),Primary production,Zearalenone,no,,,15.0,not_quantified_below_loq,Non Quantified Value ( less than LOQ),yes,yes,Objective sampling,Official (National and EU) programme,According to Reg 152/2009,DK_latest_15402714_contaminants.zip,OCC_CHEMMON2023_DK_2022.ZIP/OCC_CHEMMON2023_DK_2022.CSV,0BE067B172E44DC3604C62C1FF0D53C5,55.779,9.119,2022-11-22,1.3312501,2.95,-1.0,91.46527,1.2,93.75
DK,Danemark,DK,Denmark,DK,Denmark,2022-11-28,2022,11,28,maize,Maize silage (feed),Primary production,Zearalenone,yes,32.55232525,,1.4,quantified_positive,Numerical Value,yes,yes,Objective sampling,Official (National and EU) programme,According to Reg 152/2009,DK_latest_15402714_contaminants.zip,OCC_CHEMMON2023_DK_2022.ZIP/OCC_CHEMMON2023_DK_2022.CSV,819160D000DFBAC091055E3C759C0095,55.779,9.119,2022-11-28,4.0,5.3,4.8937497,91.504944,9.900001,100.0
SK,Slovaquie,SK,Slovakia,SK,Slovakia,2022-12-06,2022,12,6,barley,Barley grains,Farm,Zearalenone,no,,,20.0,not_quantified_below_loq,Non Quantified Value ( less than LOQ),yes,yes,Other,Official (National) programme,According to 97/747/EC,SK_latest_15411469_contaminants.zip,OCC_CHEMMON2023_SK_2022.ZIP/OCC_CHEMMON2023_SK_2022.CSV,F06E4C38F09AED8259BC5073D9B745EC,48.053,17.37,2022-12-06,2.1,5.9,4.0750003,87.13031,4.2999997,84.875
DK,Danemark,DK,Denmark,DK,Denmark,2022-12-13,2022,12,13,maize,Maize silage (feed),Primary production,Zearalenone,yes,10.03701888,,1.4,quantified_positive,Numerical Value,yes,yes,Objective sampling,Official (National and EU) programme,According to Reg 152/2009,DK_latest_15402714_contaminants.zip,OCC_CHEMMON2023_DK_2022.ZIP/OCC_CHEMMON2023_DK_2022.CSV,F7F86B3D21A1AA70B02462AB71F6DBA4,55.779,9.119,2022-12-13,-6.5,0.65,-3.2645836,87.90159,0.1,73.958336
DK,Danemark,DK,Denmark,DK,Denmark,2022-12-13,2022,12,13,maize,Maize silage (feed),Primary production,Zearalenone,yes,12.7989967,,1.4,quantified_positive,Numerical Value,yes,yes,Objective sampling,Official (National and EU) programme,According to Reg 152/2009,DK_latest_15402714_contaminants.zip,OCC_CHEMMON2023_DK_2022.ZIP/OCC_CHEMMON2023_DK_2022.CSV,0FC76CC29E99CCF70D9442B6DFC8E2B5,55.779,9.119,2022-12-13,-6.5,0.65,-3.2645836,87.90159,0.1,73.958336
DK,Danemark,DK,Denmark,DK,Denmark,2023-01-30,2023,1,30,maize,Maize silage (feed),Primary production,Zearalenone,yes,27.66234762,,1.4,quantified_positive,Numerical Value,yes,yes,Objective sampling,Official (National and EU) programme,According to Reg 152/2009,DK_latest_15402714_contaminants.zip,OCC_CHEMMON2024_DK_2023.ZIP/OCC_CHEMMON2024_DK_2023.CSV,9AFD5C569A5466B34769A0B63527F6AB,55.779,9.119,2023-01-30,2.25,5.7,3.8562505,75.78738,3.5000002,42.958332
DK,Danemark,DK,Denmark,DK,Denmark,2023-02-10,2023,2,10,barley,Barley grain (feed),Primary production,Zearalenone,no,,,15.0,not_quantified_below_loq,Non Quantified Value ( less than LOQ),yes,yes,Objective sampling,Official (National and EU) programme,According to Reg 152/2009,DK_latest_15402714_contaminants.zip,OCC_CHEMMON2024_DK_2023.ZIP/OCC_CHEMMON2024_DK_2023.CSV,5AB67D1FC5CA74B5F68D8CFB1A9CFBA7,55.779,9.119,2023-02-10,2.3,7.5,5.177083,89.99038,1.0,95.0
DK,Danemark,DK,Denmark,DK,Denmark,2023-02-14,2023,2,14,maize,Maize silage (feed),Primary production,Zearalenone,yes,35.16808494,,1.4,quantified_positive,Numerical Value,yes,yes,Objective sampling,Official (National and EU) programme,According to Reg 152/2009,DK_latest_15402714_contaminants.zip,OCC_CHEMMON2024_DK_2023.ZIP/OCC_CHEMMON2024_DK_2023.CSV,3892D3148CC64AA2575696980B90B317,55.779,9.119,2023-02-14,-0.15,5.8,2.8791666,88.86384,0.0,73.458336
DK,Danemark,DK,Denmark,DK,Denmark,2023-02-22,2023,2,22,barley,Barley grain (feed),Primary production,Zearalenone,no,,,15.0,not_quantified_below_loq,Non Quantified Value ( less than LOQ),yes,yes,Objective sampling,Official (National and EU) programme,According to Reg 152/2009,DK_latest_15402714_contaminants.zip,OCC_CHEMMON2024_DK_2023.ZIP/OCC_CHEMMON2024_DK_2023.CSV,8A28E96EDC9530184348AEE7125E9C09,55.779,9.119,2023-02-22,5.4395833,6.7,3.6,91.823975,1.3000001,100.0
DK,Danemark,DK,Denmark,DK,Denmark,2023-02-22,2023,2,22,wheat,Wheat grains (feed),Primary production,Zearalenone,no,,,15.0,not_quantified_below_loq,Non Quantified Value ( less than LOQ),yes,yes,Objective sampling,Official (National and EU) programme,According to Reg 152/2009,DK_latest_15402714_contaminants.zip,OCC_CHEMMON2024_DK_2023.ZIP/OCC_CHEMMON2024_DK_2023.CSV,E009CEA741F17EC2B9879658426B3384,55.779,9.119,2023-02-22,5.4395833,6.7,3.6,91.823975,1.3000001,100.0
DK,Danemark,DK,Denmark,DK,Denmark,2023-02-23,2023,2,23,barley,Barley grain (feed),Primary production,Zearalenone,no,,,15.0,not_quantified_below_loq,Non Quantified Value ( less than LOQ),yes,yes,Objective sampling,Official (National and EU) programme,According to Reg 152/2009,DK_latest_15402714_contaminants.zip,OCC_CHEMMON2024_DK_2023.ZIP/OCC_CHEMMON2024_DK_2023.CSV,DFB87A72A287FB5E4766C6C7A1C90686,55.779,9.119,2023-02-23,4.5229163,7.45,1.45,85.068474,0.0,79.416664
LT,Lituanie,LT,Lithuania,LT,Lithuania,2023-02-27,2023,2,27,generic_cereal,Cereal grains and products derived thereof (feed),Farm,Zearalanone,no,,,6.0,not_quantified_below_loq,Non Quantified Value ( less than LOQ),yes,yes,Selective sampling,Official (National) programme,According to Dir. 2002/63/EC,LT_latest_15334031_contaminants.zip,OCC_CHEMMON2024_LT_2023.ZIP/OCC_CHEMMON2024_LT_2023.CSV,664EA61D179B067357FA67C9A6C1EBF3,55.201,24.135,2023-02-27,-5.55,0.95,-2.58125,72.804276,0.0,39.375
DK,Danemark,DK,Denmark,DK,Denmark,2023-02-28,2023,2,28,wheat,Wheat grains (feed),Primary production,Zearalenone,no,1.052291724,,15.0,not_quantified_below_loq,Non Quantified Value ( less than LOQ),yes,yes,Objective sampling,Official (National and EU) programme,According to Reg 152/2009,DK_latest_15402714_contaminants.zip,OCC_CHEMMON2024_DK_2023.ZIP/OCC_CHEMMON2024_DK_2023.CSV,462CC055D29663BD591954730A4FD1EB,55.779,9.119,2023-02-28,1.6374998,8.1,-2.35,84.9695,0.0,15.541667
DK,Danemark,DK,Denmark,DK,Denmark,2023-02-28,2023,2,28,barley,Barley grain (feed),Primary production,Zearalenone,no,,,15.0,not_quantified_below_loq,Non Quantified Value ( less than LOQ),yes,yes,Objective sampling,Official (National and EU) programme,According to Reg 152/2009,DK_latest_15402714_contaminants.zip,OCC_CHEMMON2024_DK_2023.ZIP/OCC_CHEMMON2024_DK_2023.CSV,52A086E743184C87D091A00016906383,55.779,9.119,2023-02-28,1.6374998,8.1,-2.35,84.9695,0.0,15.541667
DK,Danemark,DK,Denmark,DK,Denmark,2023-02-28,2023,2,28,maize,Maize silage (feed),Primary production,Zearalenone,yes,46.0160952,,1.4,quantified_positive,Numerical Value,yes,yes,Objective sampling,Official (National and EU) programme,According to Reg 152/2009,DK_latest_15402714_contaminants.zip,OCC_CHEMMON2024_DK_2023.ZIP/OCC_CHEMMON2024_DK_2023.CSV,2B5CD532BFDBF42DA2E24079CC5EDAA0,55.779,9.119,2023-02-28,1.6374998,8.1,-2.35,84.9695,0.0,15.541667
DK,Danemark,DK,Denmark,DK,Denmark,2023-03-01,2023,3,1,wheat,Wheat grains (feed),Primary production,Zearalenone,no,,,15.0,not_quantified_below_loq,Non Quantified Value ( less than LOQ),yes,yes,Objective sampling,Official (National and EU) programme,According to Reg 152/2009,DK_latest_15402714_contaminants.zip,OCC_CHEMMON2024_DK_2023.ZIP/OCC_CHEMMON2024_DK_2023.CSV,C24A3723516E31134ABF49DBFCC636EE,55.779,9.119,2023-03-01,1.0416665,6.25,-1.85,91.785255,0.0,52.0
DK,Danemark,DK,Denmark,DK,Denmark,2023-03-01,2023,3,1,wheat,Wheat grains (feed),Primary production,Zearalenone,no,,,15.0,not_quantified_below_loq,Non Quantified Value ( less than LOQ),yes,yes,Objective sampling,Official (National and EU) programme,According to Reg 152/2009,DK_latest_15402714_contaminants.zip,OCC_CHEMMON2024_DK_2023.ZIP/OCC_CHEMMON2024_DK_2023.CSV,CA717C362EA7741EE76108A13ECA32F6,55.779,9.119,2023-03-01,1.0416665,6.25,-1.85,91.785255,0.0,52.0
DK,Danemark,DK,Denmark,DK,Denmark,2023-03-01,2023,3,1,barley,Barley grain (feed),Primary production,Zearalenone,no,,,15.0,not_quantified_below_loq,Non Quantified Value ( less than LOQ),yes,yes,Objective sampling,Official (National and EU) programme,According to Reg 152/2009,DK_latest_15402714_contaminants.zip,OCC_CHEMMON2024_DK_2023.ZIP/OCC_CHEMMON2024_DK_2023.CSV,5EA976EBB361104555FABB307D1AD7F3,55.779,9.119,2023-03-01,1.0416665,6.25,-1.85,91.785255,0.0,52.0
DK,Danemark,DK,Denmark,DK,Denmark,2023-03-01,2023,3,1,barley,Barley grain (feed),Primary production,Zearalenone,no,,,15.0,not_quantified_below_loq,Non Quantified Value ( less than LOQ),yes,yes,Objective sampling,Official (National and EU) programme,According to Reg 152/2009,DK_latest_15402714_contaminants.zip,OCC_CHEMMON2024_DK_2023.ZIP/OCC_CHEMMON2024_DK_2023.CSV,F2B74B9ED767AD6F96E9AE9F9172729B,55.779,9.119,2023-03-01,1.0416665,6.25,-1.85,91.785255,0.0,52.0
DK,Danemark,DK,Denmark,DK,Denmark,2023-03-01,2023,3,1,maize,Maize silage (feed),Primary production,Zearalenone,yes,25.72794009,,1.4,quantified_positive,Numerical Value,yes,yes,Objective sampling,Official (National and EU) programme,According to Reg 152/2009,DK_latest_15402714_contaminants.zip,OCC_CHEMMON2024_DK_2023.ZIP/OCC_CHEMMON2024_DK_2023.CSV,524B9D7EF2EECD182E8BEE77F5206B7D,55.779,9.119,2023-03-01,1.0416665,6.25,-1.85,91.785255,0.0,52.0
DK,Danemark,DK,Denmark,DK,Denmark,2023-03-02,2023,3,2,maize,Maize silage (feed),Primary production,Zearalenone,yes,19.24973334,,1.4,quantified_positive,Numerical Value,yes,yes,Objective sampling,Official (National and EU) programme,According to Reg 152/2009,DK_latest_15402714_contaminants.zip,OCC_CHEMMON2024_DK_2023.ZIP/OCC_CHEMMON2024_DK_2023.CSV,70B11D6CCD739C3F2B33B99E2F328417,55.779,9.119,2023-03-02,1.9875002,7.95,-2.35,82.15759,0.0,12.875
DK,Danemark,DK,Denmark,DK,Denmark,2023-03-02,2023,3,2,wheat,Wheat grains (feed),Primary production,Zearalenone,no,1.029803448,,15.0,not_quantified_below_loq,Non Quantified Value ( less than LOQ),yes,yes,Objective sampling,Official (National and EU) programme,According to Reg 152/2009,DK_latest_15402714_contaminants.zip,OCC_CHEMMON2024_DK_2023.ZIP/OCC_CHEMMON2024_DK_2023.CSV,0F406A5D7564EECD3AE92E25850880B2,55.779,9.119,2023-03-02,1.9875002,7.95,-2.35,82.15759,0.0,12.875
DK,Danemark,DK,Denmark,DK,Denmark,2023-03-06,2023,3,6,wheat,Wheat grains (feed),Primary production,Zearalenone,no,,,15.0,not_quantified_below_loq,Non Quantified Value ( less than LOQ),yes,yes,Objective sampling,Official (National and EU) programme,According to Reg 152/2009,DK_latest_15402714_contaminants.zip,OCC_CHEMMON2024_DK_2023.ZIP/OCC_CHEMMON2024_DK_2023.CSV,343E1C53F0E0D018C53F67C730913D22,55.779,9.119,2023-03-06,-0.14166664,4.55,-4.7,72.460304,4.7000003,85.916664
DK,Danemark,DK,Denmark,DK,Denmark,2023-03-07,2023,3,7,barley,Barley grain (feed),Primary production,Zearalenone,no,,,15.0,not_quantified_below_loq,Non Quantified Value ( less than LOQ),yes,yes,Objective sampling,Official (National and EU) programme,According to Reg 152/2009,DK_latest_15402714_contaminants.zip,OCC_CHEMMON2024_DK_2023.ZIP/OCC_CHEMMON2024_DK_2023.CSV,B657FB920C24A5CF450BC225A13C59C1,55.779,9.119,2023-03-07,-0.58750004,1.9,-4.65,79.606026,3.8999991,52.125
DK,Danemark,DK,Denmark,DK,Denmark,2023-03-07,2023,3,7,maize,Maize silage (feed),Primary production,Zearalenone,yes,8.33895731,,1.4,quantified_positive,Numerical Value,yes,yes,Objective sampling,Official (National and EU) programme,According to Reg 152/2009,DK_latest_15402714_contaminants.zip,OCC_CHEMMON2024_DK_2023.ZIP/OCC_CHEMMON2024_DK_2023.CSV,89DCF33BFF323E1A53758E915C55CA93,55.779,9.119,2023-03-07,-0.58750004,1.9,-4.65,79.606026,3.8999991,52.125
DK,Danemark,DK,Denmark,DK,Denmark,2023-03-07,2023,3,7,barley,Barley grain (feed),Primary production,Zearalenone,no,,,15.0,not_quantified_below_loq,Non Quantified Value ( less than LOQ),yes,yes,Objective sampling,Official (National and EU) programme,According to Reg 152/2009,DK_latest_15402714_contaminants.zip,OCC_CHEMMON2024_DK_2023.ZIP/OCC_CHEMMON2024_DK_2023.CSV,5544F7792E715EF2BA20FE6ADDB1D44C,55.779,9.119,2023-03-07,-0.58750004,1.9,-4.65,79.606026,3.8999991,52.125
DK,Danemark,DK,Denmark,DK,Denmark,2023-03-07,2023,3,7,wheat,Wheat grains (feed),Primary production,Zearalenone,no,,,15.0,not_quantified_below_loq,Non Quantified Value ( less than LOQ),yes,yes,Objective sampling,Official (National and EU) programme,According to Reg 152/2009,DK_latest_15402714_contaminants.zip,OCC_CHEMMON2024_DK_2023.ZIP/OCC_CHEMMON2024_DK_2023.CSV,163A613364FF70CA1129D886E67480DB,55.779,9.119,2023-03-07,-0.58750004,1.9,-4.65,79.606026,3.8999991,52.125
DK,Danemark,DK,Denmark,DK,Denmark,2023-03-08,2023,3,8,maize,Maize silage (feed),Primary production,Zearalenone,yes,31.71214133,,1.4,quantified_positive,Numerical Value,yes,yes,Objective sampling,Official (National and EU) programme,According to Reg 152/2009,DK_latest_15402714_contaminants.zip,OCC_CHEMMON2024_DK_2023.ZIP/OCC_CHEMMON2024_DK_2023.CSV,AA57D351B638777C8995EF2558F770FF,55.779,9.119,2023-03-08,3.8374999,6.25,1.15,74.24354,4.8999996,95.875
DK,Danemark,DK,Denmark,DK,Denmark,2023-03-08,2023,3,8,wheat,Wheat grains (feed),Primary production,Zearalenone,no,,,15.0,not_quantified_below_loq,Non Quantified Value ( less than LOQ),yes,yes,Objective sampling,Official (National and EU) programme,According to Reg 152/2009,DK_latest_15402714_contaminants.zip,OCC_CHEMMON2024_DK_2023.ZIP/OCC_CHEMMON2024_DK_2023.CSV,3F465A0A1151DCA35B3AC8DAE6BD3920,55.779,9.119,2023-03-08,-1.9104162,3.5,-6.2,65.038284,0.4,36.875
DK,Danemark,DK,Denmark,DK,Denmark,2023-03-08,2023,3,8,barley,Barley grain (feed),Primary production,Zearalenone,no,,,15.0,not_quantified_below_loq,Non Quantified Value ( less than LOQ),yes,yes,Objective sampling,Official (National and EU) programme,According to Reg 152/2009,DK_latest_15402714_contaminants.zip,OCC_CHEMMON2024_DK_2023.ZIP/OCC_CHEMMON2024_DK_2023.CSV,B7BB29A0C5F79247CD358E8624A13432,55.779,9.119,2023-03-08,-1.9104162,3.5,-6.2,65.038284,0.4,36.875
CZ,Tchequie,CZ,Czechia,CZ,Czechia,2023-03-08,2023,3,8,maize,Maize grain (feed),Storage,Zearalenone,yes,46.43,,20.0,quantified_positive,Numerical Value,yes,yes,Objective sampling,Official (National) programme,,CZ_latest_15410924_contaminants.zip,OCC_CHEMMON2024_CZ_2023.ZIP/OCC_CHEMMON2024_CZ_2023.CSV,DA28F02C0B3EA354B85CF8B96AD66514,49.765,15.05,2023-03-08,-1.9104162,3.5,-6.2,65.038284,0.4,36.875
DK,Danemark,DK,Denmark,DK,Denmark,2023-03-09,2023,3,9,barley,Barley grain (feed),Primary production,Zearalenone,no,,,15.0,not_quantified_below_loq,Non Quantified Value ( less than LOQ),yes,yes,Objective sampling,Official (National and EU) programme,According to Reg 152/2009,DK_latest_15402714_contaminants.zip,OCC_CHEMMON2024_DK_2023.ZIP/OCC_CHEMMON2024_DK_2023.CSV,8E6EBDB07CDA98612A0620A6B885D38D,55.779,9.119,2023-03-09,-1.3041666,3.85,-5.15,72.01983,0.2,48.791668
DK,Danemark,DK,Denmark,DK,Denmark,2023-03-09,2023,3,9,barley,Barley grain (feed),Primary production,Zearalenone,no,7.088493396,,15.0,not_quantified_below_loq,Non Quantified Value ( less than LOQ),yes,yes,Objective sampling,Official (National and EU) programme,According to Reg 152/2009,DK_latest_15402714_contaminants.zip,OCC_CHEMMON2024_DK_2023.ZIP/OCC_CHEMMON2024_DK_2023.CSV,1B47CF723608AAE8F6D58E74AF734B2A,55.779,9.119,2023-03-09,-1.3041666,3.85,-5.15,72.01983,0.2,48.791668
DK,Danemark,DK,Denmark,DK,Denmark,2023-03-10,2023,3,10,maize,Maize silage (feed),Primary production,Zearalenone,yes,59.45369353,,1.4,quantified_positive,Numerical Value,yes,yes,Objective sampling,Official (National and EU) programme,According to Reg 152/2009,DK_latest_15402714_contaminants.zip,OCC_CHEMMON2024_DK_2023.ZIP/OCC_CHEMMON2024_DK_2023.CSV,918419C405BDA9764E6E6A61930532BA,55.779,9.119,2023-03-10,-0.95833343,2.9,-4.45,78.85954,1.6000001,99.875
DK,Danemark,DK,Denmark,DK,Denmark,2023-03-10,2023,3,10,wheat,Wheat grains (feed),Primary production,Zearalenone,no,,,15.0,not_quantified_below_loq,Non Quantified Value ( less than LOQ),yes,yes,Objective sampling,Official (National and EU) programme,According to Reg 152/2009,DK_latest_15402714_contaminants.zip,OCC_CHEMMON2024_DK_2023.ZIP/OCC_CHEMMON2024_DK_2023.CSV,EC0AD00A323215E9457FDB02AFF6C003,55.779,9.119,2023-03-10,-0.95833343,2.9,-4.45,78.85954,1.6000001,99.875
CZ,Tchequie,CZ,Czechia,CZ,Czechia,2023-03-13,2023,3,13,maize,Maize grain (feed),Storage,Zearalenone,yes,24.67,,20.0,quantified_positive,Numerical Value,yes,yes,Objective sampling,Official (National) programme,,CZ_latest_15410924_contaminants.zip,OCC_CHEMMON2024_CZ_2023.ZIP/OCC_CHEMMON2024_CZ_2023.CSV,4FF4EBBEAD2E94AEEEEB77744FEEEF3D,49.765,15.05,2023-03-13,8.320833,13.5,4.2,75.83825,1.1,97.75
CZ,Tchequie,CZ,Czechia,CZ,Czechia,2023-03-14,2023,3,14,maize,Maize grain (feed),Storage,Zearalenone,no,20.0,,20.0,not_quantified_below_loq,Non Quantified Value ( less than LOQ),yes,yes,Objective sampling,Official (National) programme,,CZ_latest_15410924_contaminants.zip,OCC_CHEMMON2024_CZ_2023.ZIP/OCC_CHEMMON2024_CZ_2023.CSV,5388E2CB32C7702771AD29A6D29286B8,49.765,15.05,2023-03-14,7.777084,12.0,2.55,78.73224,2.1,98.166664
DK,Danemark,DK,Denmark,DK,Denmark,2023-03-15,2023,3,15,wheat,Wheat grains (feed),Primary production,Zearalenone,no,,,15.0,not_quantified_below_loq,Non Quantified Value ( less than LOQ),yes,yes,Objective sampling,Official (National and EU) programme,According to Reg 152/2009,DK_latest_15402714_contaminants.zip,OCC_CHEMMON2024_DK_2023.ZIP/OCC_CHEMMON2024_DK_2023.CSV,53CAA06A03D81FC78292976E5F4AD3D4,55.779,9.119,2023-03-15,1.9979167,4.95,-1.15,74.20488,2.8,58.625
DK,Danemark,DK,Denmark,DK,Denmark,2023-03-16,2023,3,16,barley,Barley grain (feed),Primary production,Zearalenone,no,,,15.0,not_quantified_below_loq,Non Quantified Value ( less than LOQ),yes,yes,Objective sampling,Official (National and EU) programme,According to Reg 152/2009,DK_latest_15402714_contaminants.zip,OCC_CHEMMON2024_DK_2023.ZIP/OCC_CHEMMON2024_DK_2023.CSV,B549C6DBFF7DD844D413158BFB09CFA4,55.779,9.119,2023-03-16,2.6479166,5.1,-1.85,75.51545,2.9999998,100.0
DK,Danemark,DK,Denmark,DK,Denmark,2023-03-16,2023,3,16,maize,Maize silage (feed),Primary production,Zearalenone,yes,9.761634996,,1.4,quantified_positive,Numerical Value,yes,yes,Objective sampling,Official (National and EU) programme,According to Reg 152/2009,DK_latest_15402714_contaminants.zip,OCC_CHEMMON2024_DK_2023.ZIP/OCC_CHEMMON2024_DK_2023.CSV,9EFDD66D680CE2DC77C710BD9253F630,55.779,9.119,2023-03-16,2.6479166,5.1,-1.85,75.51545,2.9999998,100.0
DK,Danemark,DK,Denmark,DK,Denmark,2023-03-17,2023,3,17,maize,Maize silage (feed),Primary production,Zearalenone,yes,15.9227602,,1.4,quantified_positive,Numerical Value,yes,yes,Objective sampling,Official (National and EU) programme,According to Reg 152/2009,DK_latest_15402714_contaminants.zip,OCC_CHEMMON2024_DK_2023.ZIP/OCC_CHEMMON2024_DK_2023.CSV,BD955BEFAB5B61405EB3C809D8794695,55.779,9.119,2023-03-17,6.358333,10.05,3.15,78.93156,6.7999997,100.0
DK,Danemark,DK,Denmark,DK,Denmark,2023-03-17,2023,3,17,barley,Barley grain (feed),Primary production,Zearalenone,no,,,15.0,not_quantified_below_loq,Non Quantified Value ( less than LOQ),yes,yes,Objective sampling,Official (National and EU) programme,According to Reg 152/2009,DK_latest_15402714_contaminants.zip,OCC_CHEMMON2024_DK_2023.ZIP/OCC_CHEMMON2024_DK_2023.CSV,96D9EC3038FA30F0CBBA061CAA291408,55.779,9.119,2023-03-17,6.358333,10.05,3.15,78.93156,6.7999997,100.0
DK,Danemark,DK,Denmark,DK,Denmark,2023-03-21,2023,3,21,barley,Barley grain (feed),Primary production,Zearalenone,no,,,15.0,not_quantified_below_loq,Non Quantified Value ( less than LOQ),yes,yes,Objective sampling,Official (National and EU) programme,According to Reg 152/2009,DK_latest_15402714_contaminants.zip,OCC_CHEMMON2024_DK_2023.ZIP/OCC_CHEMMON2024_DK_2023.CSV,94AFBA1A752FF2B5061E9C3CF24C7AE9,55.779,9.119,2023-03-21,5.5166664,7.95,1.45,97.0003,3.6999998,100.0
DK,Danemark,DK,Denmark,DK,Denmark,2023-03-21,2023,3,21,maize,Maize silage (feed),Primary production,Zearalenone,yes,5.683184555,,1.4,quantified_positive,Numerical Value,yes,yes,Objective sampling,Official (National and EU) programme,According to Reg 152/2009,DK_latest_15402714_contaminants.zip,OCC_CHEMMON2024_DK_2023.ZIP/OCC_CHEMMON2024_DK_2023.CSV,1B703EEF15934F4DDED73246FC36E1C8,55.779,9.119,2023-03-21,5.5166664,7.95,1.45,97.0003,3.6999998,100.0
DK,Danemark,DK,Denmark,DK,Denmark,2023-03-22,2023,3,22,maize,Maize silage (feed),Primary production,Zearalenone,yes,16.05563487,,1.4,quantified_positive,Numerical Value,yes,yes,Objective sampling,Official (National and EU) programme,According to Reg 152/2009,DK_latest_15402714_contaminants.zip,OCC_CHEMMON2024_DK_2023.ZIP/OCC_CHEMMON2024_DK_2023.CSV,20105C4BC0DA086BF2FC923249C45B8A,55.779,9.119,2023-03-22,7.3979173,8.6,6.6,94.00524,7.299999,100.0
DK,Danemark,DK,Denmark,DK,Denmark,2023-03-22,2023,3,22,wheat,Wheat grains (feed),Primary production,Zearalenone,no,,,15.0,not_quantified_below_loq,Non Quantified Value ( less than LOQ),yes,yes,Objective sampling,Official (National and EU) programme,According to Reg 152/2009,DK_latest_15402714_contaminants.zip,OCC_CHEMMON2024_DK_2023.ZIP/OCC_CHEMMON2024_DK_2023.CSV,38764A567E0B8BAF9EAD7142615C6BC7,55.779,9.119,2023-03-22,7.3979173,8.6,6.6,94.00524,7.299999,100.0
DK,Danemark,DK,Denmark,DK,Denmark,2023-03-23,2023,3,23,wheat,Wheat grains (feed),Primary production,Zearalenone,no,,,15.0,not_quantified_below_loq,Non Quantified Value ( less than LOQ),yes,yes,Objective sampling,Official (National and EU) programme,According to Reg 152/2009,DK_latest_15402714_contaminants.zip,OCC_CHEMMON2024_DK_2023.ZIP/OCC_CHEMMON2024_DK_2023.CSV,8995F847829821B3FFBB7D704EFE9E85,55.779,9.119,2023-03-23,7.6104164,10.5,6.05,87.79879,4.9999995,69.0
DK,Danemark,DK,Denmark,DK,Denmark,2023-03-23,2023,3,23,barley,Barley grain (feed),Primary production,Zearalenone,no,,,15.0,not_quantified_below_loq,Non Quantified Value ( less than LOQ),yes,yes,Objective sampling,Official (National and EU) programme,According to Reg 152/2009,DK_latest_15402714_contaminants.zip,OCC_CHEMMON2024_DK_2023.ZIP/OCC_CHEMMON2024_DK_2023.CSV,994A767C2221113AF5F5EC6EB5E1E5E7,55.779,9.119,2023-03-23,7.6104164,10.5,6.05,87.79879,4.9999995,69.0
DK,Danemark,DK,Denmark,DK,Denmark,2023-03-23,2023,3,23,barley,Barley grain (feed),Primary production,Zearalenone,no,,,15.0,not_quantified_below_loq,Non Quantified Value ( less than LOQ),yes,yes,Objective sampling,Official (National and EU) programme,According to Reg 152/2009,DK_latest_15402714_contaminants.zip,OCC_CHEMMON2024_DK_2023.ZIP/OCC_CHEMMON2024_DK_2023.CSV,87572DCC2BEEAAA97C00FD2179605B31,55.779,9.119,2023-03-23,7.6104164,10.5,6.05,87.79879,4.9999995,69.0
DK,Danemark,DK,Denmark,DK,Denmark,2023-03-23,2023,3,23,barley,Barley grain (feed),Primary production,Zearalenone,no,,,15.0,not_quantified_below_loq,Non Quantified Value ( less than LOQ),yes,yes,Objective sampling,Official (National and EU) programme,According to Reg 152/2009,DK_latest_15402714_contaminants.zip,OCC_CHEMMON2024_DK_2023.ZIP/OCC_CHEMMON2024_DK_2023.CSV,3C0E9458F1516D441F20148D9959E2BA,55.779,9.119,2023-03-23,7.6104164,10.5,6.05,87.79879,4.9999995,69.0
DK,Danemark,DK,Denmark,DK,Denmark,2023-03-24,2023,3,24,barley,Barley grain (feed),Primary production,Zearalenone,no,,,15.0,not_quantified_below_loq,Non Quantified Value ( less than LOQ),yes,yes,Objective sampling,Official (National and EU) programme,According to Reg 152/2009,DK_latest_15402714_contaminants.zip,OCC_CHEMMON2024_DK_2023.ZIP/OCC_CHEMMON2024_DK_2023.CSV,2222CB412238C0C190450806DE078D55,55.779,9.119,2023-03-24,7.8479176,9.55,6.05,87.582664,14.500001,74.916664
DK,Danemark,DK,Denmark,DK,Denmark,2023-03-27,2023,3,27,barley,Barley grain (feed),Primary production,Zearalenone,no,,,15.0,not_quantified_below_loq,Non Quantified Value ( less than LOQ),yes,yes,Objective sampling,Official (National and EU) programme,According to Reg 152/2009,DK_latest_15402714_contaminants.zip,OCC_CHEMMON2024_DK_2023.ZIP/OCC_CHEMMON2024_DK_2023.CSV,37731C4A6107138F8E6CA70BFE66F20A,55.779,9.119,2023-03-27,0.10625001,4.75,-4.1,75.24716,2.8999999,35.458332
DK,Danemark,DK,Denmark,DK,Denmark,2023-03-27,2023,3,27,wheat,Wheat grains (feed),Primary production,Zearalenone,no,,,15.0,not_quantified_below_loq,Non Quantified Value ( less than LOQ),yes,yes,Objective sampling,Official (National and EU) programme,According to Reg 152/2009,DK_latest_15402714_contaminants.zip,OCC_CHEMMON2024_DK_2023.ZIP/OCC_CHEMMON2024_DK_2023.CSV,CBCA4F2A9AE2FD18C59284C4616F23C6,55.779,9.119,2023-03-27,0.10625001,4.75,-4.1,75.24716,2.8999999,35.458332
DK,Danemark,DK,Denmark,DK,Denmark,2023-03-28,2023,3,28,maize,Maize silage (feed),Primary production,Zearalenone,yes,11.21969181,,1.4,quantified_positive,Numerical Value,yes,yes,Objective sampling,Official (National and EU) programme,According to Reg 152/2009,DK_latest_15402714_contaminants.zip,OCC_CHEMMON2024_DK_2023.ZIP/OCC_CHEMMON2024_DK_2023.CSV,94F9338BD9DD15462E6F5FA7D5734F64,55.779,9.119,2023-03-28,1.5291667,5.95,-4.7,73.090385,0.6,76.125
DK,Danemark,DK,Denmark,DK,Denmark,2023-03-28,2023,3,28,barley,Barley grain (feed),Primary production,Zearalenone,no,,,15.0,not_quantified_below_loq,Non Quantified Value ( less than LOQ),yes,yes,Objective sampling,Official (National and EU) programme,According to Reg 152/2009,DK_latest_15402714_contaminants.zip,OCC_CHEMMON2024_DK_2023.ZIP/OCC_CHEMMON2024_DK_2023.CSV,7E3560E1CEC69B6D9041DC555DC03430,55.779,9.119,2023-03-28,1.5291667,5.95,-4.7,73.090385,0.6,76.125
DK,Danemark,DK,Denmark,DK,Denmark,2023-03-29,2023,3,29,maize,Maize silage (feed),Primary production,Zearalenone,yes,21.79700199,,1.4,quantified_positive,Numerical Value,yes,yes,Objective sampling,Official (National and EU) programme,According to Reg 152/2009,DK_latest_15402714_contaminants.zip,OCC_CHEMMON2024_DK_2023.ZIP/OCC_CHEMMON2024_DK_2023.CSV,F69EDA33430691CBBD0E3C6F73BC369C,55.779,9.119,2023-03-29,4.9833336,6.3,2.05,94.92133,3.4,100.0
CZ,Tchequie,CZ,Czechia,CZ,Czechia,2023-03-29,2023,3,29,maize,Maize grain (feed),Storage,Zearalenone,no,20.0,,20.0,not_quantified_below_loq,Non Quantified Value ( less than LOQ),yes,yes,Objective sampling,Official (National) programme,,CZ_latest_15410924_contaminants.zip,OCC_CHEMMON2024_CZ_2023.ZIP/OCC_CHEMMON2024_CZ_2023.CSV,9B1F1DE923071C2F7C6DC89259C9CD5C,49.765,15.05,2023-03-29,3.877083,8.5,-2.55,69.12533,0.0,97.25
DK,Danemark,DK,Denmark,DK,Denmark,2023-03-30,2023,3,30,barley,Barley grain (feed),Primary production,Zearalenone,no,,,15.0,not_quantified_below_loq,Non Quantified Value ( less than LOQ),yes,yes,Objective sampling,Official (National and EU) programme,According to Reg 152/2009,DK_latest_15402714_contaminants.zip,OCC_CHEMMON2024_DK_2023.ZIP/OCC_CHEMMON2024_DK_2023.CSV,CAC95C331BC2325983CC8799C0833173,55.779,9.119,2023-03-30,7.695833,9.6,6.25,97.11419,15.8,100.0
DK,Danemark,DK,Denmark,DK,Denmark,2023-03-30,2023,3,30,maize,Maize silage (feed),Primary production,Zearalenone,yes,99.30371266,,1.4,quantified_positive,Numerical Value,yes,yes,Objective sampling,Official (National and EU) programme,According to Reg 152/2009,DK_latest_15402714_contaminants.zip,OCC_CHEMMON2024_DK_2023.ZIP/OCC_CHEMMON2024_DK_2023.CSV,9EAF75212E852B5B98B5F2D348493670,55.779,9.119,2023-03-30,7.695833,9.6,6.25,97.11419,15.8,100.0
SK,Slovaquie,SK,Slovakia,SK,Slovakia,2023-03-30,2023,3,30,generic_cereal,Cereal grains screenings (feed),Primary production,Zearalenone,no,,,1.0,not_quantified_below_loq,Non Quantified Value ( less than LOQ),yes,yes,Selective sampling,Official (National) programme,Official sampling,SK_latest_15411469_contaminants.zip,OCC_CHEMMON2024_SK_2023.ZIP/OCC_CHEMMON2024_SK_2023.CSV,36F929858268EDCB6A824A3A62680FFE,48.053,17.37,2023-03-30,10.391666,14.8,5.95,70.05525,7.0,99.416664
DK,Danemark,DK,Denmark,DK,Denmark,2023-04-05,2023,4,5,barley,Barley grain (feed),Primary production,Zearalenone,no,,,15.0,not_quantified_below_loq,Non Quantified Value ( less than LOQ),yes,yes,Objective sampling,Official (National and EU) programme,According to Reg 152/2009,DK_latest_15402714_contaminants.zip,OCC_CHEMMON2024_DK_2023.ZIP/OCC_CHEMMON2024_DK_2023.CSV,6A68254D0C12CF825DBFF1707BB7ACD5,55.779,9.119,2023-04-05,-3.05,8.7,3.5937502,75.62414,0.0,68.666664
DK,Danemark,DK,Denmark,DK,Denmark,2023-04-13,2023,4,13,maize,Maize silage (feed),Primary production,Zearalenone,yes,16.58984995,,1.4,quantified_positive,Numerical Value,yes,yes,Objective sampling,Official (National and EU) programme,According to Reg 152/2009,DK_latest_15402714_contaminants.zip,OCC_CHEMMON2024_DK_2023.ZIP/OCC_CHEMMON2024_DK_2023.CSV,4AA4F563F048B3466E9D33BEE573A7FD,55.779,9.119,2023-04-13,3.3,9.35,6.1312504,86.34113,5.799999,76.583336
DK,Danemark,DK,Denmark,DK,Denmark,2023-04-13,2023,4,13,barley,Barley grain (feed),Primary production,Zearalenone,no,,,15.0,not_quantified_below_loq,Non Quantified Value ( less than LOQ),yes,yes,Objective sampling,Official (National and EU) programme,According to Reg 152/2009,DK_latest_15402714_contaminants.zip,OCC_CHEMMON2024_DK_2023.ZIP/OCC_CHEMMON2024_DK_2023.CSV,93450EE90EA73B75DF0E6A94A5B8F0E0,55.779,9.119,2023-04-13,3.3,9.35,6.1312504,86.34113,5.799999,76.583336
DK,Danemark,DK,Denmark,DK,Denmark,2023-04-18,2023,4,18,barley,Barley grain (feed),Primary production,Zearalenone,no,,,15.0,not_quantified_below_loq,Non Quantified Value ( less than LOQ),yes,yes,Objective sampling,Official (National and EU) programme,According to Reg 152/2009,DK_latest_15402714_contaminants.zip,OCC_CHEMMON2024_DK_2023.ZIP/OCC_CHEMMON2024_DK_2023.CSV,44C5D85B59CFD87B7714C3E75AF6E953,55.779,9.119,2023-04-18,3.0,13.65,8.556251,58.992123,0.0,42.541668
DK,Danemark,DK,Denmark,DK,Denmark,2023-04-20,2023,4,20,barley,Barley grain (feed),Primary production,Zearalenone,no,,,15.0,not_quantified_below_loq,Non Quantified Value ( less than LOQ),yes,yes,Objective sampling,Official (National and EU) programme,According to Reg 152/2009,DK_latest_15402714_contaminants.zip,OCC_CHEMMON2024_DK_2023.ZIP/OCC_CHEMMON2024_DK_2023.CSV,E8E53E70E229C59575A2843A142D1411,55.779,9.119,2023-04-20,4.2,14.75,9.520834,55.04639,0.0,0.33333334
DK,Danemark,DK,Denmark,DK,Denmark,2023-04-20,2023,4,20,maize,Maize silage (feed),Primary production,Zearalenone,yes,28.36716818,,1.4,quantified_positive,Numerical Value,yes,yes,Objective sampling,Official (National and EU) programme,According to Reg 152/2009,DK_latest_15402714_contaminants.zip,OCC_CHEMMON2024_DK_2023.ZIP/OCC_CHEMMON2024_DK_2023.CSV,BD0F5B12C2A4B90D3AD4A087CCB7CEA9,55.779,9.119,2023-04-20,4.2,14.75,9.520834,55.04639,0.0,0.33333334
DK,Danemark,DK,Denmark,DK,Denmark,2023-04-25,2023,4,25,barley,Barley grain (feed),Primary production,Zearalenone,no,,,15.0,not_quantified_below_loq,Non Quantified Value ( less than LOQ),yes,yes,Objective sampling,Official (National and EU) programme,According to Reg 152/2009,DK_latest_15402714_contaminants.zip,OCC_CHEMMON2024_DK_2023.ZIP/OCC_CHEMMON2024_DK_2023.CSV,7FDA08EEB50DB1156815443F6E96C5E6,55.779,9.119,2023-04-25,5.7354164,6.85,3.95,68.25042,0.70000005,72.291664
DK,Danemark,DK,Denmark,DK,Denmark,2023-04-26,2023,4,26,wheat,Wheat grains (feed),Primary production,Zearalenone,no,,,15.0,not_quantified_below_loq,Non Quantified Value ( less than LOQ),yes,yes,Objective sampling,Official (National and EU) programme,According to Reg 152/2009,DK_latest_15402714_contaminants.zip,OCC_CHEMMON2024_DK_2023.ZIP/OCC_CHEMMON2024_DK_2023.CSV,7EC298587D9AB01F886D6ABE0A9D573A,55.779,9.119,2023-04-26,5.004166,8.0,2.4,65.37052,1.8000001,21.958334
DK,Danemark,DK,Denmark,DK,Denmark,2023-04-27,2023,4,27,barley,Barley grain (feed),Primary production,Zearalenone,no,,,15.0,not_quantified_below_loq,Non Quantified Value ( less than LOQ),yes,yes,Objective sampling,Official (National and EU) programme,According to Reg 152/2009,DK_latest_15402714_contaminants.zip,OCC_CHEMMON2024_DK_2023.ZIP/OCC_CHEMMON2024_DK_2023.CSV,2B60E109732579F99EDF9C2F5ACFC012,55.779,9.119,2023-04-27,4.9541664,8.85,-0.25,68.80276,0.8,23.416666
DK,Danemark,DK,Denmark,DK,Denmark,2023-04-27,2023,4,27,wheat,Wheat grains (feed),Primary production,Zearalenone,no,,,15.0,not_quantified_below_loq,Non Quantified Value ( less than LOQ),yes,yes,Objective sampling,Official (National and EU) programme,According to Reg 152/2009,DK_latest_15402714_contaminants.zip,OCC_CHEMMON2024_DK_2023.ZIP/OCC_CHEMMON2024_DK_2023.CSV,DF6E96CCA9A7EBEE65B411DB6A010F01,55.779,9.119,2023-04-27,4.9541664,8.85,-0.25,68.80276,0.8,23.416666
DK,Danemark,DK,Denmark,DK,Denmark,2023-05-01,2023,5,1,barley,Barley grain (feed),Primary production,Zearalenone,no,,,15.0,not_quantified_below_loq,Non Quantified Value ( less than LOQ),yes,yes,Objective sampling,Official (National and EU) programme,According to Reg 152/2009,DK_latest_15402714_contaminants.zip,OCC_CHEMMON2024_DK_2023.ZIP/OCC_CHEMMON2024_DK_2023.CSV,9D235873D4A304916B03423DB4B89C2D,55.779,9.119,2023-05-01,3.65,15.0,9.283333,71.556145,0.2,96.416664
DK,Danemark,DK,Denmark,DK,Denmark,2023-05-01,2023,5,1,maize,Maize silage (feed),Primary production,Zearalenone,yes,24.20626428,,1.4,quantified_positive,Numerical Value,yes,yes,Objective sampling,Official (National and EU) programme,According to Reg 152/2009,DK_latest_15402714_contaminants.zip,OCC_CHEMMON2024_DK_2023.ZIP/OCC_CHEMMON2024_DK_2023.CSV,FD0656F84EECEB529193B36BF0916A09,55.779,9.119,2023-05-01,3.65,15.0,9.283333,71.556145,0.2,96.416664
DK,Danemark,DK,Denmark,DK,Denmark,2023-05-04,2023,5,4,barley,Barley grain (feed),Primary production,Zearalenone,no,,,15.0,not_quantified_below_loq,Non Quantified Value ( less than LOQ),yes,yes,Objective sampling,Official (National and EU) programme,According to Reg 152/2009,DK_latest_15402714_contaminants.zip,OCC_CHEMMON2024_DK_2023.ZIP/OCC_CHEMMON2024_DK_2023.CSV,2B51ECBFD2C8A15ED26C76D0A2F11810,55.779,9.119,2023-05-04,0.1,10.25,6.522917,73.40336,0.0,92.0
DK,Danemark,DK,Denmark,DK,Denmark,2023-05-09,2023,5,9,barley,Barley grain (feed),Primary production,Zearalenone,no,,,15.0,not_quantified_below_loq,Non Quantified Value ( less than LOQ),yes,yes,Objective sampling,Official (National and EU) programme,According to Reg 152/2009,DK_latest_15402714_contaminants.zip,OCC_CHEMMON2024_DK_2023.ZIP/OCC_CHEMMON2024_DK_2023.CSV,9261DEC8D8E7E8C0182F3C85B92F688E,55.779,9.119,2023-05-09,9.45,17.15,13.274999,58.885426,0.0,98.0
DK,Danemark,DK,Denmark,DK,Denmark,2023-05-09,2023,5,9,barley,Barley grain (feed),Primary production,Zearalenone,no,,,15.0,not_quantified_below_loq,Non Quantified Value ( less than LOQ),yes,yes,Objective sampling,Official (National and EU) programme,According to Reg 152/2009,DK_latest_15402714_contaminants.zip,OCC_CHEMMON2024_DK_2023.ZIP/OCC_CHEMMON2024_DK_2023.CSV,CFE8DECA8E4EC601AD5662F834F6F886,55.779,9.119,2023-05-09,9.45,17.15,13.274999,58.885426,0.0,98.0
DK,Danemark,DK,Denmark,DK,Denmark,2023-05-11,2023,5,11,maize,Maize silage (feed),Primary production,Zearalenone,yes,19.54218225,,1.4,quantified_positive,Numerical Value,yes,yes,Objective sampling,Official (National and EU) programme,According to Reg 152/2009,DK_latest_15402714_contaminants.zip,OCC_CHEMMON2024_DK_2023.ZIP/OCC_CHEMMON2024_DK_2023.CSV,A482571EBF15374B8C0B00497CD2BDCE,55.779,9.119,2023-05-11,9.45,15.9,12.133334,87.70996,2.2,99.833336
DK,Danemark,DK,Denmark,DK,Denmark,2023-05-11,2023,5,11,barley,Barley grain (feed),Primary production,Zearalenone,no,,,15.0,not_quantified_below_loq,Non Quantified Value ( less than LOQ),yes,yes,Objective sampling,Official (National and EU) programme,According to Reg 152/2009,DK_latest_15402714_contaminants.zip,OCC_CHEMMON2024_DK_2023.ZIP/OCC_CHEMMON2024_DK_2023.CSV,61926B558227F7712ECE48D37F7EDC70,55.779,9.119,2023-05-11,9.45,15.9,12.133334,87.70996,2.2,99.833336
DK,Danemark,DK,Denmark,DK,Denmark,2023-05-11,2023,5,11,wheat,Wheat grains (feed),Primary production,Zearalenone,no,,,15.0,not_quantified_below_loq,Non Quantified Value ( less than LOQ),yes,yes,Objective sampling,Official (National and EU) programme,According to Reg 152/2009,DK_latest_15402714_contaminants.zip,OCC_CHEMMON2024_DK_2023.ZIP/OCC_CHEMMON2024_DK_2023.CSV,50D55EF8E099D1ADC60666E29FED6E33,55.779,9.119,2023-05-11,9.45,15.9,12.133334,87.70996,2.2,99.833336
DK,Danemark,DK,Denmark,DK,Denmark,2023-05-11,2023,5,11,maize,Maize silage (feed),Primary production,Zearalenone,yes,33.59510833,,1.4,quantified_positive,Numerical Value,yes,yes,Objective sampling,Official (National and EU) programme,According to Reg 152/2009,DK_latest_15402714_contaminants.zip,OCC_CHEMMON2024_DK_2023.ZIP/OCC_CHEMMON2024_DK_2023.CSV,34E5198ADC1F6C50357FC34A33AFC15D,55.779,9.119,2023-05-11,9.45,15.9,12.133334,87.70996,2.2,99.833336
DK,Danemark,DK,Denmark,DK,Denmark,2023-05-11,2023,5,11,wheat,Wheat grains (feed),Primary production,Zearalenone,no,,,15.0,not_quantified_below_loq,Non Quantified Value ( less than LOQ),yes,yes,Objective sampling,Official (National and EU) programme,According to Reg 152/2009,DK_latest_15402714_contaminants.zip,OCC_CHEMMON2024_DK_2023.ZIP/OCC_CHEMMON2024_DK_2023.CSV,EC06BEE6694BA93CD42FA5322C15AEED,55.779,9.119,2023-05-11,9.45,15.9,12.133334,87.70996,2.2,99.833336
DK,Danemark,DK,Denmark,DK,Denmark,2023-06-08,2023,6,8,maize,Maize silage (feed),Primary production,Zearalenone,yes,32.82605213,,1.4,quantified_positive,Numerical Value,yes,yes,Objective sampling,Official (National and EU) programme,According to Reg 152/2009,DK_latest_15402714_contaminants.zip,OCC_CHEMMON2024_DK_2023.ZIP/OCC_CHEMMON2024_DK_2023.CSV,502D68D626EA31CA339206E873CC7675,55.779,9.119,2023-06-08,7.2,20.65,13.768752,72.86166,0.0,31.666666
DK,Danemark,DK,Denmark,DK,Denmark,2023-06-20,2023,6,20,barley,Barley grain (feed),Primary production,Zearalenone,no,,,15.0,not_quantified_below_loq,Non Quantified Value ( less than LOQ),yes,yes,Objective sampling,Official (National and EU) programme,According to Reg 152/2009,DK_latest_15402714_contaminants.zip,OCC_CHEMMON2024_DK_2023.ZIP/OCC_CHEMMON2024_DK_2023.CSV,3A64802A75E0ABEC8E7FC5149C752079,55.779,9.119,2023-06-20,14.55,23.9,19.525,69.528305,0.0,91.416664
DK,Danemark,DK,Denmark,DK,Denmark,2023-06-20,2023,6,20,wheat,Wheat grains (feed),Primary production,Zearalenone,no,,,15.0,not_quantified_below_loq,Non Quantified Value ( less than LOQ),yes,yes,Objective sampling,Official (National and EU) programme,According to Reg 152/2009,DK_latest_15402714_contaminants.zip,OCC_CHEMMON2024_DK_2023.ZIP/OCC_CHEMMON2024_DK_2023.CSV,5939B518173DD1818A4B155EC3D0482F,55.779,9.119,2023-06-20,14.55,23.9,19.525,69.528305,0.0,91.416664
DK,Danemark,DK,Denmark,DK,Denmark,2023-06-28,2023,6,28,maize,Maize silage (feed),Primary production,Zearalenone,yes,44.23542729,,1.4,quantified_positive,Numerical Value,yes,yes,Objective sampling,Official (National and EU) programme,According to Reg 152/2009,DK_latest_15402714_contaminants.zip,OCC_CHEMMON2024_DK_2023.ZIP/OCC_CHEMMON2024_DK_2023.CSV,C4C806411CAF61C61185E072EB09FC1D,55.779,9.119,2023-06-28,11.35,21.15,16.866667,76.25237,1.3,49.833332
DK,Danemark,DK,Denmark,DK,Denmark,2023-07-11,2023,7,11,maize,Maize silage (feed),Primary production,Zearalenone,yes,24.49812716,,1.4,quantified_positive,Numerical Value,yes,yes,Objective sampling,Official (National and EU) programme,According to Reg 152/2009,DK_latest_15402714_contaminants.zip,OCC_CHEMMON2024_DK_2023.ZIP/OCC_CHEMMON2024_DK_2023.CSV,4603C55B22FF2522C6BCEF424D81BE02,55.779,9.119,2023-07-11,14.25,22.8,17.895832,84.30627,2.9,96.916664
SK,Slovaquie,SK,Slovakia,SK,Slovakia,2023-07-12,2023,7,12,generic_cereal,Cereal grains screenings (feed),Primary production,Zearalenone,no,,,20.0,not_quantified_below_loq,Non Quantified Value ( less than LOQ),yes,yes,Selective sampling,Official (National) programme,Official sampling,SK_latest_15411469_contaminants.zip,OCC_CHEMMON2024_SK_2023.ZIP/OCC_CHEMMON2024_SK_2023.CSV,C95F8149BAE2AE861C32BE38611BD233,48.053,17.37,2023-07-12,22.95,32.65,27.022917,54.566147,0.1,82.375
CZ,Tchequie,CZ,Czechia,CZ,Czechia,2023-07-13,2023,7,13,barley,Barley grain (feed),Storage,Zearalenone,no,20.0,,20.0,not_quantified_below_loq,Non Quantified Value ( less than LOQ),yes,yes,Objective sampling,Official (National) programme,,CZ_latest_15410924_contaminants.zip,OCC_CHEMMON2024_CZ_2023.ZIP/OCC_CHEMMON2024_CZ_2023.CSV,49F5D038324CB55E461AE7496A781B14,49.765,15.05,2023-07-13,16.3,24.2,20.497917,60.77098,0.3,71.708336
CZ,Tchequie,CZ,Czechia,CZ,Czechia,2023-07-18,2023,7,18,barley,Barley grain (feed),Storage,Zearalenone,no,20.0,,20.0,not_quantified_below_loq,Non Quantified Value ( less than LOQ),yes,yes,Objective sampling,Official (National) programme,,CZ_latest_15410924_contaminants.zip,OCC_CHEMMON2024_CZ_2023.ZIP/OCC_CHEMMON2024_CZ_2023.CSV,2EB5B79C69A75E8669748439150975BA,49.765,15.05,2023-07-18,20.227081,26.3,14.85,54.699062,0.0,30.666666
CZ,Tchequie,CZ,Czechia,CZ,Czechia,2023-07-19,2023,7,19,barley,Barley grain (feed),Primary production,Zearalenone,no,20.0,,20.0,not_quantified_below_loq,Non Quantified Value ( less than LOQ),yes,yes,Objective sampling,Official (National) programme,,CZ_latest_15410924_contaminants.zip,OCC_CHEMMON2024_CZ_2023.ZIP/OCC_CHEMMON2024_CZ_2023.CSV,8F18138B218B15C66617C3C1BE1FB1C3,49.765,15.05,2023-07-19,20.175,25.9,13.35,60.8111,0.1,47.875
CZ,Tchequie,CZ,Czechia,CZ,Czechia,2023-07-20,2023,7,20,wheat,Wheat grains (feed),Primary production,Zearalenone,no,20.0,,20.0,not_quantified_below_loq,Non Quantified Value ( less than LOQ),yes,yes,Objective sampling,Official (National) programme,,CZ_latest_15410924_contaminants.zip,OCC_CHEMMON2024_CZ_2023.ZIP/OCC_CHEMMON2024_CZ_2023.CSV,216906C38FB090641F354EFB07946D9E,49.765,15.05,2023-07-20,17.679167,22.25,13.65,67.85532,1.4000001,50.916668
CZ,Tchequie,CZ,Czechia,CZ,Czechia,2023-07-25,2023,7,25,wheat,Wheat grains (feed),Primary production,Zearalenone,no,20.0,,20.0,not_quantified_below_loq,Non Quantified Value ( less than LOQ),yes,yes,Objective sampling,Official (National) programme,,CZ_latest_15410924_contaminants.zip,OCC_CHEMMON2024_CZ_2023.ZIP/OCC_CHEMMON2024_CZ_2023.CSV,B948207C3B56C9AAA775A3FE8867A076,49.765,15.05,2023-07-25,13.9,21.2,17.608334,76.22973,5.7,86.375
SK,Slovaquie,SK,Slovakia,SK,Slovakia,2023-07-27,2023,7,27,wheat,Durum wheat grain,Storage,Zearalenone,no,,3.0,10.0,not_quantified_below_loq,Non Quantified Value ( less than LOQ),yes,yes,Selective sampling,Official (National) programme,Official sampling,SK_latest_15411469_contaminants.zip,OCC_CHEMMON2024_SK_2023.ZIP/OCC_CHEMMON2024_SK_2023.CSV,FCEFCD7CCEB40D66BDDF71F78E4F989B,48.053,17.37,2023-07-27,13.9,23.35,19.0375,55.79076,0.0,49.0
DK,Danemark,DK,Denmark,DK,Denmark,2023-08-01,2023,8,1,maize,Maize silage (feed),Primary production,Zearalenone,yes,16.89829551,,1.4,quantified_positive,Numerical Value,yes,yes,Objective sampling,Official (National and EU) programme,According to Reg 152/2009,DK_latest_15402714_contaminants.zip,OCC_CHEMMON2024_DK_2023.ZIP/OCC_CHEMMON2024_DK_2023.CSV,457C2B7F045ECF3779FFB540896F8D6F,55.779,9.119,2023-08-01,15.135417,17.4,12.65,90.007774,10.300001,78.125
DK,Danemark,DK,Denmark,DK,Denmark,2023-08-01,2023,8,1,barley,Barley grain (feed),Primary production,Zearalenone,no,,,15.0,not_quantified_below_loq,Non Quantified Value ( less than LOQ),yes,yes,Objective sampling,Official (National and EU) programme,According to Reg 152/2009,DK_latest_15402714_contaminants.zip,OCC_CHEMMON2024_DK_2023.ZIP/OCC_CHEMMON2024_DK_2023.CSV,1891E0A26EEF820DC5B8B2DD3FBFECCA,55.779,9.119,2023-08-01,17.054167,19.55,13.8,76.54006,4.9999995,77.833336
CZ,Tchequie,CZ,Czechia,CZ,Czechia,2023-08-01,2023,8,1,barley,Barley grain (feed),Primary production,Zearalenone,no,20.0,,20.0,not_quantified_below_loq,Non Quantified Value ( less than LOQ),yes,yes,Objective sampling,Official (National) programme,,CZ_latest_15410924_contaminants.zip,OCC_CHEMMON2024_CZ_2023.ZIP/OCC_CHEMMON2024_CZ_2023.CSV,BE7C85BEE1FFA764A07472CEC5552D52,49.765,15.05,2023-08-01,15.135417,17.4,12.65,90.007774,10.300001,78.125
CZ,Tchequie,CZ,Czechia,CZ,Czechia,2023-08-02,2023,8,2,barley,Barley grain (feed),Storage,Zearalenone,no,20.0,,20.0,not_quantified_below_loq,Non Quantified Value ( less than LOQ),yes,yes,Objective sampling,Official (National) programme,,CZ_latest_15410924_contaminants.zip,OCC_CHEMMON2024_CZ_2023.ZIP/OCC_CHEMMON2024_CZ_2023.CSV,0FE78266BF69A19DB20FD5484B14E1C6,49.765,15.05,2023-08-02,17.377085,21.3,12.85,72.297195,2.6,73.291664
SK,Slovaquie,SK,Slovakia,SK,Slovakia,2023-08-02,2023,8,2,generic_cereal,Cereal grains screenings (feed),Primary production,Zearalenone,no,,,20.0,not_quantified_below_loq,Non Quantified Value ( less than LOQ),yes,yes,Selective sampling,Official (National) programme,Official sampling,SK_latest_15411469_contaminants.zip,OCC_CHEMMON2024_SK_2023.ZIP/OCC_CHEMMON2024_SK_2023.CSV,E27EDDEB64E7B945BBD603E8F92B9C8F,48.053,17.37,2023-08-02,21.0625,24.9,15.75,69.220726,0.0,39.041668
DK,Danemark,DK,Denmark,DK,Denmark,2023-08-04,2023,8,4,wheat,Wheat grains (feed),Primary production,Zearalenone,no,,,15.0,not_quantified_below_loq,Non Quantified Value ( less than LOQ),yes,yes,Objective sampling,Official (National and EU) programme,According to Reg 152/2009,DK_latest_15402714_contaminants.zip,OCC_CHEMMON2024_DK_2023.ZIP/OCC_CHEMMON2024_DK_2023.CSV,924059D5933A34184E31E4DA79E04EC3,55.779,9.119,2023-08-04,12.5,18.1,15.416667,80.99745,0.4,53.625
DK,Danemark,DK,Denmark,DK,Denmark,2023-08-08,2023,8,8,barley,Barley grain (feed),Primary production,Zearalenone,no,,,15.0,not_quantified_below_loq,Non Quantified Value ( less than LOQ),yes,yes,Objective sampling,Official (National and EU) programme,According to Reg 152/2009,DK_latest_15402714_contaminants.zip,OCC_CHEMMON2024_DK_2023.ZIP/OCC_CHEMMON2024_DK_2023.CSV,47194B0AE86F495093FED016AED74B62,55.779,9.119,2023-08-08,13.450002,15.85,12.2,68.77445,2.5,86.833336
DK,Danemark,DK,Denmark,DK,Denmark,2023-08-09,2023,8,9,barley,Barley grain (feed),Primary production,Zearalenone,no,,,15.0,not_quantified_below_loq,Non Quantified Value ( less than LOQ),yes,yes,Objective sampling,Official (National and EU) programme,According to Reg 152/2009,DK_latest_15402714_contaminants.zip,OCC_CHEMMON2024_DK_2023.ZIP/OCC_CHEMMON2024_DK_2023.CSV,08C82ECC2173FA6258B19120A61E979D,55.779,9.119,2023-08-09,13.308333,14.95,11.9,70.96581,1.0,87.083336
DK,Danemark,DK,Denmark,DK,Denmark,2023-08-10,2023,8,10,wheat,Wheat grains (feed),Primary production,Zearalenone,no,,,15.0,not_quantified_below_loq,Non Quantified Value ( less than LOQ),yes,yes,Objective sampling,Official (National and EU) programme,According to Reg 152/2009,DK_latest_15402714_contaminants.zip,OCC_CHEMMON2024_DK_2023.ZIP/OCC_CHEMMON2024_DK_2023.CSV,125A43572E5592C008BAC6C6D06FD981,55.779,9.119,2023-08-10,14.072918,16.3,11.15,74.38383,1.0000001,69.875
DK,Danemark,DK,Denmark,DK,Denmark,2023-08-14,2023,8,14,barley,Barley grain (feed),Primary production,Zearalenone,no,,,15.0,not_quantified_below_loq,Non Quantified Value ( less than LOQ),yes,yes,Objective sampling,Official (National and EU) programme,According to Reg 152/2009,DK_latest_15402714_contaminants.zip,OCC_CHEMMON2024_DK_2023.ZIP/OCC_CHEMMON2024_DK_2023.CSV,F5EDB9E5A04C0997F3C857EDF36356F6,55.779,9.119,2023-08-14,13.4,21.8,17.527084,79.01232,0.3,72.708336
CZ,Tchequie,CZ,Czechia,CZ,Czechia,2023-08-17,2023,8,17,barley,Barley grain (feed),Storage,Zearalenone,no,20.0,,20.0,not_quantified_below_loq,Non Quantified Value ( less than LOQ),yes,yes,Objective sampling,Official (National) programme,,CZ_latest_15410924_contaminants.zip,OCC_CHEMMON2024_CZ_2023.ZIP/OCC_CHEMMON2024_CZ_2023.CSV,83649F986ACF1FF4DD07E7278E6D733A,49.765,15.05,2023-08-17,14.379167,18.3,10.45,83.172554,0.0,82.333336
DK,Danemark,DK,Denmark,DK,Denmark,2023-08-17,2023,8,17,wheat,Wheat grains (feed),Primary production,Zearalenone,no,,,15.0,not_quantified_below_loq,Non Quantified Value ( less than LOQ),yes,yes,Objective sampling,Official (National and EU) programme,According to Reg 152/2009,DK_latest_15402714_contaminants.zip,OCC_CHEMMON2024_DK_2023.ZIP/OCC_CHEMMON2024_DK_2023.CSV,54DCF7FE4B97F201227B0E6478929035,55.779,9.119,2023-08-17,14.379167,18.3,10.45,83.172554,0.0,82.333336
DK,Danemark,DK,Denmark,DK,Denmark,2023-08-17,2023,8,17,barley,Barley grain (feed),Primary production,Zearalenone,no,5.369605834,,15.0,not_quantified_below_loq,Non Quantified Value ( less than LOQ),yes,yes,Objective sampling,Official (National and EU) programme,According to Reg 152/2009,DK_latest_15402714_contaminants.zip,OCC_CHEMMON2024_DK_2023.ZIP/OCC_CHEMMON2024_DK_2023.CSV,44CC98C747B860B91CB80AF68F51F594,55.779,9.119,2023-08-17,20.875002,26.3,17.2,80.99627,1.9000001,33.958332
SK,Slovaquie,SK,Slovakia,SK,Slovakia,2023-08-18,2023,8,18,wheat,Common wheat grain,Primary production,Zearalenone,no,,,1.0,not_quantified_below_loq,Non Quantified Value ( less than LOQ),yes,yes,Selective sampling,Official (National) programme,Official sampling,SK_latest_15411469_contaminants.zip,OCC_CHEMMON2024_SK_2023.ZIP/OCC_CHEMMON2024_SK_2023.CSV,AB04D98A2523F9988847761F6A692FD8,48.053,17.37,2023-08-18,22.545832,28.05,17.9,82.28704,1.2,24.625
DK,Danemark,DK,Denmark,DK,Denmark,2023-08-18,2023,8,18,barley,Barley grain (feed),Primary production,Zearalenone,no,,,15.0,not_quantified_below_loq,Non Quantified Value ( less than LOQ),yes,yes,Objective sampling,Official (National and EU) programme,According to Reg 152/2009,DK_latest_15402714_contaminants.zip,OCC_CHEMMON2024_DK_2023.ZIP/OCC_CHEMMON2024_DK_2023.CSV,905375F8424ED4B73D613DBBE65419FC,55.779,9.119,2023-08-18,17.2875,19.5,12.85,83.18859,0.0,98.0
DK,Danemark,DK,Denmark,DK,Denmark,2023-08-18,2023,8,18,barley,Barley grain (feed),Primary production,Zearalenone,no,,,15.0,not_quantified_below_loq,Non Quantified Value ( less than LOQ),yes,yes,Objective sampling,Official (National and EU) programme,According to Reg 152/2009,DK_latest_15402714_contaminants.zip,OCC_CHEMMON2024_DK_2023.ZIP/OCC_CHEMMON2024_DK_2023.CSV,760D8F801E9B29DA2ABFEEEFF11B78FD,55.779,9.119,2023-08-18,17.2875,19.5,12.85,83.18859,0.0,98.0
DK,Danemark,DK,Denmark,DK,Denmark,2023-08-22,2023,8,22,barley,Barley grain (feed),Primary production,Zearalenone,no,,,15.0,not_quantified_below_loq,Non Quantified Value ( less than LOQ),yes,yes,Objective sampling,Official (National and EU) programme,According to Reg 152/2009,DK_latest_15402714_contaminants.zip,OCC_CHEMMON2024_DK_2023.ZIP/OCC_CHEMMON2024_DK_2023.CSV,4AE5D989357E15F46B6746F3A3A51CC8,55.779,9.119,2023-08-22,17.529165,21.8,14.0,86.280426,3.1,55.333332
CZ,Tchequie,CZ,Czechia,CZ,Czechia,2023-08-22,2023,8,22,barley,Barley grain (feed),Primary production,Zearalenone,no,20.0,,20.0,not_quantified_below_loq,Non Quantified Value ( less than LOQ),yes,yes,Objective sampling,Official (National) programme,,CZ_latest_15410924_contaminants.zip,OCC_CHEMMON2024_CZ_2023.ZIP/OCC_CHEMMON2024_CZ_2023.CSV,3556DB55A7BF5FC7BC0261A790AC6C0A,49.765,15.05,2023-08-22,24.391665,29.1,19.75,72.22578,0.5,25.5
DK,Danemark,DK,Denmark,DK,Denmark,2023-08-22,2023,8,22,wheat,Wheat grains (feed),Primary production,Zearalenone,no,,,15.0,not_quantified_below_loq,Non Quantified Value ( less than LOQ),yes,yes,Objective sampling,Official (National and EU) programme,According to Reg 152/2009,DK_latest_15402714_contaminants.zip,OCC_CHEMMON2024_DK_2023.ZIP/OCC_CHEMMON2024_DK_2023.CSV,EC15BBBEDDE41E149975CC65B0A830D9,55.779,9.119,2023-08-22,17.529165,21.8,14.0,86.280426,3.1,55.333332
DK,Danemark,DK,Denmark,DK,Denmark,2023-08-22,2023,8,22,wheat,Wheat grains (feed),Primary production,Zearalenone,no,,,15.0,not_quantified_below_loq,Non Quantified Value ( less than LOQ),yes,yes,Objective sampling,Official (National and EU) programme,According to Reg 152/2009,DK_latest_15402714_contaminants.zip,OCC_CHEMMON2024_DK_2023.ZIP/OCC_CHEMMON2024_DK_2023.CSV,8FE7A0856173385A3C76709C57774569,55.779,9.119,2023-08-22,17.529165,21.8,14.0,86.280426,3.1,55.333332
CZ,Tchequie,CZ,Czechia,CZ,Czechia,2023-08-23,2023,8,23,wheat,Wheat grains (feed),Primary production,Zearalenone,no,20.0,,20.0,not_quantified_below_loq,Non Quantified Value ( less than LOQ),yes,yes,Objective sampling,Official (National) programme,,CZ_latest_15410924_contaminants.zip,OCC_CHEMMON2024_CZ_2023.ZIP/OCC_CHEMMON2024_CZ_2023.CSV,523956D290B706E1ABC3B58FC8C5B6FB,49.765,15.05,2023-08-23,16.320833,20.0,13.55,86.64386,0.5,59.125
DK,Danemark,DK,Denmark,DK,Denmark,2023-08-23,2023,8,23,wheat,Wheat grains (feed),Primary production,Zearalenone,no,,,15.0,not_quantified_below_loq,Non Quantified Value ( less than LOQ),yes,yes,Objective sampling,Official (National and EU) programme,According to Reg 152/2009,DK_latest_15402714_contaminants.zip,OCC_CHEMMON2024_DK_2023.ZIP/OCC_CHEMMON2024_DK_2023.CSV,AF306C42CA3E66C9027C82372A8B865A,55.779,9.119,2023-08-23,22.083334,26.65,17.75,66.35808,0.0,45.291668
CZ,Tchequie,CZ,Czechia,CZ,Czechia,2023-08-23,2023,8,23,wheat,Wheat grains (feed),Primary production,Zearalenone,no,20.0,,20.0,not_quantified_below_loq,Non Quantified Value ( less than LOQ),yes,yes,Objective sampling,Official (National) programme,,CZ_latest_15410924_contaminants.zip,OCC_CHEMMON2024_CZ_2023.ZIP/OCC_CHEMMON2024_CZ_2023.CSV,1ACFF864169928D070F2D772D82AAA1F,49.765,15.05,2023-08-23,22.083334,26.65,17.75,66.35808,0.0,45.291668
DK,Danemark,DK,Denmark,DK,Denmark,2023-08-24,2023,8,24,wheat,Wheat grains (feed),Primary production,Zearalenone,no,,,15.0,not_quantified_below_loq,Non Quantified Value ( less than LOQ),yes,yes,Objective sampling,Official (National and EU) programme,According to Reg 152/2009,DK_latest_15402714_contaminants.zip,OCC_CHEMMON2024_DK_2023.ZIP/OCC_CHEMMON2024_DK_2023.CSV,34AEC230DE79FF9C743B5AAE1CFDF4EE,55.779,9.119,2023-08-24,22.89583,28.4,17.05,63.47699,0.0,46.25
CZ,Tchequie,CZ,Czechia,CZ,Czechia,2023-08-24,2023,8,24,wheat,Wheat grains (feed),Primary production,Zearalenone,no,20.0,,20.0,not_quantified_below_loq,Non Quantified Value ( less than LOQ),yes,yes,Objective sampling,Official (National) programme,,CZ_latest_15410924_contaminants.zip,OCC_CHEMMON2024_CZ_2023.ZIP/OCC_CHEMMON2024_CZ_2023.CSV,7C10ABE099632BB486CBE8C9ABDB4AB5,49.765,15.05,2023-08-24,16.531252,20.85,11.5,81.62594,1.2,82.833336
CZ,Tchequie,CZ,Czechia,CZ,Czechia,2023-08-24,2023,8,24,wheat,Wheat grains (feed),Primary production,Zearalenone,no,20.0,,20.0,not_quantified_below_loq,Non Quantified Value ( less than LOQ),yes,yes,Objective sampling,Official (National) programme,,CZ_latest_15410924_contaminants.zip,OCC_CHEMMON2024_CZ_2023.ZIP/OCC_CHEMMON2024_CZ_2023.CSV,B5F1D33EF0F70E34461A36A4C8366E9C,49.765,15.05,2023-08-24,22.89583,28.4,17.05,63.47699,0.0,46.25
CZ,Tchequie,CZ,Czechia,CZ,Czechia,2023-08-25,2023,8,25,barley,Barley grain (feed),Primary production,Zearalenone,no,20.0,,20.0,not_quantified_below_loq,Non Quantified Value ( less than LOQ),yes,yes,Objective sampling,Official (National) programme,,CZ_latest_15410924_contaminants.zip,OCC_CHEMMON2024_CZ_2023.ZIP/OCC_CHEMMON2024_CZ_2023.CSV,B16EEFC429BE615CF6F28E406BC0B49E,49.765,15.05,2023-08-25,23.770836,28.6,19.4,65.25147,0.3,71.791664
DK,Danemark,DK,Denmark,DK,Denmark,2023-08-25,2023,8,25,barley,Barley grain (feed),Primary production,Zearalenone,yes,19.79982675,,15.0,quantified_positive,Numerical Value,yes,yes,Objective sampling,Official (National and EU) programme,According to Reg 152/2009,DK_latest_15402714_contaminants.zip,OCC_CHEMMON2024_DK_2023.ZIP/OCC_CHEMMON2024_DK_2023.CSV,4EBB540E592625C62D9C9140807F8834,55.779,9.119,2023-08-25,17.664583,21.3,15.2,83.13226,5.9999995,71.541664
DK,Danemark,DK,Denmark,DK,Denmark,2023-08-28,2023,8,28,barley,Barley grain (feed),Primary production,Zearalenone,no,,,15.0,not_quantified_below_loq,Non Quantified Value ( less than LOQ),yes,yes,Objective sampling,Official (National and EU) programme,According to Reg 152/2009,DK_latest_15402714_contaminants.zip,OCC_CHEMMON2024_DK_2023.ZIP/OCC_CHEMMON2024_DK_2023.CSV,47822428A4E158F0BCC79D41F03EF533,55.779,9.119,2023-08-28,13.40625,18.3,8.5,84.51441,0.2,35.666668
DK,Danemark,DK,Denmark,DK,Denmark,2023-08-28,2023,8,28,wheat,Wheat grains (feed),Primary production,Zearalenone,no,,,15.0,not_quantified_below_loq,Non Quantified Value ( less than LOQ),yes,yes,Objective sampling,Official (National and EU) programme,According to Reg 152/2009,DK_latest_15402714_contaminants.zip,OCC_CHEMMON2024_DK_2023.ZIP/OCC_CHEMMON2024_DK_2023.CSV,AB4276181EA0A5F9F1A94A5A5C86E725,55.779,9.119,2023-08-28,13.40625,18.3,8.5,84.51441,0.2,35.666668
CZ,Tchequie,CZ,Czechia,CZ,Czechia,2023-08-28,2023,8,28,wheat,Wheat grains (feed),Storage,Zearalenone,no,20.0,,20.0,not_quantified_below_loq,Non Quantified Value ( less than LOQ),yes,yes,Objective sampling,Official (National) programme,,CZ_latest_15410924_contaminants.zip,OCC_CHEMMON2024_CZ_2023.ZIP/OCC_CHEMMON2024_CZ_2023.CSV,5E121AAA313E01711CD2B3CBE835CC51,49.765,15.05,2023-08-28,14.135417,15.95,11.45,92.77874,19.8,100.0
DK,Danemark,DK,Denmark,DK,Denmark,2023-08-29,2023,8,29,barley,Barley grain (feed),Primary production,Zearalenone,no,,,15.0,not_quantified_below_loq,Non Quantified Value ( less than LOQ),yes,yes,Objective sampling,Official (National and EU) programme,According to Reg 152/2009,DK_latest_15402714_contaminants.zip,OCC_CHEMMON2024_DK_2023.ZIP/OCC_CHEMMON2024_DK_2023.CSV,D46C018EEF2E809076678C826A97AAA2,55.779,9.119,2023-08-29,13.243751,17.35,9.0,87.76975,1.1,84.958336
CZ,Tchequie,CZ,Czechia,CZ,Czechia,2023-08-29,2023,8,29,wheat,Wheat grains (feed),Primary production,Zearalenone,no,20.0,,20.0,not_quantified_below_loq,Non Quantified Value ( less than LOQ),yes,yes,Objective sampling,Official (National) programme,,CZ_latest_15410924_contaminants.zip,OCC_CHEMMON2024_CZ_2023.ZIP/OCC_CHEMMON2024_CZ_2023.CSV,F7C24C4E34251198D48AAFAAE0221D8D,49.765,15.05,2023-08-29,12.59375,15.1,10.55,88.704384,6.399999,100.0
DK,Danemark,DK,Denmark,DK,Denmark,2023-08-30,2023,8,30,barley,Barley grain (feed),Primary production,Zearalenone,no,,,15.0,not_quantified_below_loq,Non Quantified Value ( less than LOQ),yes,yes,Objective sampling,Official (National and EU) programme,According to Reg 152/2009,DK_latest_15402714_contaminants.zip,OCC_CHEMMON2024_DK_2023.ZIP/OCC_CHEMMON2024_DK_2023.CSV,306295E1D45F75947826E5BE83C1DEDD,55.779,9.119,2023-08-30,11.05,18.15,13.943751,86.39477,3.0,86.583336
DK,Danemark,DK,Denmark,DK,Denmark,2023-08-30,2023,8,30,wheat,Wheat grains (feed),Primary production,Zearalenone,no,4.197687217,,15.0,not_quantified_below_loq,Non Quantified Value ( less than LOQ),yes,yes,Objective sampling,Official (National and EU) programme,According to Reg 152/2009,DK_latest_15402714_contaminants.zip,OCC_CHEMMON2024_DK_2023.ZIP/OCC_CHEMMON2024_DK_2023.CSV,EB1FEF0750C8A0C4E0B530B69A17CECA,55.779,9.119,2023-08-30,11.05,18.15,13.943751,86.39477,3.0,86.583336
DK,Danemark,DK,Denmark,DK,Denmark,2023-08-31,2023,8,31,barley,Barley grain (feed),Primary production,Zearalenone,no,,,15.0,not_quantified_below_loq,Non Quantified Value ( less than LOQ),yes,yes,Objective sampling,Official (National and EU) programme,According to Reg 152/2009,DK_latest_15402714_contaminants.zip,OCC_CHEMMON2024_DK_2023.ZIP/OCC_CHEMMON2024_DK_2023.CSV,DAADB8D421457C424E36491EE0C92FAD,55.779,9.119,2023-08-31,13.84375,17.05,10.0,87.806175,11.2,92.333336
DK,Danemark,DK,Denmark,DK,Denmark,2023-08-31,2023,8,31,wheat,Wheat grains (feed),Primary production,Zearalenone,no,,,15.0,not_quantified_below_loq,Non Quantified Value ( less than LOQ),yes,yes,Objective sampling,Official (National and EU) programme,According to Reg 152/2009,DK_latest_15402714_contaminants.zip,OCC_CHEMMON2024_DK_2023.ZIP/OCC_CHEMMON2024_DK_2023.CSV,3510CB0D38A5D7956B0B80127447197B,55.779,9.119,2023-08-31,13.84375,17.05,10.0,87.806175,11.2,92.333336
CZ,Tchequie,CZ,Czechia,CZ,Czechia,2023-08-31,2023,8,31,wheat,Wheat grains (feed),Storage,Zearalenone,no,20.0,,20.0,not_quantified_below_loq,Non Quantified Value ( less than LOQ),yes,yes,Objective sampling,Official (National) programme,,CZ_latest_15410924_contaminants.zip,OCC_CHEMMON2024_CZ_2023.ZIP/OCC_CHEMMON2024_CZ_2023.CSV,DD523E544AC06C6CC2CA38D8A92B40BD,49.765,15.05,2023-08-31,13.950001,17.5,10.7,70.791534,0.6,29.75
DK,Danemark,DK,Denmark,DK,Denmark,2023-09-01,2023,9,1,wheat,Wheat grains (feed),Primary production,Zearalenone,no,2.081812881,,15.0,not_quantified_below_loq,Non Quantified Value ( less than LOQ),yes,yes,Objective sampling,Official (National and EU) programme,According to Reg 152/2009,DK_latest_15402714_contaminants.zip,OCC_CHEMMON2024_DK_2023.ZIP/OCC_CHEMMON2024_DK_2023.CSV,6F8C42224EB9226302EAF8917BA8A9C4,55.779,9.119,2023-09-01,14.462499,19.75,8.8,84.24797,0.4,20.25
CZ,Tchequie,CZ,Czechia,CZ,Czechia,2023-09-01,2023,9,1,wheat,Wheat grains (feed),Primary production,Zearalenone,no,20.0,,20.0,not_quantified_below_loq,Non Quantified Value ( less than LOQ),yes,yes,Objective sampling,Official (National) programme,,CZ_latest_15410924_contaminants.zip,OCC_CHEMMON2024_CZ_2023.ZIP/OCC_CHEMMON2024_CZ_2023.CSV,4A96C200E792D0023EAD004A0C7F0FB2,49.765,15.05,2023-09-01,15.697917,19.1,10.85,76.46963,1.4000001,85.333336
CZ,Tchequie,CZ,Czechia,CZ,Czechia,2023-09-05,2023,9,5,barley,Barley grain (feed),Primary production,Zearalenone,no,20.0,,20.0,not_quantified_below_loq,Non Quantified Value ( less than LOQ),yes,yes,Objective sampling,Official (National) programme,,CZ_latest_15410924_contaminants.zip,OCC_CHEMMON2024_CZ_2023.ZIP/OCC_CHEMMON2024_CZ_2023.CSV,1C8DC5298FFBE02BD5C521E64C53D36B,49.765,15.05,2023-09-05,16.622915,22.75,11.45,70.638725,0.0,19.041666
DK,Danemark,DK,Denmark,DK,Denmark,2023-09-05,2023,9,5,barley,Barley grain (feed),Primary production,Zearalenone,no,,,15.0,not_quantified_below_loq,Non Quantified Value ( less than LOQ),yes,yes,Objective sampling,Official (National and EU) programme,According to Reg 152/2009,DK_latest_15402714_contaminants.zip,OCC_CHEMMON2024_DK_2023.ZIP/OCC_CHEMMON2024_DK_2023.CSV,30399C86B7EA76E836BC934185C55DC3,55.779,9.119,2023-09-05,16.520832,23.1,10.9,80.602776,0.0,15.833333
CZ,Tchequie,CZ,Czechia,CZ,Czechia,2023-09-06,2023,9,6,wheat,Wheat grains (feed),Primary production,Zearalenone,no,20.0,,20.0,not_quantified_below_loq,Non Quantified Value ( less than LOQ),yes,yes,Objective sampling,Official (National) programme,,CZ_latest_15410924_contaminants.zip,OCC_CHEMMON2024_CZ_2023.ZIP/OCC_CHEMMON2024_CZ_2023.CSV,CD0F6AA992D0558DD320DED688F50FA3,49.765,15.05,2023-09-06,16.716667,23.15,10.2,84.78182,0.0,34.791668
DK,Danemark,DK,Denmark,DK,Denmark,2023-09-06,2023,9,6,barley,Barley grain (feed),Primary production,Zearalenone,no,,,15.0,not_quantified_below_loq,Non Quantified Value ( less than LOQ),yes,yes,Objective sampling,Official (National and EU) programme,According to Reg 152/2009,DK_latest_15402714_contaminants.zip,OCC_CHEMMON2024_DK_2023.ZIP/OCC_CHEMMON2024_DK_2023.CSV,679D9C858D6FCD744E51C15CBEE6E42E,55.779,9.119,2023-09-06,17.98125,24.9,11.55,69.03077,0.0,0.7083333
SK,Slovaquie,SK,Slovakia,SK,Slovakia,2023-09-07,2023,9,7,wheat,Common wheat grain,Primary production,Zearalenone,no,,,1.0,not_quantified_below_loq,Non Quantified Value ( less than LOQ),yes,yes,Selective sampling,Official (National) programme,Official sampling,SK_latest_15411469_contaminants.zip,OCC_CHEMMON2024_SK_2023.ZIP/OCC_CHEMMON2024_SK_2023.CSV,D8FF2A096DBEAF4B5EF994C8CA4BD8C7,48.053,17.37,2023-09-07,13.6,26.45,19.579168,67.80279,0.0,0.0
CZ,Tchequie,CZ,Czechia,CZ,Czechia,2023-09-08,2023,9,8,barley,Barley grain (feed),Primary production,Zearalenone,no,20.0,,20.0,not_quantified_below_loq,Non Quantified Value ( less than LOQ),yes,yes,Objective sampling,Official (National) programme,,CZ_latest_15410924_contaminants.zip,OCC_CHEMMON2024_CZ_2023.ZIP/OCC_CHEMMON2024_CZ_2023.CSV,DFFCEF8609634DB7CCD874948D6C31AF,49.765,15.05,2023-09-08,13.6,25.6,19.20833,66.85382,0.0,0.33333334
DK,Danemark,DK,Denmark,DK,Denmark,2023-09-12,2023,9,12,wheat,Wheat grains (feed),Primary production,Zearalenone,yes,17.8010683,,15.0,quantified_positive,Numerical Value,yes,yes,Objective sampling,Official (National and EU) programme,According to Reg 152/2009,DK_latest_15402714_contaminants.zip,OCC_CHEMMON2024_DK_2023.ZIP/OCC_CHEMMON2024_DK_2023.CSV,BFEBB0370A517C0944C88C248CFC14A6,55.779,9.119,2023-09-12,16.239584,19.0,12.1,88.632355,6.5999994,87.416664
DK,Danemark,DK,Denmark,DK,Denmark,2023-09-12,2023,9,12,barley,Barley grain (feed),Primary production,Zearalenone,no,,,15.0,not_quantified_below_loq,Non Quantified Value ( less than LOQ),yes,yes,Objective sampling,Official (National and EU) programme,According to Reg 152/2009,DK_latest_15402714_contaminants.zip,OCC_CHEMMON2024_DK_2023.ZIP/OCC_CHEMMON2024_DK_2023.CSV,E6E0CE4A0F62907E2831B92496D72174,55.779,9.119,2023-09-12,16.239584,19.0,12.1,88.632355,6.5999994,87.416664
SK,Slovaquie,SK,Slovakia,SK,Slovakia,2023-09-12,2023,9,12,wheat,Common wheat grain,Primary production,Zearalenone,no,,,1.0,not_quantified_below_loq,Non Quantified Value ( less than LOQ),yes,yes,Selective sampling,Official (National) programme,Official sampling,SK_latest_15411469_contaminants.zip,OCC_CHEMMON2024_SK_2023.ZIP/OCC_CHEMMON2024_SK_2023.CSV,DCEBCC18F2E3039C2647C380A870B9A4,48.053,17.37,2023-09-12,22.372917,29.05,15.15,69.31419,0.0,39.708332
SK,Slovaquie,SK,Slovakia,SK,Slovakia,2023-09-13,2023,9,13,wheat,Common wheat grain,Farm,Zearalenone,no,,3.0,10.0,not_quantified_below_loq,Non Quantified Value ( less than LOQ),yes,yes,Selective sampling,Official (National) programme,Official sampling,SK_latest_15411469_contaminants.zip,OCC_CHEMMON2024_SK_2023.ZIP/OCC_CHEMMON2024_SK_2023.CSV,4F42AC8FACEE8423E30E2C18DD696027,48.053,17.37,2023-09-13,15.75,28.5,22.200003,73.123085,12.900001,67.625
CZ,Tchequie,CZ,Czechia,CZ,Czechia,2023-09-18,2023,9,18,wheat,Wheat grains (feed),Primary production,Zearalenone,no,20.0,,20.0,not_quantified_below_loq,Non Quantified Value ( less than LOQ),yes,yes,Objective sampling,Official (National) programme,,CZ_latest_15410924_contaminants.zip,OCC_CHEMMON2024_CZ_2023.ZIP/OCC_CHEMMON2024_CZ_2023.CSV,4FDAB2C3B57B6D7C3DC5D55C121DD15A,49.765,15.05,2023-09-18,16.05,25.75,20.004168,77.81958,5.6,72.833336
CZ,Tchequie,CZ,Czechia,CZ,Czechia,2023-09-18,2023,9,18,barley,Barley grain (feed),Primary production,Zearalenone,no,20.0,,20.0,not_quantified_below_loq,Non Quantified Value ( less than LOQ),yes,yes,Objective sampling,Official (National) programme,,CZ_latest_15410924_contaminants.zip,OCC_CHEMMON2024_CZ_2023.ZIP/OCC_CHEMMON2024_CZ_2023.CSV,2BF29A1306E9E46C2D311261538203FC,49.765,15.05,2023-09-18,16.05,25.75,20.004168,77.81958,5.6,72.833336
SK,Slovaquie,SK,Slovakia,SK,Slovakia,2023-09-19,2023,9,19,wheat,Common wheat grain,Primary production,Zearalenone,no,,,1.0,not_quantified_below_loq,Non Quantified Value ( less than LOQ),yes,yes,Selective sampling,Official (National) programme,Official sampling,SK_latest_15411469_contaminants.zip,OCC_CHEMMON2024_SK_2023.ZIP/OCC_CHEMMON2024_SK_2023.CSV,B74BFB4877BB720A50800B3B2A778D77,48.053,17.37,2023-09-19,17.15,23.95,19.710415,76.96964,13.799999,64.541664
DK,Danemark,DK,Denmark,DK,Denmark,2023-09-22,2023,9,22,wheat,Wheat grains (feed),Primary production,Zearalenone,no,,,15.0,not_quantified_below_loq,Non Quantified Value ( less than LOQ),yes,yes,Objective sampling,Official (National and EU) programme,According to Reg 152/2009,DK_latest_15402714_contaminants.zip,OCC_CHEMMON2024_DK_2023.ZIP/OCC_CHEMMON2024_DK_2023.CSV,BA62639957BCCB93B1A2F463BD6FF987,55.779,9.119,2023-09-22,11.65,16.6,14.137501,85.60642,8.900001,70.791664
SK,Slovaquie,SK,Slovakia,SK,Slovakia,2023-09-26,2023,9,26,generic_cereal,Cereal grains screenings (feed),Primary production,Zearalenone,yes,30.0,,20.0,quantified_positive,Numerical Value,yes,yes,Selective sampling,Official (National) programme,Official sampling,SK_latest_15411469_contaminants.zip,OCC_CHEMMON2024_SK_2023.ZIP/OCC_CHEMMON2024_SK_2023.CSV,A0B163A4B1640C1EED5DCB2B93DC9A2E,48.053,17.37,2023-09-26,19.197916,25.6,13.25,79.46764,0.0,15.916667
CZ,Tchequie,CZ,Czechia,CZ,Czechia,2023-09-26,2023,9,26,wheat,Wheat grains (feed),Storage,Zearalenone,no,20.0,,20.0,not_quantified_below_loq,Non Quantified Value ( less than LOQ),yes,yes,Objective sampling,Official (National) programme,,CZ_latest_15410924_contaminants.zip,OCC_CHEMMON2024_CZ_2023.ZIP/OCC_CHEMMON2024_CZ_2023.CSV,AF8A19C89DEC3E6FCA70637C577DCBD1,49.765,15.05,2023-09-26,18.093748,24.25,12.4,78.41248,0.0,3.25
SK,Slovaquie,SK,Slovakia,SK,Slovakia,2023-09-29,2023,9,29,wheat,Common wheat grain,Primary production,Zearalenone,no,,3.0,10.0,not_quantified_below_loq,Non Quantified Value ( less than LOQ),yes,yes,Selective sampling,Official (National) programme,Official sampling,SK_latest_15411469_contaminants.zip,OCC_CHEMMON2024_SK_2023.ZIP/OCC_CHEMMON2024_SK_2023.CSV,2A9C36E2DBFAFB64CC108370298CD965,48.053,17.37,2023-09-29,11.7,25.2,18.197916,70.61078,0.0,2.125
SK,Slovaquie,SK,Slovakia,SK,Slovakia,2023-10-03,2023,10,3,barley,Barley grains,Primary production,Zearalenone,no,,,1.0,not_quantified_below_loq,Non Quantified Value ( less than LOQ),yes,yes,Selective sampling,Official (National) programme,Official sampling,SK_latest_15411469_contaminants.zip,OCC_CHEMMON2024_SK_2023.ZIP/OCC_CHEMMON2024_SK_2023.CSV,CE83946127EB234BB02181FFD375A879,48.053,17.37,2023-10-03,13.7,25.15,19.183332,70.735985,0.0,40.5
SK,Slovaquie,SK,Slovakia,SK,Slovakia,2023-10-03,2023,10,3,wheat,Common wheat grain,Primary production,Zearalenone,no,,,8.0,not_quantified_below_loq,Non Quantified Value ( less than LOQ),yes,yes,Selective sampling,Official (National) programme,Official sampling,SK_latest_15411469_contaminants.zip,OCC_CHEMMON2024_SK_2023.ZIP/OCC_CHEMMON2024_SK_2023.CSV,310177CA51EE0AC37A0EA8389CAB5564,48.053,17.37,2023-10-03,13.7,25.15,19.183332,70.735985,0.0,40.5
CZ,Tchequie,CZ,Czechia,CZ,Czechia,2023-10-19,2023,10,19,wheat,Wheat grains (feed),Primary production,Zearalenone,no,20.0,,20.0,not_quantified_below_loq,Non Quantified Value ( less than LOQ),yes,yes,Objective sampling,Official (National) programme,,CZ_latest_15410924_contaminants.zip,OCC_CHEMMON2024_CZ_2023.ZIP/OCC_CHEMMON2024_CZ_2023.CSV,A897B9896780A6F6888F65D414466F57,49.765,15.05,2023-10-19,4.85,13.1,8.881249,84.29413,2.9,98.166664
SK,Slovaquie,SK,Slovakia,SK,Slovakia,2023-10-23,2023,10,23,wheat,Common wheat grain,Primary production,Zearalenone,no,,,1.0,not_quantified_below_loq,Non Quantified Value ( less than LOQ),yes,yes,Selective sampling,Official (National) programme,Official sampling,SK_latest_15411469_contaminants.zip,OCC_CHEMMON2024_SK_2023.ZIP/OCC_CHEMMON2024_SK_2023.CSV,72554C183712F1986234C00F4A63BFC4,48.053,17.37,2023-10-23,8.05,18.9,13.379167,84.89783,0.2,83.708336
CZ,Tchequie,CZ,Czechia,CZ,Czechia,2023-10-25,2023,10,25,maize,Maize grain (feed),Storage,Zearalenone,no,20.0,,20.0,not_quantified_below_loq,Non Quantified Value ( less than LOQ),yes,yes,Objective sampling,Official (National) programme,,CZ_latest_15410924_contaminants.zip,OCC_CHEMMON2024_CZ_2023.ZIP/OCC_CHEMMON2024_CZ_2023.CSV,493793507068B09AD3F55005879D3BB3,49.765,15.05,2023-10-25,8.7,14.2,10.600001,84.9513,1.6999999,83.75
CZ,Tchequie,CZ,Czechia,CZ,Czechia,2023-10-25,2023,10,25,barley,Barley grain (feed),Primary production,Zearalenone,no,20.0,,20.0,not_quantified_below_loq,Non Quantified Value ( less than LOQ),yes,yes,Objective sampling,Official (National) programme,,CZ_latest_15410924_contaminants.zip,OCC_CHEMMON2024_CZ_2023.ZIP/OCC_CHEMMON2024_CZ_2023.CSV,40A94BAD500FAA62DC58226AC288F07B,49.765,15.05,2023-10-25,8.7,14.2,10.600001,84.9513,1.6999999,83.75
CZ,Tchequie,CZ,Czechia,CZ,Czechia,2023-10-26,2023,10,26,maize,Maize grain (feed),Storage,Zearalenone,yes,43.54,,20.0,quantified_positive,Numerical Value,yes,yes,Objective sampling,Official (National) programme,,CZ_latest_15410924_contaminants.zip,OCC_CHEMMON2024_CZ_2023.ZIP/OCC_CHEMMON2024_CZ_2023.CSV,8D2B3876F75A50CF4E583454FD82D2C5,49.765,15.05,2023-10-26,13.516667,17.7,9.9,85.228874,0.0,92.75
SK,Slovaquie,SK,Slovakia,SK,Slovakia,2023-10-26,2023,10,26,generic_cereal,Cereal grains screenings (feed),Primary production,Zearalenone,no,,,20.0,not_quantified_below_loq,Non Quantified Value ( less than LOQ),yes,yes,Selective sampling,Official (National) programme,Official sampling,SK_latest_15411469_contaminants.zip,OCC_CHEMMON2024_SK_2023.ZIP/OCC_CHEMMON2024_SK_2023.CSV,0CCE23E926E459932EAEBFFC77B9F07F,48.053,17.37,2023-10-26,10.7625,13.2,7.5,79.76847,1.6000001,79.75
CZ,Tchequie,CZ,Czechia,CZ,Czechia,2023-10-30,2023,10,30,wheat,Wheat grains (feed),Storage,Zearalenone,no,20.0,,20.0,not_quantified_below_loq,Non Quantified Value ( less than LOQ),yes,yes,Objective sampling,Official (National) programme,,CZ_latest_15410924_contaminants.zip,OCC_CHEMMON2024_CZ_2023.ZIP/OCC_CHEMMON2024_CZ_2023.CSV,5AEAD5527820C33342E65F1916784C63,49.765,15.05,2023-10-30,8.95,18.75,13.035417,74.39914,0.0,96.875
CZ,Tchequie,CZ,Czechia,CZ,Czechia,2023-11-01,2023,11,1,wheat,Wheat grains (feed),Primary production,Zearalenone,no,20.0,,20.0,not_quantified_below_loq,Non Quantified Value ( less than LOQ),yes,yes,Objective sampling,Official (National) programme,,CZ_latest_15410924_contaminants.zip,OCC_CHEMMON2024_CZ_2023.ZIP/OCC_CHEMMON2024_CZ_2023.CSV,88C0786EFC4E979D42610DD83E0C62B4,49.765,15.05,2023-11-01,7.0,14.0,9.633334,80.20237,0.1,77.583336
SK,Slovaquie,SK,Slovakia,SK,Slovakia,2023-11-06,2023,11,6,wheat,Common wheat grain,Primary production,Zearalenone,no,,,8.0,not_quantified_below_loq,Non Quantified Value ( less than LOQ),yes,yes,Selective sampling,Official (National) programme,Official sampling,SK_latest_15411469_contaminants.zip,OCC_CHEMMON2024_SK_2023.ZIP/OCC_CHEMMON2024_SK_2023.CSV,D25751426DB813350B94A2BCD4B94D14,48.053,17.37,2023-11-06,6.45,16.2,11.445834,71.8343,0.0,17.583334
