origin_country_code,origin_country_label_fr,reporting_country_code,reporting_country_name,sample_country_code,sample_country_name,sample_date,sample_year,sample_month,sample_day,crop_group,product_name,sampling_point,param_name,zen_detected,zen_value_ug_kg,lod_ug_kg,loq_ug_kg,result_status,result_type,origin_matches_reporting_country,origin_matches_sample_country,sampling_strategy,program_type,sample_method,source_archive,source_file,resId_A,nasa_weather_source,nasa_weather_country_points_used,nasa_weather_6m_start,nasa_weather_6m_end,nasa_weather_days_6m,nasa_t2m_mean_6m_c,nasa_t2m_max_mean_6m_c,nasa_t2m_min_mean_6m_c,nasa_precip_total_6m_mm,nasa_precip_days_6m_ge_1mm,nasa_rh2m_mean_6m_pct,nasa_rh2m_days_6m_ge_80pct,nasa_mycotoxin_humid_warm_days_6m,nasa_mycotoxin_wet_warm_days_6m
CZ,Tchequie,CZ,Czechia,CZ,Czechia,2019-02-20,2019,2,20,barley,Barley grain (feed),Primary production,Zearalenone,no,,,20,not_quantified_below_loq,Non Quantified Value ( less than LOQ),yes,yes,Objective sampling,Official (National) programme,,CZ_latest_15410924_contaminants.zip,OCC_CHEMMON2020_CZ_2019.ZIP/OCC_CHEMMON2020_CZ_2019.CSV,CD4F4D661B734AD9E74B94A279E30233,NASA_POWER_DAILY_COUNTRY_MEAN,5,2018-08-20,2019-02-19,184,5.962,10.552,2.152,291.442,59.2,81.761,115.2,8.4,13.6
CZ,Tchequie,CZ,Czechia,CZ,Czechia,2019-03-18,2019,3,18,barley,Barley grain (feed),Primary production,Zearalenone,no,,,20,not_quantified_below_loq,Non Quantified Value ( less than LOQ),yes,yes,Objective sampling,Official (National) programme,,CZ_latest_15410924_contaminants.zip,OCC_CHEMMON2020_CZ_2019.ZIP/OCC_CHEMMON2020_CZ_2019.CSV,41CB40673B11DFD3300D20756321752A,NASA_POWER_DAILY_COUNTRY_MEAN,5,2018-09-18,2019-03-17,181,3.662,8.125,0.089,256.42,59,84.375,126.6,4.4,3
CZ,Tchequie,CZ,Czechia,CZ,Czechia,2019-03-26,2019,3,26,barley,Barley grain (feed),Storage,Zearalenone,no,,,20,not_quantified_below_loq,Non Quantified Value ( less than LOQ),yes,yes,Objective sampling,Official (National) programme,,CZ_latest_15410924_contaminants.zip,OCC_CHEMMON2020_CZ_2019.ZIP/OCC_CHEMMON2020_CZ_2019.CSV,356CFC6AF1743F0E38EAACE24AD1EE34,NASA_POWER_DAILY_COUNTRY_MEAN,5,2018-09-26,2019-03-25,181,3.248,7.689,-0.323,240.948,57.2,84.832,128.8,4.2,0.8
CZ,Tchequie,CZ,Czechia,CZ,Czechia,2019-10-23,2019,10,23,barley,Barley grain (feed),Storage,Zearalenone,no,,,20,not_quantified_below_loq,Non Quantified Value ( less than LOQ),yes,yes,Objective sampling,Official (National) programme,,CZ_latest_15410924_contaminants.zip,OCC_CHEMMON2020_CZ_2019.ZIP/OCC_CHEMMON2020_CZ_2019.CSV,02DB9AA1D3A5A2F7F7383CCCAF04B6E8,NASA_POWER_DAILY_COUNTRY_MEAN,5,2019-04-23,2019-10-22,183,16.691,22.403,10.943,390.124,69.2,68.4,31.6,22.6,57.8
CZ,Tchequie,CZ,Czechia,CZ,Czechia,2020-02-12,2020,2,12,barley,Barley grain (feed),Storage,Zearalenone,no,,,20,not_quantified_below_loq,Non Quantified Value ( less than LOQ),yes,yes,Objective sampling,Official (National) programme,,CZ_latest_15410924_contaminants.zip,OCC_CHEMMON2021_CZ_2020.ZIP/OCC_CHEMMON2021_CZ_2020.CSV,E0EB9B82C93581D42418FEA7CF28BADE,NASA_POWER_DAILY_COUNTRY_MEAN,5,2019-08-12,2020-02-11,184,7.455,12.038,3.687,287.964,58,83.444,124.4,19.4,20.4
CZ,Tchequie,CZ,Czechia,CZ,Czechia,2020-03-11,2020,3,11,barley,Barley grain (feed),Storage,Zearalenone,no,,,20,not_quantified_below_loq,Non Quantified Value ( less than LOQ),yes,yes,Objective sampling,Official (National) programme,,CZ_latest_15410924_contaminants.zip,OCC_CHEMMON2021_CZ_2020.ZIP/OCC_CHEMMON2021_CZ_2020.CSV,D57E08506C23B094A8AA286ED19A4646,NASA_POWER_DAILY_COUNTRY_MEAN,5,2019-09-11,2020-03-10,182,4.947,9.288,1.44,240.126,59.2,86.113,143.8,16,7.2
CZ,Tchequie,CZ,Czechia,CZ,Czechia,2020-05-14,2020,5,14,barley,Barley grain (feed),Primary production,Zearalenone,no,,,20,not_quantified_below_loq,Non Quantified Value ( less than LOQ),yes,yes,Objective sampling,Official (National) programme,,CZ_latest_15410924_contaminants.zip,OCC_CHEMMON2021_CZ_2020.ZIP/OCC_CHEMMON2021_CZ_2020.CSV,E30F842AED3A7CA094B418F7D17F98E7,NASA_POWER_DAILY_COUNTRY_MEAN,5,2019-11-14,2020-05-13,182,4.064,8.638,-0.009,227.578,55.8,82.742,119,2.8,7.4
CZ,Tchequie,CZ,Czechia,CZ,Czechia,2020-09-25,2020,9,25,barley,Barley grain (feed),Storage,Zearalenone,no,,,20,not_quantified_below_loq,Non Quantified Value ( less than LOQ),yes,yes,Objective sampling,Official (National) programme,,CZ_latest_15410924_contaminants.zip,OCC_CHEMMON2021_CZ_2020.ZIP/OCC_CHEMMON2021_CZ_2020.CSV,4D61A762909D15AE1EC4DDC7CE4CFAA8,NASA_POWER_DAILY_COUNTRY_MEAN,5,2020-03-25,2020-09-24,184,15.146,20.813,9.177,469.418,71.6,70.179,29.4,27,65.6
CZ,Tchequie,CZ,Czechia,CZ,Czechia,2020-09-30,2020,9,30,barley,Barley grain (feed),Primary production,Zearalenone,no,,,20,not_quantified_below_loq,Non Quantified Value ( less than LOQ),yes,yes,Objective sampling,Official (National) programme,,CZ_latest_15410924_contaminants.zip,OCC_CHEMMON2021_CZ_2020.ZIP/OCC_CHEMMON2021_CZ_2020.CSV,4BDCDC741B850D915028A21AA70CE57B,NASA_POWER_DAILY_COUNTRY_MEAN,5,2020-03-30,2020-09-29,184,15.294,20.879,9.38,518.076,75,70.53,33.4,28.6,67.2
CZ,Tchequie,CZ,Czechia,CZ,Czechia,2020-10-12,2020,10,12,barley,Barley grain (feed),Primary production,Zearalenone,no,,,20,not_quantified_below_loq,Non Quantified Value ( less than LOQ),yes,yes,Objective sampling,Official (National) programme,,CZ_latest_15410924_contaminants.zip,OCC_CHEMMON2021_CZ_2020.ZIP/OCC_CHEMMON2021_CZ_2020.CSV,46C0E23D5E7ADBA6FA2C3111B61634D7,NASA_POWER_DAILY_COUNTRY_MEAN,5,2020-04-12,2020-10-11,183,15.684,21.143,9.933,544.136,80,71.711,42.4,35.6,70.6
CZ,Tchequie,CZ,Czechia,CZ,Czechia,2021-04-29,2021,4,29,barley,Barley grain (feed),Storage,Zearalenone,no,20,,20,not_quantified_below_loq,Non Quantified Value ( less than LOQ),yes,yes,Objective sampling,Official (National) programme,,CZ_latest_15410924_contaminants.zip,OCC_CHEMMON2022_CZ_2021.ZIP/OCC_CHEMMON2022_CZ_2021.CSV,1DCE14DFDE29CAEA0D979A740ABAAC7A,NASA_POWER_DAILY_COUNTRY_MEAN,5,2020-10-29,2021-04-28,182,1.283,5.295,-2.174,243.978,60.4,89.414,157.6,3.4,1.8
CZ,Tchequie,CZ,Czechia,CZ,Czechia,2021-04-30,2021,4,30,barley,Barley grain (feed),Primary production,Zearalenone,no,20,,20,not_quantified_below_loq,Non Quantified Value ( less than LOQ),yes,yes,Objective sampling,Official (National) programme,,CZ_latest_15410924_contaminants.zip,OCC_CHEMMON2022_CZ_2021.ZIP/OCC_CHEMMON2022_CZ_2021.CSV,14EC66C3595EE76A9A079B189371589E,NASA_POWER_DAILY_COUNTRY_MEAN,5,2020-10-30,2021-04-29,182,1.306,5.327,-2.161,242.766,60.2,89.366,157.6,4.4,2.6
CZ,Tchequie,CZ,Czechia,CZ,Czechia,2021-05-12,2021,5,12,barley,Barley grain (feed),Storage,Zearalenone,no,20,,20,not_quantified_below_loq,Non Quantified Value ( less than LOQ),yes,yes,Objective sampling,Official (National) programme,,CZ_latest_15410924_contaminants.zip,OCC_CHEMMON2022_CZ_2021.ZIP/OCC_CHEMMON2022_CZ_2021.CSV,B4F7D391A60EF4DE0A223A7C1C799066,NASA_POWER_DAILY_COUNTRY_MEAN,5,2020-11-12,2021-05-11,181,1.513,5.626,-2.162,254.236,61,88.361,148.2,2.6,2.4
CZ,Tchequie,CZ,Czechia,CZ,Czechia,2021-05-18,2021,5,18,barley,Barley grain (feed),Primary production,Zearalenone,no,20,,20,not_quantified_below_loq,Non Quantified Value ( less than LOQ),yes,yes,Objective sampling,Official (National) programme,,CZ_latest_15410924_contaminants.zip,OCC_CHEMMON2022_CZ_2021.ZIP/OCC_CHEMMON2022_CZ_2021.CSV,7D20FA0D3286EBA1923C8308FE0F10BD,NASA_POWER_DAILY_COUNTRY_MEAN,5,2020-11-18,2021-05-17,181,1.712,5.824,-2.009,305.262,66.6,88.047,147,6,7
CZ,Tchequie,CZ,Czechia,CZ,Czechia,2021-06-10,2021,6,10,barley,Barley grain (feed),Storage,Zearalenone,yes,112.6,,20,quantified_positive,Numerical Value,yes,yes,Objective sampling,Official (National) programme,,CZ_latest_15410924_contaminants.zip,OCC_CHEMMON2022_CZ_2021.ZIP/OCC_CHEMMON2022_CZ_2021.CSV,117DB931C57D5DCA152015D5E78951A2,NASA_POWER_DAILY_COUNTRY_MEAN,5,2020-12-10,2021-06-09,182,3.344,7.604,-0.76,325.494,74,86.036,133,10.6,14
CZ,Tchequie,CZ,Czechia,CZ,Czechia,2021-07-29,2021,7,29,barley,Barley grain (feed),Primary production,Zearalenone,no,20,,20,not_quantified_below_loq,Non Quantified Value ( less than LOQ),yes,yes,Objective sampling,Official (National) programme,,CZ_latest_15410924_contaminants.zip,OCC_CHEMMON2022_CZ_2021.ZIP/OCC_CHEMMON2022_CZ_2021.CSV,E46757DD3278F9E1F66AF3060ED37164,NASA_POWER_DAILY_COUNTRY_MEAN,5,2021-01-29,2021-07-28,181,9.191,14.022,4.26,414.028,78.2,80.167,94.2,21.8,38.6
CZ,Tchequie,CZ,Czechia,CZ,Czechia,2021-09-16,2021,9,16,barley,Barley grain (feed),Primary production,Zearalenone,no,20,,20,not_quantified_below_loq,Non Quantified Value ( less than LOQ),yes,yes,Objective sampling,Official (National) programme,,CZ_latest_15410924_contaminants.zip,OCC_CHEMMON2022_CZ_2021.ZIP/OCC_CHEMMON2022_CZ_2021.CSV,6B8EC4E36831FD41AE76793D631ACD07,NASA_POWER_DAILY_COUNTRY_MEAN,5,2021-03-16,2021-09-15,184,13.829,18.87,8.467,481.62,81.6,76.254,64.2,33.2,59.6
CZ,Tchequie,CZ,Czechia,CZ,Czechia,2022-02-02,2022,2,2,barley,Barley grain (feed),Storage,Zearalenone,yes,24.89,,20,quantified_positive,Numerical Value,yes,yes,Objective sampling,Official (National) programme,,CZ_latest_15410924_contaminants.zip,OCC_CHEMMON2023_CZ_2022.ZIP/OCC_CHEMMON2023_CZ_2022.CSV,A3CE2B7B9EBE5DC9071FB60A945C356E,NASA_POWER_DAILY_COUNTRY_MEAN,5,2021-08-02,2022-02-01,184,7.021,11.493,3.099,277.762,56.6,84.007,118.8,19,25.8
CZ,Tchequie,CZ,Czechia,CZ,Czechia,2022-02-17,2022,2,17,barley,Barley grain (feed),Storage,Zearalenone,no,20,,20,not_quantified_below_loq,Non Quantified Value ( less than LOQ),yes,yes,Objective sampling,Official (National) programme,,CZ_latest_15410924_contaminants.zip,OCC_CHEMMON2023_CZ_2022.ZIP/OCC_CHEMMON2023_CZ_2022.CSV,091596B6222B82DE6014F1272EE28916,NASA_POWER_DAILY_COUNTRY_MEAN,5,2021-08-17,2022-02-16,184,5.578,9.965,1.869,229.912,52.8,85.083,129.8,16,18
CZ,Tchequie,CZ,Czechia,CZ,Czechia,2022-03-01,2022,3,1,barley,Barley grain (feed),Primary production,Zearalenone,no,20,,20,not_quantified_below_loq,Non Quantified Value ( less than LOQ),yes,yes,Objective sampling,Official (National) programme,,CZ_latest_15410924_contaminants.zip,OCC_CHEMMON2023_CZ_2022.ZIP/OCC_CHEMMON2023_CZ_2022.CSV,204F459E6CC4E638A4F261113ECCA589,NASA_POWER_DAILY_COUNTRY_MEAN,5,2021-09-01,2022-02-28,181,4.601,8.953,0.933,193.532,47.6,85.372,130.6,9.8,8.6
CZ,Tchequie,CZ,Czechia,CZ,Czechia,2022-03-11,2022,3,11,barley,Barley grain (feed),Primary production,Zearalenone,no,20,,20,not_quantified_below_loq,Non Quantified Value ( less than LOQ),yes,yes,Objective sampling,Official (National) programme,,CZ_latest_15410924_contaminants.zip,OCC_CHEMMON2023_CZ_2022.ZIP/OCC_CHEMMON2023_CZ_2022.CSV,42604C6882286DB7A9198A532C3B1594,NASA_POWER_DAILY_COUNTRY_MEAN,5,2021-09-11,2022-03-10,181,3.669,7.929,0.159,192.692,47.2,85.74,132.8,9.4,8
CZ,Tchequie,CZ,Czechia,CZ,Czechia,2022-03-30,2022,3,30,barley,Barley grain (feed),Primary production,Zearalenone,no,20,,20,not_quantified_below_loq,Non Quantified Value ( less than LOQ),yes,yes,Objective sampling,Official (National) programme,,CZ_latest_15410924_contaminants.zip,OCC_CHEMMON2023_CZ_2022.ZIP/OCC_CHEMMON2023_CZ_2022.CSV,352A60766D820BF3288640E49DD62978,NASA_POWER_DAILY_COUNTRY_MEAN,5,2021-09-30,2022-03-29,181,2.634,7.064,-0.965,174.662,43,84.776,129.6,3,2.6
CZ,Tchequie,CZ,Czechia,CZ,Czechia,2022-06-28,2022,6,28,barley,Barley grain (feed),Primary production,Zearalenone,no,20,,20,not_quantified_below_loq,Non Quantified Value ( less than LOQ),yes,yes,Objective sampling,Official (National) programme,,CZ_latest_15410924_contaminants.zip,OCC_CHEMMON2023_CZ_2022.ZIP/OCC_CHEMMON2023_CZ_2022.CSV,BC949C9349CAB67928162E2C7EBEA42A,NASA_POWER_DAILY_COUNTRY_MEAN,5,2021-12-28,2022-06-27,182,7.57,12.516,2.751,278.866,61.2,76.064,77,5.6,25.8
CZ,Tchequie,CZ,Czechia,CZ,Czechia,2022-08-02,2022,8,2,barley,Barley grain (feed),Primary production,Zearalenone,no,20,,20,not_quantified_below_loq,Non Quantified Value ( less than LOQ),yes,yes,Objective sampling,Official (National) programme,,CZ_latest_15410924_contaminants.zip,OCC_CHEMMON2023_CZ_2022.ZIP/OCC_CHEMMON2023_CZ_2022.CSV,7CDAABC07430C0AAB0CB5B1D8FB9E7C8,NASA_POWER_DAILY_COUNTRY_MEAN,5,2022-02-02,2022-08-01,181,11.605,17.096,6.054,323.314,62.6,70.156,44.2,7.4,40.4
CZ,Tchequie,CZ,Czechia,CZ,Czechia,2022-08-10,2022,8,10,barley,Barley grain (feed),Storage,Zearalenone,no,20,,20,not_quantified_below_loq,Non Quantified Value ( less than LOQ),yes,yes,Objective sampling,Official (National) programme,,CZ_latest_15410924_contaminants.zip,OCC_CHEMMON2023_CZ_2022.ZIP/OCC_CHEMMON2023_CZ_2022.CSV,5CA7A015E331FCC9F12642ACA66E3478,NASA_POWER_DAILY_COUNTRY_MEAN,5,2022-02-10,2022-08-09,181,12.496,18.13,6.755,324.654,61.4,68.597,36.2,7.4,42
CZ,Tchequie,CZ,Czechia,CZ,Czechia,2022-08-15,2022,8,15,barley,Barley grain (feed),Primary production,Zearalenone,no,20,,20,not_quantified_below_loq,Non Quantified Value ( less than LOQ),yes,yes,Objective sampling,Official (National) programme,,CZ_latest_15410924_contaminants.zip,OCC_CHEMMON2023_CZ_2022.ZIP/OCC_CHEMMON2023_CZ_2022.CSV,97289AB78497313CDEAB21AABA1C0475,NASA_POWER_DAILY_COUNTRY_MEAN,5,2022-02-15,2022-08-14,181,13.032,18.679,7.207,328.466,62,67.903,32.2,7.6,43
CZ,Tchequie,CZ,Czechia,CZ,Czechia,2022-08-15,2022,8,15,barley,Barley grain (feed),Primary production,Zearalenone,no,20,,20,not_quantified_below_loq,Non Quantified Value ( less than LOQ),yes,yes,Objective sampling,Official (National) programme,,CZ_latest_15410924_contaminants.zip,OCC_CHEMMON2023_CZ_2022.ZIP/OCC_CHEMMON2023_CZ_2022.CSV,5357D52103996F0A1E8F18DE659934F0,NASA_POWER_DAILY_COUNTRY_MEAN,5,2022-02-15,2022-08-14,181,13.032,18.679,7.207,328.466,62,67.903,32.2,7.6,43
CZ,Tchequie,CZ,Czechia,CZ,Czechia,2023-07-13,2023,7,13,barley,Barley grain (feed),Storage,Zearalenone,no,20,,20,not_quantified_below_loq,Non Quantified Value ( less than LOQ),yes,yes,Objective sampling,Official (National) programme,,CZ_latest_15410924_contaminants.zip,OCC_CHEMMON2024_CZ_2023.ZIP/OCC_CHEMMON2024_CZ_2023.CSV,49F5D038324CB55E461AE7496A781B14,NASA_POWER_DAILY_COUNTRY_MEAN,5,2023-01-13,2023-07-12,181,8.717,13.479,3.945,285.196,67.8,78.477,98,17.2,26.6
CZ,Tchequie,CZ,Czechia,CZ,Czechia,2023-07-18,2023,7,18,barley,Barley grain (feed),Storage,Zearalenone,no,20,,20,not_quantified_below_loq,Non Quantified Value ( less than LOQ),yes,yes,Objective sampling,Official (National) programme,,CZ_latest_15410924_contaminants.zip,OCC_CHEMMON2024_CZ_2023.ZIP/OCC_CHEMMON2024_CZ_2023.CSV,2EB5B79C69A75E8669748439150975BA,NASA_POWER_DAILY_COUNTRY_MEAN,5,2023-01-18,2023-07-17,181,9.288,14.124,4.4,292.258,67,77.61,93.2,17.4,28.4
CZ,Tchequie,CZ,Czechia,CZ,Czechia,2023-07-19,2023,7,19,barley,Barley grain (feed),Primary production,Zearalenone,no,20,,20,not_quantified_below_loq,Non Quantified Value ( less than LOQ),yes,yes,Objective sampling,Official (National) programme,,CZ_latest_15410924_contaminants.zip,OCC_CHEMMON2024_CZ_2023.ZIP/OCC_CHEMMON2024_CZ_2023.CSV,8F18138B218B15C66617C3C1BE1FB1C3,NASA_POWER_DAILY_COUNTRY_MEAN,5,2023-01-19,2023-07-18,181,9.415,14.266,4.5,290.52,66.2,77.363,92.2,17.4,28.4
CZ,Tchequie,CZ,Czechia,CZ,Czechia,2023-08-01,2023,8,1,barley,Barley grain (feed),Primary production,Zearalenone,no,20,,20,not_quantified_below_loq,Non Quantified Value ( less than LOQ),yes,yes,Objective sampling,Official (National) programme,,CZ_latest_15410924_contaminants.zip,OCC_CHEMMON2024_CZ_2023.ZIP/OCC_CHEMMON2024_CZ_2023.CSV,BE7C85BEE1FFA764A07472CEC5552D52,NASA_POWER_DAILY_COUNTRY_MEAN,5,2023-02-01,2023-07-31,181,10.974,16.049,5.825,316.906,69.8,75.377,79.4,17.6,37
CZ,Tchequie,CZ,Czechia,CZ,Czechia,2023-08-02,2023,8,2,barley,Barley grain (feed),Storage,Zearalenone,no,20,,20,not_quantified_below_loq,Non Quantified Value ( less than LOQ),yes,yes,Objective sampling,Official (National) programme,,CZ_latest_15410924_contaminants.zip,OCC_CHEMMON2024_CZ_2023.ZIP/OCC_CHEMMON2024_CZ_2023.CSV,0FE78266BF69A19DB20FD5484B14E1C6,NASA_POWER_DAILY_COUNTRY_MEAN,5,2023-02-02,2023-08-01,181,11.061,16.144,5.899,319.75,69.8,75.315,78.6,17.8,38
CZ,Tchequie,CZ,Czechia,CZ,Czechia,2023-08-17,2023,8,17,barley,Barley grain (feed),Storage,Zearalenone,no,20,,20,not_quantified_below_loq,Non Quantified Value ( less than LOQ),yes,yes,Objective sampling,Official (National) programme,,CZ_latest_15410924_contaminants.zip,OCC_CHEMMON2024_CZ_2023.ZIP/OCC_CHEMMON2024_CZ_2023.CSV,83649F986ACF1FF4DD07E7278E6D733A,NASA_POWER_DAILY_COUNTRY_MEAN,5,2023-02-17,2023-08-16,181,12.739,17.872,7.419,376.058,75,73.844,67.8,21.6,45.4
CZ,Tchequie,CZ,Czechia,CZ,Czechia,2023-08-22,2023,8,22,barley,Barley grain (feed),Primary production,Zearalenone,no,20,,20,not_quantified_below_loq,Non Quantified Value ( less than LOQ),yes,yes,Objective sampling,Official (National) programme,,CZ_latest_15410924_contaminants.zip,OCC_CHEMMON2024_CZ_2023.ZIP/OCC_CHEMMON2024_CZ_2023.CSV,3556DB55A7BF5FC7BC0261A790AC6C0A,NASA_POWER_DAILY_COUNTRY_MEAN,5,2023-02-22,2023-08-21,181,13.256,18.447,7.887,373.03,74.2,73.175,62.8,21.6,46.8
CZ,Tchequie,CZ,Czechia,CZ,Czechia,2023-08-25,2023,8,25,barley,Barley grain (feed),Primary production,Zearalenone,no,20,,20,not_quantified_below_loq,Non Quantified Value ( less than LOQ),yes,yes,Objective sampling,Official (National) programme,,CZ_latest_15410924_contaminants.zip,OCC_CHEMMON2024_CZ_2023.ZIP/OCC_CHEMMON2024_CZ_2023.CSV,B16EEFC429BE615CF6F28E406BC0B49E,NASA_POWER_DAILY_COUNTRY_MEAN,5,2023-02-25,2023-08-24,181,13.576,18.795,8.158,371.022,73.6,72.689,59.8,21.6,47.2
CZ,Tchequie,CZ,Czechia,CZ,Czechia,2023-09-05,2023,9,5,barley,Barley grain (feed),Primary production,Zearalenone,no,20,,20,not_quantified_below_loq,Non Quantified Value ( less than LOQ),yes,yes,Objective sampling,Official (National) programme,,CZ_latest_15410924_contaminants.zip,OCC_CHEMMON2024_CZ_2023.ZIP/OCC_CHEMMON2024_CZ_2023.CSV,1C8DC5298FFBE02BD5C521E64C53D36B,NASA_POWER_DAILY_COUNTRY_MEAN,5,2023-03-05,2023-09-04,184,14.44,19.644,9.006,423.874,78.6,72.547,58,26.4,53.8
CZ,Tchequie,CZ,Czechia,CZ,Czechia,2023-09-08,2023,9,8,barley,Barley grain (feed),Primary production,Zearalenone,no,20,,20,not_quantified_below_loq,Non Quantified Value ( less than LOQ),yes,yes,Objective sampling,Official (National) programme,,CZ_latest_15410924_contaminants.zip,OCC_CHEMMON2024_CZ_2023.ZIP/OCC_CHEMMON2024_CZ_2023.CSV,DFFCEF8609634DB7CCD874948D6C31AF,NASA_POWER_DAILY_COUNTRY_MEAN,5,2023-03-08,2023-09-07,184,14.727,19.993,9.218,423.08,78.6,72.211,55.2,26.4,53.8
CZ,Tchequie,CZ,Czechia,CZ,Czechia,2023-09-18,2023,9,18,barley,Barley grain (feed),Primary production,Zearalenone,no,20,,20,not_quantified_below_loq,Non Quantified Value ( less than LOQ),yes,yes,Objective sampling,Official (National) programme,,CZ_latest_15410924_contaminants.zip,OCC_CHEMMON2024_CZ_2023.ZIP/OCC_CHEMMON2024_CZ_2023.CSV,2BF29A1306E9E46C2D311261538203FC,NASA_POWER_DAILY_COUNTRY_MEAN,5,2023-03-18,2023-09-17,184,15.589,20.968,9.98,411.052,75,71.328,49,26.6,55.2
CZ,Tchequie,CZ,Czechia,CZ,Czechia,2023-10-25,2023,10,25,barley,Barley grain (feed),Primary production,Zearalenone,no,20,,20,not_quantified_below_loq,Non Quantified Value ( less than LOQ),yes,yes,Objective sampling,Official (National) programme,,CZ_latest_15410924_contaminants.zip,OCC_CHEMMON2024_CZ_2023.ZIP/OCC_CHEMMON2024_CZ_2023.CSV,40A94BAD500FAA62DC58226AC288F07B,NASA_POWER_DAILY_COUNTRY_MEAN,5,2023-04-25,2023-10-24,183,17.114,22.773,11.349,367.734,66.4,69.674,32.2,28.2,62.4
CZ,Tchequie,CZ,Czechia,CZ,Czechia,2019-03-07,2019,3,7,maize,Maize grain (feed),Storage,Zearalenone,yes,443,,20,quantified_positive,Numerical Value,yes,yes,Objective sampling,Official (National) programme,,CZ_latest_15410924_contaminants.zip,OCC_CHEMMON2020_CZ_2019.ZIP/OCC_CHEMMON2020_CZ_2019.CSV,B3C7C4BD6F004B6EE0CE6A380BC4D73C,NASA_POWER_DAILY_COUNTRY_MEAN,5,2018-09-07,2019-03-06,181,4.423,8.981,0.722,238.166,54.8,83.34,121,5.6,5.4
CZ,Tchequie,CZ,Czechia,CZ,Czechia,2019-03-22,2019,3,22,maize,Maize grain (feed),Primary production,Zearalenone,no,,,20,not_quantified_below_loq,Non Quantified Value ( less than LOQ),yes,yes,Objective sampling,Official (National) programme,,CZ_latest_15410924_contaminants.zip,OCC_CHEMMON2020_CZ_2019.ZIP/OCC_CHEMMON2020_CZ_2019.CSV,634AD8900E62654B824F8379E5BC8083,NASA_POWER_DAILY_COUNTRY_MEAN,5,2018-09-22,2019-03-21,181,3.312,7.724,-0.239,254.222,58.4,84.553,127,4.4,2.2
CZ,Tchequie,CZ,Czechia,CZ,Czechia,2019-08-07,2019,8,7,maize,Maize grain (feed),Primary production,Zearalenone,no,,,20,not_quantified_below_loq,Non Quantified Value ( less than LOQ),yes,yes,Objective sampling,Official (National) programme,,CZ_latest_15410924_contaminants.zip,OCC_CHEMMON2020_CZ_2019.ZIP/OCC_CHEMMON2020_CZ_2019.CSV,A09DA80BADCD6E12B2056FB5ABA7619A,NASA_POWER_DAILY_COUNTRY_MEAN,5,2019-02-07,2019-08-06,181,12.473,18.069,6.92,286.292,59.6,71.087,45.2,8,36
CZ,Tchequie,CZ,Czechia,CZ,Czechia,2020-05-25,2020,5,25,maize,Maize grain (feed),Storage,Zearalenone,yes,32.9,,20,quantified_positive,Numerical Value,yes,yes,Objective sampling,Official (National) programme,,CZ_latest_15410924_contaminants.zip,OCC_CHEMMON2021_CZ_2020.ZIP/OCC_CHEMMON2021_CZ_2020.CSV,2BB1A9EB73A6B726F46C4270CE55631A,NASA_POWER_DAILY_COUNTRY_MEAN,5,2019-11-25,2020-05-24,182,4.499,9.161,0.239,251.782,57.4,81.247,109.4,3,10
CZ,Tchequie,CZ,Czechia,CZ,Czechia,2020-05-27,2020,5,27,maize,Maize grain (feed),Storage,Zearalenone,no,,,20,not_quantified_below_loq,Non Quantified Value ( less than LOQ),yes,yes,Objective sampling,Official (National) programme,,CZ_latest_15410924_contaminants.zip,OCC_CHEMMON2021_CZ_2020.ZIP/OCC_CHEMMON2021_CZ_2020.CSV,4DC186BFE406ED05D3E27400E86D1187,NASA_POWER_DAILY_COUNTRY_MEAN,5,2019-11-27,2020-05-26,182,4.574,9.26,0.283,257.798,59.2,81.069,108,3.6,11.8
CZ,Tchequie,CZ,Czechia,CZ,Czechia,2021-05-17,2021,5,17,maize,Maize grain (feed),Storage,Zearalenone,yes,123.8,,20,quantified_positive,Numerical Value,yes,yes,Objective sampling,Official (National) programme,,CZ_latest_15410924_contaminants.zip,OCC_CHEMMON2022_CZ_2021.ZIP/OCC_CHEMMON2022_CZ_2021.CSV,0EF0C518ED6F4B8AC373DFDAEBA0E3AF,NASA_POWER_DAILY_COUNTRY_MEAN,5,2020-11-17,2021-05-16,181,1.686,5.801,-2.033,299.204,65.6,88.087,147,5.4,6.4
CZ,Tchequie,CZ,Czechia,CZ,Czechia,2021-05-17,2021,5,17,maize,Maize grain (feed),Storage,Zearalenone,yes,231.8,,20,quantified_positive,Numerical Value,yes,yes,Objective sampling,Official (National) programme,,CZ_latest_15410924_contaminants.zip,OCC_CHEMMON2022_CZ_2021.ZIP/OCC_CHEMMON2022_CZ_2021.CSV,1E6CF15CCBADD5E9FC4835CA6449DE35,NASA_POWER_DAILY_COUNTRY_MEAN,5,2020-11-17,2021-05-16,181,1.686,5.801,-2.033,299.204,65.6,88.087,147,5.4,6.4
CZ,Tchequie,CZ,Czechia,CZ,Czechia,2021-05-27,2021,5,27,maize,Maize silage (feed),Primary production,Zearalenone,yes,171.4,,20,quantified_positive,Numerical Value,yes,yes,Objective sampling,Official (National) programme,,CZ_latest_15410924_contaminants.zip,OCC_CHEMMON2022_CZ_2021.ZIP/OCC_CHEMMON2022_CZ_2021.CSV,4E8A071682E71F97890FFF0AC91C82D5,NASA_POWER_DAILY_COUNTRY_MEAN,5,2020-11-27,2021-05-26,181,2.188,6.31,-1.656,319.918,72.4,87.517,143.4,8.6,10.8
CZ,Tchequie,CZ,Czechia,CZ,Czechia,2021-06-01,2021,6,1,maize,Maize silage (feed),Primary production,Zearalenone,yes,93.95,,20,quantified_positive,Numerical Value,yes,yes,Objective sampling,Official (National) programme,,CZ_latest_15410924_contaminants.zip,OCC_CHEMMON2022_CZ_2021.ZIP/OCC_CHEMMON2022_CZ_2021.CSV,3BCDC3EBEE37F22EF4D7FB449B0E9644,NASA_POWER_DAILY_COUNTRY_MEAN,5,2020-12-01,2021-05-31,182,2.494,6.647,-1.419,322.926,73.6,87.114,141,9.6,11.8
CZ,Tchequie,CZ,Czechia,CZ,Czechia,2021-06-08,2021,6,8,maize,Maize silage (feed),Primary production,Zearalenone,yes,85.53,,20,quantified_positive,Numerical Value,yes,yes,Objective sampling,Official (National) programme,,CZ_latest_15410924_contaminants.zip,OCC_CHEMMON2022_CZ_2021.ZIP/OCC_CHEMMON2022_CZ_2021.CSV,827B256A78A054259A0FBE161093073C,NASA_POWER_DAILY_COUNTRY_MEAN,5,2020-12-08,2021-06-07,182,3.156,7.399,-0.916,327.422,74.4,86.253,134.8,10.4,13.4
CZ,Tchequie,CZ,Czechia,CZ,Czechia,2021-06-24,2021,6,24,maize,Maize grain (feed),Storage,Zearalenone,yes,22.55,,20,quantified_positive,Numerical Value,yes,yes,Objective sampling,Official (National) programme,,CZ_latest_15410924_contaminants.zip,OCC_CHEMMON2022_CZ_2021.ZIP/OCC_CHEMMON2022_CZ_2021.CSV,F37C546F44645004425B219388E724E2,NASA_POWER_DAILY_COUNTRY_MEAN,5,2020-12-24,2021-06-23,182,4.851,9.318,0.411,346.892,75.4,84.113,120.8,12.4,19.2
CZ,Tchequie,CZ,Czechia,CZ,Czechia,2021-09-17,2021,9,17,maize,Maize grain (feed),Storage,Zearalenone,no,20,,20,not_quantified_below_loq,Non Quantified Value ( less than LOQ),yes,yes,Objective sampling,Official (National) programme,,CZ_latest_15410924_contaminants.zip,OCC_CHEMMON2022_CZ_2021.ZIP/OCC_CHEMMON2022_CZ_2021.CSV,BA452A56EE49C99ACB5FAED2465BA3A0,NASA_POWER_DAILY_COUNTRY_MEAN,5,2021-03-17,2021-09-16,184,13.921,18.967,8.551,486.638,81.8,76.242,64,34,60.6
CZ,Tchequie,CZ,Czechia,CZ,Czechia,2022-02-14,2022,2,14,maize,Maize grain (feed),Storage,Zearalenone,yes,111.7,,20,quantified_positive,Numerical Value,yes,yes,Objective sampling,Official (National) programme,,CZ_latest_15410924_contaminants.zip,OCC_CHEMMON2023_CZ_2022.ZIP/OCC_CHEMMON2023_CZ_2022.CSV,9C55E9B4E235E3D5CECD5FE600CF6F32,NASA_POWER_DAILY_COUNTRY_MEAN,5,2021-08-14,2022-02-13,184,5.91,10.303,2.163,239.376,53.2,84.822,127.4,16.4,19.2
CZ,Tchequie,CZ,Czechia,CZ,Czechia,2022-03-14,2022,3,14,maize,Maize grain (feed),Storage,Zearalenone,yes,139,,20,quantified_positive,Numerical Value,yes,yes,Objective sampling,Official (National) programme,,CZ_latest_15410924_contaminants.zip,OCC_CHEMMON2023_CZ_2022.ZIP/OCC_CHEMMON2023_CZ_2022.CSV,9F4010D91A49A70DBCD6FB6B18CDF28F,NASA_POWER_DAILY_COUNTRY_MEAN,5,2021-09-14,2022-03-13,181,3.363,7.648,-0.139,190.148,46,85.516,132.2,8.8,6.8
CZ,Tchequie,CZ,Czechia,CZ,Czechia,2022-05-05,2022,5,5,maize,Maize grain (feed),Storage,Zearalenone,yes,26.27,,20,quantified_positive,Numerical Value,yes,yes,Objective sampling,Official (National) programme,,CZ_latest_15410924_contaminants.zip,OCC_CHEMMON2023_CZ_2022.ZIP/OCC_CHEMMON2023_CZ_2022.CSV,3E4B946AB678234155F209124F802AEB,NASA_POWER_DAILY_COUNTRY_MEAN,5,2021-11-05,2022-05-04,181,2.458,6.752,-1.253,201.958,50.6,83.917,123.8,0.2,3.4
CZ,Tchequie,CZ,Czechia,CZ,Czechia,2022-06-01,2022,6,1,maize,Maize grain (feed),Storage,Zearalenone,yes,36.33,,20,quantified_positive,Numerical Value,yes,yes,Objective sampling,Official (National) programme,,CZ_latest_15410924_contaminants.zip,OCC_CHEMMON2023_CZ_2022.ZIP/OCC_CHEMMON2023_CZ_2022.CSV,789D6B06CC691C7DDAEBC6E0A5F20D49,NASA_POWER_DAILY_COUNTRY_MEAN,5,2021-12-01,2022-05-31,182,4.421,8.943,0.205,227.744,56.6,80.452,101.6,3.4,14
CZ,Tchequie,CZ,Czechia,CZ,Czechia,2022-10-04,2022,10,4,maize,Maize grain (feed),Primary production,Zearalenone,yes,72,,20,quantified_positive,Numerical Value,yes,yes,Objective sampling,Official (National) programme,,CZ_latest_15410924_contaminants.zip,OCC_CHEMMON2023_CZ_2022.ZIP/OCC_CHEMMON2023_CZ_2022.CSV,1A7536FDB2D1EAF484C0BE2B5CD67D8D,NASA_POWER_DAILY_COUNTRY_MEAN,5,2022-04-04,2022-10-03,183,16.395,21.992,10.507,446.416,79.8,68.142,34.8,21.4,64
CZ,Tchequie,CZ,Czechia,CZ,Czechia,2023-03-08,2023,3,8,maize,Maize grain (feed),Storage,Zearalenone,yes,46.43,,20,quantified_positive,Numerical Value,yes,yes,Objective sampling,Official (National) programme,,CZ_latest_15410924_contaminants.zip,OCC_CHEMMON2024_CZ_2023.ZIP/OCC_CHEMMON2024_CZ_2023.CSV,DA28F02C0B3EA354B85CF8B96AD66514,NASA_POWER_DAILY_COUNTRY_MEAN,5,2022-09-08,2023-03-07,181,4.475,8.614,1.181,257.284,64.4,88.774,162.6,28.4,15.4
CZ,Tchequie,CZ,Czechia,CZ,Czechia,2023-03-13,2023,3,13,maize,Maize grain (feed),Storage,Zearalenone,yes,24.67,,20,quantified_positive,Numerical Value,yes,yes,Objective sampling,Official (National) programme,,CZ_latest_15410924_contaminants.zip,OCC_CHEMMON2024_CZ_2023.ZIP/OCC_CHEMMON2024_CZ_2023.CSV,4FF4EBBEAD2E94AEEEEB77744FEEEF3D,NASA_POWER_DAILY_COUNTRY_MEAN,5,2022-09-13,2023-03-12,181,4.143,8.246,0.86,253.66,64.2,88.926,164.2,26.4,11.8
CZ,Tchequie,CZ,Czechia,CZ,Czechia,2023-03-14,2023,3,14,maize,Maize grain (feed),Storage,Zearalenone,no,20,,20,not_quantified_below_loq,Non Quantified Value ( less than LOQ),yes,yes,Objective sampling,Official (National) programme,,CZ_latest_15410924_contaminants.zip,OCC_CHEMMON2024_CZ_2023.ZIP/OCC_CHEMMON2024_CZ_2023.CSV,5388E2CB32C7702771AD29A6D29286B8,NASA_POWER_DAILY_COUNTRY_MEAN,5,2022-09-14,2023-03-13,181,4.092,8.191,0.823,254.422,64.4,89.029,165.2,26.4,11.8
CZ,Tchequie,CZ,Czechia,CZ,Czechia,2023-03-29,2023,3,29,maize,Maize grain (feed),Storage,Zearalenone,no,20,,20,not_quantified_below_loq,Non Quantified Value ( less than LOQ),yes,yes,Objective sampling,Official (National) programme,,CZ_latest_15410924_contaminants.zip,OCC_CHEMMON2024_CZ_2023.ZIP/OCC_CHEMMON2024_CZ_2023.CSV,9B1F1DE923071C2F7C6DC89259C9CD5C,NASA_POWER_DAILY_COUNTRY_MEAN,5,2022-09-29,2023-03-28,181,3.715,7.847,0.411,213.222,58.8,88.911,163.2,22.8,7.4
CZ,Tchequie,CZ,Czechia,CZ,Czechia,2023-10-25,2023,10,25,maize,Maize grain (feed),Storage,Zearalenone,no,20,,20,not_quantified_below_loq,Non Quantified Value ( less than LOQ),yes,yes,Objective sampling,Official (National) programme,,CZ_latest_15410924_contaminants.zip,OCC_CHEMMON2024_CZ_2023.ZIP/OCC_CHEMMON2024_CZ_2023.CSV,493793507068B09AD3F55005879D3BB3,NASA_POWER_DAILY_COUNTRY_MEAN,5,2023-04-25,2023-10-24,183,17.114,22.773,11.349,367.734,66.4,69.674,32.2,28.2,62.4
CZ,Tchequie,CZ,Czechia,CZ,Czechia,2023-10-26,2023,10,26,maize,Maize grain (feed),Storage,Zearalenone,yes,43.54,,20,quantified_positive,Numerical Value,yes,yes,Objective sampling,Official (National) programme,,CZ_latest_15410924_contaminants.zip,OCC_CHEMMON2024_CZ_2023.ZIP/OCC_CHEMMON2024_CZ_2023.CSV,8D2B3876F75A50CF4E583454FD82D2C5,NASA_POWER_DAILY_COUNTRY_MEAN,5,2023-04-26,2023-10-25,183,17.137,22.799,11.38,368.866,66,69.674,32.4,29,63
CZ,Tchequie,CZ,Czechia,CZ,Czechia,2019-02-14,2019,2,14,wheat,Wheat grains (feed),Primary production,Zearalenone,no,,,20,not_quantified_below_loq,Non Quantified Value ( less than LOQ),yes,yes,Objective sampling,Official (National) programme,,CZ_latest_15410924_contaminants.zip,OCC_CHEMMON2020_CZ_2019.ZIP/OCC_CHEMMON2020_CZ_2019.CSV,2B481F16AD865EE65D9E5553685412E1,NASA_POWER_DAILY_COUNTRY_MEAN,5,2018-08-14,2019-02-13,184,6.617,11.177,2.721,292.85,59.8,80.926,112,8.4,14.2
CZ,Tchequie,CZ,Czechia,CZ,Czechia,2019-02-27,2019,2,27,wheat,Wheat grains (feed),Primary production,Zearalenone,no,,,20,not_quantified_below_loq,Non Quantified Value ( less than LOQ),yes,yes,Objective sampling,Official (National) programme,,CZ_latest_15410924_contaminants.zip,OCC_CHEMMON2020_CZ_2019.ZIP/OCC_CHEMMON2020_CZ_2019.CSV,3E666248FF7DD61C463792472A35E417,NASA_POWER_DAILY_COUNTRY_MEAN,5,2018-08-27,2019-02-26,184,5.205,9.779,1.45,282.234,58.2,82.554,118.4,8.4,11
CZ,Tchequie,CZ,Czechia,CZ,Czechia,2019-03-14,2019,3,14,wheat,Wheat grains (feed),Primary production,Zearalenone,no,,,20,not_quantified_below_loq,Non Quantified Value ( less than LOQ),yes,yes,Objective sampling,Official (National) programme,,CZ_latest_15410924_contaminants.zip,OCC_CHEMMON2020_CZ_2019.ZIP/OCC_CHEMMON2020_CZ_2019.CSV,F909BD3F44809CE8F196A1CEC2BA5F39,NASA_POWER_DAILY_COUNTRY_MEAN,5,2018-09-14,2019-03-13,181,3.886,8.385,0.276,249.208,56.4,84.077,124.8,5.4,4
CZ,Tchequie,CZ,Czechia,CZ,Czechia,2019-04-05,2019,4,5,wheat,Wheat grains (feed),Storage,Zearalenone,no,,,20,not_quantified_below_loq,Non Quantified Value ( less than LOQ),yes,yes,Objective sampling,Official (National) programme,,CZ_latest_15410924_contaminants.zip,OCC_CHEMMON2020_CZ_2019.ZIP/OCC_CHEMMON2020_CZ_2019.CSV,7AE0BF9719FFEAB40F882A88032986B3,NASA_POWER_DAILY_COUNTRY_MEAN,5,2018-10-05,2019-04-04,182,3.164,7.597,-0.41,239.936,56.8,85.331,131,4.4,0.8
CZ,Tchequie,CZ,Czechia,CZ,Czechia,2019-07-09,2019,7,9,wheat,Wheat grains (feed),Primary production,Zearalenone,no,,,20,not_quantified_below_loq,Non Quantified Value ( less than LOQ),yes,yes,Objective sampling,Official (National) programme,,CZ_latest_15410924_contaminants.zip,OCC_CHEMMON2020_CZ_2019.ZIP/OCC_CHEMMON2020_CZ_2019.CSV,22593C705C7131C43BE8324CEEC7D6D1,NASA_POWER_DAILY_COUNTRY_MEAN,5,2019-01-09,2019-07-08,181,8.674,13.841,3.626,280.366,57.2,76.254,73.6,7.4,23.4
CZ,Tchequie,CZ,Czechia,CZ,Czechia,2020-04-23,2020,4,23,wheat,Wheat grains (feed),Storage,Zearalenone,yes,113,,20,quantified_positive,Numerical Value,yes,yes,Objective sampling,Official (National) programme,,CZ_latest_15410924_contaminants.zip,OCC_CHEMMON2021_CZ_2020.ZIP/OCC_CHEMMON2021_CZ_2020.CSV,86D7E732E54AEC472F652B972E7F2E52,NASA_POWER_DAILY_COUNTRY_MEAN,5,2019-10-23,2020-04-22,183,3.552,8.017,-0.198,219.722,55.4,84.868,134.8,5.2,2
CZ,Tchequie,CZ,Czechia,CZ,Czechia,2020-07-03,2020,7,3,wheat,Wheat grains (feed),Primary production,Zearalenone,no,,,20,not_quantified_below_loq,Non Quantified Value ( less than LOQ),yes,yes,Objective sampling,Official (National) programme,,CZ_latest_15410924_contaminants.zip,OCC_CHEMMON2021_CZ_2020.ZIP/OCC_CHEMMON2021_CZ_2020.CSV,7AD956AEC9B0E12B8F73787A5D173EBB,NASA_POWER_DAILY_COUNTRY_MEAN,5,2020-01-03,2020-07-02,182,7.649,12.575,2.804,389.306,73,78.187,85.4,16.4,35.6
CZ,Tchequie,CZ,Czechia,CZ,Czechia,2020-09-09,2020,9,9,wheat,Wheat grains (feed),Primary production,Zearalenone,no,,,20,not_quantified_below_loq,Non Quantified Value ( less than LOQ),yes,yes,Objective sampling,Official (National) programme,,CZ_latest_15410924_contaminants.zip,OCC_CHEMMON2021_CZ_2020.ZIP/OCC_CHEMMON2021_CZ_2020.CSV,767AE4463067D606411FEC9AD0F2EBB5,NASA_POWER_DAILY_COUNTRY_MEAN,5,2020-03-09,2020-09-08,184,14.059,19.611,8.224,484.828,75.4,71.055,35.4,26.4,64.8
CZ,Tchequie,CZ,Czechia,CZ,Czechia,2020-09-10,2020,9,10,wheat,Wheat grains (feed),Primary production,Zearalenone,yes,31.5,,20,quantified_positive,Numerical Value,yes,yes,Objective sampling,Official (National) programme,,CZ_latest_15410924_contaminants.zip,OCC_CHEMMON2021_CZ_2020.ZIP/OCC_CHEMMON2021_CZ_2020.CSV,314863C6F288C2AE284EBEE429AFE98B,NASA_POWER_DAILY_COUNTRY_MEAN,5,2020-03-10,2020-09-09,184,14.137,19.702,8.286,484.32,75.2,70.96,34.8,26.4,64.8
CZ,Tchequie,CZ,Czechia,CZ,Czechia,2020-10-01,2020,10,1,wheat,Wheat grains (feed),Primary production,Zearalenone,no,,,20,not_quantified_below_loq,Non Quantified Value ( less than LOQ),yes,yes,Objective sampling,Official (National) programme,,CZ_latest_15410924_contaminants.zip,OCC_CHEMMON2021_CZ_2020.ZIP/OCC_CHEMMON2021_CZ_2020.CSV,54B0844904E796A48B1F21D660134217,NASA_POWER_DAILY_COUNTRY_MEAN,5,2020-04-01,2020-09-30,183,15.445,21.044,9.517,519.144,74.8,70.624,34.2,29.4,67.4
CZ,Tchequie,CZ,Czechia,CZ,Czechia,2020-12-01,2020,12,1,wheat,Common wheat grain,Primary production,Zearalenone,no,,1.5,5,not_quantified_below_loq,Non Quantified Value ( less than LOQ),yes,yes,Selective sampling,Official (National) programme,According to Regulation (EU) 2023/2782 (repealing Regulation (EC) No 401/2006,CZ_latest_15410924_contaminants.zip,OCC_CHEMMON2021_CZ_2020.ZIP/OCC_CHEMMON2021_CZ_2020.CSV,4283547A0A861E1E20C093A8404CC980,NASA_POWER_DAILY_COUNTRY_MEAN,5,2020-06-01,2020-11-30,183,14.015,18.941,9.283,533.034,75.6,78.152,87.2,37.6,60
CZ,Tchequie,CZ,Czechia,CZ,Czechia,2020-12-01,2020,12,1,wheat,Common wheat grain,Primary production,Zearalenone,yes,49,1.5,5,quantified_positive,Numerical Value,yes,yes,Selective sampling,Official (National) programme,According to Regulation (EU) 2023/2782 (repealing Regulation (EC) No 401/2006,CZ_latest_15410924_contaminants.zip,OCC_CHEMMON2021_CZ_2020.ZIP/OCC_CHEMMON2021_CZ_2020.CSV,839E91551612BEA8098F734FB0645B8F,NASA_POWER_DAILY_COUNTRY_MEAN,5,2020-06-01,2020-11-30,183,14.015,18.941,9.283,533.034,75.6,78.152,87.2,37.6,60
CZ,Tchequie,CZ,Czechia,CZ,Czechia,2021-02-23,2021,2,23,wheat,Wheat grains (feed),Primary production,Zearalenone,yes,38.17,,20,quantified_positive,Numerical Value,yes,yes,Objective sampling,Official (National) programme,,CZ_latest_15410924_contaminants.zip,OCC_CHEMMON2022_CZ_2021.ZIP/OCC_CHEMMON2022_CZ_2021.CSV,D02BB89EE50517CC4C9ABF6898795FB4,NASA_POWER_DAILY_COUNTRY_MEAN,5,2020-08-23,2021-02-22,184,4.655,8.744,1.192,378.558,64.6,88.166,150.8,17.8,15.6
CZ,Tchequie,CZ,Czechia,CZ,Czechia,2021-04-16,2021,4,16,wheat,Wheat grains (feed),Primary production,Zearalenone,yes,43.66,,20,quantified_positive,Numerical Value,yes,yes,Objective sampling,Official (National) programme,,CZ_latest_15410924_contaminants.zip,OCC_CHEMMON2022_CZ_2021.ZIP/OCC_CHEMMON2022_CZ_2021.CSV,343A858C68EFA5BF857072A7AEFAA9EA,NASA_POWER_DAILY_COUNTRY_MEAN,5,2020-10-16,2021-04-15,182,1.413,5.38,-1.872,244.268,60.6,90.229,165.4,6.4,2.4
CZ,Tchequie,CZ,Czechia,CZ,Czechia,2021-05-06,2021,5,6,wheat,Wheat grains (feed),Primary production,Zearalenone,yes,29.48,,20,quantified_positive,Numerical Value,yes,yes,Objective sampling,Official (National) programme,,CZ_latest_15410924_contaminants.zip,OCC_CHEMMON2022_CZ_2021.ZIP/OCC_CHEMMON2022_CZ_2021.CSV,40A958BD3530805AF656A691DCAF0138,NASA_POWER_DAILY_COUNTRY_MEAN,5,2020-11-06,2021-05-05,181,1.246,5.315,-2.279,249.354,59.4,88.916,153.2,2.4,2.2
CZ,Tchequie,CZ,Czechia,CZ,Czechia,2021-05-13,2021,5,13,wheat,Wheat grains (feed),Storage,Zearalenone,yes,76.51,,20,quantified_positive,Numerical Value,yes,yes,Objective sampling,Official (National) programme,,CZ_latest_15410924_contaminants.zip,OCC_CHEMMON2022_CZ_2021.ZIP/OCC_CHEMMON2022_CZ_2021.CSV,7077A19FD5F3447A6ACAFBC04BB8BF06,NASA_POWER_DAILY_COUNTRY_MEAN,5,2020-11-13,2021-05-12,181,1.571,5.689,-2.115,267.528,62,88.315,148,3.4,3.4
CZ,Tchequie,CZ,Czechia,CZ,Czechia,2021-06-08,2021,6,8,wheat,Wheat grains (feed),Primary production,Zearalenone,no,20,,20,not_quantified_below_loq,Non Quantified Value ( less than LOQ),yes,yes,Objective sampling,Official (National) programme,,CZ_latest_15410924_contaminants.zip,OCC_CHEMMON2022_CZ_2021.ZIP/OCC_CHEMMON2022_CZ_2021.CSV,0EA4020930E2E5D6D055CDFBB67AFF79,NASA_POWER_DAILY_COUNTRY_MEAN,5,2020-12-08,2021-06-07,182,3.156,7.399,-0.916,327.422,74.4,86.253,134.8,10.4,13.4
CZ,Tchequie,CZ,Czechia,CZ,Czechia,2021-08-17,2021,8,17,wheat,Wheat grains (feed),Primary production,Zearalenone,no,20,,20,not_quantified_below_loq,Non Quantified Value ( less than LOQ),yes,yes,Objective sampling,Official (National) programme,,CZ_latest_15410924_contaminants.zip,OCC_CHEMMON2022_CZ_2021.ZIP/OCC_CHEMMON2022_CZ_2021.CSV,3565B2013537209D0A498CDF422BB305,NASA_POWER_DAILY_COUNTRY_MEAN,5,2021-02-17,2021-08-16,181,11.707,16.689,6.581,449.466,77.4,78.164,79.8,25.8,48.2
CZ,Tchequie,CZ,Czechia,CZ,Czechia,2021-08-23,2021,8,23,wheat,Wheat grains (feed),Storage,Zearalenone,no,20,,20,not_quantified_below_loq,Non Quantified Value ( less than LOQ),yes,yes,Objective sampling,Official (National) programme,,CZ_latest_15410924_contaminants.zip,OCC_CHEMMON2022_CZ_2021.ZIP/OCC_CHEMMON2022_CZ_2021.CSV,A648A68945149601ED7C96590DB9B32E,NASA_POWER_DAILY_COUNTRY_MEAN,5,2021-02-23,2021-08-22,181,12.219,17.218,7.017,458.372,78.6,77.493,74.8,26.8,50.2
CZ,Tchequie,CZ,Czechia,CZ,Czechia,2021-09-24,2021,9,24,wheat,Wheat grains (feed),Primary production,Zearalenone,no,20,,20,not_quantified_below_loq,Non Quantified Value ( less than LOQ),yes,yes,Objective sampling,Official (National) programme,,CZ_latest_15410924_contaminants.zip,OCC_CHEMMON2022_CZ_2021.ZIP/OCC_CHEMMON2022_CZ_2021.CSV,A6F11DB42F8563EE474A65D83EDA520F,NASA_POWER_DAILY_COUNTRY_MEAN,5,2021-03-24,2021-09-23,184,14.387,19.506,8.951,488.208,80.6,75.94,60.4,35.8,62.2
CZ,Tchequie,CZ,Czechia,CZ,Czechia,2021-09-29,2021,9,29,wheat,Wheat grains (feed),Primary production,Zearalenone,yes,23.91,,20,quantified_positive,Numerical Value,yes,yes,Objective sampling,Official (National) programme,,CZ_latest_15410924_contaminants.zip,OCC_CHEMMON2022_CZ_2021.ZIP/OCC_CHEMMON2022_CZ_2021.CSV,EEFDF11FB71C1C8C405C645E727EFD01,NASA_POWER_DAILY_COUNTRY_MEAN,5,2021-03-29,2021-09-28,184,14.657,19.771,9.247,490.04,80.8,75.884,59.8,38,63
CZ,Tchequie,CZ,Czechia,CZ,Czechia,2021-10-21,2021,10,21,wheat,Wheat grains (feed),Storage,Zearalenone,no,20,,20,not_quantified_below_loq,Non Quantified Value ( less than LOQ),yes,yes,Objective sampling,Official (National) programme,,CZ_latest_15410924_contaminants.zip,OCC_CHEMMON2022_CZ_2021.ZIP/OCC_CHEMMON2022_CZ_2021.CSV,47886C8B77F58A81A7586C4DF8121BC4,NASA_POWER_DAILY_COUNTRY_MEAN,5,2021-04-21,2021-10-20,183,15.245,20.474,9.808,479.022,77.6,75.53,54.6,41,65.8
CZ,Tchequie,CZ,Czechia,CZ,Czechia,2022-02-10,2022,2,10,wheat,Wheat grains (feed),Storage,Zearalenone,yes,45.49,,20,quantified_positive,Numerical Value,yes,yes,Objective sampling,Official (National) programme,,CZ_latest_15410924_contaminants.zip,OCC_CHEMMON2023_CZ_2022.ZIP/OCC_CHEMMON2023_CZ_2022.CSV,D92FF9933A51EB7D55CC14A2196BA70A,NASA_POWER_DAILY_COUNTRY_MEAN,5,2021-08-10,2022-02-09,184,6.331,10.732,2.516,239.404,53.2,84.51,124.2,16.4,19.6
CZ,Tchequie,CZ,Czechia,CZ,Czechia,2022-03-09,2022,3,9,wheat,Wheat grains (feed),Storage,Zearalenone,no,20,,20,not_quantified_below_loq,Non Quantified Value ( less than LOQ),yes,yes,Objective sampling,Official (National) programme,,CZ_latest_15410924_contaminants.zip,OCC_CHEMMON2023_CZ_2022.ZIP/OCC_CHEMMON2023_CZ_2022.CSV,E378BAED271BC50581B1AA9B91B7CBF2,NASA_POWER_DAILY_COUNTRY_MEAN,5,2021-09-09,2022-03-08,181,3.853,8.129,0.312,193.884,47.6,85.664,132.8,9.4,8.4
CZ,Tchequie,CZ,Czechia,CZ,Czechia,2022-03-24,2022,3,24,wheat,Wheat grains (feed),Primary production,Zearalenone,no,20,,20,not_quantified_below_loq,Non Quantified Value ( less than LOQ),yes,yes,Objective sampling,Official (National) programme,,CZ_latest_15410924_contaminants.zip,OCC_CHEMMON2023_CZ_2022.ZIP/OCC_CHEMMON2023_CZ_2022.CSV,154C0C3EB398818D282D018BE75D1910,NASA_POWER_DAILY_COUNTRY_MEAN,5,2021-09-24,2022-03-23,181,2.846,7.229,-0.715,179.902,44.4,85.138,131.4,6,4
CZ,Tchequie,CZ,Czechia,CZ,Czechia,2022-06-02,2022,6,2,wheat,Wheat grains (feed),Primary production,Zearalenone,no,20,,20,not_quantified_below_loq,Non Quantified Value ( less than LOQ),yes,yes,Objective sampling,Official (National) programme,,CZ_latest_15410924_contaminants.zip,OCC_CHEMMON2023_CZ_2022.ZIP/OCC_CHEMMON2023_CZ_2022.CSV,7F0BD0CEA48D5B69C9AB49256A4F3EEE,NASA_POWER_DAILY_COUNTRY_MEAN,5,2021-12-02,2022-06-01,182,4.504,9.048,0.268,228.384,56,80.298,100.6,3.4,14.4
CZ,Tchequie,CZ,Czechia,CZ,Czechia,2022-06-07,2022,6,7,wheat,Wheat grains (feed),Primary production,Zearalenone,no,20,,20,not_quantified_below_loq,Non Quantified Value ( less than LOQ),yes,yes,Objective sampling,Official (National) programme,,CZ_latest_15410924_contaminants.zip,OCC_CHEMMON2023_CZ_2022.ZIP/OCC_CHEMMON2023_CZ_2022.CSV,95E6CE4F76D77CEC660AD1FCA1E6AFF4,NASA_POWER_DAILY_COUNTRY_MEAN,5,2021-12-07,2022-06-06,182,5.058,9.686,0.713,237.728,57.8,79.636,96,3.8,17.8
CZ,Tchequie,CZ,Czechia,CZ,Czechia,2022-06-08,2022,6,8,wheat,Wheat grains (feed),Primary production,Zearalenone,no,20,,20,not_quantified_below_loq,Non Quantified Value ( less than LOQ),yes,yes,Objective sampling,Official (National) programme,,CZ_latest_15410924_contaminants.zip,OCC_CHEMMON2023_CZ_2022.ZIP/OCC_CHEMMON2023_CZ_2022.CSV,FB53C293EA4A73CB84D7CEA49B9A6C95,NASA_POWER_DAILY_COUNTRY_MEAN,5,2021-12-08,2022-06-07,182,5.169,9.795,0.816,246.552,58.8,79.542,95.4,4.2,18.8
CZ,Tchequie,CZ,Czechia,CZ,Czechia,2022-06-10,2022,6,10,wheat,Wheat grains (feed),Primary production,Zearalenone,no,20,,20,not_quantified_below_loq,Non Quantified Value ( less than LOQ),yes,yes,Objective sampling,Official (National) programme,,CZ_latest_15410924_contaminants.zip,OCC_CHEMMON2023_CZ_2022.ZIP/OCC_CHEMMON2023_CZ_2022.CSV,813D8540CC5E7E2B76B6FA4AB6F55939,NASA_POWER_DAILY_COUNTRY_MEAN,5,2021-12-10,2022-06-09,182,5.387,10.028,1.009,249.116,59,79.362,94.2,5,20.2
CZ,Tchequie,CZ,Czechia,CZ,Czechia,2022-06-28,2022,6,28,wheat,Wheat grains (feed),Primary production,Zearalenone,no,20,,20,not_quantified_below_loq,Non Quantified Value ( less than LOQ),yes,yes,Objective sampling,Official (National) programme,,CZ_latest_15410924_contaminants.zip,OCC_CHEMMON2023_CZ_2022.ZIP/OCC_CHEMMON2023_CZ_2022.CSV,344090097483738A4508C338AC5E1A94,NASA_POWER_DAILY_COUNTRY_MEAN,5,2021-12-28,2022-06-27,182,7.57,12.516,2.751,278.866,61.2,76.064,77,5.6,25.8
CZ,Tchequie,CZ,Czechia,CZ,Czechia,2022-07-19,2022,7,19,wheat,Wheat grains (feed),Primary production,Zearalenone,no,20,,20,not_quantified_below_loq,Non Quantified Value ( less than LOQ),yes,yes,Objective sampling,Official (National) programme,,CZ_latest_15410924_contaminants.zip,OCC_CHEMMON2023_CZ_2022.ZIP/OCC_CHEMMON2023_CZ_2022.CSV,10CBD63E4FBE6FFF10A2663726D64EAC,NASA_POWER_DAILY_COUNTRY_MEAN,5,2022-01-19,2022-07-18,181,9.801,15.027,4.576,310.186,63.4,72.627,56.6,6.8,35.4
CZ,Tchequie,CZ,Czechia,CZ,Czechia,2022-08-23,2022,8,23,wheat,Wheat grains (feed),Primary production,Zearalenone,no,20,,20,not_quantified_below_loq,Non Quantified Value ( less than LOQ),yes,yes,Objective sampling,Official (National) programme,,CZ_latest_15410924_contaminants.zip,OCC_CHEMMON2023_CZ_2022.ZIP/OCC_CHEMMON2023_CZ_2022.CSV,7448601E3A6569EE5EB4A878B8BBF7DF,NASA_POWER_DAILY_COUNTRY_MEAN,5,2022-02-23,2022-08-22,181,13.824,19.559,7.95,361.108,62.6,67.208,29.2,9.4,48
CZ,Tchequie,CZ,Czechia,CZ,Czechia,2022-08-23,2022,8,23,wheat,Wheat grains (feed),Storage,Zearalenone,no,20,,20,not_quantified_below_loq,Non Quantified Value ( less than LOQ),yes,yes,Objective sampling,Official (National) programme,,CZ_latest_15410924_contaminants.zip,OCC_CHEMMON2023_CZ_2022.ZIP/OCC_CHEMMON2023_CZ_2022.CSV,DB7F37FCC55738308E1C3DF741117B27,NASA_POWER_DAILY_COUNTRY_MEAN,5,2022-02-23,2022-08-22,181,13.824,19.559,7.95,361.108,62.6,67.208,29.2,9.4,48
CZ,Tchequie,CZ,Czechia,CZ,Czechia,2022-08-31,2022,8,31,wheat,Wheat grains (feed),Storage,Zearalenone,no,20,,20,not_quantified_below_loq,Non Quantified Value ( less than LOQ),yes,yes,Objective sampling,Official (National) programme,,CZ_latest_15410924_contaminants.zip,OCC_CHEMMON2023_CZ_2022.ZIP/OCC_CHEMMON2023_CZ_2022.CSV,DAB07593521D735403CAE831A1783049,NASA_POWER_DAILY_COUNTRY_MEAN,5,2022-02-28,2022-08-30,184,14.425,20.169,8.548,382.592,65.8,67.149,27.6,11.4,51.8
CZ,Tchequie,CZ,Czechia,CZ,Czechia,2022-09-07,2022,9,7,wheat,Wheat grains (feed),Storage,Zearalenone,no,20,,20,not_quantified_below_loq,Non Quantified Value ( less than LOQ),yes,yes,Objective sampling,Official (National) programme,,CZ_latest_15410924_contaminants.zip,OCC_CHEMMON2023_CZ_2022.ZIP/OCC_CHEMMON2023_CZ_2022.CSV,BE1CCFCBC915A7E777B9C6DE355B68D2,NASA_POWER_DAILY_COUNTRY_MEAN,5,2022-03-07,2022-09-06,184,15.098,20.884,9.119,385.872,66.8,66.846,25.6,12,53
CZ,Tchequie,CZ,Czechia,CZ,Czechia,2022-09-21,2022,9,21,wheat,Wheat grains (feed),Storage,Zearalenone,no,20,,20,not_quantified_below_loq,Non Quantified Value ( less than LOQ),yes,yes,Objective sampling,Official (National) programme,,CZ_latest_15410924_contaminants.zip,OCC_CHEMMON2023_CZ_2022.ZIP/OCC_CHEMMON2023_CZ_2022.CSV,D9C556A1FFC10CFEB5A55C2A926E0017,NASA_POWER_DAILY_COUNTRY_MEAN,5,2022-03-21,2022-09-20,184,16.022,21.701,10.057,437.046,75.8,67.397,30.2,16.6,60
CZ,Tchequie,CZ,Czechia,CZ,Czechia,2022-09-27,2022,9,27,wheat,Wheat grains (feed),Primary production,Zearalenone,no,20,,20,not_quantified_below_loq,Non Quantified Value ( less than LOQ),yes,yes,Objective sampling,Official (National) programme,,CZ_latest_15410924_contaminants.zip,OCC_CHEMMON2023_CZ_2022.ZIP/OCC_CHEMMON2023_CZ_2022.CSV,E33FEAF5F467D79BA29C89375B3E68D6,NASA_POWER_DAILY_COUNTRY_MEAN,5,2022-03-27,2022-09-26,184,16.134,21.722,10.244,444.264,78.4,68.007,33.2,18.6,62.2
CZ,Tchequie,CZ,Czechia,CZ,Czechia,2023-07-20,2023,7,20,wheat,Wheat grains (feed),Primary production,Zearalenone,no,20,,20,not_quantified_below_loq,Non Quantified Value ( less than LOQ),yes,yes,Objective sampling,Official (National) programme,,CZ_latest_15410924_contaminants.zip,OCC_CHEMMON2024_CZ_2023.ZIP/OCC_CHEMMON2024_CZ_2023.CSV,216906C38FB090641F354EFB07946D9E,NASA_POWER_DAILY_COUNTRY_MEAN,5,2023-01-20,2023-07-19,181,9.555,14.427,4.613,291.262,66.4,77.157,91.2,17.4,28.8
CZ,Tchequie,CZ,Czechia,CZ,Czechia,2023-07-25,2023,7,25,wheat,Wheat grains (feed),Primary production,Zearalenone,no,20,,20,not_quantified_below_loq,Non Quantified Value ( less than LOQ),yes,yes,Objective sampling,Official (National) programme,,CZ_latest_15410924_contaminants.zip,OCC_CHEMMON2024_CZ_2023.ZIP/OCC_CHEMMON2024_CZ_2023.CSV,B948207C3B56C9AAA775A3FE8867A076,NASA_POWER_DAILY_COUNTRY_MEAN,5,2023-01-25,2023-07-24,181,10.176,15.169,5.126,291.666,66.6,76.176,86.2,17.4,31.6
CZ,Tchequie,CZ,Czechia,CZ,Czechia,2023-08-23,2023,8,23,wheat,Wheat grains (feed),Primary production,Zearalenone,no,20,,20,not_quantified_below_loq,Non Quantified Value ( less than LOQ),yes,yes,Objective sampling,Official (National) programme,,CZ_latest_15410924_contaminants.zip,OCC_CHEMMON2024_CZ_2023.ZIP/OCC_CHEMMON2024_CZ_2023.CSV,1ACFF864169928D070F2D772D82AAA1F,NASA_POWER_DAILY_COUNTRY_MEAN,5,2023-02-23,2023-08-22,181,13.37,18.565,7.985,373.68,74.6,73.046,61.8,21.6,47.2
CZ,Tchequie,CZ,Czechia,CZ,Czechia,2023-08-23,2023,8,23,wheat,Wheat grains (feed),Primary production,Zearalenone,no,20,,20,not_quantified_below_loq,Non Quantified Value ( less than LOQ),yes,yes,Objective sampling,Official (National) programme,,CZ_latest_15410924_contaminants.zip,OCC_CHEMMON2024_CZ_2023.ZIP/OCC_CHEMMON2024_CZ_2023.CSV,523956D290B706E1ABC3B58FC8C5B6FB,NASA_POWER_DAILY_COUNTRY_MEAN,5,2023-02-23,2023-08-22,181,13.37,18.565,7.985,373.68,74.6,73.046,61.8,21.6,47.2
CZ,Tchequie,CZ,Czechia,CZ,Czechia,2023-08-24,2023,8,24,wheat,Wheat grains (feed),Primary production,Zearalenone,no,20,,20,not_quantified_below_loq,Non Quantified Value ( less than LOQ),yes,yes,Objective sampling,Official (National) programme,,CZ_latest_15410924_contaminants.zip,OCC_CHEMMON2024_CZ_2023.ZIP/OCC_CHEMMON2024_CZ_2023.CSV,7C10ABE099632BB486CBE8C9ABDB4AB5,NASA_POWER_DAILY_COUNTRY_MEAN,5,2023-02-24,2023-08-23,181,13.473,18.679,8.078,373.554,74.6,72.886,60.8,21.6,47.2
CZ,Tchequie,CZ,Czechia,CZ,Czechia,2023-08-24,2023,8,24,wheat,Wheat grains (feed),Primary production,Zearalenone,no,20,,20,not_quantified_below_loq,Non Quantified Value ( less than LOQ),yes,yes,Objective sampling,Official (National) programme,,CZ_latest_15410924_contaminants.zip,OCC_CHEMMON2024_CZ_2023.ZIP/OCC_CHEMMON2024_CZ_2023.CSV,B5F1D33EF0F70E34461A36A4C8366E9C,NASA_POWER_DAILY_COUNTRY_MEAN,5,2023-02-24,2023-08-23,181,13.473,18.679,8.078,373.554,74.6,72.886,60.8,21.6,47.2
CZ,Tchequie,CZ,Czechia,CZ,Czechia,2023-08-28,2023,8,28,wheat,Wheat grains (feed),Storage,Zearalenone,no,20,,20,not_quantified_below_loq,Non Quantified Value ( less than LOQ),yes,yes,Objective sampling,Official (National) programme,,CZ_latest_15410924_contaminants.zip,OCC_CHEMMON2024_CZ_2023.ZIP/OCC_CHEMMON2024_CZ_2023.CSV,5E121AAA313E01711CD2B3CBE835CC51,NASA_POWER_DAILY_COUNTRY_MEAN,5,2023-02-28,2023-08-27,181,13.961,19.222,8.515,394.94,74.2,72.519,58.2,22.4,49.4
CZ,Tchequie,CZ,Czechia,CZ,Czechia,2023-08-29,2023,8,29,wheat,Wheat grains (feed),Primary production,Zearalenone,no,20,,20,not_quantified_below_loq,Non Quantified Value ( less than LOQ),yes,yes,Objective sampling,Official (National) programme,,CZ_latest_15410924_contaminants.zip,OCC_CHEMMON2024_CZ_2023.ZIP/OCC_CHEMMON2024_CZ_2023.CSV,F7C24C4E34251198D48AAFAAE0221D8D,NASA_POWER_DAILY_COUNTRY_MEAN,5,2023-02-28,2023-08-28,182,13.972,19.218,8.543,411.578,75.2,72.597,59,23.2,50.4
CZ,Tchequie,CZ,Czechia,CZ,Czechia,2023-08-31,2023,8,31,wheat,Wheat grains (feed),Storage,Zearalenone,no,20,,20,not_quantified_below_loq,Non Quantified Value ( less than LOQ),yes,yes,Objective sampling,Official (National) programme,,CZ_latest_15410924_contaminants.zip,OCC_CHEMMON2024_CZ_2023.ZIP/OCC_CHEMMON2024_CZ_2023.CSV,DD523E544AC06C6CC2CA38D8A92B40BD,NASA_POWER_DAILY_COUNTRY_MEAN,5,2023-02-28,2023-08-30,184,13.981,19.204,8.581,419.998,77.2,72.745,60.8,25,52.4
CZ,Tchequie,CZ,Czechia,CZ,Czechia,2023-09-01,2023,9,1,wheat,Wheat grains (feed),Primary production,Zearalenone,no,20,,20,not_quantified_below_loq,Non Quantified Value ( less than LOQ),yes,yes,Objective sampling,Official (National) programme,,CZ_latest_15410924_contaminants.zip,OCC_CHEMMON2024_CZ_2023.ZIP/OCC_CHEMMON2024_CZ_2023.CSV,4A96C200E792D0023EAD004A0C7F0FB2,NASA_POWER_DAILY_COUNTRY_MEAN,5,2023-03-01,2023-08-31,184,14.071,19.294,8.667,420.504,77.4,72.704,60,25,52.6
CZ,Tchequie,CZ,Czechia,CZ,Czechia,2023-09-06,2023,9,6,wheat,Wheat grains (feed),Primary production,Zearalenone,no,20,,20,not_quantified_below_loq,Non Quantified Value ( less than LOQ),yes,yes,Objective sampling,Official (National) programme,,CZ_latest_15410924_contaminants.zip,OCC_CHEMMON2024_CZ_2023.ZIP/OCC_CHEMMON2024_CZ_2023.CSV,CD0F6AA992D0558DD320DED688F50FA3,NASA_POWER_DAILY_COUNTRY_MEAN,5,2023-03-06,2023-09-05,184,14.531,19.756,9.07,423.48,78.6,72.454,57.2,26.4,53.8
CZ,Tchequie,CZ,Czechia,CZ,Czechia,2023-09-18,2023,9,18,wheat,Wheat grains (feed),Primary production,Zearalenone,no,20,,20,not_quantified_below_loq,Non Quantified Value ( less than LOQ),yes,yes,Objective sampling,Official (National) programme,,CZ_latest_15410924_contaminants.zip,OCC_CHEMMON2024_CZ_2023.ZIP/OCC_CHEMMON2024_CZ_2023.CSV,4FDAB2C3B57B6D7C3DC5D55C121DD15A,NASA_POWER_DAILY_COUNTRY_MEAN,5,2023-03-18,2023-09-17,184,15.589,20.968,9.98,411.052,75,71.328,49,26.6,55.2
CZ,Tchequie,CZ,Czechia,CZ,Czechia,2023-09-26,2023,9,26,wheat,Wheat grains (feed),Storage,Zearalenone,no,20,,20,not_quantified_below_loq,Non Quantified Value ( less than LOQ),yes,yes,Objective sampling,Official (National) programme,,CZ_latest_15410924_contaminants.zip,OCC_CHEMMON2024_CZ_2023.ZIP/OCC_CHEMMON2024_CZ_2023.CSV,AF8A19C89DEC3E6FCA70637C577DCBD1,NASA_POWER_DAILY_COUNTRY_MEAN,5,2023-03-26,2023-09-25,184,15.933,21.333,10.296,416.646,75.2,70.996,44.6,26.4,56.8
CZ,Tchequie,CZ,Czechia,CZ,Czechia,2023-10-19,2023,10,19,wheat,Wheat grains (feed),Primary production,Zearalenone,no,20,,20,not_quantified_below_loq,Non Quantified Value ( less than LOQ),yes,yes,Objective sampling,Official (National) programme,,CZ_latest_15410924_contaminants.zip,OCC_CHEMMON2024_CZ_2023.ZIP/OCC_CHEMMON2024_CZ_2023.CSV,A897B9896780A6F6888F65D414466F57,NASA_POWER_DAILY_COUNTRY_MEAN,5,2023-04-19,2023-10-18,183,17.051,22.696,11.253,363.516,66,69.548,32.2,27.4,61.4
CZ,Tchequie,CZ,Czechia,CZ,Czechia,2023-10-30,2023,10,30,wheat,Wheat grains (feed),Storage,Zearalenone,no,20,,20,not_quantified_below_loq,Non Quantified Value ( less than LOQ),yes,yes,Objective sampling,Official (National) programme,,CZ_latest_15410924_contaminants.zip,OCC_CHEMMON2024_CZ_2023.ZIP/OCC_CHEMMON2024_CZ_2023.CSV,5AEAD5527820C33342E65F1916784C63,NASA_POWER_DAILY_COUNTRY_MEAN,5,2023-04-30,2023-10-29,183,17.176,22.823,11.467,376.094,66.2,69.91,34.4,29.4,62.4
CZ,Tchequie,CZ,Czechia,CZ,Czechia,2023-11-01,2023,11,1,wheat,Wheat grains (feed),Primary production,Zearalenone,no,20,,20,not_quantified_below_loq,Non Quantified Value ( less than LOQ),yes,yes,Objective sampling,Official (National) programme,,CZ_latest_15410924_contaminants.zip,OCC_CHEMMON2024_CZ_2023.ZIP/OCC_CHEMMON2024_CZ_2023.CSV,88C0786EFC4E979D42610DD83E0C62B4,NASA_POWER_DAILY_COUNTRY_MEAN,5,2023-05-01,2023-10-31,184,17.157,22.789,11.467,380.12,67.4,70.048,36.4,31,63.2
DK,Danemark,DK,Denmark,DK,Denmark,2019-01-30,2019,1,30,barley,Barley grain (feed),Primary production,Zearalenone,yes,3.879350348,,1.4,quantified_positive,Numerical Value,yes,yes,Objective sampling,Official (National and EU) programme,According to Reg 152/2009,DK_latest_15402714_contaminants.zip,OCC_CHEMMON2020_DK_2019.ZIP/OCC_CHEMMON2020_DK_2019.CSV,1650144C77762ACF6E1634631C6AE68D,NASA_POWER_DAILY_COUNTRY_MEAN,5,2018-07-30,2019-01-29,184,9.511,11.775,7.288,323.906,67,86.511,141.4,46.8,28.2
DK,Danemark,DK,Denmark,DK,Denmark,2019-03-28,2019,3,28,barley,Barley grain (feed),Primary production,Zearalenone,no,,,15,not_quantified_below_loq,Non Quantified Value ( less than LOQ),yes,yes,Objective sampling,Official (National and EU) programme,According to Reg 152/2009,DK_latest_15402714_contaminants.zip,OCC_CHEMMON2020_DK_2019.ZIP/OCC_CHEMMON2020_DK_2019.CSV,CA13994BC2F0D33B486084C850E95A48,NASA_POWER_DAILY_COUNTRY_MEAN,5,2018-09-28,2019-03-27,181,5.235,7.262,3.358,336.292,67,90.14,165.2,17.4,5.2
DK,Danemark,DK,Denmark,DK,Denmark,2019-04-04,2019,4,4,barley,Barley grain (feed),Primary production,Zearalenone,no,,,15,not_quantified_below_loq,Non Quantified Value ( less than LOQ),yes,yes,Objective sampling,Official (National and EU) programme,According to Reg 152/2009,DK_latest_15402714_contaminants.zip,OCC_CHEMMON2020_DK_2019.ZIP/OCC_CHEMMON2020_DK_2019.CSV,5FAE6A5787C285A5A1D73714F4EDA050,NASA_POWER_DAILY_COUNTRY_MEAN,5,2018-10-04,2019-04-03,182,5.109,7.172,3.207,334.134,66.2,90.182,166.8,16.4,4.6
DK,Danemark,DK,Denmark,DK,Denmark,2019-04-04,2019,4,4,barley,Barley grain (feed),Primary production,Zearalenone,no,,,15,not_quantified_below_loq,Non Quantified Value ( less than LOQ),yes,yes,Objective sampling,Official (National and EU) programme,According to Reg 152/2009,DK_latest_15402714_contaminants.zip,OCC_CHEMMON2020_DK_2019.ZIP/OCC_CHEMMON2020_DK_2019.CSV,7D166F2660E545297C5DAA35B8A9640E,NASA_POWER_DAILY_COUNTRY_MEAN,5,2018-10-04,2019-04-03,182,5.109,7.172,3.207,334.134,66.2,90.182,166.8,16.4,4.6
DK,Danemark,DK,Denmark,DK,Denmark,2019-04-10,2019,4,10,barley,Barley grain (feed),Primary production,Zearalenone,no,,,15,not_quantified_below_loq,Non Quantified Value ( less than LOQ),yes,yes,Objective sampling,Official (National and EU) programme,According to Reg 152/2009,DK_latest_15402714_contaminants.zip,OCC_CHEMMON2020_DK_2019.ZIP/OCC_CHEMMON2020_DK_2019.CSV,1D55C9CCFD364F062CAB4C805FD1A255,NASA_POWER_DAILY_COUNTRY_MEAN,5,2018-10-10,2019-04-09,182,4.965,7.059,3.053,325.298,64,90.022,166,12.2,2.6
DK,Danemark,DK,Denmark,DK,Denmark,2019-04-12,2019,4,12,barley,Barley grain (feed),Primary production,Zearalenone,no,,,15,not_quantified_below_loq,Non Quantified Value ( less than LOQ),yes,yes,Objective sampling,Official (National and EU) programme,According to Reg 152/2009,DK_latest_15402714_contaminants.zip,OCC_CHEMMON2020_DK_2019.ZIP/OCC_CHEMMON2020_DK_2019.CSV,80824826BD66E5E59C1CD0AEEEA330D4,NASA_POWER_DAILY_COUNTRY_MEAN,5,2018-10-12,2019-04-11,182,4.848,6.923,2.94,325.618,64,89.889,164.6,10.2,2.6
DK,Danemark,DK,Denmark,DK,Denmark,2019-04-15,2019,4,15,barley,Barley grain (feed),Primary production,Zearalenone,no,,,15,not_quantified_below_loq,Non Quantified Value ( less than LOQ),yes,yes,Objective sampling,Official (National and EU) programme,According to Reg 152/2009,DK_latest_15402714_contaminants.zip,OCC_CHEMMON2020_DK_2019.ZIP/OCC_CHEMMON2020_DK_2019.CSV,FA2632DBC752EF714F627B56A4697518,NASA_POWER_DAILY_COUNTRY_MEAN,5,2018-10-15,2019-04-14,182,4.66,6.727,2.749,325.838,64,89.718,162.2,7.6,2.6
DK,Danemark,DK,Denmark,DK,Denmark,2019-04-26,2019,4,26,barley,Barley grain (feed),Primary production,Zearalenone,no,,,15,not_quantified_below_loq,Non Quantified Value ( less than LOQ),yes,yes,Objective sampling,Official (National and EU) programme,According to Reg 152/2009,DK_latest_15402714_contaminants.zip,OCC_CHEMMON2020_DK_2019.ZIP/OCC_CHEMMON2020_DK_2019.CSV,775628587C544D6AFF8BB310F3B1ACD6,NASA_POWER_DAILY_COUNTRY_MEAN,5,2018-10-26,2019-04-25,182,4.554,6.709,2.547,316.348,62.6,88.917,155.2,2.6,2.4
DK,Danemark,DK,Denmark,DK,Denmark,2019-05-06,2019,5,6,barley,Barley grain (feed),Primary production,Zearalenone,no,,,15,not_quantified_below_loq,Non Quantified Value ( less than LOQ),yes,yes,Objective sampling,Official (National and EU) programme,According to Reg 152/2009,DK_latest_15402714_contaminants.zip,OCC_CHEMMON2020_DK_2019.ZIP/OCC_CHEMMON2020_DK_2019.CSV,ED14C601E6F1B95AE4BF2D2F7900863D,NASA_POWER_DAILY_COUNTRY_MEAN,5,2018-11-06,2019-05-05,181,4.65,6.863,2.592,310.524,60.6,88.356,149.4,6.6,3.6
DK,Danemark,DK,Denmark,DK,Denmark,2019-05-29,2019,5,29,barley,Barley grain (feed),Primary production,Zearalenone,no,,,15,not_quantified_below_loq,Non Quantified Value ( less than LOQ),yes,yes,Objective sampling,Official (National and EU) programme,According to Reg 152/2009,DK_latest_15402714_contaminants.zip,OCC_CHEMMON2020_DK_2019.ZIP/OCC_CHEMMON2020_DK_2019.CSV,914C59EAF08A9DF8FB25D6D234332578,NASA_POWER_DAILY_COUNTRY_MEAN,5,2018-11-29,2019-05-28,181,5.3,7.714,2.95,325.914,63.8,86.899,138,15.2,9.4
DK,Danemark,DK,Denmark,DK,Denmark,2019-06-06,2019,6,6,barley,Barley grain (feed),Primary production,Zearalenone,no,,,15,not_quantified_below_loq,Non Quantified Value ( less than LOQ),yes,yes,Objective sampling,Official (National and EU) programme,According to Reg 152/2009,DK_latest_15402714_contaminants.zip,OCC_CHEMMON2020_DK_2019.ZIP/OCC_CHEMMON2020_DK_2019.CSV,14E16AE1D4BEE2786BF26293314767F0,NASA_POWER_DAILY_COUNTRY_MEAN,5,2018-12-06,2019-06-05,182,5.704,8.21,3.24,315.722,63.2,86.346,136,20,12.2
DK,Danemark,DK,Denmark,DK,Denmark,2019-08-01,2019,8,1,barley,Barley grain (feed),Primary production,Zearalenone,no,,,15,not_quantified_below_loq,Non Quantified Value ( less than LOQ),yes,yes,Objective sampling,Official (National and EU) programme,According to Reg 152/2009,DK_latest_15402714_contaminants.zip,OCC_CHEMMON2020_DK_2019.ZIP/OCC_CHEMMON2020_DK_2019.CSV,5D2E670F7F7A32F10382613A2874808C,NASA_POWER_DAILY_COUNTRY_MEAN,5,2019-02-01,2019-07-31,181,10.308,13.369,7.214,321.042,61.6,82.176,106.6,44.2,33.8
DK,Danemark,DK,Denmark,DK,Denmark,2019-08-06,2019,8,6,barley,Barley grain (feed),Primary production,Zearalenone,no,,,15,not_quantified_below_loq,Non Quantified Value ( less than LOQ),yes,yes,Objective sampling,Official (National and EU) programme,According to Reg 152/2009,DK_latest_15402714_contaminants.zip,OCC_CHEMMON2020_DK_2019.ZIP/OCC_CHEMMON2020_DK_2019.CSV,D1B0B52700963D3BEF308E52B8C09BE9,NASA_POWER_DAILY_COUNTRY_MEAN,5,2019-02-06,2019-08-05,181,10.791,13.887,7.65,321.402,61.4,81.718,103.4,46,35.2
DK,Danemark,DK,Denmark,DK,Denmark,2019-08-08,2019,8,8,barley,Barley grain (feed),Primary production,Zearalenone,no,,,15,not_quantified_below_loq,Non Quantified Value ( less than LOQ),yes,yes,Objective sampling,Official (National and EU) programme,According to Reg 152/2009,DK_latest_15402714_contaminants.zip,OCC_CHEMMON2020_DK_2019.ZIP/OCC_CHEMMON2020_DK_2019.CSV,241215328A797A07D033884445CBF63F,NASA_POWER_DAILY_COUNTRY_MEAN,5,2019-02-08,2019-08-07,181,10.972,14.087,7.808,313.236,61,81.537,102.2,46.8,36.8
DK,Danemark,DK,Denmark,DK,Denmark,2019-08-14,2019,8,14,barley,Barley grain (feed),Primary production,Zearalenone,no,,,15,not_quantified_below_loq,Non Quantified Value ( less than LOQ),yes,yes,Objective sampling,Official (National and EU) programme,According to Reg 152/2009,DK_latest_15402714_contaminants.zip,OCC_CHEMMON2020_DK_2019.ZIP/OCC_CHEMMON2020_DK_2019.CSV,A71F91D4602E5CBAFB669656EED4465E,NASA_POWER_DAILY_COUNTRY_MEAN,5,2019-02-14,2019-08-13,181,11.443,14.59,8.245,317.74,62,81.098,98.4,49,40.6
DK,Danemark,DK,Denmark,DK,Denmark,2019-08-22,2019,8,22,barley,Barley grain (feed),Primary production,Zearalenone,no,,,15,not_quantified_below_loq,Non Quantified Value ( less than LOQ),yes,yes,Objective sampling,Official (National and EU) programme,According to Reg 152/2009,DK_latest_15402714_contaminants.zip,OCC_CHEMMON2020_DK_2019.ZIP/OCC_CHEMMON2020_DK_2019.CSV,A4E83D0ADAF858E2C252BFB5C6B13656,NASA_POWER_DAILY_COUNTRY_MEAN,5,2019-02-22,2019-08-21,181,11.947,15.111,8.711,332.214,65.2,80.569,95,53.6,45.8
DK,Danemark,DK,Denmark,DK,Denmark,2019-08-22,2019,8,22,barley,Barley grain (feed),Primary production,Zearalenone,no,,,15,not_quantified_below_loq,Non Quantified Value ( less than LOQ),yes,yes,Objective sampling,Official (National and EU) programme,According to Reg 152/2009,DK_latest_15402714_contaminants.zip,OCC_CHEMMON2020_DK_2019.ZIP/OCC_CHEMMON2020_DK_2019.CSV,57E4A1F37B085BEDBBB73DE8B83B2C16,NASA_POWER_DAILY_COUNTRY_MEAN,5,2019-02-22,2019-08-21,181,11.947,15.111,8.711,332.214,65.2,80.569,95,53.6,45.8
DK,Danemark,DK,Denmark,DK,Denmark,2019-08-22,2019,8,22,barley,Barley grain (feed),Primary production,Zearalenone,no,,,15,not_quantified_below_loq,Non Quantified Value ( less than LOQ),yes,yes,Objective sampling,Official (National and EU) programme,According to Reg 152/2009,DK_latest_15402714_contaminants.zip,OCC_CHEMMON2020_DK_2019.ZIP/OCC_CHEMMON2020_DK_2019.CSV,1A4B28B936E902F6A8FFB8DB6C8F46F9,NASA_POWER_DAILY_COUNTRY_MEAN,5,2019-02-22,2019-08-21,181,11.947,15.111,8.711,332.214,65.2,80.569,95,53.6,45.8
DK,Danemark,DK,Denmark,DK,Denmark,2019-08-26,2019,8,26,barley,Barley grain (feed),Primary production,Zearalenone,no,,,15,not_quantified_below_loq,Non Quantified Value ( less than LOQ),yes,yes,Objective sampling,Official (National and EU) programme,According to Reg 152/2009,DK_latest_15402714_contaminants.zip,OCC_CHEMMON2020_DK_2019.ZIP/OCC_CHEMMON2020_DK_2019.CSV,93E72AD7F572651AF2905ACF9F10F824,NASA_POWER_DAILY_COUNTRY_MEAN,5,2019-02-26,2019-08-25,181,12.286,15.471,9.011,332.786,65.6,80.403,93.8,55.4,46.2
DK,Danemark,DK,Denmark,DK,Denmark,2019-08-27,2019,8,27,barley,Barley grain (feed),Primary production,Zearalenone,no,,,15,not_quantified_below_loq,Non Quantified Value ( less than LOQ),yes,yes,Objective sampling,Official (National and EU) programme,According to Reg 152/2009,DK_latest_15402714_contaminants.zip,OCC_CHEMMON2020_DK_2019.ZIP/OCC_CHEMMON2020_DK_2019.CSV,C4C40908EFADEF934F2D2A825CF163DD,NASA_POWER_DAILY_COUNTRY_MEAN,5,2019-02-27,2019-08-26,181,12.37,15.555,9.09,332.742,65.6,80.315,93,55.6,46.2
DK,Danemark,DK,Denmark,DK,Denmark,2019-08-28,2019,8,28,barley,Barley grain (feed),Primary production,Zearalenone,no,,,15,not_quantified_below_loq,Non Quantified Value ( less than LOQ),yes,yes,Objective sampling,Official (National and EU) programme,According to Reg 152/2009,DK_latest_15402714_contaminants.zip,OCC_CHEMMON2020_DK_2019.ZIP/OCC_CHEMMON2020_DK_2019.CSV,DE8450016B17C929863B21E0E45F84EF,NASA_POWER_DAILY_COUNTRY_MEAN,5,2019-02-28,2019-08-27,181,12.458,15.636,9.176,333.544,66,80.28,92.6,56.2,46.6
DK,Danemark,DK,Denmark,DK,Denmark,2019-08-28,2019,8,28,barley,Barley grain (feed),Primary production,Zearalenone,no,,,15,not_quantified_below_loq,Non Quantified Value ( less than LOQ),yes,yes,Objective sampling,Official (National and EU) programme,According to Reg 152/2009,DK_latest_15402714_contaminants.zip,OCC_CHEMMON2020_DK_2019.ZIP/OCC_CHEMMON2020_DK_2019.CSV,FF1C583E39412D728828E0653065CBC9,NASA_POWER_DAILY_COUNTRY_MEAN,5,2019-02-28,2019-08-27,181,12.458,15.636,9.176,333.544,66,80.28,92.6,56.2,46.6
DK,Danemark,DK,Denmark,DK,Denmark,2019-08-29,2019,8,29,barley,Barley grain (feed),Primary production,Zearalenone,no,,,15,not_quantified_below_loq,Non Quantified Value ( less than LOQ),yes,yes,Objective sampling,Official (National and EU) programme,According to Reg 152/2009,DK_latest_15402714_contaminants.zip,OCC_CHEMMON2020_DK_2019.ZIP/OCC_CHEMMON2020_DK_2019.CSV,0BCFFF234AD0F9AA40793BDE8669EF94,NASA_POWER_DAILY_COUNTRY_MEAN,5,2019-02-28,2019-08-28,182,12.506,15.686,9.23,335.428,67,80.317,93.6,57.2,47.6
DK,Danemark,DK,Denmark,DK,Denmark,2019-08-30,2019,8,30,barley,Barley grain (feed),Primary production,Zearalenone,no,,,15,not_quantified_below_loq,Non Quantified Value ( less than LOQ),yes,yes,Objective sampling,Official (National and EU) programme,According to Reg 152/2009,DK_latest_15402714_contaminants.zip,OCC_CHEMMON2020_DK_2019.ZIP/OCC_CHEMMON2020_DK_2019.CSV,0AEFDB9FB04AB18B9096DEBF5A769A5F,NASA_POWER_DAILY_COUNTRY_MEAN,5,2019-02-28,2019-08-29,183,12.546,15.725,9.264,336.592,67.4,80.335,94.6,58.2,48
DK,Danemark,DK,Denmark,DK,Denmark,2019-09-19,2019,9,19,barley,Barley grain (feed),Primary production,Zearalenone,no,,,15,not_quantified_below_loq,Non Quantified Value ( less than LOQ),yes,yes,Objective sampling,Official (National and EU) programme,According to Reg 152/2009,DK_latest_15402714_contaminants.zip,OCC_CHEMMON2020_DK_2019.ZIP/OCC_CHEMMON2020_DK_2019.CSV,9F0B983B81A083011B94970C6DE34837,NASA_POWER_DAILY_COUNTRY_MEAN,5,2019-03-19,2019-09-18,184,13.649,16.861,10.326,319.244,66.2,79.547,87,67.8,59.6
DK,Danemark,DK,Denmark,DK,Denmark,2019-10-08,2019,10,8,barley,Barley grain (feed),Primary production,Zearalenone,no,,,15,not_quantified_below_loq,Non Quantified Value ( less than LOQ),yes,yes,Objective sampling,Official (National and EU) programme,According to Reg 152/2009,DK_latest_15402714_contaminants.zip,OCC_CHEMMON2020_DK_2019.ZIP/OCC_CHEMMON2020_DK_2019.CSV,68DFF0E4E7395BFD4C0A98983409D37D,NASA_POWER_DAILY_COUNTRY_MEAN,5,2019-04-08,2019-10-07,183,14.206,17.356,10.928,344.888,70.8,79.403,84.2,78.8,65.4
DK,Danemark,DK,Denmark,DK,Denmark,2019-10-23,2019,10,23,barley,Barley grain (feed),Primary production,Zearalenone,no,,,15,not_quantified_below_loq,Non Quantified Value ( less than LOQ),yes,yes,Objective sampling,Official (National and EU) programme,According to Reg 152/2009,DK_latest_15402714_contaminants.zip,OCC_CHEMMON2020_DK_2019.ZIP/OCC_CHEMMON2020_DK_2019.CSV,B7826A822AC19B8B93B5102AE2F764DD,NASA_POWER_DAILY_COUNTRY_MEAN,5,2019-04-23,2019-10-22,183,14.645,17.695,11.503,403.486,82.2,80.964,98,92.8,76.4
DK,Danemark,DK,Denmark,DK,Denmark,2019-10-28,2019,10,28,barley,Barley grain (feed),Primary production,Zearalenone,no,,,15,not_quantified_below_loq,Non Quantified Value ( less than LOQ),yes,yes,Objective sampling,Official (National and EU) programme,According to Reg 152/2009,DK_latest_15402714_contaminants.zip,OCC_CHEMMON2020_DK_2019.ZIP/OCC_CHEMMON2020_DK_2019.CSV,ACDBB922BC5F7F8DC387A375C9AADD5B,NASA_POWER_DAILY_COUNTRY_MEAN,5,2019-04-28,2019-10-27,183,14.64,17.645,11.528,408.98,82,81.231,99.4,93.8,76
DK,Danemark,DK,Denmark,DK,Denmark,2020-01-27,2020,1,27,barley,Barley grain (feed),Primary production,Zearalenone,no,,,15,not_quantified_below_loq,Non Quantified Value ( less than LOQ),yes,yes,Objective sampling,Official (National and EU) programme,According to Reg 152/2009,DK_latest_15402714_contaminants.zip,OCC_CHEMMON2021_DK_2020.ZIP/OCC_CHEMMON2021_DK_2020.CSV,5E39702F556CEC0415C376A0FBA1A046,NASA_POWER_DAILY_COUNTRY_MEAN,5,2019-07-27,2020-01-26,184,10.023,12.132,7.919,470.19,92.2,88.226,149.6,56,48.2
DK,Danemark,DK,Denmark,DK,Denmark,2020-02-06,2020,2,6,barley,Barley grain (feed),Primary production,Zearalenone,no,,,15,not_quantified_below_loq,Non Quantified Value ( less than LOQ),yes,yes,Objective sampling,Official (National and EU) programme,According to Reg 152/2009,DK_latest_15402714_contaminants.zip,OCC_CHEMMON2021_DK_2020.ZIP/OCC_CHEMMON2021_DK_2020.CSV,10F5937AAB86C32AB9BA5B3FBF67741E,NASA_POWER_DAILY_COUNTRY_MEAN,5,2019-08-06,2020-02-05,184,9.218,11.257,7.182,471.12,93.8,88.984,154.6,51,43.4
DK,Danemark,DK,Denmark,DK,Denmark,2020-02-18,2020,2,18,barley,Barley grain (feed),Primary production,Zearalenone,no,,,15,not_quantified_below_loq,Non Quantified Value ( less than LOQ),yes,yes,Objective sampling,Official (National and EU) programme,According to Reg 152/2009,DK_latest_15402714_contaminants.zip,OCC_CHEMMON2021_DK_2020.ZIP/OCC_CHEMMON2021_DK_2020.CSV,8FD4905554364FEBE55C3E71DE53F4B5,NASA_POWER_DAILY_COUNTRY_MEAN,5,2019-08-18,2020-02-17,184,8.399,10.381,6.432,480.242,93.6,89.7,161.2,45.6,35
DK,Danemark,DK,Denmark,DK,Denmark,2020-02-19,2020,2,19,barley,Barley grain (feed),Primary production,Zearalenone,no,,,15,not_quantified_below_loq,Non Quantified Value ( less than LOQ),yes,yes,Objective sampling,Official (National and EU) programme,According to Reg 152/2009,DK_latest_15402714_contaminants.zip,OCC_CHEMMON2021_DK_2020.ZIP/OCC_CHEMMON2021_DK_2020.CSV,B45C6FE2CAAF31D3B451EF659A4482D0,NASA_POWER_DAILY_COUNTRY_MEAN,5,2019-08-19,2020-02-18,184,8.337,10.314,6.379,474.916,93.2,89.7,161.2,44.6,34
DK,Danemark,DK,Denmark,DK,Denmark,2020-02-20,2020,2,20,barley,Barley grain (feed),Primary production,Zearalenone,no,,,15,not_quantified_below_loq,Non Quantified Value ( less than LOQ),yes,yes,Objective sampling,Official (National and EU) programme,According to Reg 152/2009,DK_latest_15402714_contaminants.zip,OCC_CHEMMON2021_DK_2020.ZIP/OCC_CHEMMON2021_DK_2020.CSV,67366AEF8A25054ADDE1FE35384120F8,NASA_POWER_DAILY_COUNTRY_MEAN,5,2019-08-20,2020-02-19,184,8.271,10.239,6.324,476.724,93.6,89.75,161.6,44,33.4
DK,Danemark,DK,Denmark,DK,Denmark,2020-02-25,2020,2,25,barley,Barley grain (feed),Primary production,Zearalenone,no,,,15,not_quantified_below_loq,Non Quantified Value ( less than LOQ),yes,yes,Objective sampling,Official (National and EU) programme,According to Reg 152/2009,DK_latest_15402714_contaminants.zip,OCC_CHEMMON2021_DK_2020.ZIP/OCC_CHEMMON2021_DK_2020.CSV,BF937F5E973B9B838307C502C540F977,NASA_POWER_DAILY_COUNTRY_MEAN,5,2019-08-25,2020-02-24,184,7.934,9.849,6.039,499.816,97.2,90.038,164.4,41.8,32.4
DK,Danemark,DK,Denmark,DK,Denmark,2020-02-26,2020,2,26,barley,Barley grain (feed),Primary production,Zearalenone,no,,,15,not_quantified_below_loq,Non Quantified Value ( less than LOQ),yes,yes,Objective sampling,Official (National and EU) programme,According to Reg 152/2009,DK_latest_15402714_contaminants.zip,OCC_CHEMMON2021_DK_2020.ZIP/OCC_CHEMMON2021_DK_2020.CSV,E1631486AEDA5793E5A2EDB4759301B6,NASA_POWER_DAILY_COUNTRY_MEAN,5,2019-08-26,2020-02-25,184,7.848,9.747,5.968,505.22,98.2,90.098,165.2,41.6,32.4
DK,Danemark,DK,Denmark,DK,Denmark,2020-02-27,2020,2,27,barley,Barley grain (feed),Primary production,Zearalenone,no,,,15,not_quantified_below_loq,Non Quantified Value ( less than LOQ),yes,yes,Objective sampling,Official (National and EU) programme,According to Reg 152/2009,DK_latest_15402714_contaminants.zip,OCC_CHEMMON2021_DK_2020.ZIP/OCC_CHEMMON2021_DK_2020.CSV,B9EDB4C19EB34632BE584108D6F90338,NASA_POWER_DAILY_COUNTRY_MEAN,5,2019-08-27,2020-02-26,184,7.742,9.626,5.872,506.884,99.2,90.151,166,41.4,32.4
DK,Danemark,DK,Denmark,DK,Denmark,2020-07-21,2020,7,21,barley,Barley grain (feed),Primary production,Zearalenone,no,,,15,not_quantified_below_loq,Non Quantified Value ( less than LOQ),yes,yes,Objective sampling,Official (National and EU) programme,According to Reg 152/2009,DK_latest_15402714_contaminants.zip,OCC_CHEMMON2021_DK_2020.ZIP/OCC_CHEMMON2021_DK_2020.CSV,06F3F1D8C7C395FC83A6BED80A31C3AE,NASA_POWER_DAILY_COUNTRY_MEAN,5,2020-01-21,2020-07-20,182,9.136,11.878,6.147,353.878,72.2,82.62,107.2,28,26.8
DK,Danemark,DK,Denmark,DK,Denmark,2020-08-03,2020,8,3,barley,Barley grain (feed),Primary production,Zearalenone,no,,,15,not_quantified_below_loq,Non Quantified Value ( less than LOQ),yes,yes,Objective sampling,Official (National and EU) programme,According to Reg 152/2009,DK_latest_15402714_contaminants.zip,OCC_CHEMMON2021_DK_2020.ZIP/OCC_CHEMMON2021_DK_2020.CSV,A3AD1792D5BACEB279614574777F05B1,NASA_POWER_DAILY_COUNTRY_MEAN,5,2020-02-03,2020-08-02,182,9.946,12.803,6.797,353.304,72.8,81.592,101.2,35,33.4
DK,Danemark,DK,Denmark,DK,Denmark,2020-08-11,2020,8,11,barley,Barley grain (feed),Primary production,Zearalenone,no,,,15,not_quantified_below_loq,Non Quantified Value ( less than LOQ),yes,yes,Objective sampling,Official (National and EU) programme,According to Reg 152/2009,DK_latest_15402714_contaminants.zip,OCC_CHEMMON2021_DK_2020.ZIP/OCC_CHEMMON2021_DK_2020.CSV,6B4B03917F40114DF22FBDE9069C1347,NASA_POWER_DAILY_COUNTRY_MEAN,5,2020-02-11,2020-08-10,182,10.6,13.553,7.353,332.716,70,80.842,94.6,36.4,34.4
DK,Danemark,DK,Denmark,DK,Denmark,2020-08-13,2020,8,13,barley,Barley grain (feed),Primary production,Zearalenone,no,,,15,not_quantified_below_loq,Non Quantified Value ( less than LOQ),yes,yes,Objective sampling,Official (National and EU) programme,According to Reg 152/2009,DK_latest_15402714_contaminants.zip,OCC_CHEMMON2021_DK_2020.ZIP/OCC_CHEMMON2021_DK_2020.CSV,E28DFC7CE27A4448119514FF2A0C2595,NASA_POWER_DAILY_COUNTRY_MEAN,5,2020-02-13,2020-08-12,182,10.775,13.75,7.504,326.406,68,80.685,93,36.8,34.4
DK,Danemark,DK,Denmark,DK,Denmark,2020-08-14,2020,8,14,barley,Barley grain (feed),Primary production,Zearalenone,no,4.176058845,,15,not_quantified_below_loq,Non Quantified Value ( less than LOQ),yes,yes,Objective sampling,Official (National and EU) programme,According to Reg 152/2009,DK_latest_15402714_contaminants.zip,OCC_CHEMMON2021_DK_2020.ZIP/OCC_CHEMMON2021_DK_2020.CSV,151E550D3C15F4EA54A1194CD11B8E77,NASA_POWER_DAILY_COUNTRY_MEAN,5,2020-02-14,2020-08-13,182,10.863,13.85,7.58,325.414,67.4,80.584,92,36.8,34.4
DK,Danemark,DK,Denmark,DK,Denmark,2020-08-14,2020,8,14,barley,Barley grain (feed),Primary production,Zearalenone,no,4.037623308,,15,not_quantified_below_loq,Non Quantified Value ( less than LOQ),yes,yes,Objective sampling,Official (National and EU) programme,According to Reg 152/2009,DK_latest_15402714_contaminants.zip,OCC_CHEMMON2021_DK_2020.ZIP/OCC_CHEMMON2021_DK_2020.CSV,1B8AA6B4F4099CBB62FCF8229885D0C9,NASA_POWER_DAILY_COUNTRY_MEAN,5,2020-02-14,2020-08-13,182,10.863,13.85,7.58,325.414,67.4,80.584,92,36.8,34.4
DK,Danemark,DK,Denmark,DK,Denmark,2020-08-17,2020,8,17,barley,Barley grain (feed),Primary production,Zearalenone,no,,,15,not_quantified_below_loq,Non Quantified Value ( less than LOQ),yes,yes,Objective sampling,Official (National and EU) programme,According to Reg 152/2009,DK_latest_15402714_contaminants.zip,OCC_CHEMMON2021_DK_2020.ZIP/OCC_CHEMMON2021_DK_2020.CSV,C4DCDFF939224ACC33964A063CB2A34E,NASA_POWER_DAILY_COUNTRY_MEAN,5,2020-02-17,2020-08-16,182,11.117,14.146,7.792,303.076,65.2,80.246,89.2,37,34.4
DK,Danemark,DK,Denmark,DK,Denmark,2020-08-21,2020,8,21,barley,Barley grain (feed),Primary production,Zearalenone,no,,,15,not_quantified_below_loq,Non Quantified Value ( less than LOQ),yes,yes,Objective sampling,Official (National and EU) programme,According to Reg 152/2009,DK_latest_15402714_contaminants.zip,OCC_CHEMMON2021_DK_2020.ZIP/OCC_CHEMMON2021_DK_2020.CSV,B43A10CB085A3A78F63DE426BBC540C4,NASA_POWER_DAILY_COUNTRY_MEAN,5,2020-02-21,2020-08-20,182,11.457,14.522,8.09,293.222,63.8,80.046,87.2,39,36.6
DK,Danemark,DK,Denmark,DK,Denmark,2020-08-26,2020,8,26,barley,Barley grain (feed),Primary production,Zearalenone,no,,,15,not_quantified_below_loq,Non Quantified Value ( less than LOQ),yes,yes,Objective sampling,Official (National and EU) programme,According to Reg 152/2009,DK_latest_15402714_contaminants.zip,OCC_CHEMMON2021_DK_2020.ZIP/OCC_CHEMMON2021_DK_2020.CSV,2BCA58E340BBE7D5284474D42032CC8E,NASA_POWER_DAILY_COUNTRY_MEAN,5,2020-02-26,2020-08-25,182,11.808,14.898,8.408,293.958,63.8,79.826,84.4,41.2,41.2
DK,Danemark,DK,Denmark,DK,Denmark,2020-09-01,2020,9,1,barley,Barley grain (feed),Primary production,Zearalenone,no,,,15,not_quantified_below_loq,Non Quantified Value ( less than LOQ),yes,yes,Objective sampling,Official (National and EU) programme,According to Reg 152/2009,DK_latest_15402714_contaminants.zip,OCC_CHEMMON2021_DK_2020.ZIP/OCC_CHEMMON2021_DK_2020.CSV,DE4F5F3B0965958A8B6B3BED1222CCAA,NASA_POWER_DAILY_COUNTRY_MEAN,5,2020-03-01,2020-08-31,184,12.148,15.233,8.756,309.716,65.6,79.654,83.8,44.6,45.8
DK,Danemark,DK,Denmark,DK,Denmark,2020-09-01,2020,9,1,barley,Barley grain (feed),Primary production,Zearalenone,no,,,15,not_quantified_below_loq,Non Quantified Value ( less than LOQ),yes,yes,Objective sampling,Official (National and EU) programme,According to Reg 152/2009,DK_latest_15402714_contaminants.zip,OCC_CHEMMON2021_DK_2020.ZIP/OCC_CHEMMON2021_DK_2020.CSV,B4F77ACB8D03410B4B989A5A30DB77D9,NASA_POWER_DAILY_COUNTRY_MEAN,5,2020-03-01,2020-08-31,184,12.148,15.233,8.756,309.716,65.6,79.654,83.8,44.6,45.8
DK,Danemark,DK,Denmark,DK,Denmark,2020-09-01,2020,9,1,barley,Barley grain (feed),Primary production,Zearalenone,no,,,15,not_quantified_below_loq,Non Quantified Value ( less than LOQ),yes,yes,Objective sampling,Official (National and EU) programme,According to Reg 152/2009,DK_latest_15402714_contaminants.zip,OCC_CHEMMON2021_DK_2020.ZIP/OCC_CHEMMON2021_DK_2020.CSV,30F0382225352809A9BA926E9A8BBB3B,NASA_POWER_DAILY_COUNTRY_MEAN,5,2020-03-01,2020-08-31,184,12.148,15.233,8.756,309.716,65.6,79.654,83.8,44.6,45.8
DK,Danemark,DK,Denmark,DK,Denmark,2020-09-11,2020,9,11,barley,Barley grain (feed),Primary production,Zearalenone,no,7.181579714,,15,not_quantified_below_loq,Non Quantified Value ( less than LOQ),yes,yes,Objective sampling,Official (National and EU) programme,According to Reg 152/2009,DK_latest_15402714_contaminants.zip,OCC_CHEMMON2021_DK_2020.ZIP/OCC_CHEMMON2021_DK_2020.CSV,8844F7E5A5F46B717A56B0D17D7CFA00,NASA_POWER_DAILY_COUNTRY_MEAN,5,2020-03-11,2020-09-10,184,12.734,15.865,9.291,303.3,66.2,78.946,78.4,49.2,51.2
DK,Danemark,DK,Denmark,DK,Denmark,2020-09-22,2020,9,22,barley,Barley grain (feed),Primary production,Zearalenone,no,,,15,not_quantified_below_loq,Non Quantified Value ( less than LOQ),yes,yes,Objective sampling,Official (National and EU) programme,According to Reg 152/2009,DK_latest_15402714_contaminants.zip,OCC_CHEMMON2021_DK_2020.ZIP/OCC_CHEMMON2021_DK_2020.CSV,EFAD95B78204A5D48121408F5F0BF615,NASA_POWER_DAILY_COUNTRY_MEAN,5,2020-03-22,2020-09-21,184,13.313,16.499,9.841,299.95,65.4,78.849,77.6,56.8,54
DK,Danemark,DK,Denmark,DK,Denmark,2020-09-29,2020,9,29,barley,Barley grain (feed),Primary production,Zearalenone,no,,,15,not_quantified_below_loq,Non Quantified Value ( less than LOQ),yes,yes,Objective sampling,Official (National and EU) programme,According to Reg 152/2009,DK_latest_15402714_contaminants.zip,OCC_CHEMMON2021_DK_2020.ZIP/OCC_CHEMMON2021_DK_2020.CSV,62BAC40525B7C6AD86D58E5BE7D60EF3,NASA_POWER_DAILY_COUNTRY_MEAN,5,2020-03-29,2020-09-28,184,13.748,16.895,10.291,341.232,69.2,79.29,81.8,62.6,58.2
DK,Danemark,DK,Denmark,DK,Denmark,2021-04-09,2021,4,9,barley,Barley grain (feed),Primary production,Zearalenone,no,,,15,not_quantified_below_loq,Non Quantified Value ( less than LOQ),yes,yes,Objective sampling,Official (National and EU) programme,According to Reg 152/2009,DK_latest_15402714_contaminants.zip,OCC_CHEMMON2022_DK_2021.ZIP/OCC_CHEMMON2022_DK_2021.CSV,7F2AAA69432161C667F89F93E0CE1962,NASA_POWER_DAILY_COUNTRY_MEAN,5,2020-10-09,2021-04-08,182,4.107,5.983,2.381,363.47,79.6,90.83,171.2,16.2,12.4
DK,Danemark,DK,Denmark,DK,Denmark,2021-04-13,2021,4,13,barley,Barley grain (feed),Primary production,Zearalenone,no,14.26635942,,15,not_quantified_below_loq,Non Quantified Value ( less than LOQ),yes,yes,Objective sampling,Official (National and EU) programme,According to Reg 152/2009,DK_latest_15402714_contaminants.zip,OCC_CHEMMON2022_DK_2021.ZIP/OCC_CHEMMON2022_DK_2021.CSV,DD7793D219DE12B5706A406382F79D91,NASA_POWER_DAILY_COUNTRY_MEAN,5,2020-10-13,2021-04-12,182,3.977,5.86,2.234,364.744,78.2,90.741,170,14.6,11
DK,Danemark,DK,Denmark,DK,Denmark,2021-04-23,2021,4,23,barley,Barley grain (feed),Primary production,Zearalenone,no,,,15,not_quantified_below_loq,Non Quantified Value ( less than LOQ),yes,yes,Objective sampling,Official (National and EU) programme,According to Reg 152/2009,DK_latest_15402714_contaminants.zip,OCC_CHEMMON2022_DK_2021.ZIP/OCC_CHEMMON2022_DK_2021.CSV,FF13D759206AFB7EA8019F9B9DDE8D1F,NASA_POWER_DAILY_COUNTRY_MEAN,5,2020-10-23,2021-04-22,182,3.84,5.794,2.005,334.142,73.8,90.231,164.2,12.2,9
DK,Danemark,DK,Denmark,DK,Denmark,2021-04-27,2021,4,27,barley,Barley grain (feed),Primary production,Zearalenone,no,,,15,not_quantified_below_loq,Non Quantified Value ( less than LOQ),yes,yes,Objective sampling,Official (National and EU) programme,According to Reg 152/2009,DK_latest_15402714_contaminants.zip,OCC_CHEMMON2022_DK_2021.ZIP/OCC_CHEMMON2022_DK_2021.CSV,510E5A84B9FA1D2684F30A159CA3F487,NASA_POWER_DAILY_COUNTRY_MEAN,5,2020-10-27,2021-04-26,182,3.718,5.709,1.84,315.106,70.4,89.753,160.4,8.8,6.2
DK,Danemark,DK,Denmark,DK,Denmark,2021-04-27,2021,4,27,barley,Barley grain (feed),Primary production,Zearalenone,no,3.022600811,,15,not_quantified_below_loq,Non Quantified Value ( less than LOQ),yes,yes,Objective sampling,Official (National and EU) programme,According to Reg 152/2009,DK_latest_15402714_contaminants.zip,OCC_CHEMMON2022_DK_2021.ZIP/OCC_CHEMMON2022_DK_2021.CSV,E917B955BEDC32335FAAC220F41A2226,NASA_POWER_DAILY_COUNTRY_MEAN,5,2020-10-27,2021-04-26,182,3.718,5.709,1.84,315.106,70.4,89.753,160.4,8.8,6.2
DK,Danemark,DK,Denmark,DK,Denmark,2021-04-28,2021,4,28,barley,Barley grain (feed),Primary production,Zearalenone,no,5.224722437,,15,not_quantified_below_loq,Non Quantified Value ( less than LOQ),yes,yes,Objective sampling,Official (National and EU) programme,According to Reg 152/2009,DK_latest_15402714_contaminants.zip,OCC_CHEMMON2022_DK_2021.ZIP/OCC_CHEMMON2022_DK_2021.CSV,01C04DDD46AE0E2ED695D3D439C769D8,NASA_POWER_DAILY_COUNTRY_MEAN,5,2020-10-28,2021-04-27,182,3.699,5.701,1.807,313.042,69.8,89.604,159.4,8.8,6.2
DK,Danemark,DK,Denmark,DK,Denmark,2021-04-29,2021,4,29,barley,Barley grain (feed),Primary production,Zearalenone,no,,,15,not_quantified_below_loq,Non Quantified Value ( less than LOQ),yes,yes,Objective sampling,Official (National and EU) programme,According to Reg 152/2009,DK_latest_15402714_contaminants.zip,OCC_CHEMMON2022_DK_2021.ZIP/OCC_CHEMMON2022_DK_2021.CSV,0610971AE567B374995D52CE59A7EF4E,NASA_POWER_DAILY_COUNTRY_MEAN,5,2020-10-29,2021-04-28,182,3.682,5.691,1.773,309.286,68.8,89.522,158.4,8.2,5.6
DK,Danemark,DK,Denmark,DK,Denmark,2021-05-04,2021,5,4,barley,Barley grain (feed),Primary production,Zearalenone,no,,,15,not_quantified_below_loq,Non Quantified Value ( less than LOQ),yes,yes,Objective sampling,Official (National and EU) programme,According to Reg 152/2009,DK_latest_15402714_contaminants.zip,OCC_CHEMMON2022_DK_2021.ZIP/OCC_CHEMMON2022_DK_2021.CSV,72539F3159F0687E289724A3E892F745,NASA_POWER_DAILY_COUNTRY_MEAN,5,2020-11-04,2021-05-03,181,3.539,5.579,1.611,283.114,65.8,89.155,154.6,4.2,2
DK,Danemark,DK,Denmark,DK,Denmark,2021-05-11,2021,5,11,barley,Barley grain (feed),Primary production,Zearalenone,no,,,15,not_quantified_below_loq,Non Quantified Value ( less than LOQ),yes,yes,Objective sampling,Official (National and EU) programme,According to Reg 152/2009,DK_latest_15402714_contaminants.zip,OCC_CHEMMON2022_DK_2021.ZIP/OCC_CHEMMON2022_DK_2021.CSV,4D4BC6FB1CC4C8E6CF66A8AC23D95FA3,NASA_POWER_DAILY_COUNTRY_MEAN,5,2020-11-11,2021-05-10,181,3.529,5.613,1.543,317.694,70.4,88.918,153.6,4.6,3.4
DK,Danemark,DK,Denmark,DK,Denmark,2021-05-11,2021,5,11,barley,Barley grain (feed),Primary production,Zearalenone,no,,,15,not_quantified_below_loq,Non Quantified Value ( less than LOQ),yes,yes,Objective sampling,Official (National and EU) programme,According to Reg 152/2009,DK_latest_15402714_contaminants.zip,OCC_CHEMMON2022_DK_2021.ZIP/OCC_CHEMMON2022_DK_2021.CSV,4E6B9FD4834EFCBAE45D9E8C1CBDBEB2,NASA_POWER_DAILY_COUNTRY_MEAN,5,2020-11-11,2021-05-10,181,3.529,5.613,1.543,317.694,70.4,88.918,153.6,4.6,3.4
DK,Danemark,DK,Denmark,DK,Denmark,2021-05-12,2021,5,12,barley,Barley grain (feed),Primary production,Zearalenone,no,,,15,not_quantified_below_loq,Non Quantified Value ( less than LOQ),yes,yes,Objective sampling,Official (National and EU) programme,According to Reg 152/2009,DK_latest_15402714_contaminants.zip,OCC_CHEMMON2022_DK_2021.ZIP/OCC_CHEMMON2022_DK_2021.CSV,E59430FC0540AE5F07E8736257900118,NASA_POWER_DAILY_COUNTRY_MEAN,5,2020-11-12,2021-05-11,181,3.557,5.651,1.565,325.024,71.4,88.902,153.6,5.6,4.4
DK,Danemark,DK,Denmark,DK,Denmark,2021-05-18,2021,5,18,barley,Barley grain (feed),Primary production,Zearalenone,no,,,15,not_quantified_below_loq,Non Quantified Value ( less than LOQ),yes,yes,Objective sampling,Official (National and EU) programme,According to Reg 152/2009,DK_latest_15402714_contaminants.zip,OCC_CHEMMON2022_DK_2021.ZIP/OCC_CHEMMON2022_DK_2021.CSV,004B451D61FDFDB58B5D7CBEA6CB4A73,NASA_POWER_DAILY_COUNTRY_MEAN,5,2020-11-18,2021-05-17,181,3.626,5.772,1.587,327.39,70.6,88.642,153.6,9.4,7
DK,Danemark,DK,Denmark,DK,Denmark,2021-05-20,2021,5,20,barley,Barley grain (feed),Primary production,Zearalenone,no,,,15,not_quantified_below_loq,Non Quantified Value ( less than LOQ),yes,yes,Objective sampling,Official (National and EU) programme,According to Reg 152/2009,DK_latest_15402714_contaminants.zip,OCC_CHEMMON2022_DK_2021.ZIP/OCC_CHEMMON2022_DK_2021.CSV,616B138F172598DE7420B12386A94AD0,NASA_POWER_DAILY_COUNTRY_MEAN,5,2020-11-20,2021-05-19,181,3.641,5.794,1.591,326.898,70.4,88.603,154.2,9.6,7.2
DK,Danemark,DK,Denmark,DK,Denmark,2021-05-21,2021,5,21,barley,Barley grain (feed),Primary production,Zearalenone,no,,,15,not_quantified_below_loq,Non Quantified Value ( less than LOQ),yes,yes,Objective sampling,Official (National and EU) programme,According to Reg 152/2009,DK_latest_15402714_contaminants.zip,OCC_CHEMMON2022_DK_2021.ZIP/OCC_CHEMMON2022_DK_2021.CSV,027A486C7DB396D9606D430D7AA233C9,NASA_POWER_DAILY_COUNTRY_MEAN,5,2020-11-21,2021-05-20,181,3.671,5.827,1.613,326.868,70.4,88.565,153.6,9.6,7.2
DK,Danemark,DK,Denmark,DK,Denmark,2021-05-27,2021,5,27,barley,Barley grain (feed),Primary production,Zearalenone,no,,,15,not_quantified_below_loq,Non Quantified Value ( less than LOQ),yes,yes,Objective sampling,Official (National and EU) programme,According to Reg 152/2009,DK_latest_15402714_contaminants.zip,OCC_CHEMMON2022_DK_2021.ZIP/OCC_CHEMMON2022_DK_2021.CSV,B5F2CDC71D55603E822A24B7713964AB,NASA_POWER_DAILY_COUNTRY_MEAN,5,2020-11-27,2021-05-26,181,3.784,5.971,1.688,344.3,73.2,88.316,152.4,13.6,11.2
DK,Danemark,DK,Denmark,DK,Denmark,2021-06-01,2021,6,1,barley,Barley grain (feed),Primary production,Zearalenone,no,,,15,not_quantified_below_loq,Non Quantified Value ( less than LOQ),yes,yes,Objective sampling,Official (National and EU) programme,According to Reg 152/2009,DK_latest_15402714_contaminants.zip,OCC_CHEMMON2022_DK_2021.ZIP/OCC_CHEMMON2022_DK_2021.CSV,98A7BDD4779E807A0B601062AC2D6893,NASA_POWER_DAILY_COUNTRY_MEAN,5,2020-12-01,2021-05-31,182,4.066,6.309,1.889,341.34,72.6,87.961,150.4,15.6,12
DK,Danemark,DK,Denmark,DK,Denmark,2021-06-07,2021,6,7,barley,Barley grain (feed),Primary production,Zearalenone,no,,,15,not_quantified_below_loq,Non Quantified Value ( less than LOQ),yes,yes,Objective sampling,Official (National and EU) programme,According to Reg 152/2009,DK_latest_15402714_contaminants.zip,OCC_CHEMMON2022_DK_2021.ZIP/OCC_CHEMMON2022_DK_2021.CSV,2C3817C671CE66C9B79502AAFF1066A4,NASA_POWER_DAILY_COUNTRY_MEAN,5,2020-12-07,2021-06-06,182,4.445,6.76,2.182,341.67,72.2,87.517,147.4,18.6,13.6
DK,Danemark,DK,Denmark,DK,Denmark,2021-06-09,2021,6,9,barley,Barley grain (feed),Primary production,Zearalenone,no,,,15,not_quantified_below_loq,Non Quantified Value ( less than LOQ),yes,yes,Objective sampling,Official (National and EU) programme,According to Reg 152/2009,DK_latest_15402714_contaminants.zip,OCC_CHEMMON2022_DK_2021.ZIP/OCC_CHEMMON2022_DK_2021.CSV,0A0545039F2566B3D7C8233E48D62C60,NASA_POWER_DAILY_COUNTRY_MEAN,5,2020-12-09,2021-06-08,182,4.56,6.904,2.268,340.918,72.2,87.357,146.6,19.8,14
DK,Danemark,DK,Denmark,DK,Denmark,2021-06-10,2021,6,10,barley,Barley grain (feed),Primary production,Zearalenone,no,,,15,not_quantified_below_loq,Non Quantified Value ( less than LOQ),yes,yes,Objective sampling,Official (National and EU) programme,According to Reg 152/2009,DK_latest_15402714_contaminants.zip,OCC_CHEMMON2022_DK_2021.ZIP/OCC_CHEMMON2022_DK_2021.CSV,D4554B27AC585FC27CE5E285EEDD746C,NASA_POWER_DAILY_COUNTRY_MEAN,5,2020-12-10,2021-06-09,182,4.629,6.988,2.315,338.75,71.2,87.273,145.8,20,14
DK,Danemark,DK,Denmark,DK,Denmark,2021-06-15,2021,6,15,barley,Barley grain (feed),Primary production,Zearalenone,no,,,15,not_quantified_below_loq,Non Quantified Value ( less than LOQ),yes,yes,Objective sampling,Official (National and EU) programme,According to Reg 152/2009,DK_latest_15402714_contaminants.zip,OCC_CHEMMON2022_DK_2021.ZIP/OCC_CHEMMON2022_DK_2021.CSV,79F7ADF2F0FBC9FD8BBD5B731A2AE524,NASA_POWER_DAILY_COUNTRY_MEAN,5,2020-12-15,2021-06-14,182,4.985,7.397,2.599,333.03,69.6,86.907,142.8,22,14.2
DK,Danemark,DK,Denmark,DK,Denmark,2021-08-17,2021,8,17,barley,Barley grain (feed),Primary production,Zearalenone,no,,,15,not_quantified_below_loq,Non Quantified Value ( less than LOQ),yes,yes,Objective sampling,Official (National and EU) programme,According to Reg 152/2009,DK_latest_15402714_contaminants.zip,OCC_CHEMMON2022_DK_2021.ZIP/OCC_CHEMMON2022_DK_2021.CSV,DAC9D83BAE1DF5A9938ACBCD424E80CC,NASA_POWER_DAILY_COUNTRY_MEAN,5,2021-02-17,2021-08-16,181,11.076,14.075,8.005,360.812,67.4,83.091,119.2,60.8,41.2
DK,Danemark,DK,Denmark,DK,Denmark,2021-08-25,2021,8,25,barley,Barley grain (feed),Primary production,Zearalenone,no,,,15,not_quantified_below_loq,Non Quantified Value ( less than LOQ),yes,yes,Objective sampling,Official (National and EU) programme,According to Reg 152/2009,DK_latest_15402714_contaminants.zip,OCC_CHEMMON2022_DK_2021.ZIP/OCC_CHEMMON2022_DK_2021.CSV,CAFBF3B9D0FAA1D29D5049075E906407,NASA_POWER_DAILY_COUNTRY_MEAN,5,2021-02-25,2021-08-24,181,11.629,14.685,8.481,364.772,67.4,82.329,115.4,65,44.4
DK,Danemark,DK,Denmark,DK,Denmark,2021-08-31,2021,8,31,barley,Barley grain (feed),Primary production,Zearalenone,no,,,15,not_quantified_below_loq,Non Quantified Value ( less than LOQ),yes,yes,Objective sampling,Official (National and EU) programme,According to Reg 152/2009,DK_latest_15402714_contaminants.zip,OCC_CHEMMON2022_DK_2021.ZIP/OCC_CHEMMON2022_DK_2021.CSV,095EA2D689A60E757655748083CE2B98,NASA_POWER_DAILY_COUNTRY_MEAN,5,2021-02-28,2021-08-30,184,11.886,14.925,8.755,383.54,71.8,82.205,118,70.6,48.8
DK,Danemark,DK,Denmark,DK,Denmark,2021-09-07,2021,9,7,barley,Barley grain (feed),Primary production,Zearalenone,no,,,15,not_quantified_below_loq,Non Quantified Value ( less than LOQ),yes,yes,Objective sampling,Official (National and EU) programme,According to Reg 152/2009,DK_latest_15402714_contaminants.zip,OCC_CHEMMON2022_DK_2021.ZIP/OCC_CHEMMON2022_DK_2021.CSV,1A1498A82005E33FEB88900C22B4DD53,NASA_POWER_DAILY_COUNTRY_MEAN,5,2021-03-07,2021-09-06,184,12.395,15.475,9.213,384.432,72.4,81.8,115.2,74.6,49.4
DK,Danemark,DK,Denmark,DK,Denmark,2021-09-09,2021,9,9,barley,Barley grain (feed),Primary production,Zearalenone,no,,,15,not_quantified_below_loq,Non Quantified Value ( less than LOQ),yes,yes,Objective sampling,Official (National and EU) programme,According to Reg 152/2009,DK_latest_15402714_contaminants.zip,OCC_CHEMMON2022_DK_2021.ZIP/OCC_CHEMMON2022_DK_2021.CSV,A978BAA1314B58263F7C657155F23299,NASA_POWER_DAILY_COUNTRY_MEAN,5,2021-03-09,2021-09-08,184,12.564,15.648,9.371,386.048,73,81.873,116.2,76.6,50
DK,Danemark,DK,Denmark,DK,Denmark,2021-09-14,2021,9,14,barley,Barley grain (feed),Primary production,Zearalenone,no,,,15,not_quantified_below_loq,Non Quantified Value ( less than LOQ),yes,yes,Objective sampling,Official (National and EU) programme,According to Reg 152/2009,DK_latest_15402714_contaminants.zip,OCC_CHEMMON2022_DK_2021.ZIP/OCC_CHEMMON2022_DK_2021.CSV,17AAB83C57EC94A29A2D84BD23EB45BC,NASA_POWER_DAILY_COUNTRY_MEAN,5,2021-03-14,2021-09-13,184,12.97,16.084,9.751,377.38,72.8,81.844,117,81,53.4
DK,Danemark,DK,Denmark,DK,Denmark,2021-09-14,2021,9,14,barley,Barley grain (feed),Primary production,Zearalenone,no,,,15,not_quantified_below_loq,Non Quantified Value ( less than LOQ),yes,yes,Objective sampling,Official (National and EU) programme,According to Reg 152/2009,DK_latest_15402714_contaminants.zip,OCC_CHEMMON2022_DK_2021.ZIP/OCC_CHEMMON2022_DK_2021.CSV,07BEDB4537757C0C36A052A34B7CDCFD,NASA_POWER_DAILY_COUNTRY_MEAN,5,2021-03-14,2021-09-13,184,12.97,16.084,9.751,377.38,72.8,81.844,117,81,53.4
DK,Danemark,DK,Denmark,DK,Denmark,2021-09-15,2021,9,15,barley,Barley grain (feed),Primary production,Zearalenone,no,,,15,not_quantified_below_loq,Non Quantified Value ( less than LOQ),yes,yes,Objective sampling,Official (National and EU) programme,According to Reg 152/2009,DK_latest_15402714_contaminants.zip,OCC_CHEMMON2022_DK_2021.ZIP/OCC_CHEMMON2022_DK_2021.CSV,709F63E6C86D646F7538868508FC512E,NASA_POWER_DAILY_COUNTRY_MEAN,5,2021-03-15,2021-09-14,184,13.033,16.148,9.814,377.646,72.4,81.788,116.4,81.4,54
DK,Danemark,DK,Denmark,DK,Denmark,2021-09-15,2021,9,15,barley,Barley grain (feed),Primary production,Zearalenone,no,,,15,not_quantified_below_loq,Non Quantified Value ( less than LOQ),yes,yes,Objective sampling,Official (National and EU) programme,According to Reg 152/2009,DK_latest_15402714_contaminants.zip,OCC_CHEMMON2022_DK_2021.ZIP/OCC_CHEMMON2022_DK_2021.CSV,3C3961D354412F4132FD97C0DB099B71,NASA_POWER_DAILY_COUNTRY_MEAN,5,2021-03-15,2021-09-14,184,13.033,16.148,9.814,377.646,72.4,81.788,116.4,81.4,54
DK,Danemark,DK,Denmark,DK,Denmark,2021-09-17,2021,9,17,barley,Barley grain (feed),Primary production,Zearalenone,no,,,15,not_quantified_below_loq,Non Quantified Value ( less than LOQ),yes,yes,Objective sampling,Official (National and EU) programme,According to Reg 152/2009,DK_latest_15402714_contaminants.zip,OCC_CHEMMON2022_DK_2021.ZIP/OCC_CHEMMON2022_DK_2021.CSV,A0B64B1FEE49DAA306F284A266B96882,NASA_POWER_DAILY_COUNTRY_MEAN,5,2021-03-17,2021-09-16,184,13.166,16.273,9.955,396.368,73.4,81.818,116.6,83.4,56
DK,Danemark,DK,Denmark,DK,Denmark,2022-01-20,2022,1,20,barley,Barley grain (feed),Primary production,Zearalenone,no,,,15,not_quantified_below_loq,Non Quantified Value ( less than LOQ),yes,yes,Objective sampling,Official (National and EU) programme,According to Reg 152/2009,DK_latest_15402714_contaminants.zip,OCC_CHEMMON2023_DK_2022.ZIP/OCC_CHEMMON2023_DK_2022.CSV,614ABAD59294871642C6B71A9D25B223,NASA_POWER_DAILY_COUNTRY_MEAN,5,2021-07-20,2022-01-19,184,10.095,12.282,7.912,670.846,112.2,88.212,158.6,72.2,52
DK,Danemark,DK,Denmark,DK,Denmark,2022-02-03,2022,2,3,barley,Barley grain (feed),Primary production,Zearalenone,no,,,15,not_quantified_below_loq,Non Quantified Value ( less than LOQ),yes,yes,Objective sampling,Official (National and EU) programme,According to Reg 152/2009,DK_latest_15402714_contaminants.zip,OCC_CHEMMON2023_DK_2022.ZIP/OCC_CHEMMON2023_DK_2022.CSV,427E5AF91A9D00C91BE36DDDF5E7AC23,NASA_POWER_DAILY_COUNTRY_MEAN,5,2021-08-03,2022-02-02,184,8.976,11.068,6.885,680.032,113.4,88.938,163.4,64.2,45.2
DK,Danemark,DK,Denmark,DK,Denmark,2022-02-09,2022,2,9,barley,Barley grain (feed),Primary production,Zearalenone,no,,,15,not_quantified_below_loq,Non Quantified Value ( less than LOQ),yes,yes,Objective sampling,Official (National and EU) programme,According to Reg 152/2009,DK_latest_15402714_contaminants.zip,OCC_CHEMMON2023_DK_2022.ZIP/OCC_CHEMMON2023_DK_2022.CSV,D4FDBB65E98E05E4FAC7A541218EF2E6,NASA_POWER_DAILY_COUNTRY_MEAN,5,2021-08-09,2022-02-08,184,8.554,10.605,6.508,705.552,116,89.443,167.2,62,42.6
DK,Danemark,DK,Denmark,DK,Denmark,2022-02-22,2022,2,22,barley,Barley grain (feed),Primary production,Zearalenone,no,,,15,not_quantified_below_loq,Non Quantified Value ( less than LOQ),yes,yes,Objective sampling,Official (National and EU) programme,According to Reg 152/2009,DK_latest_15402714_contaminants.zip,OCC_CHEMMON2023_DK_2022.ZIP/OCC_CHEMMON2023_DK_2022.CSV,6FB7813F658A01DBBB1B8DDB6281B6D5,NASA_POWER_DAILY_COUNTRY_MEAN,5,2021-08-22,2022-02-21,184,7.654,9.634,5.688,744.6,118.4,90.121,171.6,53.4,34.4
DK,Danemark,DK,Denmark,DK,Denmark,2022-02-25,2022,2,25,barley,Barley grain (feed),Primary production,Zearalenone,no,,,15,not_quantified_below_loq,Non Quantified Value ( less than LOQ),yes,yes,Objective sampling,Official (National and EU) programme,According to Reg 152/2009,DK_latest_15402714_contaminants.zip,OCC_CHEMMON2023_DK_2022.ZIP/OCC_CHEMMON2023_DK_2022.CSV,399626E02121D47459E2E830064F6AE8,NASA_POWER_DAILY_COUNTRY_MEAN,5,2021-08-25,2022-02-24,184,7.458,9.404,5.519,767.792,120.2,90.295,173.2,52,34
DK,Danemark,DK,Denmark,DK,Denmark,2022-03-03,2022,3,3,barley,Barley grain (feed),Primary production,Zearalenone,no,,,15,not_quantified_below_loq,Non Quantified Value ( less than LOQ),yes,yes,Objective sampling,Official (National and EU) programme,According to Reg 152/2009,DK_latest_15402714_contaminants.zip,OCC_CHEMMON2023_DK_2022.ZIP/OCC_CHEMMON2023_DK_2022.CSV,C09BFF913B4C197C457E2673CC0D4B1E,NASA_POWER_DAILY_COUNTRY_MEAN,5,2021-09-03,2022-03-02,181,6.855,8.773,4.958,757.062,117.2,90.586,171.6,44.6,29
DK,Danemark,DK,Denmark,DK,Denmark,2022-05-12,2022,5,12,barley,Barley grain (feed),Primary production,Zearalenone,no,4.104525473,,15,not_quantified_below_loq,Non Quantified Value ( less than LOQ),yes,yes,Objective sampling,Official (National and EU) programme,According to Reg 152/2009,DK_latest_15402714_contaminants.zip,OCC_CHEMMON2023_DK_2022.ZIP/OCC_CHEMMON2023_DK_2022.CSV,C8CF54643DF7A73B7C87290896B818D3,NASA_POWER_DAILY_COUNTRY_MEAN,5,2021-11-12,2022-05-11,181,4.452,6.765,2.183,539.596,88.2,88.771,156,5.8,2.6
DK,Danemark,DK,Denmark,DK,Denmark,2022-05-24,2022,5,24,barley,Barley grain (feed),Primary production,Zearalenone,no,,,15,not_quantified_below_loq,Non Quantified Value ( less than LOQ),yes,yes,Objective sampling,Official (National and EU) programme,According to Reg 152/2009,DK_latest_15402714_contaminants.zip,OCC_CHEMMON2023_DK_2022.ZIP/OCC_CHEMMON2023_DK_2022.CSV,8719A2964FE81F6ABB31D47535296642,NASA_POWER_DAILY_COUNTRY_MEAN,5,2021-11-24,2022-05-23,181,4.803,7.199,2.445,512.512,84.2,88.084,151.8,12.6,5.8
DK,Danemark,DK,Denmark,DK,Denmark,2022-06-01,2022,6,1,barley,Barley grain (feed),Primary production,Zearalenone,no,,,15,not_quantified_below_loq,Non Quantified Value ( less than LOQ),yes,yes,Objective sampling,Official (National and EU) programme,According to Reg 152/2009,DK_latest_15402714_contaminants.zip,OCC_CHEMMON2023_DK_2022.ZIP/OCC_CHEMMON2023_DK_2022.CSV,20C2B42384EABFE44A47B604F38A14F4,NASA_POWER_DAILY_COUNTRY_MEAN,5,2021-12-01,2022-05-31,182,5.171,7.609,2.76,505.484,84.6,87.673,150,17.8,12.2
DK,Danemark,DK,Denmark,DK,Denmark,2022-06-07,2022,6,7,barley,Barley grain (feed),Primary production,Zearalenone,no,,,15,not_quantified_below_loq,Non Quantified Value ( less than LOQ),yes,yes,Objective sampling,Official (National and EU) programme,According to Reg 152/2009,DK_latest_15402714_contaminants.zip,OCC_CHEMMON2023_DK_2022.ZIP/OCC_CHEMMON2023_DK_2022.CSV,035C81538E3943A4F00E035F5054AB2B,NASA_POWER_DAILY_COUNTRY_MEAN,5,2021-12-07,2022-06-06,182,5.567,8.046,3.102,461.19,80.8,87.368,147.6,21.2,13.4
DK,Danemark,DK,Denmark,DK,Denmark,2022-06-16,2022,6,16,barley,Barley grain (feed),Primary production,Zearalenone,no,,,15,not_quantified_below_loq,Non Quantified Value ( less than LOQ),yes,yes,Objective sampling,Official (National and EU) programme,According to Reg 152/2009,DK_latest_15402714_contaminants.zip,OCC_CHEMMON2023_DK_2022.ZIP/OCC_CHEMMON2023_DK_2022.CSV,D83F1816BE1639CF9EE19E67BB4713FF,NASA_POWER_DAILY_COUNTRY_MEAN,5,2021-12-16,2022-06-15,182,6.159,8.736,3.594,433.834,77.2,86.818,146,28.6,17.4
DK,Danemark,DK,Denmark,DK,Denmark,2022-06-28,2022,6,28,barley,Barley grain (feed),Primary production,Zearalenone,no,,,15,not_quantified_below_loq,Non Quantified Value ( less than LOQ),yes,yes,Objective sampling,Official (National and EU) programme,According to Reg 152/2009,DK_latest_15402714_contaminants.zip,OCC_CHEMMON2023_DK_2022.ZIP/OCC_CHEMMON2023_DK_2022.CSV,ACEC74BAA421F566526DEC4C1301A866,NASA_POWER_DAILY_COUNTRY_MEAN,5,2021-12-28,2022-06-27,182,7.186,9.865,4.495,441.47,77,86.161,143.4,37.4,22
DK,Danemark,DK,Denmark,DK,Denmark,2022-08-05,2022,8,5,barley,Barley grain (feed),Primary production,Zearalenone,no,,,15,not_quantified_below_loq,Non Quantified Value ( less than LOQ),yes,yes,Objective sampling,Official (National and EU) programme,According to Reg 152/2009,DK_latest_15402714_contaminants.zip,OCC_CHEMMON2023_DK_2022.ZIP/OCC_CHEMMON2023_DK_2022.CSV,2D79CEA84341BBA337D8190099F81D2B,NASA_POWER_DAILY_COUNTRY_MEAN,5,2022-02-05,2022-08-04,181,10.118,13.182,6.987,371.02,63.2,83.266,120.2,51.8,33.6
DK,Danemark,DK,Denmark,DK,Denmark,2022-08-09,2022,8,9,barley,Barley grain (feed),Primary production,Zearalenone,no,,,15,not_quantified_below_loq,Non Quantified Value ( less than LOQ),yes,yes,Objective sampling,Official (National and EU) programme,According to Reg 152/2009,DK_latest_15402714_contaminants.zip,OCC_CHEMMON2023_DK_2022.ZIP/OCC_CHEMMON2023_DK_2022.CSV,2C0FB6BCD0A005ED195809012C6B1E20,NASA_POWER_DAILY_COUNTRY_MEAN,5,2022-02-09,2022-08-08,181,10.384,13.465,7.225,357.034,61.2,82.987,117.6,53.2,34.8
DK,Danemark,DK,Denmark,DK,Denmark,2022-08-09,2022,8,9,barley,Barley grain (feed),Primary production,Zearalenone,no,,,15,not_quantified_below_loq,Non Quantified Value ( less than LOQ),yes,yes,Objective sampling,Official (National and EU) programme,According to Reg 152/2009,DK_latest_15402714_contaminants.zip,OCC_CHEMMON2023_DK_2022.ZIP/OCC_CHEMMON2023_DK_2022.CSV,3FE0D0169A19757D6424F669D1C3724B,NASA_POWER_DAILY_COUNTRY_MEAN,5,2022-02-09,2022-08-08,181,10.384,13.465,7.225,357.034,61.2,82.987,117.6,53.2,34.8
DK,Danemark,DK,Denmark,DK,Denmark,2022-08-09,2022,8,9,barley,Barley grain (feed),Primary production,Zearalenone,no,,,15,not_quantified_below_loq,Non Quantified Value ( less than LOQ),yes,yes,Objective sampling,Official (National and EU) programme,According to Reg 152/2009,DK_latest_15402714_contaminants.zip,OCC_CHEMMON2023_DK_2022.ZIP/OCC_CHEMMON2023_DK_2022.CSV,F5BE0CE3488CC43402257F670B402256,NASA_POWER_DAILY_COUNTRY_MEAN,5,2022-02-09,2022-08-08,181,10.384,13.465,7.225,357.034,61.2,82.987,117.6,53.2,34.8
DK,Danemark,DK,Denmark,DK,Denmark,2022-08-19,2022,8,19,barley,Barley grain (feed),Primary production,Zearalenone,no,,,15,not_quantified_below_loq,Non Quantified Value ( less than LOQ),yes,yes,Objective sampling,Official (National and EU) programme,According to Reg 152/2009,DK_latest_15402714_contaminants.zip,OCC_CHEMMON2023_DK_2022.ZIP/OCC_CHEMMON2023_DK_2022.CSV,D4A08BB33BFFC6E1CE020B2B7E4DADCB,NASA_POWER_DAILY_COUNTRY_MEAN,5,2022-02-19,2022-08-18,181,11.305,14.481,8.039,296.416,56.4,82.318,112,57.6,37.6
DK,Danemark,DK,Denmark,DK,Denmark,2022-08-25,2022,8,25,barley,Barley grain (feed),Primary production,Zearalenone,no,,,15,not_quantified_below_loq,Non Quantified Value ( less than LOQ),yes,yes,Objective sampling,Official (National and EU) programme,According to Reg 152/2009,DK_latest_15402714_contaminants.zip,OCC_CHEMMON2023_DK_2022.ZIP/OCC_CHEMMON2023_DK_2022.CSV,9AEDFF92810DAD1A83A6213026BA0F1E,NASA_POWER_DAILY_COUNTRY_MEAN,5,2022-02-25,2022-08-24,181,11.807,15.01,8.507,260.86,52.8,81.95,108.6,60.2,39.2
DK,Danemark,DK,Denmark,DK,Denmark,2022-08-30,2022,8,30,barley,Barley grain (feed),Primary production,Zearalenone,no,,,15,not_quantified_below_loq,Non Quantified Value ( less than LOQ),yes,yes,Objective sampling,Official (National and EU) programme,According to Reg 152/2009,DK_latest_15402714_contaminants.zip,OCC_CHEMMON2023_DK_2022.ZIP/OCC_CHEMMON2023_DK_2022.CSV,3657DA4E2CE5E87D78032DBDD41E92FF,NASA_POWER_DAILY_COUNTRY_MEAN,5,2022-02-28,2022-08-29,183,12.158,15.352,8.859,274.25,55.2,81.928,110,64.4,42.4
DK,Danemark,DK,Denmark,DK,Denmark,2022-09-01,2022,9,1,barley,Barley grain (feed),Primary production,Zearalenone,no,,,15,not_quantified_below_loq,Non Quantified Value ( less than LOQ),yes,yes,Objective sampling,Official (National and EU) programme,According to Reg 152/2009,DK_latest_15402714_contaminants.zip,OCC_CHEMMON2023_DK_2022.ZIP/OCC_CHEMMON2023_DK_2022.CSV,0C1749D6C3F6198EB14E56222B512AA5,NASA_POWER_DAILY_COUNTRY_MEAN,5,2022-03-01,2022-08-31,184,12.255,15.45,8.952,274.34,55.2,81.786,109,64.4,42.4
DK,Danemark,DK,Denmark,DK,Denmark,2022-09-09,2022,9,9,barley,Barley grain (feed),Primary production,Zearalenone,no,,,15,not_quantified_below_loq,Non Quantified Value ( less than LOQ),yes,yes,Objective sampling,Official (National and EU) programme,According to Reg 152/2009,DK_latest_15402714_contaminants.zip,OCC_CHEMMON2023_DK_2022.ZIP/OCC_CHEMMON2023_DK_2022.CSV,18684423514A3D6CA0493DC5EC165FE7,NASA_POWER_DAILY_COUNTRY_MEAN,5,2022-03-09,2022-09-08,184,12.911,16.083,9.597,275.5,53,81.127,102.6,65.4,43.8
DK,Danemark,DK,Denmark,DK,Denmark,2022-09-12,2022,9,12,barley,Barley grain (feed),Primary production,Zearalenone,no,,,15,not_quantified_below_loq,Non Quantified Value ( less than LOQ),yes,yes,Objective sampling,Official (National and EU) programme,According to Reg 152/2009,DK_latest_15402714_contaminants.zip,OCC_CHEMMON2023_DK_2022.ZIP/OCC_CHEMMON2023_DK_2022.CSV,D2867FE1F77F6629559969D5717C3419,NASA_POWER_DAILY_COUNTRY_MEAN,5,2022-03-12,2022-09-11,184,13.135,16.306,9.818,283.666,54.6,81.145,103.4,68.4,45.8
DK,Danemark,DK,Denmark,DK,Denmark,2022-09-14,2022,9,14,barley,Barley grain (feed),Primary production,Zearalenone,no,,,15,not_quantified_below_loq,Non Quantified Value ( less than LOQ),yes,yes,Objective sampling,Official (National and EU) programme,According to Reg 152/2009,DK_latest_15402714_contaminants.zip,OCC_CHEMMON2023_DK_2022.ZIP/OCC_CHEMMON2023_DK_2022.CSV,27DF9269B0A6D975728983D2CF3D791E,NASA_POWER_DAILY_COUNTRY_MEAN,5,2022-03-14,2022-09-13,184,13.267,16.427,9.95,292.416,55.6,81.196,104,70.2,47.4
DK,Danemark,DK,Denmark,DK,Denmark,2022-09-16,2022,9,16,barley,Barley grain (feed),Primary production,Zearalenone,no,,,15,not_quantified_below_loq,Non Quantified Value ( less than LOQ),yes,yes,Objective sampling,Official (National and EU) programme,According to Reg 152/2009,DK_latest_15402714_contaminants.zip,OCC_CHEMMON2023_DK_2022.ZIP/OCC_CHEMMON2023_DK_2022.CSV,71B413DE783BFE2134831A0321007ED6,NASA_POWER_DAILY_COUNTRY_MEAN,5,2022-03-16,2022-09-15,184,13.375,16.528,10.061,289.618,55.2,81.085,103,71,47.6
DK,Danemark,DK,Denmark,DK,Denmark,2022-09-19,2022,9,19,barley,Barley grain (feed),Primary production,Zearalenone,no,,,15,not_quantified_below_loq,Non Quantified Value ( less than LOQ),yes,yes,Objective sampling,Official (National and EU) programme,According to Reg 152/2009,DK_latest_15402714_contaminants.zip,OCC_CHEMMON2023_DK_2022.ZIP/OCC_CHEMMON2023_DK_2022.CSV,1661412F5DD3403523EA873B79116BB0,NASA_POWER_DAILY_COUNTRY_MEAN,5,2022-03-19,2022-09-18,184,13.52,16.669,10.208,291.76,56.2,80.941,102.8,73.8,50.2
DK,Danemark,DK,Denmark,DK,Denmark,2022-09-22,2022,9,22,barley,Barley grain (feed),Primary production,Zearalenone,no,,,15,not_quantified_below_loq,Non Quantified Value ( less than LOQ),yes,yes,Objective sampling,Official (National and EU) programme,According to Reg 152/2009,DK_latest_15402714_contaminants.zip,OCC_CHEMMON2023_DK_2022.ZIP/OCC_CHEMMON2023_DK_2022.CSV,16D474389D17EFF19FB4DD472E37143F,NASA_POWER_DAILY_COUNTRY_MEAN,5,2022-03-22,2022-09-21,184,13.65,16.798,10.333,293.34,56.8,80.878,102.4,75.8,50.8
DK,Danemark,DK,Denmark,DK,Denmark,2022-09-23,2022,9,23,barley,Barley grain (feed),Primary production,Zearalenone,no,,,15,not_quantified_below_loq,Non Quantified Value ( less than LOQ),yes,yes,Objective sampling,Official (National and EU) programme,According to Reg 152/2009,DK_latest_15402714_contaminants.zip,OCC_CHEMMON2023_DK_2022.ZIP/OCC_CHEMMON2023_DK_2022.CSV,D273A22261742E75512EC41B3A2EA5F8,NASA_POWER_DAILY_COUNTRY_MEAN,5,2022-03-23,2022-09-22,184,13.688,16.829,10.373,293.376,56.8,80.885,102.6,76.4,50.8
DK,Danemark,DK,Denmark,DK,Denmark,2022-10-05,2022,10,5,barley,Barley grain (feed),Primary production,Zearalenone,no,,,15,not_quantified_below_loq,Non Quantified Value ( less than LOQ),yes,yes,Objective sampling,Official (National and EU) programme,According to Reg 152/2009,DK_latest_15402714_contaminants.zip,OCC_CHEMMON2023_DK_2022.ZIP/OCC_CHEMMON2023_DK_2022.CSV,F384A0961280C81973AB518E2D2033E8,NASA_POWER_DAILY_COUNTRY_MEAN,5,2022-04-05,2022-10-04,183,14.251,17.319,11.008,321.682,61.4,81.162,105.4,87.8,57.4
DK,Danemark,DK,Denmark,DK,Denmark,2022-10-05,2022,10,5,barley,Barley grain (feed),Primary production,Zearalenone,no,,,15,not_quantified_below_loq,Non Quantified Value ( less than LOQ),yes,yes,Objective sampling,Official (National and EU) programme,According to Reg 152/2009,DK_latest_15402714_contaminants.zip,OCC_CHEMMON2023_DK_2022.ZIP/OCC_CHEMMON2023_DK_2022.CSV,A08CD720C0D4EA79062FEE3633D44CAB,NASA_POWER_DAILY_COUNTRY_MEAN,5,2022-04-05,2022-10-04,183,14.251,17.319,11.008,321.682,61.4,81.162,105.4,87.8,57.4
DK,Danemark,DK,Denmark,DK,Denmark,2022-10-12,2022,10,12,barley,Barley grain (feed),Primary production,Zearalenone,no,,,15,not_quantified_below_loq,Non Quantified Value ( less than LOQ),yes,yes,Objective sampling,Official (National and EU) programme,According to Reg 152/2009,DK_latest_15402714_contaminants.zip,OCC_CHEMMON2023_DK_2022.ZIP/OCC_CHEMMON2023_DK_2022.CSV,EC7D80A916FE7DEC6B1A915A20C459B2,NASA_POWER_DAILY_COUNTRY_MEAN,5,2022-04-12,2022-10-11,183,14.553,17.622,11.336,309.038,61.6,81.195,107,94.2,60.2
DK,Danemark,DK,Denmark,DK,Denmark,2022-10-13,2022,10,13,barley,Barley grain (feed),Primary production,Zearalenone,no,1.029717892,,15,not_quantified_below_loq,Non Quantified Value ( less than LOQ),yes,yes,Objective sampling,Official (National and EU) programme,According to Reg 152/2009,DK_latest_15402714_contaminants.zip,OCC_CHEMMON2023_DK_2022.ZIP/OCC_CHEMMON2023_DK_2022.CSV,47963C8201DAFE0569D331735885B564,NASA_POWER_DAILY_COUNTRY_MEAN,5,2022-04-13,2022-10-12,183,14.587,17.657,11.378,309.218,61.6,81.239,107.2,95.2,60.2
DK,Danemark,DK,Denmark,DK,Denmark,2022-11-04,2022,11,4,barley,Barley grain (feed),Primary production,Zearalenone,no,,,15,not_quantified_below_loq,Non Quantified Value ( less than LOQ),yes,yes,Objective sampling,Official (National and EU) programme,According to Reg 152/2009,DK_latest_15402714_contaminants.zip,OCC_CHEMMON2023_DK_2022.ZIP/OCC_CHEMMON2023_DK_2022.CSV,08BEAEA8213C8025483AD16C2A01BB48,NASA_POWER_DAILY_COUNTRY_MEAN,5,2022-05-04,2022-11-03,184,14.953,17.855,11.954,349.536,71.8,82.632,117.6,114.8,71.2
DK,Danemark,DK,Denmark,DK,Denmark,2022-11-21,2022,11,21,barley,Barley grain (feed),Primary production,Zearalenone,no,,,15,not_quantified_below_loq,Non Quantified Value ( less than LOQ),yes,yes,Objective sampling,Official (National and EU) programme,According to Reg 152/2009,DK_latest_15402714_contaminants.zip,OCC_CHEMMON2023_DK_2022.ZIP/OCC_CHEMMON2023_DK_2022.CSV,F0888FA9AD9B991635107E517315F660,NASA_POWER_DAILY_COUNTRY_MEAN,5,2022-05-21,2022-11-20,184,14.679,17.411,11.883,350.516,73.4,83.233,120.2,112.2,69.8
DK,Danemark,DK,Denmark,DK,Denmark,2022-11-22,2022,11,22,barley,Barley grain (feed),Primary production,Zearalenone,no,,,15,not_quantified_below_loq,Non Quantified Value ( less than LOQ),yes,yes,Objective sampling,Official (National and EU) programme,According to Reg 152/2009,DK_latest_15402714_contaminants.zip,OCC_CHEMMON2023_DK_2022.ZIP/OCC_CHEMMON2023_DK_2022.CSV,0BE067B172E44DC3604C62C1FF0D53C5,NASA_POWER_DAILY_COUNTRY_MEAN,5,2022-05-22,2022-11-21,184,14.62,17.343,11.833,349.59,73.4,83.265,120.2,111.2,68.8
DK,Danemark,DK,Denmark,DK,Denmark,2023-02-10,2023,2,10,barley,Barley grain (feed),Primary production,Zearalenone,no,,,15,not_quantified_below_loq,Non Quantified Value ( less than LOQ),yes,yes,Objective sampling,Official (National and EU) programme,According to Reg 152/2009,DK_latest_15402714_contaminants.zip,OCC_CHEMMON2024_DK_2023.ZIP/OCC_CHEMMON2024_DK_2023.CSV,5AB67D1FC5CA74B5F68D8CFB1A9CFBA7,NASA_POWER_DAILY_COUNTRY_MEAN,5,2022-08-10,2023-02-09,184,8.906,10.937,6.99,415.59,86,88.462,157.8,69.4,39.8
DK,Danemark,DK,Denmark,DK,Denmark,2023-02-22,2023,2,22,barley,Barley grain (feed),Primary production,Zearalenone,no,,,15,not_quantified_below_loq,Non Quantified Value ( less than LOQ),yes,yes,Objective sampling,Official (National and EU) programme,According to Reg 152/2009,DK_latest_15402714_contaminants.zip,OCC_CHEMMON2024_DK_2023.ZIP/OCC_CHEMMON2024_DK_2023.CSV,8A28E96EDC9530184348AEE7125E9C09,NASA_POWER_DAILY_COUNTRY_MEAN,5,2022-08-22,2023-02-21,184,7.884,9.815,6.085,417.716,85,89.21,164.2,64,35.4
DK,Danemark,DK,Denmark,DK,Denmark,2023-02-23,2023,2,23,barley,Barley grain (feed),Primary production,Zearalenone,no,,,15,not_quantified_below_loq,Non Quantified Value ( less than LOQ),yes,yes,Objective sampling,Official (National and EU) programme,According to Reg 152/2009,DK_latest_15402714_contaminants.zip,OCC_CHEMMON2024_DK_2023.ZIP/OCC_CHEMMON2024_DK_2023.CSV,DFB87A72A287FB5E4766C6C7A1C90686,NASA_POWER_DAILY_COUNTRY_MEAN,5,2022-08-23,2023-02-22,184,7.809,9.733,6.022,418.098,85,89.325,165.2,64,35.4
DK,Danemark,DK,Denmark,DK,Denmark,2023-02-28,2023,2,28,barley,Barley grain (feed),Primary production,Zearalenone,no,,,15,not_quantified_below_loq,Non Quantified Value ( less than LOQ),yes,yes,Objective sampling,Official (National and EU) programme,According to Reg 152/2009,DK_latest_15402714_contaminants.zip,OCC_CHEMMON2024_DK_2023.ZIP/OCC_CHEMMON2024_DK_2023.CSV,52A086E743184C87D091A00016906383,NASA_POWER_DAILY_COUNTRY_MEAN,5,2022-08-28,2023-02-27,184,7.334,9.251,5.562,410.292,84.6,89.407,165.2,60,33.6
DK,Danemark,DK,Denmark,DK,Denmark,2023-03-01,2023,3,1,barley,Barley grain (feed),Primary production,Zearalenone,no,,,15,not_quantified_below_loq,Non Quantified Value ( less than LOQ),yes,yes,Objective sampling,Official (National and EU) programme,According to Reg 152/2009,DK_latest_15402714_contaminants.zip,OCC_CHEMMON2024_DK_2023.ZIP/OCC_CHEMMON2024_DK_2023.CSV,F2B74B9ED767AD6F96E9AE9F9172729B,NASA_POWER_DAILY_COUNTRY_MEAN,5,2022-09-01,2023-02-28,181,7.097,9.005,5.341,405.53,83.2,89.69,165,58.8,32.2
DK,Danemark,DK,Denmark,DK,Denmark,2023-03-01,2023,3,1,barley,Barley grain (feed),Primary production,Zearalenone,no,,,15,not_quantified_below_loq,Non Quantified Value ( less than LOQ),yes,yes,Objective sampling,Official (National and EU) programme,According to Reg 152/2009,DK_latest_15402714_contaminants.zip,OCC_CHEMMON2024_DK_2023.ZIP/OCC_CHEMMON2024_DK_2023.CSV,5EA976EBB361104555FABB307D1AD7F3,NASA_POWER_DAILY_COUNTRY_MEAN,5,2022-09-01,2023-02-28,181,7.097,9.005,5.341,405.53,83.2,89.69,165,58.8,32.2
DK,Danemark,DK,Denmark,DK,Denmark,2023-03-07,2023,3,7,barley,Barley grain (feed),Primary production,Zearalenone,no,,,15,not_quantified_below_loq,Non Quantified Value ( less than LOQ),yes,yes,Objective sampling,Official (National and EU) programme,According to Reg 152/2009,DK_latest_15402714_contaminants.zip,OCC_CHEMMON2024_DK_2023.ZIP/OCC_CHEMMON2024_DK_2023.CSV,5544F7792E715EF2BA20FE6ADDB1D44C,NASA_POWER_DAILY_COUNTRY_MEAN,5,2022-09-07,2023-03-06,181,6.604,8.533,4.85,407.92,83.8,90.06,168,58.2,32.2
DK,Danemark,DK,Denmark,DK,Denmark,2023-03-07,2023,3,7,barley,Barley grain (feed),Primary production,Zearalenone,no,,,15,not_quantified_below_loq,Non Quantified Value ( less than LOQ),yes,yes,Objective sampling,Official (National and EU) programme,According to Reg 152/2009,DK_latest_15402714_contaminants.zip,OCC_CHEMMON2024_DK_2023.ZIP/OCC_CHEMMON2024_DK_2023.CSV,B657FB920C24A5CF450BC225A13C59C1,NASA_POWER_DAILY_COUNTRY_MEAN,5,2022-09-07,2023-03-06,181,6.604,8.533,4.85,407.92,83.8,90.06,168,58.2,32.2
DK,Danemark,DK,Denmark,DK,Denmark,2023-03-08,2023,3,8,barley,Barley grain (feed),Primary production,Zearalenone,no,,,15,not_quantified_below_loq,Non Quantified Value ( less than LOQ),yes,yes,Objective sampling,Official (National and EU) programme,According to Reg 152/2009,DK_latest_15402714_contaminants.zip,OCC_CHEMMON2024_DK_2023.ZIP/OCC_CHEMMON2024_DK_2023.CSV,B7BB29A0C5F79247CD358E8624A13432,NASA_POWER_DAILY_COUNTRY_MEAN,5,2022-09-08,2023-03-07,181,6.515,8.442,4.76,410.688,84.4,90.104,168.6,57.8,31.8
DK,Danemark,DK,Denmark,DK,Denmark,2023-03-09,2023,3,9,barley,Barley grain (feed),Primary production,Zearalenone,no,7.088493396,,15,not_quantified_below_loq,Non Quantified Value ( less than LOQ),yes,yes,Objective sampling,Official (National and EU) programme,According to Reg 152/2009,DK_latest_15402714_contaminants.zip,OCC_CHEMMON2024_DK_2023.ZIP/OCC_CHEMMON2024_DK_2023.CSV,1B47CF723608AAE8F6D58E74AF734B2A,NASA_POWER_DAILY_COUNTRY_MEAN,5,2022-09-09,2023-03-08,181,6.422,8.351,4.664,396.578,83.4,90.056,168.6,57.8,30.8
DK,Danemark,DK,Denmark,DK,Denmark,2023-03-09,2023,3,9,barley,Barley grain (feed),Primary production,Zearalenone,no,,,15,not_quantified_below_loq,Non Quantified Value ( less than LOQ),yes,yes,Objective sampling,Official (National and EU) programme,According to Reg 152/2009,DK_latest_15402714_contaminants.zip,OCC_CHEMMON2024_DK_2023.ZIP/OCC_CHEMMON2024_DK_2023.CSV,8E6EBDB07CDA98612A0620A6B885D38D,NASA_POWER_DAILY_COUNTRY_MEAN,5,2022-09-09,2023-03-08,181,6.422,8.351,4.664,396.578,83.4,90.056,168.6,57.8,30.8
DK,Danemark,DK,Denmark,DK,Denmark,2023-03-16,2023,3,16,barley,Barley grain (feed),Primary production,Zearalenone,no,,,15,not_quantified_below_loq,Non Quantified Value ( less than LOQ),yes,yes,Objective sampling,Official (National and EU) programme,According to Reg 152/2009,DK_latest_15402714_contaminants.zip,OCC_CHEMMON2024_DK_2023.ZIP/OCC_CHEMMON2024_DK_2023.CSV,B549C6DBFF7DD844D413158BFB09CFA4,NASA_POWER_DAILY_COUNTRY_MEAN,5,2022-09-16,2023-03-15,181,5.911,7.839,4.147,396.99,84.2,90.12,169.2,52.2,27
DK,Danemark,DK,Denmark,DK,Denmark,2023-03-17,2023,3,17,barley,Barley grain (feed),Primary production,Zearalenone,no,,,15,not_quantified_below_loq,Non Quantified Value ( less than LOQ),yes,yes,Objective sampling,Official (National and EU) programme,According to Reg 152/2009,DK_latest_15402714_contaminants.zip,OCC_CHEMMON2024_DK_2023.ZIP/OCC_CHEMMON2024_DK_2023.CSV,96D9EC3038FA30F0CBBA061CAA291408,NASA_POWER_DAILY_COUNTRY_MEAN,5,2022-09-17,2023-03-16,181,5.854,7.774,4.088,397.108,84,90.125,169.2,51.2,26.2
DK,Danemark,DK,Denmark,DK,Denmark,2023-03-21,2023,3,21,barley,Barley grain (feed),Primary production,Zearalenone,no,,,15,not_quantified_below_loq,Non Quantified Value ( less than LOQ),yes,yes,Objective sampling,Official (National and EU) programme,According to Reg 152/2009,DK_latest_15402714_contaminants.zip,OCC_CHEMMON2024_DK_2023.ZIP/OCC_CHEMMON2024_DK_2023.CSV,94AFBA1A752FF2B5061E9C3CF24C7AE9,NASA_POWER_DAILY_COUNTRY_MEAN,5,2022-09-21,2023-03-20,181,5.712,7.625,3.958,398.85,85.2,90.349,169.6,47.8,23.8
DK,Danemark,DK,Denmark,DK,Denmark,2023-03-23,2023,3,23,barley,Barley grain (feed),Primary production,Zearalenone,no,,,15,not_quantified_below_loq,Non Quantified Value ( less than LOQ),yes,yes,Objective sampling,Official (National and EU) programme,According to Reg 152/2009,DK_latest_15402714_contaminants.zip,OCC_CHEMMON2024_DK_2023.ZIP/OCC_CHEMMON2024_DK_2023.CSV,87572DCC2BEEAAA97C00FD2179605B31,NASA_POWER_DAILY_COUNTRY_MEAN,5,2022-09-23,2023-03-22,181,5.646,7.536,3.908,410.304,87.2,90.541,170.6,46.8,23.8
DK,Danemark,DK,Denmark,DK,Denmark,2023-03-23,2023,3,23,barley,Barley grain (feed),Primary production,Zearalenone,no,,,15,not_quantified_below_loq,Non Quantified Value ( less than LOQ),yes,yes,Objective sampling,Official (National and EU) programme,According to Reg 152/2009,DK_latest_15402714_contaminants.zip,OCC_CHEMMON2024_DK_2023.ZIP/OCC_CHEMMON2024_DK_2023.CSV,3C0E9458F1516D441F20148D9959E2BA,NASA_POWER_DAILY_COUNTRY_MEAN,5,2022-09-23,2023-03-22,181,5.646,7.536,3.908,410.304,87.2,90.541,170.6,46.8,23.8
DK,Danemark,DK,Denmark,DK,Denmark,2023-03-23,2023,3,23,barley,Barley grain (feed),Primary production,Zearalenone,no,,,15,not_quantified_below_loq,Non Quantified Value ( less than LOQ),yes,yes,Objective sampling,Official (National and EU) programme,According to Reg 152/2009,DK_latest_15402714_contaminants.zip,OCC_CHEMMON2024_DK_2023.ZIP/OCC_CHEMMON2024_DK_2023.CSV,994A767C2221113AF5F5EC6EB5E1E5E7,NASA_POWER_DAILY_COUNTRY_MEAN,5,2022-09-23,2023-03-22,181,5.646,7.536,3.908,410.304,87.2,90.541,170.6,46.8,23.8
DK,Danemark,DK,Denmark,DK,Denmark,2023-03-24,2023,3,24,barley,Barley grain (feed),Primary production,Zearalenone,no,,,15,not_quantified_below_loq,Non Quantified Value ( less than LOQ),yes,yes,Objective sampling,Official (National and EU) programme,According to Reg 152/2009,DK_latest_15402714_contaminants.zip,OCC_CHEMMON2024_DK_2023.ZIP/OCC_CHEMMON2024_DK_2023.CSV,2222CB412238C0C190450806DE078D55,NASA_POWER_DAILY_COUNTRY_MEAN,5,2022-09-24,2023-03-23,181,5.615,7.5,3.88,415.144,88.2,90.58,171,46.2,23.8
DK,Danemark,DK,Denmark,DK,Denmark,2023-03-27,2023,3,27,barley,Barley grain (feed),Primary production,Zearalenone,no,,,15,not_quantified_below_loq,Non Quantified Value ( less than LOQ),yes,yes,Objective sampling,Official (National and EU) programme,According to Reg 152/2009,DK_latest_15402714_contaminants.zip,OCC_CHEMMON2024_DK_2023.ZIP/OCC_CHEMMON2024_DK_2023.CSV,37731C4A6107138F8E6CA70BFE66F20A,NASA_POWER_DAILY_COUNTRY_MEAN,5,2022-09-27,2023-03-26,181,5.503,7.385,3.759,416.32,88.6,90.618,171,43.2,22.2
DK,Danemark,DK,Denmark,DK,Denmark,2023-03-28,2023,3,28,barley,Barley grain (feed),Primary production,Zearalenone,no,,,15,not_quantified_below_loq,Non Quantified Value ( less than LOQ),yes,yes,Objective sampling,Official (National and EU) programme,According to Reg 152/2009,DK_latest_15402714_contaminants.zip,OCC_CHEMMON2024_DK_2023.ZIP/OCC_CHEMMON2024_DK_2023.CSV,7E3560E1CEC69B6D9041DC555DC03430,NASA_POWER_DAILY_COUNTRY_MEAN,5,2022-09-28,2023-03-27,181,5.449,7.339,3.697,405.94,88.2,90.556,170.2,42.2,21.2
DK,Danemark,DK,Denmark,DK,Denmark,2023-03-30,2023,3,30,barley,Barley grain (feed),Primary production,Zearalenone,no,,,15,not_quantified_below_loq,Non Quantified Value ( less than LOQ),yes,yes,Objective sampling,Official (National and EU) programme,According to Reg 152/2009,DK_latest_15402714_contaminants.zip,OCC_CHEMMON2024_DK_2023.ZIP/OCC_CHEMMON2024_DK_2023.CSV,CAC95C331BC2325983CC8799C0833173,NASA_POWER_DAILY_COUNTRY_MEAN,5,2022-09-30,2023-03-29,181,5.363,7.266,3.592,396.954,87.4,90.509,169.2,40.4,19.6
DK,Danemark,DK,Denmark,DK,Denmark,2023-04-05,2023,4,5,barley,Barley grain (feed),Primary production,Zearalenone,no,,,15,not_quantified_below_loq,Non Quantified Value ( less than LOQ),yes,yes,Objective sampling,Official (National and EU) programme,According to Reg 152/2009,DK_latest_15402714_contaminants.zip,OCC_CHEMMON2024_DK_2023.ZIP/OCC_CHEMMON2024_DK_2023.CSV,6A68254D0C12CF825DBFF1707BB7ACD5,NASA_POWER_DAILY_COUNTRY_MEAN,5,2022-10-05,2023-04-04,182,5.138,7.058,3.341,405.128,87,90.275,166.4,35.4,17.2
DK,Danemark,DK,Denmark,DK,Denmark,2023-04-13,2023,4,13,barley,Barley grain (feed),Primary production,Zearalenone,no,,,15,not_quantified_below_loq,Non Quantified Value ( less than LOQ),yes,yes,Objective sampling,Official (National and EU) programme,According to Reg 152/2009,DK_latest_15402714_contaminants.zip,OCC_CHEMMON2024_DK_2023.ZIP/OCC_CHEMMON2024_DK_2023.CSV,93450EE90EA73B75DF0E6A94A5B8F0E0,NASA_POWER_DAILY_COUNTRY_MEAN,5,2022-10-13,2023-04-12,182,4.858,6.802,3.012,410.542,87,90.207,165.8,28,14.4
DK,Danemark,DK,Denmark,DK,Denmark,2023-04-18,2023,4,18,barley,Barley grain (feed),Primary production,Zearalenone,no,,,15,not_quantified_below_loq,Non Quantified Value ( less than LOQ),yes,yes,Objective sampling,Official (National and EU) programme,According to Reg 152/2009,DK_latest_15402714_contaminants.zip,OCC_CHEMMON2024_DK_2023.ZIP/OCC_CHEMMON2024_DK_2023.CSV,44C5D85B59CFD87B7714C3E75AF6E953,NASA_POWER_DAILY_COUNTRY_MEAN,5,2022-10-18,2023-04-17,182,4.744,6.692,2.898,408.968,86.4,90.088,165.4,23.2,11.6
DK,Danemark,DK,Denmark,DK,Denmark,2023-04-20,2023,4,20,barley,Barley grain (feed),Primary production,Zearalenone,no,,,15,not_quantified_below_loq,Non Quantified Value ( less than LOQ),yes,yes,Objective sampling,Official (National and EU) programme,According to Reg 152/2009,DK_latest_15402714_contaminants.zip,OCC_CHEMMON2024_DK_2023.ZIP/OCC_CHEMMON2024_DK_2023.CSV,E8E53E70E229C59575A2843A142D1411,NASA_POWER_DAILY_COUNTRY_MEAN,5,2022-10-20,2023-04-19,182,4.718,6.678,2.855,408.602,86.4,89.977,164,22.2,11.6
DK,Danemark,DK,Denmark,DK,Denmark,2023-04-25,2023,4,25,barley,Barley grain (feed),Primary production,Zearalenone,no,,,15,not_quantified_below_loq,Non Quantified Value ( less than LOQ),yes,yes,Objective sampling,Official (National and EU) programme,According to Reg 152/2009,DK_latest_15402714_contaminants.zip,OCC_CHEMMON2024_DK_2023.ZIP/OCC_CHEMMON2024_DK_2023.CSV,7FDA08EEB50DB1156815443F6E96C5E6,NASA_POWER_DAILY_COUNTRY_MEAN,5,2022-10-25,2023-04-24,182,4.664,6.664,2.758,398.074,84.4,89.65,161.6,19.8,9.2
DK,Danemark,DK,Denmark,DK,Denmark,2023-04-27,2023,4,27,barley,Barley grain (feed),Primary production,Zearalenone,no,,,15,not_quantified_below_loq,Non Quantified Value ( less than LOQ),yes,yes,Objective sampling,Official (National and EU) programme,According to Reg 152/2009,DK_latest_15402714_contaminants.zip,OCC_CHEMMON2024_DK_2023.ZIP/OCC_CHEMMON2024_DK_2023.CSV,2B60E109732579F99EDF9C2F5ACFC012,NASA_POWER_DAILY_COUNTRY_MEAN,5,2022-10-27,2023-04-26,182,4.598,6.601,2.689,397.98,84.8,89.485,160.4,17.8,9
DK,Danemark,DK,Denmark,DK,Denmark,2023-05-01,2023,5,1,barley,Barley grain (feed),Primary production,Zearalenone,no,,,15,not_quantified_below_loq,Non Quantified Value ( less than LOQ),yes,yes,Objective sampling,Official (National and EU) programme,According to Reg 152/2009,DK_latest_15402714_contaminants.zip,OCC_CHEMMON2024_DK_2023.ZIP/OCC_CHEMMON2024_DK_2023.CSV,9D235873D4A304916B03423DB4B89C2D,NASA_POWER_DAILY_COUNTRY_MEAN,5,2022-11-01,2023-04-30,181,4.423,6.443,2.476,393.674,82.8,89.036,155.4,12.8,7
DK,Danemark,DK,Denmark,DK,Denmark,2023-05-04,2023,5,4,barley,Barley grain (feed),Primary production,Zearalenone,no,,,15,not_quantified_below_loq,Non Quantified Value ( less than LOQ),yes,yes,Objective sampling,Official (National and EU) programme,According to Reg 152/2009,DK_latest_15402714_contaminants.zip,OCC_CHEMMON2024_DK_2023.ZIP/OCC_CHEMMON2024_DK_2023.CSV,2B51ECBFD2C8A15ED26C76D0A2F11810,NASA_POWER_DAILY_COUNTRY_MEAN,5,2022-11-04,2023-05-03,181,4.377,6.427,2.395,388.58,81,88.833,152.8,9.8,5
DK,Danemark,DK,Denmark,DK,Denmark,2023-05-09,2023,5,9,barley,Barley grain (feed),Primary production,Zearalenone,no,,,15,not_quantified_below_loq,Non Quantified Value ( less than LOQ),yes,yes,Objective sampling,Official (National and EU) programme,According to Reg 152/2009,DK_latest_15402714_contaminants.zip,OCC_CHEMMON2024_DK_2023.ZIP/OCC_CHEMMON2024_DK_2023.CSV,9261DEC8D8E7E8C0182F3C85B92F688E,NASA_POWER_DAILY_COUNTRY_MEAN,5,2022-11-09,2023-05-08,181,4.308,6.405,2.276,379.17,78,88.408,148.4,6.4,2.8
DK,Danemark,DK,Denmark,DK,Denmark,2023-05-09,2023,5,9,barley,Barley grain (feed),Primary production,Zearalenone,no,,,15,not_quantified_below_loq,Non Quantified Value ( less than LOQ),yes,yes,Objective sampling,Official (National and EU) programme,According to Reg 152/2009,DK_latest_15402714_contaminants.zip,OCC_CHEMMON2024_DK_2023.ZIP/OCC_CHEMMON2024_DK_2023.CSV,CFE8DECA8E4EC601AD5662F834F6F886,NASA_POWER_DAILY_COUNTRY_MEAN,5,2022-11-09,2023-05-08,181,4.308,6.405,2.276,379.17,78,88.408,148.4,6.4,2.8
DK,Danemark,DK,Denmark,DK,Denmark,2023-05-11,2023,5,11,barley,Barley grain (feed),Primary production,Zearalenone,no,,,15,not_quantified_below_loq,Non Quantified Value ( less than LOQ),yes,yes,Objective sampling,Official (National and EU) programme,According to Reg 152/2009,DK_latest_15402714_contaminants.zip,OCC_CHEMMON2024_DK_2023.ZIP/OCC_CHEMMON2024_DK_2023.CSV,61926B558227F7712ECE48D37F7EDC70,NASA_POWER_DAILY_COUNTRY_MEAN,5,2022-11-11,2023-05-10,181,4.314,6.43,2.262,374.784,76.8,88.209,146.4,4.4,1.6
DK,Danemark,DK,Denmark,DK,Denmark,2023-06-20,2023,6,20,barley,Barley grain (feed),Primary production,Zearalenone,no,,,15,not_quantified_below_loq,Non Quantified Value ( less than LOQ),yes,yes,Objective sampling,Official (National and EU) programme,According to Reg 152/2009,DK_latest_15402714_contaminants.zip,OCC_CHEMMON2024_DK_2023.ZIP/OCC_CHEMMON2024_DK_2023.CSV,3A64802A75E0ABEC8E7FC5149C752079,NASA_POWER_DAILY_COUNTRY_MEAN,5,2022-12-20,2023-06-19,182,6.711,9.366,4.026,340.384,69,85.198,120.6,11.2,6
DK,Danemark,DK,Denmark,DK,Denmark,2023-08-01,2023,8,1,barley,Barley grain (feed),Primary production,Zearalenone,no,,,15,not_quantified_below_loq,Non Quantified Value ( less than LOQ),yes,yes,Objective sampling,Official (National and EU) programme,According to Reg 152/2009,DK_latest_15402714_contaminants.zip,OCC_CHEMMON2024_DK_2023.ZIP/OCC_CHEMMON2024_DK_2023.CSV,1891E0A26EEF820DC5B8B2DD3FBFECCA,NASA_POWER_DAILY_COUNTRY_MEAN,5,2023-02-01,2023-07-31,181,9.829,12.806,6.711,370.64,66.4,81.919,98.6,32.2,32
DK,Danemark,DK,Denmark,DK,Denmark,2023-08-08,2023,8,8,barley,Barley grain (feed),Primary production,Zearalenone,no,,,15,not_quantified_below_loq,Non Quantified Value ( less than LOQ),yes,yes,Objective sampling,Official (National and EU) programme,According to Reg 152/2009,DK_latest_15402714_contaminants.zip,OCC_CHEMMON2024_DK_2023.ZIP/OCC_CHEMMON2024_DK_2023.CSV,47194B0AE86F495093FED016AED74B62,NASA_POWER_DAILY_COUNTRY_MEAN,5,2023-02-08,2023-08-07,181,10.407,13.404,7.257,415.624,67.6,81.676,97.4,38,36.6
DK,Danemark,DK,Denmark,DK,Denmark,2023-08-09,2023,8,9,barley,Barley grain (feed),Primary production,Zearalenone,no,,,15,not_quantified_below_loq,Non Quantified Value ( less than LOQ),yes,yes,Objective sampling,Official (National and EU) programme,According to Reg 152/2009,DK_latest_15402714_contaminants.zip,OCC_CHEMMON2024_DK_2023.ZIP/OCC_CHEMMON2024_DK_2023.CSV,08C82ECC2173FA6258B19120A61E979D,NASA_POWER_DAILY_COUNTRY_MEAN,5,2023-02-09,2023-08-08,181,10.479,13.478,7.328,419.2,68.6,81.595,96.4,38,37.6
DK,Danemark,DK,Denmark,DK,Denmark,2023-08-14,2023,8,14,barley,Barley grain (feed),Primary production,Zearalenone,no,,,15,not_quantified_below_loq,Non Quantified Value ( less than LOQ),yes,yes,Objective sampling,Official (National and EU) programme,According to Reg 152/2009,DK_latest_15402714_contaminants.zip,OCC_CHEMMON2024_DK_2023.ZIP/OCC_CHEMMON2024_DK_2023.CSV,F5EDB9E5A04C0997F3C857EDF36356F6,NASA_POWER_DAILY_COUNTRY_MEAN,5,2023-02-14,2023-08-13,181,10.796,13.81,7.617,432.83,70,81.352,95,41.6,40
DK,Danemark,DK,Denmark,DK,Denmark,2023-08-17,2023,8,17,barley,Barley grain (feed),Primary production,Zearalenone,no,5.369605834,,15,not_quantified_below_loq,Non Quantified Value ( less than LOQ),yes,yes,Objective sampling,Official (National and EU) programme,According to Reg 152/2009,DK_latest_15402714_contaminants.zip,OCC_CHEMMON2024_DK_2023.ZIP/OCC_CHEMMON2024_DK_2023.CSV,44CC98C747B860B91CB80AF68F51F594,NASA_POWER_DAILY_COUNTRY_MEAN,5,2023-02-17,2023-08-16,181,11.042,14.092,7.823,433.154,70.6,81.201,95,44.6,40.6
DK,Danemark,DK,Denmark,DK,Denmark,2023-08-18,2023,8,18,barley,Barley grain (feed),Primary production,Zearalenone,no,,,15,not_quantified_below_loq,Non Quantified Value ( less than LOQ),yes,yes,Objective sampling,Official (National and EU) programme,According to Reg 152/2009,DK_latest_15402714_contaminants.zip,OCC_CHEMMON2024_DK_2023.ZIP/OCC_CHEMMON2024_DK_2023.CSV,905375F8424ED4B73D613DBBE65419FC,NASA_POWER_DAILY_COUNTRY_MEAN,5,2023-02-18,2023-08-17,181,11.094,14.148,7.871,427.556,70.2,81.194,95,45.6,41.2
DK,Danemark,DK,Denmark,DK,Denmark,2023-08-18,2023,8,18,barley,Barley grain (feed),Primary production,Zearalenone,no,,,15,not_quantified_below_loq,Non Quantified Value ( less than LOQ),yes,yes,Objective sampling,Official (National and EU) programme,According to Reg 152/2009,DK_latest_15402714_contaminants.zip,OCC_CHEMMON2024_DK_2023.ZIP/OCC_CHEMMON2024_DK_2023.CSV,760D8F801E9B29DA2ABFEEEFF11B78FD,NASA_POWER_DAILY_COUNTRY_MEAN,5,2023-02-18,2023-08-17,181,11.094,14.148,7.871,427.556,70.2,81.194,95,45.6,41.2
DK,Danemark,DK,Denmark,DK,Denmark,2023-08-22,2023,8,22,barley,Barley grain (feed),Primary production,Zearalenone,no,,,15,not_quantified_below_loq,Non Quantified Value ( less than LOQ),yes,yes,Objective sampling,Official (National and EU) programme,According to Reg 152/2009,DK_latest_15402714_contaminants.zip,OCC_CHEMMON2024_DK_2023.ZIP/OCC_CHEMMON2024_DK_2023.CSV,4AE5D989357E15F46B6746F3A3A51CC8,NASA_POWER_DAILY_COUNTRY_MEAN,5,2023-02-22,2023-08-21,181,11.395,14.465,8.155,432.112,70.8,81.203,95.2,49.6,43.2
DK,Danemark,DK,Denmark,DK,Denmark,2023-08-25,2023,8,25,barley,Barley grain (feed),Primary production,Zearalenone,yes,19.79982675,,15,quantified_positive,Numerical Value,yes,yes,Objective sampling,Official (National and EU) programme,According to Reg 152/2009,DK_latest_15402714_contaminants.zip,OCC_CHEMMON2024_DK_2023.ZIP/OCC_CHEMMON2024_DK_2023.CSV,4EBB540E592625C62D9C9140807F8834,NASA_POWER_DAILY_COUNTRY_MEAN,5,2023-02-25,2023-08-24,181,11.627,14.713,8.368,428.806,70.6,81.075,94.8,52.2,44.4
DK,Danemark,DK,Denmark,DK,Denmark,2023-08-28,2023,8,28,barley,Barley grain (feed),Primary production,Zearalenone,no,,,15,not_quantified_below_loq,Non Quantified Value ( less than LOQ),yes,yes,Objective sampling,Official (National and EU) programme,According to Reg 152/2009,DK_latest_15402714_contaminants.zip,OCC_CHEMMON2024_DK_2023.ZIP/OCC_CHEMMON2024_DK_2023.CSV,47822428A4E158F0BCC79D41F03EF533,NASA_POWER_DAILY_COUNTRY_MEAN,5,2023-02-28,2023-08-27,181,11.888,14.974,8.615,457.036,73.6,81.125,95.8,55.2,47.4
DK,Danemark,DK,Denmark,DK,Denmark,2023-08-29,2023,8,29,barley,Barley grain (feed),Primary production,Zearalenone,no,,,15,not_quantified_below_loq,Non Quantified Value ( less than LOQ),yes,yes,Objective sampling,Official (National and EU) programme,According to Reg 152/2009,DK_latest_15402714_contaminants.zip,OCC_CHEMMON2024_DK_2023.ZIP/OCC_CHEMMON2024_DK_2023.CSV,D46C018EEF2E809076678C826A97AAA2,NASA_POWER_DAILY_COUNTRY_MEAN,5,2023-02-28,2023-08-28,182,11.911,14.997,8.639,458.078,73.8,81.138,96.8,56.2,47.6
DK,Danemark,DK,Denmark,DK,Denmark,2023-08-30,2023,8,30,barley,Barley grain (feed),Primary production,Zearalenone,no,,,15,not_quantified_below_loq,Non Quantified Value ( less than LOQ),yes,yes,Objective sampling,Official (National and EU) programme,According to Reg 152/2009,DK_latest_15402714_contaminants.zip,OCC_CHEMMON2024_DK_2023.ZIP/OCC_CHEMMON2024_DK_2023.CSV,306295E1D45F75947826E5BE83C1DEDD,NASA_POWER_DAILY_COUNTRY_MEAN,5,2023-02-28,2023-08-29,183,11.93,15.012,8.66,458.4,73.8,81.14,97.2,56.6,47.6
DK,Danemark,DK,Denmark,DK,Denmark,2023-08-31,2023,8,31,barley,Barley grain (feed),Primary production,Zearalenone,no,,,15,not_quantified_below_loq,Non Quantified Value ( less than LOQ),yes,yes,Objective sampling,Official (National and EU) programme,According to Reg 152/2009,DK_latest_15402714_contaminants.zip,OCC_CHEMMON2024_DK_2023.ZIP/OCC_CHEMMON2024_DK_2023.CSV,DAADB8D421457C424E36491EE0C92FAD,NASA_POWER_DAILY_COUNTRY_MEAN,5,2023-02-28,2023-08-30,184,11.951,15.03,8.683,460.95,74.6,81.159,97.8,57.2,48.4
DK,Danemark,DK,Denmark,DK,Denmark,2023-09-05,2023,9,5,barley,Barley grain (feed),Primary production,Zearalenone,no,,,15,not_quantified_below_loq,Non Quantified Value ( less than LOQ),yes,yes,Objective sampling,Official (National and EU) programme,According to Reg 152/2009,DK_latest_15402714_contaminants.zip,OCC_CHEMMON2024_DK_2023.ZIP/OCC_CHEMMON2024_DK_2023.CSV,30399C86B7EA76E836BC934185C55DC3,NASA_POWER_DAILY_COUNTRY_MEAN,5,2023-03-05,2023-09-04,184,12.321,15.382,9.049,471.36,75.8,81.037,98.2,62,49.6
DK,Danemark,DK,Denmark,DK,Denmark,2023-09-06,2023,9,6,barley,Barley grain (feed),Primary production,Zearalenone,no,,,15,not_quantified_below_loq,Non Quantified Value ( less than LOQ),yes,yes,Objective sampling,Official (National and EU) programme,According to Reg 152/2009,DK_latest_15402714_contaminants.zip,OCC_CHEMMON2024_DK_2023.ZIP/OCC_CHEMMON2024_DK_2023.CSV,679D9C858D6FCD744E51C15CBEE6E42E,NASA_POWER_DAILY_COUNTRY_MEAN,5,2023-03-06,2023-09-05,184,12.42,15.489,9.135,471.36,75.8,81.098,99,62.8,49.6
DK,Danemark,DK,Denmark,DK,Denmark,2023-09-12,2023,9,12,barley,Barley grain (feed),Primary production,Zearalenone,no,,,15,not_quantified_below_loq,Non Quantified Value ( less than LOQ),yes,yes,Objective sampling,Official (National and EU) programme,According to Reg 152/2009,DK_latest_15402714_contaminants.zip,OCC_CHEMMON2024_DK_2023.ZIP/OCC_CHEMMON2024_DK_2023.CSV,E6E0CE4A0F62907E2831B92496D72174,NASA_POWER_DAILY_COUNTRY_MEAN,5,2023-03-12,2023-09-11,184,13.016,16.131,9.69,463.79,73.6,81.397,101.6,68.8,50
DK,Danemark,DK,Denmark,DK,Denmark,2019-02-12,2019,2,12,generic_cereal,Cereal grains and products derived thereof (feed),Primary production,Zearalenone,no,,,15,not_quantified_below_loq,Non Quantified Value ( less than LOQ),yes,yes,Objective sampling,Official (National and EU) programme,According to Reg 152/2009,DK_latest_15402714_contaminants.zip,OCC_CHEMMON2020_DK_2019.ZIP/OCC_CHEMMON2020_DK_2019.CSV,7E31E0BFCA800250ED710BF63C2E42F3,NASA_POWER_DAILY_COUNTRY_MEAN,5,2018-08-12,2019-02-11,184,8.158,10.28,6.097,346.412,69.8,87.946,152.2,44.6,24.4
DK,Danemark,DK,Denmark,DK,Denmark,2019-05-01,2019,5,1,generic_cereal,Cereal grains and products derived thereof (feed),Primary production,Zearalenone,no,,,15,not_quantified_below_loq,Non Quantified Value ( less than LOQ),yes,yes,Objective sampling,Official (National and EU) programme,According to Reg 152/2009,DK_latest_15402714_contaminants.zip,OCC_CHEMMON2020_DK_2019.ZIP/OCC_CHEMMON2020_DK_2019.CSV,528E9CAFAB27411EE53BA2E1C14EF4A2,NASA_POWER_DAILY_COUNTRY_MEAN,5,2018-11-01,2019-04-30,181,4.675,6.87,2.639,309.19,59.6,88.807,153.4,5.8,3.6
DK,Danemark,DK,Denmark,DK,Denmark,2019-08-27,2019,8,27,generic_cereal,Cereal grains and products derived thereof (feed),Primary production,Zearalenone,no,,,15,not_quantified_below_loq,Non Quantified Value ( less than LOQ),yes,yes,Objective sampling,Official (National and EU) programme,According to Reg 152/2009,DK_latest_15402714_contaminants.zip,OCC_CHEMMON2020_DK_2019.ZIP/OCC_CHEMMON2020_DK_2019.CSV,EE24EAF6E3743FFC2C9980200C9E7C07,NASA_POWER_DAILY_COUNTRY_MEAN,5,2019-02-27,2019-08-26,181,12.37,15.555,9.09,332.742,65.6,80.315,93,55.6,46.2
DK,Danemark,DK,Denmark,DK,Denmark,2019-08-29,2019,8,29,generic_cereal,Cereal grains and products derived thereof (feed),Primary production,Zearalenone,yes,46.9812278,,1.4,quantified_positive,Numerical Value,yes,yes,Objective sampling,Official (National and EU) programme,According to Reg 152/2009,DK_latest_15402714_contaminants.zip,OCC_CHEMMON2020_DK_2019.ZIP/OCC_CHEMMON2020_DK_2019.CSV,5BB59418614E279361743F089DFA3EAB,NASA_POWER_DAILY_COUNTRY_MEAN,5,2019-02-28,2019-08-28,182,12.506,15.686,9.23,335.428,67,80.317,93.6,57.2,47.6
DK,Danemark,DK,Denmark,DK,Denmark,2019-09-04,2019,9,4,generic_cereal,Cereal grains and products derived thereof (feed),Primary production,Zearalenone,no,,,15,not_quantified_below_loq,Non Quantified Value ( less than LOQ),yes,yes,Objective sampling,Official (National and EU) programme,According to Reg 152/2009,DK_latest_15402714_contaminants.zip,OCC_CHEMMON2020_DK_2019.ZIP/OCC_CHEMMON2020_DK_2019.CSV,391014F4E22D256C4E3E240B073262E8,NASA_POWER_DAILY_COUNTRY_MEAN,5,2019-03-04,2019-09-03,184,12.866,16.048,9.568,342.014,68.6,80.128,93.2,60.8,50.2
DK,Danemark,DK,Denmark,DK,Denmark,2020-05-27,2020,5,27,generic_cereal,Cereal grains and products derived thereof (feed),Primary production,Zearalenone,no,,,15,not_quantified_below_loq,Non Quantified Value ( less than LOQ),yes,yes,Objective sampling,Official (National and EU) programme,According to Reg 152/2009,DK_latest_15402714_contaminants.zip,OCC_CHEMMON2021_DK_2020.ZIP/OCC_CHEMMON2021_DK_2020.CSV,175652EE3D2E0C58F9748E7321F4BC03,NASA_POWER_DAILY_COUNTRY_MEAN,5,2019-11-27,2020-05-26,182,5.743,8.062,3.324,349.456,75.2,87.15,140.4,6.4,3.6
DK,Danemark,DK,Denmark,DK,Denmark,2022-05-19,2022,5,19,generic_cereal,Cereal grains and products derived thereof (feed),Primary production,Zearalenone,no,,,15,not_quantified_below_loq,Non Quantified Value ( less than LOQ),yes,yes,Objective sampling,Official (National and EU) programme,According to Reg 152/2009,DK_latest_15402714_contaminants.zip,OCC_CHEMMON2023_DK_2022.ZIP/OCC_CHEMMON2023_DK_2022.CSV,75D9CD8849B6AD484E6EBE1C2C7476ED,NASA_POWER_DAILY_COUNTRY_MEAN,5,2021-11-19,2022-05-18,181,4.631,6.998,2.297,517.036,84.6,88.364,153.6,10.4,4
DK,Danemark,DK,Denmark,DK,Denmark,2022-08-19,2022,8,19,generic_cereal,Cereal grains and products derived thereof (feed),Primary production,Zearalenone,no,,,15,not_quantified_below_loq,Non Quantified Value ( less than LOQ),yes,yes,Objective sampling,Official (National and EU) programme,According to Reg 152/2009,DK_latest_15402714_contaminants.zip,OCC_CHEMMON2023_DK_2022.ZIP/OCC_CHEMMON2023_DK_2022.CSV,158D129397CB721F9FF1347D158EC3A8,NASA_POWER_DAILY_COUNTRY_MEAN,5,2022-02-19,2022-08-18,181,11.305,14.481,8.039,296.416,56.4,82.318,112,57.6,37.6
DK,Danemark,DK,Denmark,DK,Denmark,2022-08-19,2022,8,19,generic_cereal,Cereal grains and products derived thereof (feed),Primary production,Zearalenone,no,2.081103931,,15,not_quantified_below_loq,Non Quantified Value ( less than LOQ),yes,yes,Objective sampling,Official (National and EU) programme,According to Reg 152/2009,DK_latest_15402714_contaminants.zip,OCC_CHEMMON2023_DK_2022.ZIP/OCC_CHEMMON2023_DK_2022.CSV,62B1E7260D4D83D26222893BA044AAAB,NASA_POWER_DAILY_COUNTRY_MEAN,5,2022-02-19,2022-08-18,181,11.305,14.481,8.039,296.416,56.4,82.318,112,57.6,37.6
DK,Danemark,DK,Denmark,DK,Denmark,2022-08-24,2022,8,24,generic_cereal,Cereal grains and products derived thereof (feed),Primary production,Zearalenone,no,,,15,not_quantified_below_loq,Non Quantified Value ( less than LOQ),yes,yes,Objective sampling,Official (National and EU) programme,According to Reg 152/2009,DK_latest_15402714_contaminants.zip,OCC_CHEMMON2023_DK_2022.ZIP/OCC_CHEMMON2023_DK_2022.CSV,16A6E3D02831E9DEC72589169975F3E0,NASA_POWER_DAILY_COUNTRY_MEAN,5,2022-02-24,2022-08-23,181,11.721,14.918,8.422,272.886,53.8,82.005,108.8,59.4,39.2
DK,Danemark,DK,Denmark,DK,Denmark,2022-09-01,2022,9,1,generic_cereal,Cereal grains and products derived thereof (feed),Primary production,Zearalenone,no,2.069497488,,15,not_quantified_below_loq,Non Quantified Value ( less than LOQ),yes,yes,Objective sampling,Official (National and EU) programme,According to Reg 152/2009,DK_latest_15402714_contaminants.zip,OCC_CHEMMON2023_DK_2022.ZIP/OCC_CHEMMON2023_DK_2022.CSV,0F7BC5087F63B316871BBE10FBD09D56,NASA_POWER_DAILY_COUNTRY_MEAN,5,2022-03-01,2022-08-31,184,12.255,15.45,8.952,274.34,55.2,81.786,109,64.4,42.4
DK,Danemark,DK,Denmark,DK,Denmark,2022-10-18,2022,10,18,generic_cereal,Cereal grains and products derived thereof (feed),Primary production,Zearalenone,no,,,15,not_quantified_below_loq,Non Quantified Value ( less than LOQ),yes,yes,Objective sampling,Official (National and EU) programme,According to Reg 152/2009,DK_latest_15402714_contaminants.zip,OCC_CHEMMON2023_DK_2022.ZIP/OCC_CHEMMON2023_DK_2022.CSV,83A0A347F038C1E78C7B6E3BA47CF558,NASA_POWER_DAILY_COUNTRY_MEAN,5,2022-04-18,2022-10-17,183,14.71,17.756,11.522,317.008,63.2,81.47,109,100,63
DK,Danemark,DK,Denmark,DK,Denmark,2019-02-21,2019,2,21,maize,Maize silage (feed),Primary production,Zearalenone,no,,,1.4,not_quantified_below_loq,Non Quantified Value ( less than LOQ),yes,yes,Objective sampling,Official (National and EU) programme,According to Reg 152/2009,DK_latest_15402714_contaminants.zip,OCC_CHEMMON2020_DK_2019.ZIP/OCC_CHEMMON2020_DK_2019.CSV,594937A6686025E613915BB76C863285,NASA_POWER_DAILY_COUNTRY_MEAN,5,2018-08-21,2019-02-20,184,7.488,9.59,5.484,313.246,65.8,88.528,156,39.4,19.4
DK,Danemark,DK,Denmark,DK,Denmark,2019-03-14,2019,3,14,maize,Maize silage (feed),Primary production,Zearalenone,yes,42.51935711,,1.4,quantified_positive,Numerical Value,yes,yes,Objective sampling,Official (National and EU) programme,According to Reg 152/2009,DK_latest_15402714_contaminants.zip,OCC_CHEMMON2020_DK_2019.ZIP/OCC_CHEMMON2020_DK_2019.CSV,FCA8F4F907964DDCAD69E43467B0BD46,NASA_POWER_DAILY_COUNTRY_MEAN,5,2018-09-14,2019-03-13,181,5.919,7.987,3.999,321.856,67,89.51,159.4,24.6,10.8
DK,Danemark,DK,Denmark,DK,Denmark,2019-04-02,2019,4,2,maize,Maize silage (feed),Primary production,Zearalenone,no,,,1.4,not_quantified_below_loq,Non Quantified Value ( less than LOQ),yes,yes,Objective sampling,Official (National and EU) programme,According to Reg 152/2009,DK_latest_15402714_contaminants.zip,OCC_CHEMMON2020_DK_2019.ZIP/OCC_CHEMMON2020_DK_2019.CSV,A8E1E3F38EDE7BC38EBCE0775BE437C4,NASA_POWER_DAILY_COUNTRY_MEAN,5,2018-10-02,2019-04-01,182,5.145,7.208,3.25,334.954,66.4,90.148,166.8,16.6,5
DK,Danemark,DK,Denmark,DK,Denmark,2019-04-10,2019,4,10,maize,Maize silage (feed),Primary production,Zearalenone,yes,12.31147011,,1.4,quantified_positive,Numerical Value,yes,yes,Objective sampling,Official (National and EU) programme,According to Reg 152/2009,DK_latest_15402714_contaminants.zip,OCC_CHEMMON2020_DK_2019.ZIP/OCC_CHEMMON2020_DK_2019.CSV,73726970767CAE7113DA6B504C1E70D2,NASA_POWER_DAILY_COUNTRY_MEAN,5,2018-10-10,2019-04-09,182,4.965,7.059,3.053,325.298,64,90.022,166,12.2,2.6
DK,Danemark,DK,Denmark,DK,Denmark,2019-04-25,2019,4,25,maize,Maize silage (feed),Primary production,Zearalenone,yes,2.339409466,,1.4,quantified_positive,Numerical Value,yes,yes,Objective sampling,Official (National and EU) programme,According to Reg 152/2009,DK_latest_15402714_contaminants.zip,OCC_CHEMMON2020_DK_2019.ZIP/OCC_CHEMMON2020_DK_2019.CSV,EA9BBD856361747D1BC089BC3A88FB18,NASA_POWER_DAILY_COUNTRY_MEAN,5,2018-10-25,2019-04-24,182,4.54,6.681,2.538,316.592,62.6,88.927,155.6,2.6,2.4
DK,Danemark,DK,Denmark,DK,Denmark,2019-05-03,2019,5,3,maize,Maize silage (feed),Primary production,Zearalenone,no,,,1.4,not_quantified_below_loq,Non Quantified Value ( less than LOQ),yes,yes,Objective sampling,Official (National and EU) programme,According to Reg 152/2009,DK_latest_15402714_contaminants.zip,OCC_CHEMMON2020_DK_2019.ZIP/OCC_CHEMMON2020_DK_2019.CSV,0530060C99421638A135195A875B592B,NASA_POWER_DAILY_COUNTRY_MEAN,5,2018-11-03,2019-05-02,181,4.681,6.881,2.638,309,59.4,88.672,152.4,6.6,3.6
DK,Danemark,DK,Denmark,DK,Denmark,2019-05-07,2019,5,7,maize,Maize silage (feed),Primary production,Zearalenone,yes,24.46856302,,1.4,quantified_positive,Numerical Value,yes,yes,Objective sampling,Official (National and EU) programme,According to Reg 152/2009,DK_latest_15402714_contaminants.zip,OCC_CHEMMON2020_DK_2019.ZIP/OCC_CHEMMON2020_DK_2019.CSV,8E4A5D80E6FD9C23DB5A16DE52C75482,NASA_POWER_DAILY_COUNTRY_MEAN,5,2018-11-07,2019-05-06,181,4.637,6.849,2.576,311.4,61.2,88.249,148.4,6.6,3.6
DK,Danemark,DK,Denmark,DK,Denmark,2019-05-21,2019,5,21,maize,Maize silage (feed),Primary production,Zearalenone,yes,17.01515787,,1.4,quantified_positive,Numerical Value,yes,yes,Objective sampling,Official (National and EU) programme,According to Reg 152/2009,DK_latest_15402714_contaminants.zip,OCC_CHEMMON2020_DK_2019.ZIP/OCC_CHEMMON2020_DK_2019.CSV,600823D08F805A4EACCBB9CC2F4ED4F5,NASA_POWER_DAILY_COUNTRY_MEAN,5,2018-11-21,2019-05-20,181,4.859,7.201,2.599,310.83,60,87.109,141.2,11.2,5.6
DK,Danemark,DK,Denmark,DK,Denmark,2019-06-11,2019,6,11,maize,Maize silage (feed),Primary production,Zearalenone,yes,61.86418843,,1.4,quantified_positive,Numerical Value,yes,yes,Objective sampling,Official (National and EU) programme,According to Reg 152/2009,DK_latest_15402714_contaminants.zip,OCC_CHEMMON2020_DK_2019.ZIP/OCC_CHEMMON2020_DK_2019.CSV,F06301A733D841BB86DD7215EF3B87D8,NASA_POWER_DAILY_COUNTRY_MEAN,5,2018-12-11,2019-06-10,182,5.97,8.521,3.457,309.838,63.2,85.94,133.2,22.2,15.4
DK,Danemark,DK,Denmark,DK,Denmark,2019-06-18,2019,6,18,maize,Maize silage (feed),Primary production,Zearalenone,yes,17.79743361,,1.4,quantified_positive,Numerical Value,yes,yes,Objective sampling,Official (National and EU) programme,According to Reg 152/2009,DK_latest_15402714_contaminants.zip,OCC_CHEMMON2020_DK_2019.ZIP/OCC_CHEMMON2020_DK_2019.CSV,DE02750D6E9DA8C079712356909B80C8,NASA_POWER_DAILY_COUNTRY_MEAN,5,2018-12-18,2019-06-17,182,6.566,9.173,3.975,334.648,67,85.69,130.6,26.6,19.8
DK,Danemark,DK,Denmark,DK,Denmark,2019-07-30,2019,7,30,maize,Maize silage (feed),Primary production,Zearalenone,yes,25.07819876,,1.4,quantified_positive,Numerical Value,yes,yes,Objective sampling,Official (National and EU) programme,According to Reg 152/2009,DK_latest_15402714_contaminants.zip,OCC_CHEMMON2020_DK_2019.ZIP/OCC_CHEMMON2020_DK_2019.CSV,46502AE60BD27D76BA95738D8CDBBE6D,NASA_POWER_DAILY_COUNTRY_MEAN,5,2019-01-30,2019-07-29,181,10.095,13.141,7.009,304.566,59.8,82.253,106.8,42.4,31.8
DK,Danemark,DK,Denmark,DK,Denmark,2019-07-31,2019,7,31,maize,Maize silage (feed),Primary production,Zearalenone,yes,63.6712777,,1.4,quantified_positive,Numerical Value,yes,yes,Objective sampling,Official (National and EU) programme,According to Reg 152/2009,DK_latest_15402714_contaminants.zip,OCC_CHEMMON2020_DK_2019.ZIP/OCC_CHEMMON2020_DK_2019.CSV,B26E7DD47A8D0F7D47343B37E2F51854,NASA_POWER_DAILY_COUNTRY_MEAN,5,2019-01-31,2019-07-30,181,10.208,13.263,7.115,309.418,60.8,82.212,106.6,43.2,32.8
DK,Danemark,DK,Denmark,DK,Denmark,2019-08-22,2019,8,22,maize,Maize silage (feed),Primary production,Zearalenone,yes,48.25225305,,1.4,quantified_positive,Numerical Value,yes,yes,Objective sampling,Official (National and EU) programme,According to Reg 152/2009,DK_latest_15402714_contaminants.zip,OCC_CHEMMON2020_DK_2019.ZIP/OCC_CHEMMON2020_DK_2019.CSV,512F422236FF0BB111106D5B63C3A5EB,NASA_POWER_DAILY_COUNTRY_MEAN,5,2019-02-22,2019-08-21,181,11.947,15.111,8.711,332.214,65.2,80.569,95,53.6,45.8
DK,Danemark,DK,Denmark,DK,Denmark,2020-01-29,2020,1,29,maize,Maize silage (feed),Primary production,Zearalenone,yes,40.02932567,,1.4,quantified_positive,Numerical Value,yes,yes,Objective sampling,Official (National and EU) programme,According to Reg 152/2009,DK_latest_15402714_contaminants.zip,OCC_CHEMMON2021_DK_2020.ZIP/OCC_CHEMMON2021_DK_2020.CSV,CE77C05E4661142E7BA4C2F523720C0F,NASA_POWER_DAILY_COUNTRY_MEAN,5,2019-07-29,2020-01-28,184,9.845,11.939,7.76,475.514,93.2,88.413,150.8,55.2,47.2
DK,Danemark,DK,Denmark,DK,Denmark,2020-01-31,2020,1,31,maize,Maize silage (feed),Primary production,Zearalenone,yes,7.924329457,,1.4,quantified_positive,Numerical Value,yes,yes,Objective sampling,Official (National and EU) programme,According to Reg 152/2009,DK_latest_15402714_contaminants.zip,OCC_CHEMMON2021_DK_2020.ZIP/OCC_CHEMMON2021_DK_2020.CSV,FB617BECB87E6C0A9954A5A168713453,NASA_POWER_DAILY_COUNTRY_MEAN,5,2019-07-31,2020-01-30,184,9.663,11.734,7.596,481.676,92.8,88.541,151.4,53.8,45.8
DK,Danemark,DK,Denmark,DK,Denmark,2020-02-06,2020,2,6,maize,Maize silage (feed),Primary production,Zearalenone,yes,41.43914794,,1.4,quantified_positive,Numerical Value,yes,yes,Objective sampling,Official (National and EU) programme,According to Reg 152/2009,DK_latest_15402714_contaminants.zip,OCC_CHEMMON2021_DK_2020.ZIP/OCC_CHEMMON2021_DK_2020.CSV,0F22A7ADFC8E198838AEBCA78D36E85B,NASA_POWER_DAILY_COUNTRY_MEAN,5,2019-08-06,2020-02-05,184,9.218,11.257,7.182,471.12,93.8,88.984,154.6,51,43.4
DK,Danemark,DK,Denmark,DK,Denmark,2020-02-18,2020,2,18,maize,Maize silage (feed),Primary production,Zearalenone,yes,269.0261745,,1.4,quantified_positive,Numerical Value,yes,yes,Objective sampling,Official (National and EU) programme,According to Reg 152/2009,DK_latest_15402714_contaminants.zip,OCC_CHEMMON2021_DK_2020.ZIP/OCC_CHEMMON2021_DK_2020.CSV,8B62AEC1A02535112FE6374EB3A5A44C,NASA_POWER_DAILY_COUNTRY_MEAN,5,2019-08-18,2020-02-17,184,8.399,10.381,6.432,480.242,93.6,89.7,161.2,45.6,35
DK,Danemark,DK,Denmark,DK,Denmark,2020-02-28,2020,2,28,maize,Maize silage (feed),Primary production,Zearalenone,no,,,1.4,not_quantified_below_loq,Non Quantified Value ( less than LOQ),yes,yes,Objective sampling,Official (National and EU) programme,According to Reg 152/2009,DK_latest_15402714_contaminants.zip,OCC_CHEMMON2021_DK_2020.ZIP/OCC_CHEMMON2021_DK_2020.CSV,F96E6AE6897510C23FFDA16B0BB10302,NASA_POWER_DAILY_COUNTRY_MEAN,5,2019-08-28,2020-02-27,184,7.634,9.51,5.772,507.912,99.6,90.193,166.4,40.8,32
DK,Danemark,DK,Denmark,DK,Denmark,2020-03-11,2020,3,11,maize,Maize silage (feed),Primary production,Zearalenone,yes,45.26799911,,1.4,quantified_positive,Numerical Value,yes,yes,Objective sampling,Official (National and EU) programme,According to Reg 152/2009,DK_latest_15402714_contaminants.zip,OCC_CHEMMON2021_DK_2020.ZIP/OCC_CHEMMON2021_DK_2020.CSV,9FA4733599AAC5BF640C196A27A338AD,NASA_POWER_DAILY_COUNTRY_MEAN,5,2019-09-11,2020-03-10,182,6.721,8.553,4.926,478.854,96,90.919,168.8,31.2,22.6
DK,Danemark,DK,Denmark,DK,Denmark,2020-06-04,2020,6,4,maize,Maize silage (feed),Primary production,Zearalenone,no,,,1.4,not_quantified_below_loq,Non Quantified Value ( less than LOQ),yes,yes,Objective sampling,Official (National and EU) programme,According to Reg 152/2009,DK_latest_15402714_contaminants.zip,OCC_CHEMMON2021_DK_2020.ZIP/OCC_CHEMMON2021_DK_2020.CSV,065457B3085C7EAF4BE61535BCBC05B7,NASA_POWER_DAILY_COUNTRY_MEAN,5,2019-12-04,2020-06-03,183,6.181,8.574,3.662,334.864,72,86.353,134.4,7.4,3.8
DK,Danemark,DK,Denmark,DK,Denmark,2020-06-10,2020,6,10,maize,Maize silage (feed),Primary production,Zearalenone,yes,68.43620257,,1.4,quantified_positive,Numerical Value,yes,yes,Objective sampling,Official (National and EU) programme,According to Reg 152/2009,DK_latest_15402714_contaminants.zip,OCC_CHEMMON2021_DK_2020.ZIP/OCC_CHEMMON2021_DK_2020.CSV,70B1416151D643323D0D659EB2567ED0,NASA_POWER_DAILY_COUNTRY_MEAN,5,2019-12-10,2020-06-09,183,6.398,8.829,3.82,346.104,71.6,85.896,130.2,9.2,7.4
DK,Danemark,DK,Denmark,DK,Denmark,2020-06-11,2020,6,11,maize,Maize silage (feed),Primary production,Zearalenone,yes,8.44132656,,1.4,quantified_positive,Numerical Value,yes,yes,Objective sampling,Official (National and EU) programme,According to Reg 152/2009,DK_latest_15402714_contaminants.zip,OCC_CHEMMON2021_DK_2020.ZIP/OCC_CHEMMON2021_DK_2020.CSV,B4BE6356F04C349B0A08F61F77533BD3,NASA_POWER_DAILY_COUNTRY_MEAN,5,2019-12-11,2020-06-10,183,6.463,8.903,3.877,344.626,71,85.84,129.6,9.6,7.4
DK,Danemark,DK,Denmark,DK,Denmark,2020-06-11,2020,6,11,maize,Maize silage (feed),Primary production,Zearalenone,yes,2140.080484,,1.4,quantified_positive,Numerical Value,yes,yes,Objective sampling,Official (National and EU) programme,According to Reg 152/2009,DK_latest_15402714_contaminants.zip,OCC_CHEMMON2021_DK_2020.ZIP/OCC_CHEMMON2021_DK_2020.CSV,5FFF9D3B66BB44BFEF91C8C8CFD1FFBD,NASA_POWER_DAILY_COUNTRY_MEAN,5,2019-12-11,2020-06-10,183,6.463,8.903,3.877,344.626,71,85.84,129.6,9.6,7.4
DK,Danemark,DK,Denmark,DK,Denmark,2020-06-16,2020,6,16,maize,Maize silage (feed),Primary production,Zearalenone,yes,24.89610668,,1.4,quantified_positive,Numerical Value,yes,yes,Objective sampling,Official (National and EU) programme,According to Reg 152/2009,DK_latest_15402714_contaminants.zip,OCC_CHEMMON2021_DK_2020.ZIP/OCC_CHEMMON2021_DK_2020.CSV,067BE28CE51C19E4F53C672A85A707CF,NASA_POWER_DAILY_COUNTRY_MEAN,5,2019-12-16,2020-06-15,183,6.808,9.3,4.17,333.408,69.8,85.469,127.2,12.2,9.6
DK,Danemark,DK,Denmark,DK,Denmark,2020-06-24,2020,6,24,maize,Maize silage (feed),Primary production,Zearalenone,no,,,1.4,not_quantified_below_loq,Non Quantified Value ( less than LOQ),yes,yes,Objective sampling,Official (National and EU) programme,According to Reg 152/2009,DK_latest_15402714_contaminants.zip,OCC_CHEMMON2021_DK_2020.ZIP/OCC_CHEMMON2021_DK_2020.CSV,0EC0A1CCE7081F38C1A6F3315DF87FF9,NASA_POWER_DAILY_COUNTRY_MEAN,5,2019-12-24,2020-06-23,183,7.353,9.917,4.604,333.576,68.2,84.774,122.8,15.8,13.6
DK,Danemark,DK,Denmark,DK,Denmark,2020-06-24,2020,6,24,maize,Maize silage (feed),Primary production,Zearalenone,yes,42.56154904,,1.4,quantified_positive,Numerical Value,yes,yes,Objective sampling,Official (National and EU) programme,According to Reg 152/2009,DK_latest_15402714_contaminants.zip,OCC_CHEMMON2021_DK_2020.ZIP/OCC_CHEMMON2021_DK_2020.CSV,E76AAEB7CDEC4D8AB1A9B6461F3B48E7,NASA_POWER_DAILY_COUNTRY_MEAN,5,2019-12-24,2020-06-23,183,7.353,9.917,4.604,333.576,68.2,84.774,122.8,15.8,13.6
DK,Danemark,DK,Denmark,DK,Denmark,2020-06-25,2020,6,25,maize,Maize silage (feed),Primary production,Zearalenone,no,,,1.4,not_quantified_below_loq,Non Quantified Value ( less than LOQ),yes,yes,Objective sampling,Official (National and EU) programme,According to Reg 152/2009,DK_latest_15402714_contaminants.zip,OCC_CHEMMON2021_DK_2020.ZIP/OCC_CHEMMON2021_DK_2020.CSV,40EB0A94933B7CBAFC9FB8FE6C3EC8F6,NASA_POWER_DAILY_COUNTRY_MEAN,5,2019-12-25,2020-06-24,183,7.428,10.009,4.658,332.736,68,84.669,122,16,13.6
DK,Danemark,DK,Denmark,DK,Denmark,2020-06-30,2020,6,30,maize,Maize silage (feed),Primary production,Zearalenone,no,,,1.4,not_quantified_below_loq,Non Quantified Value ( less than LOQ),yes,yes,Objective sampling,Official (National and EU) programme,According to Reg 152/2009,DK_latest_15402714_contaminants.zip,OCC_CHEMMON2021_DK_2020.ZIP/OCC_CHEMMON2021_DK_2020.CSV,34D59AD5A0E5D72E2F0A3E6D77D9F48F,NASA_POWER_DAILY_COUNTRY_MEAN,5,2019-12-30,2020-06-29,183,7.905,10.531,5.07,339.178,70.4,84.343,120.2,19.2,16
DK,Danemark,DK,Denmark,DK,Denmark,2020-07-06,2020,7,6,maize,Maize silage (feed),Primary production,Zearalenone,yes,46.13663128,,1.4,quantified_positive,Numerical Value,yes,yes,Objective sampling,Official (National and EU) programme,According to Reg 152/2009,DK_latest_15402714_contaminants.zip,OCC_CHEMMON2021_DK_2020.ZIP/OCC_CHEMMON2021_DK_2020.CSV,CCFAEA226372CE081E5F1184E8D19919,NASA_POWER_DAILY_COUNTRY_MEAN,5,2020-01-06,2020-07-05,182,8.324,10.968,5.469,366.026,73.4,83.926,116.8,22.6,21.2
DK,Danemark,DK,Denmark,DK,Denmark,2020-07-06,2020,7,6,maize,Maize silage (feed),Primary production,Zearalenone,yes,771.5510494,,1.4,quantified_positive,Numerical Value,yes,yes,Objective sampling,Official (National and EU) programme,According to Reg 152/2009,DK_latest_15402714_contaminants.zip,OCC_CHEMMON2021_DK_2020.ZIP/OCC_CHEMMON2021_DK_2020.CSV,212B01C2ADE3C9D31A94B2A9C03C3681,NASA_POWER_DAILY_COUNTRY_MEAN,5,2020-01-06,2020-07-05,182,8.324,10.968,5.469,366.026,73.4,83.926,116.8,22.6,21.2
DK,Danemark,DK,Denmark,DK,Denmark,2020-07-07,2020,7,7,maize,Maize silage (feed),Primary production,Zearalenone,yes,66.14660298,,1.4,quantified_positive,Numerical Value,yes,yes,Objective sampling,Official (National and EU) programme,According to Reg 152/2009,DK_latest_15402714_contaminants.zip,OCC_CHEMMON2021_DK_2020.ZIP/OCC_CHEMMON2021_DK_2020.CSV,0A80E57D01B15F9843F813B549D9794E,NASA_POWER_DAILY_COUNTRY_MEAN,5,2020-01-07,2020-07-06,182,8.372,11.024,5.513,367.996,74.4,83.815,116,22.8,22.2
DK,Danemark,DK,Denmark,DK,Denmark,2020-07-07,2020,7,7,maize,Maize silage (feed),Primary production,Zearalenone,yes,1055.564755,,1.4,quantified_positive,Numerical Value,yes,yes,Objective sampling,Official (National and EU) programme,According to Reg 152/2009,DK_latest_15402714_contaminants.zip,OCC_CHEMMON2021_DK_2020.ZIP/OCC_CHEMMON2021_DK_2020.CSV,E85C7AC5E2553E7696A44E3B54886FA9,NASA_POWER_DAILY_COUNTRY_MEAN,5,2020-01-07,2020-07-06,182,8.372,11.024,5.513,367.996,74.4,83.815,116,22.8,22.2
DK,Danemark,DK,Denmark,DK,Denmark,2020-08-04,2020,8,4,maize,Maize silage (feed),Primary production,Zearalenone,yes,52.6167334,,1.4,quantified_positive,Numerical Value,yes,yes,Objective sampling,Official (National and EU) programme,According to Reg 152/2009,DK_latest_15402714_contaminants.zip,OCC_CHEMMON2021_DK_2020.ZIP/OCC_CHEMMON2021_DK_2020.CSV,A593557357EB842B37DCEFE07AA71D45,NASA_POWER_DAILY_COUNTRY_MEAN,5,2020-02-04,2020-08-03,182,10.012,12.876,6.855,350.642,71.8,81.496,100.6,35.4,33.4
DK,Danemark,DK,Denmark,DK,Denmark,2020-08-11,2020,8,11,maize,Maize silage (feed),Primary production,Zearalenone,no,,,1.4,not_quantified_below_loq,Non Quantified Value ( less than LOQ),yes,yes,Objective sampling,Official (National and EU) programme,According to Reg 152/2009,DK_latest_15402714_contaminants.zip,OCC_CHEMMON2021_DK_2020.ZIP/OCC_CHEMMON2021_DK_2020.CSV,57B2DE2599407AE30CA566D104501208,NASA_POWER_DAILY_COUNTRY_MEAN,5,2020-02-11,2020-08-10,182,10.6,13.553,7.353,332.716,70,80.842,94.6,36.4,34.4
DK,Danemark,DK,Denmark,DK,Denmark,2020-08-13,2020,8,13,maize,Maize silage (feed),Primary production,Zearalenone,no,,,1.4,not_quantified_below_loq,Non Quantified Value ( less than LOQ),yes,yes,Objective sampling,Official (National and EU) programme,According to Reg 152/2009,DK_latest_15402714_contaminants.zip,OCC_CHEMMON2021_DK_2020.ZIP/OCC_CHEMMON2021_DK_2020.CSV,AB33F0FFFC8C309EAC9EEA496E20BF6E,NASA_POWER_DAILY_COUNTRY_MEAN,5,2020-02-13,2020-08-12,182,10.775,13.75,7.504,326.406,68,80.685,93,36.8,34.4
DK,Danemark,DK,Denmark,DK,Denmark,2020-08-21,2020,8,21,maize,Maize silage (feed),Primary production,Zearalenone,no,,,1.4,not_quantified_below_loq,Non Quantified Value ( less than LOQ),yes,yes,Objective sampling,Official (National and EU) programme,According to Reg 152/2009,DK_latest_15402714_contaminants.zip,OCC_CHEMMON2021_DK_2020.ZIP/OCC_CHEMMON2021_DK_2020.CSV,BA0FAF35D41A2FCADDD781C2FF7F70F7,NASA_POWER_DAILY_COUNTRY_MEAN,5,2020-02-21,2020-08-20,182,11.457,14.522,8.09,293.222,63.8,80.046,87.2,39,36.6
DK,Danemark,DK,Denmark,DK,Denmark,2020-09-09,2020,9,9,maize,Maize silage (feed),Primary production,Zearalenone,yes,54.43587717,,1.4,quantified_positive,Numerical Value,yes,yes,Objective sampling,Official (National and EU) programme,According to Reg 152/2009,DK_latest_15402714_contaminants.zip,OCC_CHEMMON2021_DK_2020.ZIP/OCC_CHEMMON2021_DK_2020.CSV,81BAA2473D54E4C09AD6510A9C92E975,NASA_POWER_DAILY_COUNTRY_MEAN,5,2020-03-09,2020-09-08,184,12.635,15.751,9.201,308.016,67.2,79.099,79.2,48,50.2
DK,Danemark,DK,Denmark,DK,Denmark,2020-10-22,2020,10,22,maize,Maize silage (feed),Primary production,Zearalenone,yes,9.330766147,,1.4,quantified_positive,Numerical Value,yes,yes,Objective sampling,Official (National and EU) programme,According to Reg 152/2009,DK_latest_15402714_contaminants.zip,OCC_CHEMMON2021_DK_2020.ZIP/OCC_CHEMMON2021_DK_2020.CSV,FBF5BC8717BAE024D5DE9618E1CFBB51,NASA_POWER_DAILY_COUNTRY_MEAN,5,2020-04-22,2020-10-21,183,14.372,17.371,11.131,424.478,82.6,80.566,95.6,75.6,69.2
DK,Danemark,DK,Denmark,DK,Denmark,2021-04-14,2021,4,14,maize,Maize silage (feed),Primary production,Zearalenone,yes,7.510196641,,1.4,quantified_positive,Numerical Value,yes,yes,Objective sampling,Official (National and EU) programme,According to Reg 152/2009,DK_latest_15402714_contaminants.zip,OCC_CHEMMON2022_DK_2021.ZIP/OCC_CHEMMON2022_DK_2021.CSV,261E094DBDB270040C921BA4A52B75FB,NASA_POWER_DAILY_COUNTRY_MEAN,5,2020-10-14,2021-04-13,182,3.948,5.831,2.199,363.864,77.6,90.708,169.8,14.2,10.8
DK,Danemark,DK,Denmark,DK,Denmark,2021-04-14,2021,4,14,maize,Maize silage (feed),Primary production,Zearalenone,yes,53.2256045,,1.4,quantified_positive,Numerical Value,yes,yes,Objective sampling,Official (National and EU) programme,According to Reg 152/2009,DK_latest_15402714_contaminants.zip,OCC_CHEMMON2022_DK_2021.ZIP/OCC_CHEMMON2022_DK_2021.CSV,FF8B08E574ABD9AACED40CEDAD680A37,NASA_POWER_DAILY_COUNTRY_MEAN,5,2020-10-14,2021-04-13,182,3.948,5.831,2.199,363.864,77.6,90.708,169.8,14.2,10.8
DK,Danemark,DK,Denmark,DK,Denmark,2021-04-15,2021,4,15,maize,Maize silage (feed),Primary production,Zearalenone,yes,20.38177909,,1.4,quantified_positive,Numerical Value,yes,yes,Objective sampling,Official (National and EU) programme,According to Reg 152/2009,DK_latest_15402714_contaminants.zip,OCC_CHEMMON2022_DK_2021.ZIP/OCC_CHEMMON2022_DK_2021.CSV,DE49BCC86AC749FE8552EAC621FED7FC,NASA_POWER_DAILY_COUNTRY_MEAN,5,2020-10-15,2021-04-14,182,3.924,5.815,2.165,363.994,78,90.674,169.2,14.2,10.8
DK,Danemark,DK,Denmark,DK,Denmark,2021-04-15,2021,4,15,maize,Maize silage (feed),Primary production,Zearalenone,yes,17.41355258,,1.4,quantified_positive,Numerical Value,yes,yes,Objective sampling,Official (National and EU) programme,According to Reg 152/2009,DK_latest_15402714_contaminants.zip,OCC_CHEMMON2022_DK_2021.ZIP/OCC_CHEMMON2022_DK_2021.CSV,884ABCC89A5B60EB0AAE32083B3386DC,NASA_POWER_DAILY_COUNTRY_MEAN,5,2020-10-15,2021-04-14,182,3.924,5.815,2.165,363.994,78,90.674,169.2,14.2,10.8
DK,Danemark,DK,Denmark,DK,Denmark,2021-04-19,2021,4,19,maize,Maize silage (feed),Primary production,Zearalenone,yes,13.75350767,,1.4,quantified_positive,Numerical Value,yes,yes,Objective sampling,Official (National and EU) programme,According to Reg 152/2009,DK_latest_15402714_contaminants.zip,OCC_CHEMMON2022_DK_2021.ZIP/OCC_CHEMMON2022_DK_2021.CSV,50B094ECBEFCD1C2B263CA463D6C0DE3,NASA_POWER_DAILY_COUNTRY_MEAN,5,2020-10-19,2021-04-18,182,3.895,5.812,2.097,356.212,76.8,90.563,168,14.2,10.8
DK,Danemark,DK,Denmark,DK,Denmark,2021-04-22,2021,4,22,maize,Maize silage (feed),Primary production,Zearalenone,yes,203.0740748,,1.4,quantified_positive,Numerical Value,yes,yes,Objective sampling,Official (National and EU) programme,According to Reg 152/2009,DK_latest_15402714_contaminants.zip,OCC_CHEMMON2022_DK_2021.ZIP/OCC_CHEMMON2022_DK_2021.CSV,C9A209A1C1D2DC3043A684B42A99010B,NASA_POWER_DAILY_COUNTRY_MEAN,5,2020-10-22,2021-04-21,182,3.873,5.822,2.043,337.646,74.6,90.313,165.2,13.2,9.8
DK,Danemark,DK,Denmark,DK,Denmark,2021-04-26,2021,4,26,maize,Maize silage (feed),Primary production,Zearalenone,yes,33.70217008,,1.4,quantified_positive,Numerical Value,yes,yes,Objective sampling,Official (National and EU) programme,According to Reg 152/2009,DK_latest_15402714_contaminants.zip,OCC_CHEMMON2022_DK_2021.ZIP/OCC_CHEMMON2022_DK_2021.CSV,7BCF83462FC1964F97068B9A3B8545AB,NASA_POWER_DAILY_COUNTRY_MEAN,5,2020-10-26,2021-04-25,182,3.746,5.728,1.88,318.218,71.4,89.915,161.4,9.4,6.8
DK,Danemark,DK,Denmark,DK,Denmark,2021-04-28,2021,4,28,maize,Maize silage (feed),Primary production,Zearalenone,yes,26.29519539,,1.4,quantified_positive,Numerical Value,yes,yes,Objective sampling,Official (National and EU) programme,According to Reg 152/2009,DK_latest_15402714_contaminants.zip,OCC_CHEMMON2022_DK_2021.ZIP/OCC_CHEMMON2022_DK_2021.CSV,5F8EEE692D3C26FDD431F7C91B0544AD,NASA_POWER_DAILY_COUNTRY_MEAN,5,2020-10-28,2021-04-27,182,3.699,5.701,1.807,313.042,69.8,89.604,159.4,8.8,6.2
DK,Danemark,DK,Denmark,DK,Denmark,2021-05-04,2021,5,4,maize,Maize silage (feed),Primary production,Zearalenone,yes,28.47054274,,1.4,quantified_positive,Numerical Value,yes,yes,Objective sampling,Official (National and EU) programme,According to Reg 152/2009,DK_latest_15402714_contaminants.zip,OCC_CHEMMON2022_DK_2021.ZIP/OCC_CHEMMON2022_DK_2021.CSV,C119F1D0C41706AF4765038C8B461630,NASA_POWER_DAILY_COUNTRY_MEAN,5,2020-11-04,2021-05-03,181,3.539,5.579,1.611,283.114,65.8,89.155,154.6,4.2,2
DK,Danemark,DK,Denmark,DK,Denmark,2021-05-04,2021,5,4,maize,Maize silage (feed),Primary production,Zearalenone,yes,16.12046884,,1.4,quantified_positive,Numerical Value,yes,yes,Objective sampling,Official (National and EU) programme,According to Reg 152/2009,DK_latest_15402714_contaminants.zip,OCC_CHEMMON2022_DK_2021.ZIP/OCC_CHEMMON2022_DK_2021.CSV,943FD82F06196022F16E2DBF316A2FFD,NASA_POWER_DAILY_COUNTRY_MEAN,5,2020-11-04,2021-05-03,181,3.539,5.579,1.611,283.114,65.8,89.155,154.6,4.2,2
DK,Danemark,DK,Denmark,DK,Denmark,2021-05-05,2021,5,5,maize,Maize silage (feed),Primary production,Zearalenone,yes,418.5216368,,1.4,quantified_positive,Numerical Value,yes,yes,Objective sampling,Official (National and EU) programme,According to Reg 152/2009,DK_latest_15402714_contaminants.zip,OCC_CHEMMON2022_DK_2021.ZIP/OCC_CHEMMON2022_DK_2021.CSV,D4601DB53B271EE707F829FBACFBDCC9,NASA_POWER_DAILY_COUNTRY_MEAN,5,2020-11-05,2021-05-04,181,3.53,5.57,1.6,294.914,66.2,89.175,154.6,4.2,2
DK,Danemark,DK,Denmark,DK,Denmark,2021-05-05,2021,5,5,maize,Maize silage (feed),Primary production,Zearalenone,yes,44.06541245,,1.4,quantified_positive,Numerical Value,yes,yes,Objective sampling,Official (National and EU) programme,According to Reg 152/2009,DK_latest_15402714_contaminants.zip,OCC_CHEMMON2022_DK_2021.ZIP/OCC_CHEMMON2022_DK_2021.CSV,75728D408EAD54E1DB380A9A379A7F5D,NASA_POWER_DAILY_COUNTRY_MEAN,5,2020-11-05,2021-05-04,181,3.53,5.57,1.6,294.914,66.2,89.175,154.6,4.2,2
DK,Danemark,DK,Denmark,DK,Denmark,2021-05-06,2021,5,6,maize,Maize silage (feed),Primary production,Zearalenone,yes,20.14716861,,1.4,quantified_positive,Numerical Value,yes,yes,Objective sampling,Official (National and EU) programme,According to Reg 152/2009,DK_latest_15402714_contaminants.zip,OCC_CHEMMON2022_DK_2021.ZIP/OCC_CHEMMON2022_DK_2021.CSV,E862FF4A048E6A5C3937192FA4731118,NASA_POWER_DAILY_COUNTRY_MEAN,5,2020-11-06,2021-05-05,181,3.51,5.554,1.582,300.512,67,89.161,154.6,3.6,2
DK,Danemark,DK,Denmark,DK,Denmark,2021-05-06,2021,5,6,maize,Maize silage (feed),Primary production,Zearalenone,yes,19.2312695,,1.4,quantified_positive,Numerical Value,yes,yes,Objective sampling,Official (National and EU) programme,According to Reg 152/2009,DK_latest_15402714_contaminants.zip,OCC_CHEMMON2022_DK_2021.ZIP/OCC_CHEMMON2022_DK_2021.CSV,35E36E3718433F6C0DAD3859FB47A45A,NASA_POWER_DAILY_COUNTRY_MEAN,5,2020-11-06,2021-05-05,181,3.51,5.554,1.582,300.512,67,89.161,154.6,3.6,2
DK,Danemark,DK,Denmark,DK,Denmark,2021-05-11,2021,5,11,maize,Maize silage (feed),Primary production,Zearalenone,yes,12.6087783,,1.4,quantified_positive,Numerical Value,yes,yes,Objective sampling,Official (National and EU) programme,According to Reg 152/2009,DK_latest_15402714_contaminants.zip,OCC_CHEMMON2022_DK_2021.ZIP/OCC_CHEMMON2022_DK_2021.CSV,78294B1DF88A5E35EE54D2EB757586AF,NASA_POWER_DAILY_COUNTRY_MEAN,5,2020-11-11,2021-05-10,181,3.529,5.613,1.543,317.694,70.4,88.918,153.6,4.6,3.4
DK,Danemark,DK,Denmark,DK,Denmark,2021-05-18,2021,5,18,maize,Maize silage (feed),Primary production,Zearalenone,yes,6.549693534,,1.4,quantified_positive,Numerical Value,yes,yes,Objective sampling,Official (National and EU) programme,According to Reg 152/2009,DK_latest_15402714_contaminants.zip,OCC_CHEMMON2022_DK_2021.ZIP/OCC_CHEMMON2022_DK_2021.CSV,5096F3DF4593EA5A846D031BDD8628E9,NASA_POWER_DAILY_COUNTRY_MEAN,5,2020-11-18,2021-05-17,181,3.626,5.772,1.587,327.39,70.6,88.642,153.6,9.4,7
DK,Danemark,DK,Denmark,DK,Denmark,2021-05-18,2021,5,18,maize,Maize silage (feed),Primary production,Zearalenone,yes,12.49515225,,1.4,quantified_positive,Numerical Value,yes,yes,Objective sampling,Official (National and EU) programme,According to Reg 152/2009,DK_latest_15402714_contaminants.zip,OCC_CHEMMON2022_DK_2021.ZIP/OCC_CHEMMON2022_DK_2021.CSV,54CFE46976365B26CC93AD2DA1363F13,NASA_POWER_DAILY_COUNTRY_MEAN,5,2020-11-18,2021-05-17,181,3.626,5.772,1.587,327.39,70.6,88.642,153.6,9.4,7
DK,Danemark,DK,Denmark,DK,Denmark,2021-05-18,2021,5,18,maize,Maize silage (feed),Primary production,Zearalenone,yes,37.9365996,,1.4,quantified_positive,Numerical Value,yes,yes,Objective sampling,Official (National and EU) programme,According to Reg 152/2009,DK_latest_15402714_contaminants.zip,OCC_CHEMMON2022_DK_2021.ZIP/OCC_CHEMMON2022_DK_2021.CSV,39444B7460DA9046C9A2885CC6255A38,NASA_POWER_DAILY_COUNTRY_MEAN,5,2020-11-18,2021-05-17,181,3.626,5.772,1.587,327.39,70.6,88.642,153.6,9.4,7
DK,Danemark,DK,Denmark,DK,Denmark,2021-05-20,2021,5,20,maize,Maize silage (feed),Primary production,Zearalenone,yes,23.19662296,,1.4,quantified_positive,Numerical Value,yes,yes,Objective sampling,Official (National and EU) programme,According to Reg 152/2009,DK_latest_15402714_contaminants.zip,OCC_CHEMMON2022_DK_2021.ZIP/OCC_CHEMMON2022_DK_2021.CSV,361C5735C5ED7C6D520EFE579158FA39,NASA_POWER_DAILY_COUNTRY_MEAN,5,2020-11-20,2021-05-19,181,3.641,5.794,1.591,326.898,70.4,88.603,154.2,9.6,7.2
DK,Danemark,DK,Denmark,DK,Denmark,2021-05-21,2021,5,21,maize,Maize silage (feed),Primary production,Zearalenone,yes,35.37940008,,1.4,quantified_positive,Numerical Value,yes,yes,Objective sampling,Official (National and EU) programme,According to Reg 152/2009,DK_latest_15402714_contaminants.zip,OCC_CHEMMON2022_DK_2021.ZIP/OCC_CHEMMON2022_DK_2021.CSV,B94F432FF10843221C45AF5FD771C38E,NASA_POWER_DAILY_COUNTRY_MEAN,5,2020-11-21,2021-05-20,181,3.671,5.827,1.613,326.868,70.4,88.565,153.6,9.6,7.2
DK,Danemark,DK,Denmark,DK,Denmark,2021-05-21,2021,5,21,maize,Maize silage (feed),Primary production,Zearalenone,yes,38.07379163,,1.4,quantified_positive,Numerical Value,yes,yes,Objective sampling,Official (National and EU) programme,According to Reg 152/2009,DK_latest_15402714_contaminants.zip,OCC_CHEMMON2022_DK_2021.ZIP/OCC_CHEMMON2022_DK_2021.CSV,1E1B7A7242829B42170061E3B5823D39,NASA_POWER_DAILY_COUNTRY_MEAN,5,2020-11-21,2021-05-20,181,3.671,5.827,1.613,326.868,70.4,88.565,153.6,9.6,7.2
DK,Danemark,DK,Denmark,DK,Denmark,2021-05-21,2021,5,21,maize,Maize silage (feed),Primary production,Zearalenone,yes,36.19261253,,1.4,quantified_positive,Numerical Value,yes,yes,Objective sampling,Official (National and EU) programme,According to Reg 152/2009,DK_latest_15402714_contaminants.zip,OCC_CHEMMON2022_DK_2021.ZIP/OCC_CHEMMON2022_DK_2021.CSV,8B6F4A1374A78127EBC48E2CACB580B1,NASA_POWER_DAILY_COUNTRY_MEAN,5,2020-11-21,2021-05-20,181,3.671,5.827,1.613,326.868,70.4,88.565,153.6,9.6,7.2
DK,Danemark,DK,Denmark,DK,Denmark,2021-05-21,2021,5,21,maize,Maize silage (feed),Primary production,Zearalenone,yes,23.62373927,,1.4,quantified_positive,Numerical Value,yes,yes,Objective sampling,Official (National and EU) programme,According to Reg 152/2009,DK_latest_15402714_contaminants.zip,OCC_CHEMMON2022_DK_2021.ZIP/OCC_CHEMMON2022_DK_2021.CSV,3AA490F2FB9B2694B0B28FC4678240BD,NASA_POWER_DAILY_COUNTRY_MEAN,5,2020-11-21,2021-05-20,181,3.671,5.827,1.613,326.868,70.4,88.565,153.6,9.6,7.2
DK,Danemark,DK,Denmark,DK,Denmark,2021-05-25,2021,5,25,maize,Maize silage (feed),Primary production,Zearalenone,no,,,1.4,not_quantified_below_loq,Non Quantified Value ( less than LOQ),yes,yes,Objective sampling,Official (National and EU) programme,According to Reg 152/2009,DK_latest_15402714_contaminants.zip,OCC_CHEMMON2022_DK_2021.ZIP/OCC_CHEMMON2022_DK_2021.CSV,E8F6364F2F2E52E8184474D8C591B56E,NASA_POWER_DAILY_COUNTRY_MEAN,5,2020-11-25,2021-05-24,181,3.745,5.93,1.653,329.926,71.4,88.397,152.4,12,9.8
DK,Danemark,DK,Denmark,DK,Denmark,2021-05-25,2021,5,25,maize,Maize silage (feed),Primary production,Zearalenone,yes,103.3762328,,1.4,quantified_positive,Numerical Value,yes,yes,Objective sampling,Official (National and EU) programme,According to Reg 152/2009,DK_latest_15402714_contaminants.zip,OCC_CHEMMON2022_DK_2021.ZIP/OCC_CHEMMON2022_DK_2021.CSV,87E6F47FE4208A46DDCEB4CD3E9A1B07,NASA_POWER_DAILY_COUNTRY_MEAN,5,2020-11-25,2021-05-24,181,3.745,5.93,1.653,329.926,71.4,88.397,152.4,12,9.8
DK,Danemark,DK,Denmark,DK,Denmark,2021-05-25,2021,5,25,maize,Maize silage (feed),Primary production,Zearalenone,yes,58.05040756,,1.4,quantified_positive,Numerical Value,yes,yes,Objective sampling,Official (National and EU) programme,According to Reg 152/2009,DK_latest_15402714_contaminants.zip,OCC_CHEMMON2022_DK_2021.ZIP/OCC_CHEMMON2022_DK_2021.CSV,803110A9010678C4D32DD45C9DB478EF,NASA_POWER_DAILY_COUNTRY_MEAN,5,2020-11-25,2021-05-24,181,3.745,5.93,1.653,329.926,71.4,88.397,152.4,12,9.8
DK,Danemark,DK,Denmark,DK,Denmark,2021-05-26,2021,5,26,maize,Maize silage (feed),Primary production,Zearalenone,yes,36.07792362,,1.4,quantified_positive,Numerical Value,yes,yes,Objective sampling,Official (National and EU) programme,According to Reg 152/2009,DK_latest_15402714_contaminants.zip,OCC_CHEMMON2022_DK_2021.ZIP/OCC_CHEMMON2022_DK_2021.CSV,EBFEB329802BEBB65A8F42F6325DFD1A,NASA_POWER_DAILY_COUNTRY_MEAN,5,2020-11-26,2021-05-25,181,3.767,5.956,1.668,340.42,72.4,88.365,152.4,13,10.8
DK,Danemark,DK,Denmark,DK,Denmark,2021-05-28,2021,5,28,maize,Maize silage (feed),Primary production,Zearalenone,yes,42.89340181,,1.4,quantified_positive,Numerical Value,yes,yes,Objective sampling,Official (National and EU) programme,According to Reg 152/2009,DK_latest_15402714_contaminants.zip,OCC_CHEMMON2022_DK_2021.ZIP/OCC_CHEMMON2022_DK_2021.CSV,9F04CAB452D2C164D2966A419C82918F,NASA_POWER_DAILY_COUNTRY_MEAN,5,2020-11-28,2021-05-27,181,3.822,6.013,1.717,345.336,73.6,88.257,152.2,14.4,12
DK,Danemark,DK,Denmark,DK,Denmark,2021-06-04,2021,6,4,maize,Maize silage (feed),Primary production,Zearalenone,yes,26.72838657,,1.4,quantified_positive,Numerical Value,yes,yes,Objective sampling,Official (National and EU) programme,According to Reg 152/2009,DK_latest_15402714_contaminants.zip,OCC_CHEMMON2022_DK_2021.ZIP/OCC_CHEMMON2022_DK_2021.CSV,C34B90018337E2EB60A3F0D6F1D4FED8,NASA_POWER_DAILY_COUNTRY_MEAN,5,2020-12-04,2021-06-03,182,4.251,6.531,2.03,342.004,72.4,87.799,149.4,17.6,12.8
DK,Danemark,DK,Denmark,DK,Denmark,2021-06-09,2021,6,9,maize,Maize silage (feed),Primary production,Zearalenone,yes,159.10734,,1.4,quantified_positive,Numerical Value,yes,yes,Objective sampling,Official (National and EU) programme,According to Reg 152/2009,DK_latest_15402714_contaminants.zip,OCC_CHEMMON2022_DK_2021.ZIP/OCC_CHEMMON2022_DK_2021.CSV,8BEB92C5E63971E0BCED51F249B95347,NASA_POWER_DAILY_COUNTRY_MEAN,5,2020-12-09,2021-06-08,182,4.56,6.904,2.268,340.918,72.2,87.357,146.6,19.8,14
DK,Danemark,DK,Denmark,DK,Denmark,2021-06-09,2021,6,9,maize,Maize silage (feed),Primary production,Zearalenone,yes,23.33173039,,1.4,quantified_positive,Numerical Value,yes,yes,Objective sampling,Official (National and EU) programme,According to Reg 152/2009,DK_latest_15402714_contaminants.zip,OCC_CHEMMON2022_DK_2021.ZIP/OCC_CHEMMON2022_DK_2021.CSV,CD934AE00A13EB4736624DF91E6C3629,NASA_POWER_DAILY_COUNTRY_MEAN,5,2020-12-09,2021-06-08,182,4.56,6.904,2.268,340.918,72.2,87.357,146.6,19.8,14
DK,Danemark,DK,Denmark,DK,Denmark,2021-06-15,2021,6,15,maize,Maize silage (feed),Primary production,Zearalenone,yes,44.55036912,,1.4,quantified_positive,Numerical Value,yes,yes,Objective sampling,Official (National and EU) programme,According to Reg 152/2009,DK_latest_15402714_contaminants.zip,OCC_CHEMMON2022_DK_2021.ZIP/OCC_CHEMMON2022_DK_2021.CSV,33B0B5D509504ECCD912E29A59716782,NASA_POWER_DAILY_COUNTRY_MEAN,5,2020-12-15,2021-06-14,182,4.985,7.397,2.599,333.03,69.6,86.907,142.8,22,14.2
DK,Danemark,DK,Denmark,DK,Denmark,2021-08-19,2021,8,19,maize,Maize silage (feed),Primary production,Zearalenone,yes,46.41686212,,1.4,quantified_positive,Numerical Value,yes,yes,Objective sampling,Official (National and EU) programme,According to Reg 152/2009,DK_latest_15402714_contaminants.zip,OCC_CHEMMON2022_DK_2021.ZIP/OCC_CHEMMON2022_DK_2021.CSV,08F22520E6686B530BC4B98DE78671E8,NASA_POWER_DAILY_COUNTRY_MEAN,5,2021-02-19,2021-08-18,181,11.237,14.256,8.147,365.12,67.4,82.941,119.2,62.8,43.2
DK,Danemark,DK,Denmark,DK,Denmark,2021-09-03,2021,9,3,maize,Maize silage (feed),Primary production,Zearalenone,yes,27.38068709,,1.4,quantified_positive,Numerical Value,yes,yes,Objective sampling,Official (National and EU) programme,According to Reg 152/2009,DK_latest_15402714_contaminants.zip,OCC_CHEMMON2022_DK_2021.ZIP/OCC_CHEMMON2022_DK_2021.CSV,EA4129A01D8128849E711701E7E46421,NASA_POWER_DAILY_COUNTRY_MEAN,5,2021-03-03,2021-09-02,184,12.101,15.164,8.935,384.708,72.4,81.981,116.8,72.4,49.4
DK,Danemark,DK,Denmark,DK,Denmark,2021-09-03,2021,9,3,maize,Maize silage (feed),Primary production,Zearalenone,yes,36.9600548,,1.4,quantified_positive,Numerical Value,yes,yes,Objective sampling,Official (National and EU) programme,According to Reg 152/2009,DK_latest_15402714_contaminants.zip,OCC_CHEMMON2022_DK_2021.ZIP/OCC_CHEMMON2022_DK_2021.CSV,276FC83E22CDA7D4BC0AC5C5E02F3CF9,NASA_POWER_DAILY_COUNTRY_MEAN,5,2021-03-03,2021-09-02,184,12.101,15.164,8.935,384.708,72.4,81.981,116.8,72.4,49.4
DK,Danemark,DK,Denmark,DK,Denmark,2021-09-06,2021,9,6,maize,Maize silage (feed),Primary production,Zearalenone,yes,28.42776378,,1.4,quantified_positive,Numerical Value,yes,yes,Objective sampling,Official (National and EU) programme,According to Reg 152/2009,DK_latest_15402714_contaminants.zip,OCC_CHEMMON2022_DK_2021.ZIP/OCC_CHEMMON2022_DK_2021.CSV,4C0402F9E4C7F08146EE85BAAC18ABDC,NASA_POWER_DAILY_COUNTRY_MEAN,5,2021-03-06,2021-09-05,184,12.324,15.401,9.144,384.432,72.4,81.836,115.2,73.6,49.4
DK,Danemark,DK,Denmark,DK,Denmark,2021-09-15,2021,9,15,maize,Maize silage (feed),Primary production,Zearalenone,no,,,1.4,not_quantified_below_loq,Non Quantified Value ( less than LOQ),yes,yes,Objective sampling,Official (National and EU) programme,According to Reg 152/2009,DK_latest_15402714_contaminants.zip,OCC_CHEMMON2022_DK_2021.ZIP/OCC_CHEMMON2022_DK_2021.CSV,9CAF557595D92F0BD660DEB14E114CB9,NASA_POWER_DAILY_COUNTRY_MEAN,5,2021-03-15,2021-09-14,184,13.033,16.148,9.814,377.646,72.4,81.788,116.4,81.4,54
DK,Danemark,DK,Denmark,DK,Denmark,2021-09-23,2021,9,23,maize,Maize silage (feed),Primary production,Zearalenone,yes,12.29251033,,1.4,quantified_positive,Numerical Value,yes,yes,Objective sampling,Official (National and EU) programme,According to Reg 152/2009,DK_latest_15402714_contaminants.zip,OCC_CHEMMON2022_DK_2021.ZIP/OCC_CHEMMON2022_DK_2021.CSV,36EC678040267D7A3149E9673C658C57,NASA_POWER_DAILY_COUNTRY_MEAN,5,2021-03-23,2021-09-22,184,13.501,16.597,10.309,407.244,76.6,81.756,115.8,87,59.2
DK,Danemark,DK,Denmark,DK,Denmark,2022-01-27,2022,1,27,maize,Maize silage (feed),Primary production,Zearalenone,yes,33.89307278,,1.4,quantified_positive,Numerical Value,yes,yes,Objective sampling,Official (National and EU) programme,According to Reg 152/2009,DK_latest_15402714_contaminants.zip,OCC_CHEMMON2023_DK_2022.ZIP/OCC_CHEMMON2023_DK_2022.CSV,BD3F503F7EE3F322E67A0BD4ECFF282B,NASA_POWER_DAILY_COUNTRY_MEAN,5,2021-07-27,2022-01-26,184,9.508,11.627,7.398,676.458,114.2,88.693,161.2,68.6,51
DK,Danemark,DK,Denmark,DK,Denmark,2022-02-01,2022,2,1,maize,Maize silage (feed),Primary production,Zearalenone,yes,6.386272591,,1.4,quantified_positive,Numerical Value,yes,yes,Objective sampling,Official (National and EU) programme,According to Reg 152/2009,DK_latest_15402714_contaminants.zip,OCC_CHEMMON2023_DK_2022.ZIP/OCC_CHEMMON2023_DK_2022.CSV,F116F3F982F41432E7BE036C7A167020,NASA_POWER_DAILY_COUNTRY_MEAN,5,2021-08-01,2022-01-31,184,9.122,11.223,7.026,668.83,112.6,88.796,162,64.8,46.4
DK,Danemark,DK,Denmark,DK,Denmark,2022-02-09,2022,2,9,maize,Maize silage (feed),Primary production,Zearalenone,yes,13.04885688,,1.4,quantified_positive,Numerical Value,yes,yes,Objective sampling,Official (National and EU) programme,According to Reg 152/2009,DK_latest_15402714_contaminants.zip,OCC_CHEMMON2023_DK_2022.ZIP/OCC_CHEMMON2023_DK_2022.CSV,3B6894E87B53DCC616267696D56C5235,NASA_POWER_DAILY_COUNTRY_MEAN,5,2021-08-09,2022-02-08,184,8.554,10.605,6.508,705.552,116,89.443,167.2,62,42.6
DK,Danemark,DK,Denmark,DK,Denmark,2022-02-09,2022,2,9,maize,Maize silage (feed),Primary production,Zearalenone,yes,32.42706094,,1.4,quantified_positive,Numerical Value,yes,yes,Objective sampling,Official (National and EU) programme,According to Reg 152/2009,DK_latest_15402714_contaminants.zip,OCC_CHEMMON2023_DK_2022.ZIP/OCC_CHEMMON2023_DK_2022.CSV,E7C9AA31ECC446C2449DD9941F3B7780,NASA_POWER_DAILY_COUNTRY_MEAN,5,2021-08-09,2022-02-08,184,8.554,10.605,6.508,705.552,116,89.443,167.2,62,42.6
DK,Danemark,DK,Denmark,DK,Denmark,2022-02-10,2022,2,10,maize,Maize silage (feed),Primary production,Zearalenone,yes,11.95827432,,1.4,quantified_positive,Numerical Value,yes,yes,Objective sampling,Official (National and EU) programme,According to Reg 152/2009,DK_latest_15402714_contaminants.zip,OCC_CHEMMON2023_DK_2022.ZIP/OCC_CHEMMON2023_DK_2022.CSV,792CE52717DF2A2E433F1939F2599CC9,NASA_POWER_DAILY_COUNTRY_MEAN,5,2021-08-10,2022-02-09,184,8.489,10.537,6.445,706.738,116,89.502,167.4,61.2,41.6
DK,Danemark,DK,Denmark,DK,Denmark,2022-02-10,2022,2,10,maize,Maize silage (feed),Primary production,Zearalenone,yes,24.56955449,,1.4,quantified_positive,Numerical Value,yes,yes,Objective sampling,Official (National and EU) programme,According to Reg 152/2009,DK_latest_15402714_contaminants.zip,OCC_CHEMMON2023_DK_2022.ZIP/OCC_CHEMMON2023_DK_2022.CSV,2EACC2E50619829538F7866E21D8468F,NASA_POWER_DAILY_COUNTRY_MEAN,5,2021-08-10,2022-02-09,184,8.489,10.537,6.445,706.738,116,89.502,167.4,61.2,41.6
DK,Danemark,DK,Denmark,DK,Denmark,2022-02-16,2022,2,16,maize,Maize silage (feed),Primary production,Zearalenone,yes,28.12264312,,1.4,quantified_positive,Numerical Value,yes,yes,Objective sampling,Official (National and EU) programme,According to Reg 152/2009,DK_latest_15402714_contaminants.zip,OCC_CHEMMON2023_DK_2022.ZIP/OCC_CHEMMON2023_DK_2022.CSV,C1BB9778C37E97406AAC6A6BC04878AD,NASA_POWER_DAILY_COUNTRY_MEAN,5,2021-08-16,2022-02-15,184,8.03,10.03,6.034,710.594,116.2,89.773,169.4,57.2,38.2
DK,Danemark,DK,Denmark,DK,Denmark,2022-03-03,2022,3,3,maize,Maize silage (feed),Primary production,Zearalenone,yes,20.73663602,,1.4,quantified_positive,Numerical Value,yes,yes,Objective sampling,Official (National and EU) programme,According to Reg 152/2009,DK_latest_15402714_contaminants.zip,OCC_CHEMMON2023_DK_2022.ZIP/OCC_CHEMMON2023_DK_2022.CSV,4284A3FCB517098BA4BF6CF64108496C,NASA_POWER_DAILY_COUNTRY_MEAN,5,2021-09-03,2022-03-02,181,6.855,8.773,4.958,757.062,117.2,90.586,171.6,44.6,29
DK,Danemark,DK,Denmark,DK,Denmark,2022-03-10,2022,3,10,maize,Maize silage (feed),Primary production,Zearalenone,yes,5.067213678,,1.4,quantified_positive,Numerical Value,yes,yes,Objective sampling,Official (National and EU) programme,According to Reg 152/2009,DK_latest_15402714_contaminants.zip,OCC_CHEMMON2023_DK_2022.ZIP/OCC_CHEMMON2023_DK_2022.CSV,D0A49D3EF41E0A6A51971115D89C1403,NASA_POWER_DAILY_COUNTRY_MEAN,5,2021-09-10,2022-03-09,181,6.291,8.194,4.445,764.412,119.2,90.854,173.2,39.8,28.4
DK,Danemark,DK,Denmark,DK,Denmark,2022-03-30,2022,3,30,maize,Maize silage (feed),Primary production,Zearalenone,no,,,1.4,not_quantified_below_loq,Non Quantified Value ( less than LOQ),yes,yes,Objective sampling,Official (National and EU) programme,According to Reg 152/2009,DK_latest_15402714_contaminants.zip,OCC_CHEMMON2023_DK_2022.ZIP/OCC_CHEMMON2023_DK_2022.CSV,854D0A8D36CD1A4CAD9E75741F03BDAE,NASA_POWER_DAILY_COUNTRY_MEAN,5,2021-09-30,2022-03-29,181,5.168,7.182,3.272,692.004,109,90.851,172.6,23.2,14.8
DK,Danemark,DK,Denmark,DK,Denmark,2022-03-31,2022,3,31,maize,Maize silage (feed),Primary production,Zearalenone,yes,345.9780319,,1.4,quantified_positive,Numerical Value,yes,yes,Objective sampling,Official (National and EU) programme,According to Reg 152/2009,DK_latest_15402714_contaminants.zip,OCC_CHEMMON2023_DK_2022.ZIP/OCC_CHEMMON2023_DK_2022.CSV,06F13A59A0A57ACB5CE5ABD396B31101,NASA_POWER_DAILY_COUNTRY_MEAN,5,2021-09-30,2022-03-30,182,5.147,7.159,3.253,692.824,109.2,90.8,173.4,23.2,14.8
DK,Danemark,DK,Denmark,DK,Denmark,2022-04-21,2022,4,21,maize,Maize silage (feed),Primary production,Zearalenone,yes,10.23782696,,1.4,quantified_positive,Numerical Value,yes,yes,Objective sampling,Official (National and EU) programme,According to Reg 152/2009,DK_latest_15402714_contaminants.zip,OCC_CHEMMON2023_DK_2022.ZIP/OCC_CHEMMON2023_DK_2022.CSV,45D8930AD27F31D42E71FA8A136E1A6F,NASA_POWER_DAILY_COUNTRY_MEAN,5,2021-10-21,2022-04-20,182,4.44,6.535,2.431,626.66,101.4,90.023,164.8,8.2,4.6
DK,Danemark,DK,Denmark,DK,Denmark,2022-04-28,2022,4,28,maize,Maize silage (feed),Primary production,Zearalenone,yes,12.83838703,,1.4,quantified_positive,Numerical Value,yes,yes,Objective sampling,Official (National and EU) programme,According to Reg 152/2009,DK_latest_15402714_contaminants.zip,OCC_CHEMMON2023_DK_2022.ZIP/OCC_CHEMMON2023_DK_2022.CSV,DF3357F1F7F4C5BA806509AC4DA4999E,NASA_POWER_DAILY_COUNTRY_MEAN,5,2021-10-28,2022-04-27,182,4.405,6.571,2.315,591.22,96.2,89.696,162.4,6.4,2.8
DK,Danemark,DK,Denmark,DK,Denmark,2022-05-05,2022,5,5,maize,Maize silage (feed),Primary production,Zearalenone,yes,11.57958272,,1.4,quantified_positive,Numerical Value,yes,yes,Objective sampling,Official (National and EU) programme,According to Reg 152/2009,DK_latest_15402714_contaminants.zip,OCC_CHEMMON2023_DK_2022.ZIP/OCC_CHEMMON2023_DK_2022.CSV,46C81B1B8AC01BC0B5411A288F88A6B6,NASA_POWER_DAILY_COUNTRY_MEAN,5,2021-11-05,2022-05-04,181,4.354,6.594,2.174,563.832,92,89.146,158,1.8,1
DK,Danemark,DK,Denmark,DK,Denmark,2022-05-05,2022,5,5,maize,Maize silage (feed),Primary production,Zearalenone,yes,24.79136767,,1.4,quantified_positive,Numerical Value,yes,yes,Objective sampling,Official (National and EU) programme,According to Reg 152/2009,DK_latest_15402714_contaminants.zip,OCC_CHEMMON2023_DK_2022.ZIP/OCC_CHEMMON2023_DK_2022.CSV,C1BD4A85EEA2E166EA78544F5CE7FD5C,NASA_POWER_DAILY_COUNTRY_MEAN,5,2021-11-05,2022-05-04,181,4.354,6.594,2.174,563.832,92,89.146,158,1.8,1
DK,Danemark,DK,Denmark,DK,Denmark,2022-05-11,2022,5,11,maize,Maize silage (feed),Primary production,Zearalenone,no,,,1.4,not_quantified_below_loq,Non Quantified Value ( less than LOQ),yes,yes,Objective sampling,Official (National and EU) programme,According to Reg 152/2009,DK_latest_15402714_contaminants.zip,OCC_CHEMMON2023_DK_2022.ZIP/OCC_CHEMMON2023_DK_2022.CSV,1794FDEC34E8294C161174ABDD143B6F,NASA_POWER_DAILY_COUNTRY_MEAN,5,2021-11-11,2022-05-10,181,4.435,6.74,2.167,536.504,88.2,88.806,156,4.8,1.6
DK,Danemark,DK,Denmark,DK,Denmark,2022-05-19,2022,5,19,maize,Maize silage (feed),Primary production,Zearalenone,no,,,1.4,not_quantified_below_loq,Non Quantified Value ( less than LOQ),yes,yes,Objective sampling,Official (National and EU) programme,According to Reg 152/2009,DK_latest_15402714_contaminants.zip,OCC_CHEMMON2023_DK_2022.ZIP/OCC_CHEMMON2023_DK_2022.CSV,ABAF2FEA4849B3AF231362829CFB7487,NASA_POWER_DAILY_COUNTRY_MEAN,5,2021-11-19,2022-05-18,181,4.631,6.998,2.297,517.036,84.6,88.364,153.6,10.4,4
DK,Danemark,DK,Denmark,DK,Denmark,2022-05-25,2022,5,25,maize,Maize silage (feed),Primary production,Zearalenone,no,,,1.4,not_quantified_below_loq,Non Quantified Value ( less than LOQ),yes,yes,Objective sampling,Official (National and EU) programme,According to Reg 152/2009,DK_latest_15402714_contaminants.zip,OCC_CHEMMON2023_DK_2022.ZIP/OCC_CHEMMON2023_DK_2022.CSV,8470170FB64F0B9ABF5C9AB956FD1B70,NASA_POWER_DAILY_COUNTRY_MEAN,5,2021-11-25,2022-05-24,181,4.839,7.242,2.47,518.992,84.6,88.03,151.8,13.6,6.8
DK,Danemark,DK,Denmark,DK,Denmark,2022-05-31,2022,5,31,maize,Maize silage (feed),Primary production,Zearalenone,no,,,1.4,not_quantified_below_loq,Non Quantified Value ( less than LOQ),yes,yes,Objective sampling,Official (National and EU) programme,According to Reg 152/2009,DK_latest_15402714_contaminants.zip,OCC_CHEMMON2023_DK_2022.ZIP/OCC_CHEMMON2023_DK_2022.CSV,B697F372F909B335F22243EA732A0F59,NASA_POWER_DAILY_COUNTRY_MEAN,5,2021-11-30,2022-05-30,182,5.115,7.557,2.7,509.592,84.6,87.699,150.2,17,11.2
DK,Danemark,DK,Denmark,DK,Denmark,2022-06-01,2022,6,1,maize,Maize silage (feed),Primary production,Zearalenone,yes,79.26723429,,1.4,quantified_positive,Numerical Value,yes,yes,Objective sampling,Official (National and EU) programme,According to Reg 152/2009,DK_latest_15402714_contaminants.zip,OCC_CHEMMON2023_DK_2022.ZIP/OCC_CHEMMON2023_DK_2022.CSV,C387DFA729D7F911D9F81C3A260C0AB7,NASA_POWER_DAILY_COUNTRY_MEAN,5,2021-12-01,2022-05-31,182,5.171,7.609,2.76,505.484,84.6,87.673,150,17.8,12.2
DK,Danemark,DK,Denmark,DK,Denmark,2022-06-01,2022,6,1,maize,Maize silage (feed),Primary production,Zearalenone,yes,27.41535852,,1.4,quantified_positive,Numerical Value,yes,yes,Objective sampling,Official (National and EU) programme,According to Reg 152/2009,DK_latest_15402714_contaminants.zip,OCC_CHEMMON2023_DK_2022.ZIP/OCC_CHEMMON2023_DK_2022.CSV,7F1116CA7B6F8DB74CE1413CBE874CFF,NASA_POWER_DAILY_COUNTRY_MEAN,5,2021-12-01,2022-05-31,182,5.171,7.609,2.76,505.484,84.6,87.673,150,17.8,12.2
DK,Danemark,DK,Denmark,DK,Denmark,2022-06-01,2022,6,1,maize,Maize silage (feed),Primary production,Zearalenone,yes,13.4434412,,1.4,quantified_positive,Numerical Value,yes,yes,Objective sampling,Official (National and EU) programme,According to Reg 152/2009,DK_latest_15402714_contaminants.zip,OCC_CHEMMON2023_DK_2022.ZIP/OCC_CHEMMON2023_DK_2022.CSV,C1637DA15E324DC2AFC23FA71B1BD75A,NASA_POWER_DAILY_COUNTRY_MEAN,5,2021-12-01,2022-05-31,182,5.171,7.609,2.76,505.484,84.6,87.673,150,17.8,12.2
DK,Danemark,DK,Denmark,DK,Denmark,2022-06-02,2022,6,2,maize,Maize silage (feed),Primary production,Zearalenone,yes,30.1788765,,1.4,quantified_positive,Numerical Value,yes,yes,Objective sampling,Official (National and EU) programme,According to Reg 152/2009,DK_latest_15402714_contaminants.zip,OCC_CHEMMON2023_DK_2022.ZIP/OCC_CHEMMON2023_DK_2022.CSV,AF7658308EFB69E52247CA0FADCE585A,NASA_POWER_DAILY_COUNTRY_MEAN,5,2021-12-02,2022-06-01,182,5.225,7.663,2.813,478.596,83.8,87.584,149,17.8,12.4
DK,Danemark,DK,Denmark,DK,Denmark,2022-06-02,2022,6,2,maize,Maize silage (feed),Primary production,Zearalenone,yes,586.152338,,1.4,quantified_positive,Numerical Value,yes,yes,Objective sampling,Official (National and EU) programme,According to Reg 152/2009,DK_latest_15402714_contaminants.zip,OCC_CHEMMON2023_DK_2022.ZIP/OCC_CHEMMON2023_DK_2022.CSV,AEB55CE67959B5D3858672CD3B36DEE3,NASA_POWER_DAILY_COUNTRY_MEAN,5,2021-12-02,2022-06-01,182,5.225,7.663,2.813,478.596,83.8,87.584,149,17.8,12.4
DK,Danemark,DK,Denmark,DK,Denmark,2022-06-03,2022,6,3,maize,Maize silage (feed),Primary production,Zearalenone,yes,20.8696972,,1.4,quantified_positive,Numerical Value,yes,yes,Objective sampling,Official (National and EU) programme,According to Reg 152/2009,DK_latest_15402714_contaminants.zip,OCC_CHEMMON2023_DK_2022.ZIP/OCC_CHEMMON2023_DK_2022.CSV,0ACF00D56B78E5D7C634A9CE7E1F4BDE,NASA_POWER_DAILY_COUNTRY_MEAN,5,2021-12-03,2022-06-02,182,5.289,7.729,2.875,476.036,83,87.575,149,18.8,12.4
DK,Danemark,DK,Denmark,DK,Denmark,2022-06-08,2022,6,8,maize,Maize silage (feed),Primary production,Zearalenone,yes,33.96334645,,1.4,quantified_positive,Numerical Value,yes,yes,Objective sampling,Official (National and EU) programme,According to Reg 152/2009,DK_latest_15402714_contaminants.zip,OCC_CHEMMON2023_DK_2022.ZIP/OCC_CHEMMON2023_DK_2022.CSV,DC56B16C8D0445B078CDB8544AEE42BB,NASA_POWER_DAILY_COUNTRY_MEAN,5,2021-12-08,2022-06-07,182,5.636,8.125,3.162,462.74,81.2,87.366,147.6,22.2,14.4
DK,Danemark,DK,Denmark,DK,Denmark,2022-06-08,2022,6,8,maize,Maize silage (feed),Primary production,Zearalenone,yes,44.18707203,,1.4,quantified_positive,Numerical Value,yes,yes,Objective sampling,Official (National and EU) programme,According to Reg 152/2009,DK_latest_15402714_contaminants.zip,OCC_CHEMMON2023_DK_2022.ZIP/OCC_CHEMMON2023_DK_2022.CSV,6F603979D00B022DD74C21757335267E,NASA_POWER_DAILY_COUNTRY_MEAN,5,2021-12-08,2022-06-07,182,5.636,8.125,3.162,462.74,81.2,87.366,147.6,22.2,14.4
DK,Danemark,DK,Denmark,DK,Denmark,2022-06-13,2022,6,13,maize,Maize silage (feed),Primary production,Zearalenone,yes,48.31788458,,1.4,quantified_positive,Numerical Value,yes,yes,Objective sampling,Official (National and EU) programme,According to Reg 152/2009,DK_latest_15402714_contaminants.zip,OCC_CHEMMON2023_DK_2022.ZIP/OCC_CHEMMON2023_DK_2022.CSV,C6C056C7EE32EA664158D72BD6D9B7D9,NASA_POWER_DAILY_COUNTRY_MEAN,5,2021-12-13,2022-06-12,182,6.017,8.57,3.478,442.914,79.2,87.103,147.2,26.8,16.8
DK,Danemark,DK,Denmark,DK,Denmark,2022-06-13,2022,6,13,maize,Maize silage (feed),Primary production,Zearalenone,yes,39.53384357,,1.4,quantified_positive,Numerical Value,yes,yes,Objective sampling,Official (National and EU) programme,According to Reg 152/2009,DK_latest_15402714_contaminants.zip,OCC_CHEMMON2023_DK_2022.ZIP/OCC_CHEMMON2023_DK_2022.CSV,1B757DDC6FA0FB0E8AF3A5430DD3B033,NASA_POWER_DAILY_COUNTRY_MEAN,5,2021-12-13,2022-06-12,182,6.017,8.57,3.478,442.914,79.2,87.103,147.2,26.8,16.8
DK,Danemark,DK,Denmark,DK,Denmark,2022-06-13,2022,6,13,maize,Maize silage (feed),Primary production,Zearalenone,yes,125.4039894,,1.4,quantified_positive,Numerical Value,yes,yes,Objective sampling,Official (National and EU) programme,According to Reg 152/2009,DK_latest_15402714_contaminants.zip,OCC_CHEMMON2023_DK_2022.ZIP/OCC_CHEMMON2023_DK_2022.CSV,ACECFD60EBB8B67B79F6C99B055E6AE6,NASA_POWER_DAILY_COUNTRY_MEAN,5,2021-12-13,2022-06-12,182,6.017,8.57,3.478,442.914,79.2,87.103,147.2,26.8,16.8
DK,Danemark,DK,Denmark,DK,Denmark,2022-06-16,2022,6,16,maize,Maize silage (feed),Primary production,Zearalenone,no,,,1.4,not_quantified_below_loq,Non Quantified Value ( less than LOQ),yes,yes,Objective sampling,Official (National and EU) programme,According to Reg 152/2009,DK_latest_15402714_contaminants.zip,OCC_CHEMMON2023_DK_2022.ZIP/OCC_CHEMMON2023_DK_2022.CSV,99B3578D257C51C68FEA4D2274F173B3,NASA_POWER_DAILY_COUNTRY_MEAN,5,2021-12-16,2022-06-15,182,6.159,8.736,3.594,433.834,77.2,86.818,146,28.6,17.4
DK,Danemark,DK,Denmark,DK,Denmark,2022-06-21,2022,6,21,maize,Maize silage (feed),Primary production,Zearalenone,yes,40.36516623,,1.4,quantified_positive,Numerical Value,yes,yes,Objective sampling,Official (National and EU) programme,According to Reg 152/2009,DK_latest_15402714_contaminants.zip,OCC_CHEMMON2023_DK_2022.ZIP/OCC_CHEMMON2023_DK_2022.CSV,D50179F8FC7AB88C9A5A2B1311ADABF1,NASA_POWER_DAILY_COUNTRY_MEAN,5,2021-12-21,2022-06-20,182,6.45,9.069,3.834,441.628,77.8,86.417,143.8,31.4,19.6
DK,Danemark,DK,Denmark,DK,Denmark,2022-06-22,2022,6,22,maize,Maize silage (feed),Primary production,Zearalenone,yes,7.689480937,,1.4,quantified_positive,Numerical Value,yes,yes,Objective sampling,Official (National and EU) programme,According to Reg 152/2009,DK_latest_15402714_contaminants.zip,OCC_CHEMMON2023_DK_2022.ZIP/OCC_CHEMMON2023_DK_2022.CSV,AF598A7CF3F2F337BDC6A6154AE9D688,NASA_POWER_DAILY_COUNTRY_MEAN,5,2021-12-22,2022-06-21,182,6.53,9.162,3.897,437.422,77.2,86.351,143.2,31.8,19.6
DK,Danemark,DK,Denmark,DK,Denmark,2022-06-22,2022,6,22,maize,Maize silage (feed),Primary production,Zearalenone,yes,189.47813,,1.4,quantified_positive,Numerical Value,yes,yes,Objective sampling,Official (National and EU) programme,According to Reg 152/2009,DK_latest_15402714_contaminants.zip,OCC_CHEMMON2023_DK_2022.ZIP/OCC_CHEMMON2023_DK_2022.CSV,3718AE15D90E50EBB8686EAB8E616C18,NASA_POWER_DAILY_COUNTRY_MEAN,5,2021-12-22,2022-06-21,182,6.53,9.162,3.897,437.422,77.2,86.351,143.2,31.8,19.6
DK,Danemark,DK,Denmark,DK,Denmark,2022-06-23,2022,6,23,maize,Maize silage (feed),Primary production,Zearalenone,yes,105.0810571,,1.4,quantified_positive,Numerical Value,yes,yes,Objective sampling,Official (National and EU) programme,According to Reg 152/2009,DK_latest_15402714_contaminants.zip,OCC_CHEMMON2023_DK_2022.ZIP/OCC_CHEMMON2023_DK_2022.CSV,7EEC9680362E74AD1C801D2A4047BF7E,NASA_POWER_DAILY_COUNTRY_MEAN,5,2021-12-23,2022-06-22,182,6.607,9.25,3.963,433.856,76.4,86.281,143.2,32.8,19.6
DK,Danemark,DK,Denmark,DK,Denmark,2022-07-07,2022,7,7,maize,Maize silage (feed),Primary production,Zearalenone,yes,15.42770225,,1.4,quantified_positive,Numerical Value,yes,yes,Objective sampling,Official (National and EU) programme,According to Reg 152/2009,DK_latest_15402714_contaminants.zip,OCC_CHEMMON2023_DK_2022.ZIP/OCC_CHEMMON2023_DK_2022.CSV,ECB96EAEFF0245D5F932E837CA973743,NASA_POWER_DAILY_COUNTRY_MEAN,5,2022-01-07,2022-07-06,181,7.895,10.676,5.097,420.694,72.8,85.288,135.8,39.8,26.2
DK,Danemark,DK,Denmark,DK,Denmark,2022-07-07,2022,7,7,maize,Maize silage (feed),Primary production,Zearalenone,yes,27.81100825,,1.4,quantified_positive,Numerical Value,yes,yes,Objective sampling,Official (National and EU) programme,According to Reg 152/2009,DK_latest_15402714_contaminants.zip,OCC_CHEMMON2023_DK_2022.ZIP/OCC_CHEMMON2023_DK_2022.CSV,C9E86951E99A526DE621F61FD1FE1364,NASA_POWER_DAILY_COUNTRY_MEAN,5,2022-01-07,2022-07-06,181,7.895,10.676,5.097,420.694,72.8,85.288,135.8,39.8,26.2
DK,Danemark,DK,Denmark,DK,Denmark,2022-08-16,2022,8,16,maize,Maize silage (feed),Primary production,Zearalenone,yes,176.1007743,,1.4,quantified_positive,Numerical Value,yes,yes,Objective sampling,Official (National and EU) programme,According to Reg 152/2009,DK_latest_15402714_contaminants.zip,OCC_CHEMMON2023_DK_2022.ZIP/OCC_CHEMMON2023_DK_2022.CSV,886F9DE469972381928AF578AC296393,NASA_POWER_DAILY_COUNTRY_MEAN,5,2022-02-16,2022-08-15,181,11.028,14.187,7.782,331.574,57.4,82.46,112.6,55.2,35.6
DK,Danemark,DK,Denmark,DK,Denmark,2022-08-16,2022,8,16,maize,Maize silage (feed),Primary production,Zearalenone,yes,41.56840692,,1.4,quantified_positive,Numerical Value,yes,yes,Objective sampling,Official (National and EU) programme,According to Reg 152/2009,DK_latest_15402714_contaminants.zip,OCC_CHEMMON2023_DK_2022.ZIP/OCC_CHEMMON2023_DK_2022.CSV,36C4A760485D34AD91C601792B121C86,NASA_POWER_DAILY_COUNTRY_MEAN,5,2022-02-16,2022-08-15,181,11.028,14.187,7.782,331.574,57.4,82.46,112.6,55.2,35.6
DK,Danemark,DK,Denmark,DK,Denmark,2022-11-08,2022,11,8,maize,Maize silage (feed),Primary production,Zearalenone,yes,70.85375436,,1.4,quantified_positive,Numerical Value,yes,yes,Objective sampling,Official (National and EU) programme,According to Reg 152/2009,DK_latest_15402714_contaminants.zip,OCC_CHEMMON2023_DK_2022.ZIP/OCC_CHEMMON2023_DK_2022.CSV,9D7D9A5DA08DAA0725109515D63DBC8B,NASA_POWER_DAILY_COUNTRY_MEAN,5,2022-05-08,2022-11-07,184,14.945,17.81,12.005,359.914,75.2,82.812,118.2,114.8,73.2
DK,Danemark,DK,Denmark,DK,Denmark,2022-11-15,2022,11,15,maize,Maize silage (feed),Primary production,Zearalenone,yes,27.07430848,,1.4,quantified_positive,Numerical Value,yes,yes,Objective sampling,Official (National and EU) programme,According to Reg 152/2009,DK_latest_15402714_contaminants.zip,OCC_CHEMMON2023_DK_2022.ZIP/OCC_CHEMMON2023_DK_2022.CSV,80CB82043AD2A69BA8D0B23A4DCE8E0D,NASA_POWER_DAILY_COUNTRY_MEAN,5,2022-05-15,2022-11-14,184,14.932,17.726,12.074,354.652,73.2,83.219,121,116.4,71.2
DK,Danemark,DK,Denmark,DK,Denmark,2022-11-28,2022,11,28,maize,Maize silage (feed),Primary production,Zearalenone,yes,32.55232525,,1.4,quantified_positive,Numerical Value,yes,yes,Objective sampling,Official (National and EU) programme,According to Reg 152/2009,DK_latest_15402714_contaminants.zip,OCC_CHEMMON2023_DK_2022.ZIP/OCC_CHEMMON2023_DK_2022.CSV,819160D000DFBAC091055E3C759C0095,NASA_POWER_DAILY_COUNTRY_MEAN,5,2022-05-28,2022-11-27,184,14.385,17.06,11.649,343.796,71.6,83.709,123,108,64.8
DK,Danemark,DK,Denmark,DK,Denmark,2022-12-13,2022,12,13,maize,Maize silage (feed),Primary production,Zearalenone,yes,12.7989967,,1.4,quantified_positive,Numerical Value,yes,yes,Objective sampling,Official (National and EU) programme,According to Reg 152/2009,DK_latest_15402714_contaminants.zip,OCC_CHEMMON2023_DK_2022.ZIP/OCC_CHEMMON2023_DK_2022.CSV,0FC76CC29E99CCF70D9442B6DFC8E2B5,NASA_POWER_DAILY_COUNTRY_MEAN,5,2022-06-13,2022-12-12,183,13.403,15.932,10.839,333.632,69.4,84.337,126,96.4,57.8
DK,Danemark,DK,Denmark,DK,Denmark,2022-12-13,2022,12,13,maize,Maize silage (feed),Primary production,Zearalenone,yes,10.03701888,,1.4,quantified_positive,Numerical Value,yes,yes,Objective sampling,Official (National and EU) programme,According to Reg 152/2009,DK_latest_15402714_contaminants.zip,OCC_CHEMMON2023_DK_2022.ZIP/OCC_CHEMMON2023_DK_2022.CSV,F7F86B3D21A1AA70B02462AB71F6DBA4,NASA_POWER_DAILY_COUNTRY_MEAN,5,2022-06-13,2022-12-12,183,13.403,15.932,10.839,333.632,69.4,84.337,126,96.4,57.8
DK,Danemark,DK,Denmark,DK,Denmark,2023-01-30,2023,1,30,maize,Maize silage (feed),Primary production,Zearalenone,yes,27.66234762,,1.4,quantified_positive,Numerical Value,yes,yes,Objective sampling,Official (National and EU) programme,According to Reg 152/2009,DK_latest_15402714_contaminants.zip,OCC_CHEMMON2024_DK_2023.ZIP/OCC_CHEMMON2024_DK_2023.CSV,9AFD5C569A5466B34769A0B63527F6AB,NASA_POWER_DAILY_COUNTRY_MEAN,5,2022-07-30,2023-01-29,184,9.831,11.936,7.806,415.282,84.6,87.885,151.6,74.2,43.2
DK,Danemark,DK,Denmark,DK,Denmark,2023-02-14,2023,2,14,maize,Maize silage (feed),Primary production,Zearalenone,yes,35.16808494,,1.4,quantified_positive,Numerical Value,yes,yes,Objective sampling,Official (National and EU) programme,According to Reg 152/2009,DK_latest_15402714_contaminants.zip,OCC_CHEMMON2024_DK_2023.ZIP/OCC_CHEMMON2024_DK_2023.CSV,3892D3148CC64AA2575696980B90B317,NASA_POWER_DAILY_COUNTRY_MEAN,5,2022-08-14,2023-02-13,184,8.575,10.563,6.715,417.426,87,88.881,161.6,69.2,39.8
DK,Danemark,DK,Denmark,DK,Denmark,2023-02-28,2023,2,28,maize,Maize silage (feed),Primary production,Zearalenone,yes,46.0160952,,1.4,quantified_positive,Numerical Value,yes,yes,Objective sampling,Official (National and EU) programme,According to Reg 152/2009,DK_latest_15402714_contaminants.zip,OCC_CHEMMON2024_DK_2023.ZIP/OCC_CHEMMON2024_DK_2023.CSV,2B5CD532BFDBF42DA2E24079CC5EDAA0,NASA_POWER_DAILY_COUNTRY_MEAN,5,2022-08-28,2023-02-27,184,7.334,9.251,5.562,410.292,84.6,89.407,165.2,60,33.6
DK,Danemark,DK,Denmark,DK,Denmark,2023-03-01,2023,3,1,maize,Maize silage (feed),Primary production,Zearalenone,yes,25.72794009,,1.4,quantified_positive,Numerical Value,yes,yes,Objective sampling,Official (National and EU) programme,According to Reg 152/2009,DK_latest_15402714_contaminants.zip,OCC_CHEMMON2024_DK_2023.ZIP/OCC_CHEMMON2024_DK_2023.CSV,524B9D7EF2EECD182E8BEE77F5206B7D,NASA_POWER_DAILY_COUNTRY_MEAN,5,2022-09-01,2023-02-28,181,7.097,9.005,5.341,405.53,83.2,89.69,165,58.8,32.2
DK,Danemark,DK,Denmark,DK,Denmark,2023-03-02,2023,3,2,maize,Maize silage (feed),Primary production,Zearalenone,yes,19.24973334,,1.4,quantified_positive,Numerical Value,yes,yes,Objective sampling,Official (National and EU) programme,According to Reg 152/2009,DK_latest_15402714_contaminants.zip,OCC_CHEMMON2024_DK_2023.ZIP/OCC_CHEMMON2024_DK_2023.CSV,70B11D6CCD739C3F2B33B99E2F328417,NASA_POWER_DAILY_COUNTRY_MEAN,5,2022-09-02,2023-03-01,181,7.019,8.932,5.273,405.632,83.2,89.827,166,58.8,32.2
DK,Danemark,DK,Denmark,DK,Denmark,2023-03-07,2023,3,7,maize,Maize silage (feed),Primary production,Zearalenone,yes,8.33895731,,1.4,quantified_positive,Numerical Value,yes,yes,Objective sampling,Official (National and EU) programme,According to Reg 152/2009,DK_latest_15402714_contaminants.zip,OCC_CHEMMON2024_DK_2023.ZIP/OCC_CHEMMON2024_DK_2023.CSV,89DCF33BFF323E1A53758E915C55CA93,NASA_POWER_DAILY_COUNTRY_MEAN,5,2022-09-07,2023-03-06,181,6.604,8.533,4.85,407.92,83.8,90.06,168,58.2,32.2
DK,Danemark,DK,Denmark,DK,Denmark,2023-03-08,2023,3,8,maize,Maize silage (feed),Primary production,Zearalenone,yes,31.71214133,,1.4,quantified_positive,Numerical Value,yes,yes,Objective sampling,Official (National and EU) programme,According to Reg 152/2009,DK_latest_15402714_contaminants.zip,OCC_CHEMMON2024_DK_2023.ZIP/OCC_CHEMMON2024_DK_2023.CSV,AA57D351B638777C8995EF2558F770FF,NASA_POWER_DAILY_COUNTRY_MEAN,5,2022-09-08,2023-03-07,181,6.515,8.442,4.76,410.688,84.4,90.104,168.6,57.8,31.8
DK,Danemark,DK,Denmark,DK,Denmark,2023-03-10,2023,3,10,maize,Maize silage (feed),Primary production,Zearalenone,yes,59.45369353,,1.4,quantified_positive,Numerical Value,yes,yes,Objective sampling,Official (National and EU) programme,According to Reg 152/2009,DK_latest_15402714_contaminants.zip,OCC_CHEMMON2024_DK_2023.ZIP/OCC_CHEMMON2024_DK_2023.CSV,918419C405BDA9764E6E6A61930532BA,NASA_POWER_DAILY_COUNTRY_MEAN,5,2022-09-10,2023-03-09,181,6.333,8.26,4.576,390.214,82.6,90.003,168,56.8,29.8
DK,Danemark,DK,Denmark,DK,Denmark,2023-03-16,2023,3,16,maize,Maize silage (feed),Primary production,Zearalenone,yes,9.761634996,,1.4,quantified_positive,Numerical Value,yes,yes,Objective sampling,Official (National and EU) programme,According to Reg 152/2009,DK_latest_15402714_contaminants.zip,OCC_CHEMMON2024_DK_2023.ZIP/OCC_CHEMMON2024_DK_2023.CSV,9EFDD66D680CE2DC77C710BD9253F630,NASA_POWER_DAILY_COUNTRY_MEAN,5,2022-09-16,2023-03-15,181,5.911,7.839,4.147,396.99,84.2,90.12,169.2,52.2,27
DK,Danemark,DK,Denmark,DK,Denmark,2023-03-17,2023,3,17,maize,Maize silage (feed),Primary production,Zearalenone,yes,15.9227602,,1.4,quantified_positive,Numerical Value,yes,yes,Objective sampling,Official (National and EU) programme,According to Reg 152/2009,DK_latest_15402714_contaminants.zip,OCC_CHEMMON2024_DK_2023.ZIP/OCC_CHEMMON2024_DK_2023.CSV,BD955BEFAB5B61405EB3C809D8794695,NASA_POWER_DAILY_COUNTRY_MEAN,5,2022-09-17,2023-03-16,181,5.854,7.774,4.088,397.108,84,90.125,169.2,51.2,26.2
DK,Danemark,DK,Denmark,DK,Denmark,2023-03-21,2023,3,21,maize,Maize silage (feed),Primary production,Zearalenone,yes,5.683184555,,1.4,quantified_positive,Numerical Value,yes,yes,Objective sampling,Official (National and EU) programme,According to Reg 152/2009,DK_latest_15402714_contaminants.zip,OCC_CHEMMON2024_DK_2023.ZIP/OCC_CHEMMON2024_DK_2023.CSV,1B703EEF15934F4DDED73246FC36E1C8,NASA_POWER_DAILY_COUNTRY_MEAN,5,2022-09-21,2023-03-20,181,5.712,7.625,3.958,398.85,85.2,90.349,169.6,47.8,23.8
DK,Danemark,DK,Denmark,DK,Denmark,2023-03-22,2023,3,22,maize,Maize silage (feed),Primary production,Zearalenone,yes,16.05563487,,1.4,quantified_positive,Numerical Value,yes,yes,Objective sampling,Official (National and EU) programme,According to Reg 152/2009,DK_latest_15402714_contaminants.zip,OCC_CHEMMON2024_DK_2023.ZIP/OCC_CHEMMON2024_DK_2023.CSV,20105C4BC0DA086BF2FC923249C45B8A,NASA_POWER_DAILY_COUNTRY_MEAN,5,2022-09-22,2023-03-21,181,5.674,7.576,3.925,404.764,86.2,90.464,170.2,47.4,23.8
DK,Danemark,DK,Denmark,DK,Denmark,2023-03-28,2023,3,28,maize,Maize silage (feed),Primary production,Zearalenone,yes,11.21969181,,1.4,quantified_positive,Numerical Value,yes,yes,Objective sampling,Official (National and EU) programme,According to Reg 152/2009,DK_latest_15402714_contaminants.zip,OCC_CHEMMON2024_DK_2023.ZIP/OCC_CHEMMON2024_DK_2023.CSV,94F9338BD9DD15462E6F5FA7D5734F64,NASA_POWER_DAILY_COUNTRY_MEAN,5,2022-09-28,2023-03-27,181,5.449,7.339,3.697,405.94,88.2,90.556,170.2,42.2,21.2
DK,Danemark,DK,Denmark,DK,Denmark,2023-03-29,2023,3,29,maize,Maize silage (feed),Primary production,Zearalenone,yes,21.79700199,,1.4,quantified_positive,Numerical Value,yes,yes,Objective sampling,Official (National and EU) programme,According to Reg 152/2009,DK_latest_15402714_contaminants.zip,OCC_CHEMMON2024_DK_2023.ZIP/OCC_CHEMMON2024_DK_2023.CSV,F69EDA33430691CBBD0E3C6F73BC369C,NASA_POWER_DAILY_COUNTRY_MEAN,5,2022-09-29,2023-03-28,181,5.401,7.303,3.633,397.804,87.2,90.471,169.2,41.4,20.4
DK,Danemark,DK,Denmark,DK,Denmark,2023-03-30,2023,3,30,maize,Maize silage (feed),Primary production,Zearalenone,yes,99.30371266,,1.4,quantified_positive,Numerical Value,yes,yes,Objective sampling,Official (National and EU) programme,According to Reg 152/2009,DK_latest_15402714_contaminants.zip,OCC_CHEMMON2024_DK_2023.ZIP/OCC_CHEMMON2024_DK_2023.CSV,9EAF75212E852B5B98B5F2D348493670,NASA_POWER_DAILY_COUNTRY_MEAN,5,2022-09-30,2023-03-29,181,5.363,7.266,3.592,396.954,87.4,90.509,169.2,40.4,19.6
DK,Danemark,DK,Denmark,DK,Denmark,2023-04-13,2023,4,13,maize,Maize silage (feed),Primary production,Zearalenone,yes,16.58984995,,1.4,quantified_positive,Numerical Value,yes,yes,Objective sampling,Official (National and EU) programme,According to Reg 152/2009,DK_latest_15402714_contaminants.zip,OCC_CHEMMON2024_DK_2023.ZIP/OCC_CHEMMON2024_DK_2023.CSV,4AA4F563F048B3466E9D33BEE573A7FD,NASA_POWER_DAILY_COUNTRY_MEAN,5,2022-10-13,2023-04-12,182,4.858,6.802,3.012,410.542,87,90.207,165.8,28,14.4
DK,Danemark,DK,Denmark,DK,Denmark,2023-04-20,2023,4,20,maize,Maize silage (feed),Primary production,Zearalenone,yes,28.36716818,,1.4,quantified_positive,Numerical Value,yes,yes,Objective sampling,Official (National and EU) programme,According to Reg 152/2009,DK_latest_15402714_contaminants.zip,OCC_CHEMMON2024_DK_2023.ZIP/OCC_CHEMMON2024_DK_2023.CSV,BD0F5B12C2A4B90D3AD4A087CCB7CEA9,NASA_POWER_DAILY_COUNTRY_MEAN,5,2022-10-20,2023-04-19,182,4.718,6.678,2.855,408.602,86.4,89.977,164,22.2,11.6
DK,Danemark,DK,Denmark,DK,Denmark,2023-05-01,2023,5,1,maize,Maize silage (feed),Primary production,Zearalenone,yes,24.20626428,,1.4,quantified_positive,Numerical Value,yes,yes,Objective sampling,Official (National and EU) programme,According to Reg 152/2009,DK_latest_15402714_contaminants.zip,OCC_CHEMMON2024_DK_2023.ZIP/OCC_CHEMMON2024_DK_2023.CSV,FD0656F84EECEB529193B36BF0916A09,NASA_POWER_DAILY_COUNTRY_MEAN,5,2022-11-01,2023-04-30,181,4.423,6.443,2.476,393.674,82.8,89.036,155.4,12.8,7
DK,Danemark,DK,Denmark,DK,Denmark,2023-05-11,2023,5,11,maize,Maize silage (feed),Primary production,Zearalenone,yes,19.54218225,,1.4,quantified_positive,Numerical Value,yes,yes,Objective sampling,Official (National and EU) programme,According to Reg 152/2009,DK_latest_15402714_contaminants.zip,OCC_CHEMMON2024_DK_2023.ZIP/OCC_CHEMMON2024_DK_2023.CSV,A482571EBF15374B8C0B00497CD2BDCE,NASA_POWER_DAILY_COUNTRY_MEAN,5,2022-11-11,2023-05-10,181,4.314,6.43,2.262,374.784,76.8,88.209,146.4,4.4,1.6
DK,Danemark,DK,Denmark,DK,Denmark,2023-05-11,2023,5,11,maize,Maize silage (feed),Primary production,Zearalenone,yes,33.59510833,,1.4,quantified_positive,Numerical Value,yes,yes,Objective sampling,Official (National and EU) programme,According to Reg 152/2009,DK_latest_15402714_contaminants.zip,OCC_CHEMMON2024_DK_2023.ZIP/OCC_CHEMMON2024_DK_2023.CSV,34E5198ADC1F6C50357FC34A33AFC15D,NASA_POWER_DAILY_COUNTRY_MEAN,5,2022-11-11,2023-05-10,181,4.314,6.43,2.262,374.784,76.8,88.209,146.4,4.4,1.6
DK,Danemark,DK,Denmark,DK,Denmark,2023-06-08,2023,6,8,maize,Maize silage (feed),Primary production,Zearalenone,yes,32.82605213,,1.4,quantified_positive,Numerical Value,yes,yes,Objective sampling,Official (National and EU) programme,According to Reg 152/2009,DK_latest_15402714_contaminants.zip,OCC_CHEMMON2024_DK_2023.ZIP/OCC_CHEMMON2024_DK_2023.CSV,502D68D626EA31CA339206E873CC7675,NASA_POWER_DAILY_COUNTRY_MEAN,5,2022-12-08,2023-06-07,182,5.495,8.023,2.987,351.42,70.4,86.177,128.8,8,3.8
DK,Danemark,DK,Denmark,DK,Denmark,2023-06-28,2023,6,28,maize,Maize silage (feed),Primary production,Zearalenone,yes,44.23542729,,1.4,quantified_positive,Numerical Value,yes,yes,Objective sampling,Official (National and EU) programme,According to Reg 152/2009,DK_latest_15402714_contaminants.zip,OCC_CHEMMON2024_DK_2023.ZIP/OCC_CHEMMON2024_DK_2023.CSV,C4C806411CAF61C61185E072EB09FC1D,NASA_POWER_DAILY_COUNTRY_MEAN,5,2022-12-28,2023-06-27,182,7.385,10.122,4.593,340.3,66.4,84.451,116.6,15.2,8.4
DK,Danemark,DK,Denmark,DK,Denmark,2023-07-11,2023,7,11,maize,Maize silage (feed),Primary production,Zearalenone,yes,24.49812716,,1.4,quantified_positive,Numerical Value,yes,yes,Objective sampling,Official (National and EU) programme,According to Reg 152/2009,DK_latest_15402714_contaminants.zip,OCC_CHEMMON2024_DK_2023.ZIP/OCC_CHEMMON2024_DK_2023.CSV,4603C55B22FF2522C6BCEF424D81BE02,NASA_POWER_DAILY_COUNTRY_MEAN,5,2023-01-11,2023-07-10,181,8.203,11.041,5.284,314.706,62,83.219,108.2,20.8,16.2
DK,Danemark,DK,Denmark,DK,Denmark,2023-08-01,2023,8,1,maize,Maize silage (feed),Primary production,Zearalenone,yes,16.89829551,,1.4,quantified_positive,Numerical Value,yes,yes,Objective sampling,Official (National and EU) programme,According to Reg 152/2009,DK_latest_15402714_contaminants.zip,OCC_CHEMMON2024_DK_2023.ZIP/OCC_CHEMMON2024_DK_2023.CSV,457C2B7F045ECF3779FFB540896F8D6F,NASA_POWER_DAILY_COUNTRY_MEAN,5,2023-02-01,2023-07-31,181,9.829,12.806,6.711,370.64,66.4,81.919,98.6,32.2,32
DK,Danemark,DK,Denmark,DK,Denmark,2019-02-12,2019,2,12,wheat,Wheat grains (feed),Primary production,Zearalenone,no,,,15,not_quantified_below_loq,Non Quantified Value ( less than LOQ),yes,yes,Objective sampling,Official (National and EU) programme,According to Reg 152/2009,DK_latest_15402714_contaminants.zip,OCC_CHEMMON2020_DK_2019.ZIP/OCC_CHEMMON2020_DK_2019.CSV,99F87EA5AEB3617EFF3A64299E909F47,NASA_POWER_DAILY_COUNTRY_MEAN,5,2018-08-12,2019-02-11,184,8.158,10.28,6.097,346.412,69.8,87.946,152.2,44.6,24.4
DK,Danemark,DK,Denmark,DK,Denmark,2019-04-11,2019,4,11,wheat,Wheat grains (feed),Primary production,Zearalenone,yes,21.41590664,,15,quantified_positive,Numerical Value,yes,yes,Objective sampling,Official (National and EU) programme,According to Reg 152/2009,DK_latest_15402714_contaminants.zip,OCC_CHEMMON2020_DK_2019.ZIP/OCC_CHEMMON2020_DK_2019.CSV,A7657F4EAAFC1761FAE00A1E8E108EC3,NASA_POWER_DAILY_COUNTRY_MEAN,5,2018-10-11,2019-04-10,182,4.91,6.994,3.002,325.338,64,89.95,165.4,11.2,2.6
DK,Danemark,DK,Denmark,DK,Denmark,2019-04-12,2019,4,12,wheat,Wheat grains (feed),Primary production,Zearalenone,no,,,15,not_quantified_below_loq,Non Quantified Value ( less than LOQ),yes,yes,Objective sampling,Official (National and EU) programme,According to Reg 152/2009,DK_latest_15402714_contaminants.zip,OCC_CHEMMON2020_DK_2019.ZIP/OCC_CHEMMON2020_DK_2019.CSV,A653AE80E4607DDDEA04AA4CE775B7A8,NASA_POWER_DAILY_COUNTRY_MEAN,5,2018-10-12,2019-04-11,182,4.848,6.923,2.94,325.618,64,89.889,164.6,10.2,2.6
DK,Danemark,DK,Denmark,DK,Denmark,2019-04-15,2019,4,15,wheat,Wheat grains (feed),Primary production,Zearalenone,no,13.15577635,,15,not_quantified_below_loq,Non Quantified Value ( less than LOQ),yes,yes,Objective sampling,Official (National and EU) programme,According to Reg 152/2009,DK_latest_15402714_contaminants.zip,OCC_CHEMMON2020_DK_2019.ZIP/OCC_CHEMMON2020_DK_2019.CSV,07C78949B1C732C7331468199AFCCC51,NASA_POWER_DAILY_COUNTRY_MEAN,5,2018-10-15,2019-04-14,182,4.66,6.727,2.749,325.838,64,89.718,162.2,7.6,2.6
DK,Danemark,DK,Denmark,DK,Denmark,2019-05-06,2019,5,6,wheat,Wheat grains (feed),Primary production,Zearalenone,no,,,15,not_quantified_below_loq,Non Quantified Value ( less than LOQ),yes,yes,Objective sampling,Official (National and EU) programme,According to Reg 152/2009,DK_latest_15402714_contaminants.zip,OCC_CHEMMON2020_DK_2019.ZIP/OCC_CHEMMON2020_DK_2019.CSV,CD128565731D4D2F0DF3FB1CD138E727,NASA_POWER_DAILY_COUNTRY_MEAN,5,2018-11-06,2019-05-05,181,4.65,6.863,2.592,310.524,60.6,88.356,149.4,6.6,3.6
DK,Danemark,DK,Denmark,DK,Denmark,2019-05-06,2019,5,6,wheat,Wheat grains (feed),Primary production,Zearalenone,no,,,15,not_quantified_below_loq,Non Quantified Value ( less than LOQ),yes,yes,Objective sampling,Official (National and EU) programme,According to Reg 152/2009,DK_latest_15402714_contaminants.zip,OCC_CHEMMON2020_DK_2019.ZIP/OCC_CHEMMON2020_DK_2019.CSV,760E6BAFDF321241AD44218A3B44DEC4,NASA_POWER_DAILY_COUNTRY_MEAN,5,2018-11-06,2019-05-05,181,4.65,6.863,2.592,310.524,60.6,88.356,149.4,6.6,3.6
DK,Danemark,DK,Denmark,DK,Denmark,2019-05-15,2019,5,15,wheat,Wheat grains (feed),Primary production,Zearalenone,no,,,15,not_quantified_below_loq,Non Quantified Value ( less than LOQ),yes,yes,Objective sampling,Official (National and EU) programme,According to Reg 152/2009,DK_latest_15402714_contaminants.zip,OCC_CHEMMON2020_DK_2019.ZIP/OCC_CHEMMON2020_DK_2019.CSV,C01612982946A41043CF4B4882B51FBF,NASA_POWER_DAILY_COUNTRY_MEAN,5,2018-11-15,2019-05-14,181,4.638,6.925,2.462,302.58,59,87.4,143,7.2,4.2
DK,Danemark,DK,Denmark,DK,Denmark,2019-05-29,2019,5,29,wheat,Wheat grains (feed),Primary production,Zearalenone,no,,,15,not_quantified_below_loq,Non Quantified Value ( less than LOQ),yes,yes,Objective sampling,Official (National and EU) programme,According to Reg 152/2009,DK_latest_15402714_contaminants.zip,OCC_CHEMMON2020_DK_2019.ZIP/OCC_CHEMMON2020_DK_2019.CSV,C9FA070809E7AE149849D51C79E1F514,NASA_POWER_DAILY_COUNTRY_MEAN,5,2018-11-29,2019-05-28,181,5.3,7.714,2.95,325.914,63.8,86.899,138,15.2,9.4
DK,Danemark,DK,Denmark,DK,Denmark,2019-07-30,2019,7,30,wheat,Wheat grains (feed),Primary production,Zearalenone,no,,,15,not_quantified_below_loq,Non Quantified Value ( less than LOQ),yes,yes,Objective sampling,Official (National and EU) programme,According to Reg 152/2009,DK_latest_15402714_contaminants.zip,OCC_CHEMMON2020_DK_2019.ZIP/OCC_CHEMMON2020_DK_2019.CSV,C82A809D403CC75270F1852EEB8F55A6,NASA_POWER_DAILY_COUNTRY_MEAN,5,2019-01-30,2019-07-29,181,10.095,13.141,7.009,304.566,59.8,82.253,106.8,42.4,31.8
DK,Danemark,DK,Denmark,DK,Denmark,2019-07-30,2019,7,30,wheat,Wheat grains (feed),Primary production,Zearalenone,no,,,15,not_quantified_below_loq,Non Quantified Value ( less than LOQ),yes,yes,Objective sampling,Official (National and EU) programme,According to Reg 152/2009,DK_latest_15402714_contaminants.zip,OCC_CHEMMON2020_DK_2019.ZIP/OCC_CHEMMON2020_DK_2019.CSV,C1F1CEFF4424300108751599BF945B5D,NASA_POWER_DAILY_COUNTRY_MEAN,5,2019-01-30,2019-07-29,181,10.095,13.141,7.009,304.566,59.8,82.253,106.8,42.4,31.8
DK,Danemark,DK,Denmark,DK,Denmark,2019-08-06,2019,8,6,wheat,Wheat grains (feed),Primary production,Zearalenone,no,,,15,not_quantified_below_loq,Non Quantified Value ( less than LOQ),yes,yes,Objective sampling,Official (National and EU) programme,According to Reg 152/2009,DK_latest_15402714_contaminants.zip,OCC_CHEMMON2020_DK_2019.ZIP/OCC_CHEMMON2020_DK_2019.CSV,FB91AA69F1D12BDB22F3342C44895F66,NASA_POWER_DAILY_COUNTRY_MEAN,5,2019-02-06,2019-08-05,181,10.791,13.887,7.65,321.402,61.4,81.718,103.4,46,35.2
DK,Danemark,DK,Denmark,DK,Denmark,2019-08-08,2019,8,8,wheat,Wheat grains (feed),Primary production,Zearalenone,no,,,15,not_quantified_below_loq,Non Quantified Value ( less than LOQ),yes,yes,Objective sampling,Official (National and EU) programme,According to Reg 152/2009,DK_latest_15402714_contaminants.zip,OCC_CHEMMON2020_DK_2019.ZIP/OCC_CHEMMON2020_DK_2019.CSV,77ECB38E790D6E5F8DE276393F11C5AC,NASA_POWER_DAILY_COUNTRY_MEAN,5,2019-02-08,2019-08-07,181,10.972,14.087,7.808,313.236,61,81.537,102.2,46.8,36.8
DK,Danemark,DK,Denmark,DK,Denmark,2019-08-22,2019,8,22,wheat,Wheat grains (feed),Primary production,Zearalenone,no,,,15,not_quantified_below_loq,Non Quantified Value ( less than LOQ),yes,yes,Objective sampling,Official (National and EU) programme,According to Reg 152/2009,DK_latest_15402714_contaminants.zip,OCC_CHEMMON2020_DK_2019.ZIP/OCC_CHEMMON2020_DK_2019.CSV,D6921BB0E6BB0B45F2218B653B4B9AF8,NASA_POWER_DAILY_COUNTRY_MEAN,5,2019-02-22,2019-08-21,181,11.947,15.111,8.711,332.214,65.2,80.569,95,53.6,45.8
DK,Danemark,DK,Denmark,DK,Denmark,2019-08-22,2019,8,22,wheat,Wheat grains (feed),Primary production,Zearalenone,no,,,15,not_quantified_below_loq,Non Quantified Value ( less than LOQ),yes,yes,Objective sampling,Official (National and EU) programme,According to Reg 152/2009,DK_latest_15402714_contaminants.zip,OCC_CHEMMON2020_DK_2019.ZIP/OCC_CHEMMON2020_DK_2019.CSV,02761B41D9F505C7306635CE0D3D5EB1,NASA_POWER_DAILY_COUNTRY_MEAN,5,2019-02-22,2019-08-21,181,11.947,15.111,8.711,332.214,65.2,80.569,95,53.6,45.8
DK,Danemark,DK,Denmark,DK,Denmark,2019-08-26,2019,8,26,wheat,Wheat grains (feed),Primary production,Zearalenone,no,,,15,not_quantified_below_loq,Non Quantified Value ( less than LOQ),yes,yes,Objective sampling,Official (National and EU) programme,According to Reg 152/2009,DK_latest_15402714_contaminants.zip,OCC_CHEMMON2020_DK_2019.ZIP/OCC_CHEMMON2020_DK_2019.CSV,3A95C3813513C67B2D844DA77F43AE17,NASA_POWER_DAILY_COUNTRY_MEAN,5,2019-02-26,2019-08-25,181,12.286,15.471,9.011,332.786,65.6,80.403,93.8,55.4,46.2
DK,Danemark,DK,Denmark,DK,Denmark,2019-08-26,2019,8,26,wheat,Wheat grains (feed),Primary production,Zearalenone,no,,,15,not_quantified_below_loq,Non Quantified Value ( less than LOQ),yes,yes,Objective sampling,Official (National and EU) programme,According to Reg 152/2009,DK_latest_15402714_contaminants.zip,OCC_CHEMMON2020_DK_2019.ZIP/OCC_CHEMMON2020_DK_2019.CSV,5DB0D1912289F149086A29D21C2DEB14,NASA_POWER_DAILY_COUNTRY_MEAN,5,2019-02-26,2019-08-25,181,12.286,15.471,9.011,332.786,65.6,80.403,93.8,55.4,46.2
DK,Danemark,DK,Denmark,DK,Denmark,2019-08-27,2019,8,27,wheat,Wheat grains (feed),Primary production,Zearalenone,no,12.31917872,,15,not_quantified_below_loq,Non Quantified Value ( less than LOQ),yes,yes,Objective sampling,Official (National and EU) programme,According to Reg 152/2009,DK_latest_15402714_contaminants.zip,OCC_CHEMMON2020_DK_2019.ZIP/OCC_CHEMMON2020_DK_2019.CSV,5F87C5F01AD8E56CD9394D00FAE9D5F2,NASA_POWER_DAILY_COUNTRY_MEAN,5,2019-02-27,2019-08-26,181,12.37,15.555,9.09,332.742,65.6,80.315,93,55.6,46.2
DK,Danemark,DK,Denmark,DK,Denmark,2019-08-27,2019,8,27,wheat,Wheat grains (feed),Primary production,Zearalenone,no,10.0689955,,15,not_quantified_below_loq,Non Quantified Value ( less than LOQ),yes,yes,Objective sampling,Official (National and EU) programme,According to Reg 152/2009,DK_latest_15402714_contaminants.zip,OCC_CHEMMON2020_DK_2019.ZIP/OCC_CHEMMON2020_DK_2019.CSV,089FA7E01B01CF3BB3618EB3E05F4E0C,NASA_POWER_DAILY_COUNTRY_MEAN,5,2019-02-27,2019-08-26,181,12.37,15.555,9.09,332.742,65.6,80.315,93,55.6,46.2
DK,Danemark,DK,Denmark,DK,Denmark,2019-08-28,2019,8,28,wheat,Wheat grains (feed),Primary production,Zearalenone,no,,,15,not_quantified_below_loq,Non Quantified Value ( less than LOQ),yes,yes,Objective sampling,Official (National and EU) programme,According to Reg 152/2009,DK_latest_15402714_contaminants.zip,OCC_CHEMMON2020_DK_2019.ZIP/OCC_CHEMMON2020_DK_2019.CSV,C5F51055B0CFD2B6BAAAD02B5CBF6656,NASA_POWER_DAILY_COUNTRY_MEAN,5,2019-02-28,2019-08-27,181,12.458,15.636,9.176,333.544,66,80.28,92.6,56.2,46.6
DK,Danemark,DK,Denmark,DK,Denmark,2019-08-29,2019,8,29,wheat,Wheat grains (feed),Primary production,Zearalenone,no,,,15,not_quantified_below_loq,Non Quantified Value ( less than LOQ),yes,yes,Objective sampling,Official (National and EU) programme,According to Reg 152/2009,DK_latest_15402714_contaminants.zip,OCC_CHEMMON2020_DK_2019.ZIP/OCC_CHEMMON2020_DK_2019.CSV,D9D57FF8865F7134973D14E18F987C00,NASA_POWER_DAILY_COUNTRY_MEAN,5,2019-02-28,2019-08-28,182,12.506,15.686,9.23,335.428,67,80.317,93.6,57.2,47.6
DK,Danemark,DK,Denmark,DK,Denmark,2019-08-30,2019,8,30,wheat,Wheat grains (feed),Primary production,Zearalenone,no,,,15,not_quantified_below_loq,Non Quantified Value ( less than LOQ),yes,yes,Objective sampling,Official (National and EU) programme,According to Reg 152/2009,DK_latest_15402714_contaminants.zip,OCC_CHEMMON2020_DK_2019.ZIP/OCC_CHEMMON2020_DK_2019.CSV,8F9967CB6AD951E2D22FDAA86F0CE309,NASA_POWER_DAILY_COUNTRY_MEAN,5,2019-02-28,2019-08-29,183,12.546,15.725,9.264,336.592,67.4,80.335,94.6,58.2,48
DK,Danemark,DK,Denmark,DK,Denmark,2019-08-30,2019,8,30,wheat,Wheat grains (feed),Primary production,Zearalenone,no,,,15,not_quantified_below_loq,Non Quantified Value ( less than LOQ),yes,yes,Objective sampling,Official (National and EU) programme,According to Reg 152/2009,DK_latest_15402714_contaminants.zip,OCC_CHEMMON2020_DK_2019.ZIP/OCC_CHEMMON2020_DK_2019.CSV,9DD7817EF33092213D83D6218D3D42CF,NASA_POWER_DAILY_COUNTRY_MEAN,5,2019-02-28,2019-08-29,183,12.546,15.725,9.264,336.592,67.4,80.335,94.6,58.2,48
DK,Danemark,DK,Denmark,DK,Denmark,2019-09-03,2019,9,3,wheat,Wheat grains (feed),Primary production,Zearalenone,yes,23.19590717,,15,quantified_positive,Numerical Value,yes,yes,Objective sampling,Official (National and EU) programme,According to Reg 152/2009,DK_latest_15402714_contaminants.zip,OCC_CHEMMON2020_DK_2019.ZIP/OCC_CHEMMON2020_DK_2019.CSV,C781151AF1A0E6FF2F1E338E28E5E590,NASA_POWER_DAILY_COUNTRY_MEAN,5,2019-03-03,2019-09-02,184,12.812,15.984,9.519,339.844,68.6,80.169,93.4,60,49.2
DK,Danemark,DK,Denmark,DK,Denmark,2019-09-04,2019,9,4,wheat,Wheat grains (feed),Primary production,Zearalenone,no,,,15,not_quantified_below_loq,Non Quantified Value ( less than LOQ),yes,yes,Objective sampling,Official (National and EU) programme,According to Reg 152/2009,DK_latest_15402714_contaminants.zip,OCC_CHEMMON2020_DK_2019.ZIP/OCC_CHEMMON2020_DK_2019.CSV,939D80AAAD1BFBAE7C99A77E5C05C2CE,NASA_POWER_DAILY_COUNTRY_MEAN,5,2019-03-04,2019-09-03,184,12.866,16.048,9.568,342.014,68.6,80.128,93.2,60.8,50.2
DK,Danemark,DK,Denmark,DK,Denmark,2019-09-05,2019,9,5,wheat,Wheat grains (feed),Primary production,Zearalenone,no,,,15,not_quantified_below_loq,Non Quantified Value ( less than LOQ),yes,yes,Objective sampling,Official (National and EU) programme,According to Reg 152/2009,DK_latest_15402714_contaminants.zip,OCC_CHEMMON2020_DK_2019.ZIP/OCC_CHEMMON2020_DK_2019.CSV,BB2124C7F108BED7D4FFE5E7BCE79679,NASA_POWER_DAILY_COUNTRY_MEAN,5,2019-03-05,2019-09-04,184,12.921,16.107,9.613,343.014,68.6,80.094,93.2,61.8,51.2
DK,Danemark,DK,Denmark,DK,Denmark,2019-09-19,2019,9,19,wheat,Wheat grains (feed),Primary production,Zearalenone,no,10.23065476,,15,not_quantified_below_loq,Non Quantified Value ( less than LOQ),yes,yes,Objective sampling,Official (National and EU) programme,According to Reg 152/2009,DK_latest_15402714_contaminants.zip,OCC_CHEMMON2020_DK_2019.ZIP/OCC_CHEMMON2020_DK_2019.CSV,A6490740727BBD0ABFB04CB202303355,NASA_POWER_DAILY_COUNTRY_MEAN,5,2019-03-19,2019-09-18,184,13.649,16.861,10.326,319.244,66.2,79.547,87,67.8,59.6
DK,Danemark,DK,Denmark,DK,Denmark,2019-10-08,2019,10,8,wheat,Wheat grains (feed),Primary production,Zearalenone,no,,,15,not_quantified_below_loq,Non Quantified Value ( less than LOQ),yes,yes,Objective sampling,Official (National and EU) programme,According to Reg 152/2009,DK_latest_15402714_contaminants.zip,OCC_CHEMMON2020_DK_2019.ZIP/OCC_CHEMMON2020_DK_2019.CSV,280B30B2FBBCE1BA0DEF277BAE3B8A55,NASA_POWER_DAILY_COUNTRY_MEAN,5,2019-04-08,2019-10-07,183,14.206,17.356,10.928,344.888,70.8,79.403,84.2,78.8,65.4
DK,Danemark,DK,Denmark,DK,Denmark,2020-02-25,2020,2,25,wheat,Wheat grains (feed),Primary production,Zearalenone,yes,38.72594496,,15,quantified_positive,Numerical Value,yes,yes,Objective sampling,Official (National and EU) programme,According to Reg 152/2009,DK_latest_15402714_contaminants.zip,OCC_CHEMMON2021_DK_2020.ZIP/OCC_CHEMMON2021_DK_2020.CSV,D135A874E73995604AB96DC6B6A3ED6B,NASA_POWER_DAILY_COUNTRY_MEAN,5,2019-08-25,2020-02-24,184,7.934,9.849,6.039,499.816,97.2,90.038,164.4,41.8,32.4
DK,Danemark,DK,Denmark,DK,Denmark,2020-02-26,2020,2,26,wheat,Wheat grains (feed),Primary production,Zearalenone,no,,,15,not_quantified_below_loq,Non Quantified Value ( less than LOQ),yes,yes,Objective sampling,Official (National and EU) programme,According to Reg 152/2009,DK_latest_15402714_contaminants.zip,OCC_CHEMMON2021_DK_2020.ZIP/OCC_CHEMMON2021_DK_2020.CSV,BD06A437F4E3E2A421F569AB9044AF0D,NASA_POWER_DAILY_COUNTRY_MEAN,5,2019-08-26,2020-02-25,184,7.848,9.747,5.968,505.22,98.2,90.098,165.2,41.6,32.4
DK,Danemark,DK,Denmark,DK,Denmark,2020-02-27,2020,2,27,wheat,Wheat grains (feed),Primary production,Zearalenone,no,,,15,not_quantified_below_loq,Non Quantified Value ( less than LOQ),yes,yes,Objective sampling,Official (National and EU) programme,According to Reg 152/2009,DK_latest_15402714_contaminants.zip,OCC_CHEMMON2021_DK_2020.ZIP/OCC_CHEMMON2021_DK_2020.CSV,052A2C1E86DB1CD9D67B9F6C1A0B6147,NASA_POWER_DAILY_COUNTRY_MEAN,5,2019-08-27,2020-02-26,184,7.742,9.626,5.872,506.884,99.2,90.151,166,41.4,32.4
DK,Danemark,DK,Denmark,DK,Denmark,2020-06-04,2020,6,4,wheat,Wheat grains (feed),Primary production,Zearalenone,no,,,15,not_quantified_below_loq,Non Quantified Value ( less than LOQ),yes,yes,Objective sampling,Official (National and EU) programme,According to Reg 152/2009,DK_latest_15402714_contaminants.zip,OCC_CHEMMON2021_DK_2020.ZIP/OCC_CHEMMON2021_DK_2020.CSV,E07B6D2C9D481F437D8EEAEBD18238A2,NASA_POWER_DAILY_COUNTRY_MEAN,5,2019-12-04,2020-06-03,183,6.181,8.574,3.662,334.864,72,86.353,134.4,7.4,3.8
DK,Danemark,DK,Denmark,DK,Denmark,2020-08-14,2020,8,14,wheat,Wheat grains (feed),Primary production,Zearalenone,no,,,15,not_quantified_below_loq,Non Quantified Value ( less than LOQ),yes,yes,Objective sampling,Official (National and EU) programme,According to Reg 152/2009,DK_latest_15402714_contaminants.zip,OCC_CHEMMON2021_DK_2020.ZIP/OCC_CHEMMON2021_DK_2020.CSV,2755CC8B6EDB38CCAA197F67D423F07C,NASA_POWER_DAILY_COUNTRY_MEAN,5,2020-02-14,2020-08-13,182,10.863,13.85,7.58,325.414,67.4,80.584,92,36.8,34.4
DK,Danemark,DK,Denmark,DK,Denmark,2020-08-17,2020,8,17,wheat,Wheat grains (feed),Primary production,Zearalenone,no,4.038781481,,15,not_quantified_below_loq,Non Quantified Value ( less than LOQ),yes,yes,Objective sampling,Official (National and EU) programme,According to Reg 152/2009,DK_latest_15402714_contaminants.zip,OCC_CHEMMON2021_DK_2020.ZIP/OCC_CHEMMON2021_DK_2020.CSV,8746120ED6A73CA62CE0B70239AEFB48,NASA_POWER_DAILY_COUNTRY_MEAN,5,2020-02-17,2020-08-16,182,11.117,14.146,7.792,303.076,65.2,80.246,89.2,37,34.4
DK,Danemark,DK,Denmark,DK,Denmark,2020-08-18,2020,8,18,wheat,Wheat grains (feed),Primary production,Zearalenone,no,3.139008121,,15,not_quantified_below_loq,Non Quantified Value ( less than LOQ),yes,yes,Objective sampling,Official (National and EU) programme,According to Reg 152/2009,DK_latest_15402714_contaminants.zip,OCC_CHEMMON2021_DK_2020.ZIP/OCC_CHEMMON2021_DK_2020.CSV,16D70EE5A38728C53BF07FC345B52431,NASA_POWER_DAILY_COUNTRY_MEAN,5,2020-02-18,2020-08-17,182,11.202,14.248,7.86,301.032,64.2,80.19,88.4,37.2,34.4
DK,Danemark,DK,Denmark,DK,Denmark,2020-08-21,2020,8,21,wheat,Wheat grains (feed),Primary production,Zearalenone,no,,,15,not_quantified_below_loq,Non Quantified Value ( less than LOQ),yes,yes,Objective sampling,Official (National and EU) programme,According to Reg 152/2009,DK_latest_15402714_contaminants.zip,OCC_CHEMMON2021_DK_2020.ZIP/OCC_CHEMMON2021_DK_2020.CSV,772D9E30F144B6C1564BEF43092CCBEB,NASA_POWER_DAILY_COUNTRY_MEAN,5,2020-02-21,2020-08-20,182,11.457,14.522,8.09,293.222,63.8,80.046,87.2,39,36.6
DK,Danemark,DK,Denmark,DK,Denmark,2020-08-24,2020,8,24,wheat,Wheat grains (feed),Primary production,Zearalenone,no,,,15,not_quantified_below_loq,Non Quantified Value ( less than LOQ),yes,yes,Objective sampling,Official (National and EU) programme,According to Reg 152/2009,DK_latest_15402714_contaminants.zip,OCC_CHEMMON2021_DK_2020.ZIP/OCC_CHEMMON2021_DK_2020.CSV,4E257F368E77218D606714B4C2BF8AD6,NASA_POWER_DAILY_COUNTRY_MEAN,5,2020-02-24,2020-08-23,182,11.682,14.768,8.293,293.97,64.2,79.994,86.2,41,39.6
DK,Danemark,DK,Denmark,DK,Denmark,2020-08-26,2020,8,26,wheat,Wheat grains (feed),Primary production,Zearalenone,no,,,15,not_quantified_below_loq,Non Quantified Value ( less than LOQ),yes,yes,Objective sampling,Official (National and EU) programme,According to Reg 152/2009,DK_latest_15402714_contaminants.zip,OCC_CHEMMON2021_DK_2020.ZIP/OCC_CHEMMON2021_DK_2020.CSV,48334836B90586B91B7AAEEDA9875046,NASA_POWER_DAILY_COUNTRY_MEAN,5,2020-02-26,2020-08-25,182,11.808,14.898,8.408,293.958,63.8,79.826,84.4,41.2,41.2
DK,Danemark,DK,Denmark,DK,Denmark,2020-09-01,2020,9,1,wheat,Wheat grains (feed),Primary production,Zearalenone,no,,,15,not_quantified_below_loq,Non Quantified Value ( less than LOQ),yes,yes,Objective sampling,Official (National and EU) programme,According to Reg 152/2009,DK_latest_15402714_contaminants.zip,OCC_CHEMMON2021_DK_2020.ZIP/OCC_CHEMMON2021_DK_2020.CSV,8D9742268DD6DE26933448D33240EA57,NASA_POWER_DAILY_COUNTRY_MEAN,5,2020-03-01,2020-08-31,184,12.148,15.233,8.756,309.716,65.6,79.654,83.8,44.6,45.8
DK,Danemark,DK,Denmark,DK,Denmark,2020-09-01,2020,9,1,wheat,Wheat grains (feed),Primary production,Zearalenone,no,,,15,not_quantified_below_loq,Non Quantified Value ( less than LOQ),yes,yes,Objective sampling,Official (National and EU) programme,According to Reg 152/2009,DK_latest_15402714_contaminants.zip,OCC_CHEMMON2021_DK_2020.ZIP/OCC_CHEMMON2021_DK_2020.CSV,C1FA42876F3723A95940A6511C4604F5,NASA_POWER_DAILY_COUNTRY_MEAN,5,2020-03-01,2020-08-31,184,12.148,15.233,8.756,309.716,65.6,79.654,83.8,44.6,45.8
DK,Danemark,DK,Denmark,DK,Denmark,2020-09-09,2020,9,9,wheat,Wheat grains (feed),Primary production,Zearalenone,no,,,15,not_quantified_below_loq,Non Quantified Value ( less than LOQ),yes,yes,Objective sampling,Official (National and EU) programme,According to Reg 152/2009,DK_latest_15402714_contaminants.zip,OCC_CHEMMON2021_DK_2020.ZIP/OCC_CHEMMON2021_DK_2020.CSV,FD4D54B8708C2A6A2160994F21671A6B,NASA_POWER_DAILY_COUNTRY_MEAN,5,2020-03-09,2020-09-08,184,12.635,15.751,9.201,308.016,67.2,79.099,79.2,48,50.2
DK,Danemark,DK,Denmark,DK,Denmark,2021-04-08,2021,4,8,wheat,Wheat grains (feed),Primary production,Zearalenone,no,,,15,not_quantified_below_loq,Non Quantified Value ( less than LOQ),yes,yes,Objective sampling,Official (National and EU) programme,According to Reg 152/2009,DK_latest_15402714_contaminants.zip,OCC_CHEMMON2022_DK_2021.ZIP/OCC_CHEMMON2022_DK_2021.CSV,77FA22B5E576E38FFBD35965DCB1D67C,NASA_POWER_DAILY_COUNTRY_MEAN,5,2020-10-08,2021-04-07,182,4.149,6.024,2.43,369.086,79.8,90.889,171.4,17.2,13.4
DK,Danemark,DK,Denmark,DK,Denmark,2021-04-20,2021,4,20,wheat,Wheat grains (feed),Primary production,Zearalenone,no,,,15,not_quantified_below_loq,Non Quantified Value ( less than LOQ),yes,yes,Objective sampling,Official (National and EU) programme,According to Reg 152/2009,DK_latest_15402714_contaminants.zip,OCC_CHEMMON2022_DK_2021.ZIP/OCC_CHEMMON2022_DK_2021.CSV,28B87DBF337DC1CD64F930879093A8D6,NASA_POWER_DAILY_COUNTRY_MEAN,5,2020-10-20,2021-04-19,182,3.901,5.828,2.096,353.984,76.2,90.503,167,14.2,10.8
DK,Danemark,DK,Denmark,DK,Denmark,2021-04-27,2021,4,27,wheat,Wheat grains (feed),Primary production,Zearalenone,no,8.028830802,,15,not_quantified_below_loq,Non Quantified Value ( less than LOQ),yes,yes,Objective sampling,Official (National and EU) programme,According to Reg 152/2009,DK_latest_15402714_contaminants.zip,OCC_CHEMMON2022_DK_2021.ZIP/OCC_CHEMMON2022_DK_2021.CSV,C28129F5BA815DA98F6AF0212A74C29E,NASA_POWER_DAILY_COUNTRY_MEAN,5,2020-10-27,2021-04-26,182,3.718,5.709,1.84,315.106,70.4,89.753,160.4,8.8,6.2
DK,Danemark,DK,Denmark,DK,Denmark,2021-04-28,2021,4,28,wheat,Wheat grains (feed),Primary production,Zearalenone,no,6.254812533,,15,not_quantified_below_loq,Non Quantified Value ( less than LOQ),yes,yes,Objective sampling,Official (National and EU) programme,According to Reg 152/2009,DK_latest_15402714_contaminants.zip,OCC_CHEMMON2022_DK_2021.ZIP/OCC_CHEMMON2022_DK_2021.CSV,723F8C0C036BB93C8C994BC34C6C76BD,NASA_POWER_DAILY_COUNTRY_MEAN,5,2020-10-28,2021-04-27,182,3.699,5.701,1.807,313.042,69.8,89.604,159.4,8.8,6.2
DK,Danemark,DK,Denmark,DK,Denmark,2021-05-04,2021,5,4,wheat,Wheat grains (feed),Primary production,Zearalenone,no,,,15,not_quantified_below_loq,Non Quantified Value ( less than LOQ),yes,yes,Objective sampling,Official (National and EU) programme,According to Reg 152/2009,DK_latest_15402714_contaminants.zip,OCC_CHEMMON2022_DK_2021.ZIP/OCC_CHEMMON2022_DK_2021.CSV,5908496A341A601413F01A1FFA4BB829,NASA_POWER_DAILY_COUNTRY_MEAN,5,2020-11-04,2021-05-03,181,3.539,5.579,1.611,283.114,65.8,89.155,154.6,4.2,2
DK,Danemark,DK,Denmark,DK,Denmark,2021-05-26,2021,5,26,wheat,Wheat grains (feed),Primary production,Zearalenone,no,,,15,not_quantified_below_loq,Non Quantified Value ( less than LOQ),yes,yes,Objective sampling,Official (National and EU) programme,According to Reg 152/2009,DK_latest_15402714_contaminants.zip,OCC_CHEMMON2022_DK_2021.ZIP/OCC_CHEMMON2022_DK_2021.CSV,49695F6356755FDEA22F399F9866435F,NASA_POWER_DAILY_COUNTRY_MEAN,5,2020-11-26,2021-05-25,181,3.767,5.956,1.668,340.42,72.4,88.365,152.4,13,10.8
DK,Danemark,DK,Denmark,DK,Denmark,2021-05-27,2021,5,27,wheat,Wheat grains (feed),Primary production,Zearalenone,no,,,15,not_quantified_below_loq,Non Quantified Value ( less than LOQ),yes,yes,Objective sampling,Official (National and EU) programme,According to Reg 152/2009,DK_latest_15402714_contaminants.zip,OCC_CHEMMON2022_DK_2021.ZIP/OCC_CHEMMON2022_DK_2021.CSV,7B12373AD783DFD256E822F9871BA02D,NASA_POWER_DAILY_COUNTRY_MEAN,5,2020-11-27,2021-05-26,181,3.784,5.971,1.688,344.3,73.2,88.316,152.4,13.6,11.2
DK,Danemark,DK,Denmark,DK,Denmark,2021-06-01,2021,6,1,wheat,Wheat grains (feed),Primary production,Zearalenone,no,,,15,not_quantified_below_loq,Non Quantified Value ( less than LOQ),yes,yes,Objective sampling,Official (National and EU) programme,According to Reg 152/2009,DK_latest_15402714_contaminants.zip,OCC_CHEMMON2022_DK_2021.ZIP/OCC_CHEMMON2022_DK_2021.CSV,6620DA4754AE58811FF94C2FB4E731E7,NASA_POWER_DAILY_COUNTRY_MEAN,5,2020-12-01,2021-05-31,182,4.066,6.309,1.889,341.34,72.6,87.961,150.4,15.6,12
DK,Danemark,DK,Denmark,DK,Denmark,2021-06-10,2021,6,10,wheat,Wheat grains (feed),Primary production,Zearalenone,no,,,15,not_quantified_below_loq,Non Quantified Value ( less than LOQ),yes,yes,Objective sampling,Official (National and EU) programme,According to Reg 152/2009,DK_latest_15402714_contaminants.zip,OCC_CHEMMON2022_DK_2021.ZIP/OCC_CHEMMON2022_DK_2021.CSV,0C6D47F77FFD6E6021A0B1C9C84E4860,NASA_POWER_DAILY_COUNTRY_MEAN,5,2020-12-10,2021-06-09,182,4.629,6.988,2.315,338.75,71.2,87.273,145.8,20,14
DK,Danemark,DK,Denmark,DK,Denmark,2021-08-13,2021,8,13,wheat,Wheat grains (feed),Primary production,Zearalenone,no,,,15,not_quantified_below_loq,Non Quantified Value ( less than LOQ),yes,yes,Objective sampling,Official (National and EU) programme,According to Reg 152/2009,DK_latest_15402714_contaminants.zip,OCC_CHEMMON2022_DK_2021.ZIP/OCC_CHEMMON2022_DK_2021.CSV,282E764AB50D9FC5E3293523C5EDE36A,NASA_POWER_DAILY_COUNTRY_MEAN,5,2021-02-13,2021-08-12,181,10.64,13.629,7.581,350.756,66.2,83.322,120.4,58,38
DK,Danemark,DK,Denmark,DK,Denmark,2021-08-17,2021,8,17,wheat,Wheat grains (feed),Primary production,Zearalenone,no,,,15,not_quantified_below_loq,Non Quantified Value ( less than LOQ),yes,yes,Objective sampling,Official (National and EU) programme,According to Reg 152/2009,DK_latest_15402714_contaminants.zip,OCC_CHEMMON2022_DK_2021.ZIP/OCC_CHEMMON2022_DK_2021.CSV,4073185AA33F33EB4D149003ED8F17DC,NASA_POWER_DAILY_COUNTRY_MEAN,5,2021-02-17,2021-08-16,181,11.076,14.075,8.005,360.812,67.4,83.091,119.2,60.8,41.2
DK,Danemark,DK,Denmark,DK,Denmark,2021-08-31,2021,8,31,wheat,Wheat grains (feed),Primary production,Zearalenone,no,,,15,not_quantified_below_loq,Non Quantified Value ( less than LOQ),yes,yes,Objective sampling,Official (National and EU) programme,According to Reg 152/2009,DK_latest_15402714_contaminants.zip,OCC_CHEMMON2022_DK_2021.ZIP/OCC_CHEMMON2022_DK_2021.CSV,29CD74843EEB3EEFA057C38CFF7290FD,NASA_POWER_DAILY_COUNTRY_MEAN,5,2021-02-28,2021-08-30,184,11.886,14.925,8.755,383.54,71.8,82.205,118,70.6,48.8
DK,Danemark,DK,Denmark,DK,Denmark,2021-09-03,2021,9,3,wheat,Wheat grains (feed),Primary production,Zearalenone,no,,,15,not_quantified_below_loq,Non Quantified Value ( less than LOQ),yes,yes,Objective sampling,Official (National and EU) programme,According to Reg 152/2009,DK_latest_15402714_contaminants.zip,OCC_CHEMMON2022_DK_2021.ZIP/OCC_CHEMMON2022_DK_2021.CSV,130D4ED3AEFCD8480E8A0B18A220594C,NASA_POWER_DAILY_COUNTRY_MEAN,5,2021-03-03,2021-09-02,184,12.101,15.164,8.935,384.708,72.4,81.981,116.8,72.4,49.4
DK,Danemark,DK,Denmark,DK,Denmark,2021-09-07,2021,9,7,wheat,Wheat grains (feed),Primary production,Zearalenone,no,,,15,not_quantified_below_loq,Non Quantified Value ( less than LOQ),yes,yes,Objective sampling,Official (National and EU) programme,According to Reg 152/2009,DK_latest_15402714_contaminants.zip,OCC_CHEMMON2022_DK_2021.ZIP/OCC_CHEMMON2022_DK_2021.CSV,46A9762F40694CC2FAA01E6E31B433B3,NASA_POWER_DAILY_COUNTRY_MEAN,5,2021-03-07,2021-09-06,184,12.395,15.475,9.213,384.432,72.4,81.8,115.2,74.6,49.4
DK,Danemark,DK,Denmark,DK,Denmark,2021-09-09,2021,9,9,wheat,Wheat grains (feed),Primary production,Zearalenone,no,,,15,not_quantified_below_loq,Non Quantified Value ( less than LOQ),yes,yes,Objective sampling,Official (National and EU) programme,According to Reg 152/2009,DK_latest_15402714_contaminants.zip,OCC_CHEMMON2022_DK_2021.ZIP/OCC_CHEMMON2022_DK_2021.CSV,345F82F47132D904E6BE348BA6640A23,NASA_POWER_DAILY_COUNTRY_MEAN,5,2021-03-09,2021-09-08,184,12.564,15.648,9.371,386.048,73,81.873,116.2,76.6,50
DK,Danemark,DK,Denmark,DK,Denmark,2021-09-14,2021,9,14,wheat,Wheat grains (feed),Primary production,Zearalenone,no,8.166333363,,15,not_quantified_below_loq,Non Quantified Value ( less than LOQ),yes,yes,Objective sampling,Official (National and EU) programme,According to Reg 152/2009,DK_latest_15402714_contaminants.zip,OCC_CHEMMON2022_DK_2021.ZIP/OCC_CHEMMON2022_DK_2021.CSV,49730EE8BA22CBBF5BADCC3F6DE877C4,NASA_POWER_DAILY_COUNTRY_MEAN,5,2021-03-14,2021-09-13,184,12.97,16.084,9.751,377.38,72.8,81.844,117,81,53.4
DK,Danemark,DK,Denmark,DK,Denmark,2021-09-15,2021,9,15,wheat,Wheat grains (feed),Primary production,Zearalenone,no,,,15,not_quantified_below_loq,Non Quantified Value ( less than LOQ),yes,yes,Objective sampling,Official (National and EU) programme,According to Reg 152/2009,DK_latest_15402714_contaminants.zip,OCC_CHEMMON2022_DK_2021.ZIP/OCC_CHEMMON2022_DK_2021.CSV,C7EA7451E26D2F7F7983A8B0D41AD095,NASA_POWER_DAILY_COUNTRY_MEAN,5,2021-03-15,2021-09-14,184,13.033,16.148,9.814,377.646,72.4,81.788,116.4,81.4,54
DK,Danemark,DK,Denmark,DK,Denmark,2022-01-24,2022,1,24,wheat,Wheat grains (feed),Primary production,Zearalenone,no,,,15,not_quantified_below_loq,Non Quantified Value ( less than LOQ),yes,yes,Objective sampling,Official (National and EU) programme,According to Reg 152/2009,DK_latest_15402714_contaminants.zip,OCC_CHEMMON2023_DK_2022.ZIP/OCC_CHEMMON2023_DK_2022.CSV,7C2B19ED383869640BE383C54F20A3D4,NASA_POWER_DAILY_COUNTRY_MEAN,5,2021-07-24,2022-01-23,184,9.766,11.916,7.622,673.696,113.2,88.461,160,70.4,52
DK,Danemark,DK,Denmark,DK,Denmark,2022-02-15,2022,2,15,wheat,Wheat grains (feed),Primary production,Zearalenone,no,,,15,not_quantified_below_loq,Non Quantified Value ( less than LOQ),yes,yes,Objective sampling,Official (National and EU) programme,According to Reg 152/2009,DK_latest_15402714_contaminants.zip,OCC_CHEMMON2023_DK_2022.ZIP/OCC_CHEMMON2023_DK_2022.CSV,484F3AC4BAB5961ACCDE876451257C5A,NASA_POWER_DAILY_COUNTRY_MEAN,5,2021-08-15,2022-02-14,184,8.096,10.105,6.094,705.89,116.2,89.718,169,57.8,39.2
DK,Danemark,DK,Denmark,DK,Denmark,2022-02-16,2022,2,16,wheat,Wheat grains (feed),Primary production,Zearalenone,no,,,15,not_quantified_below_loq,Non Quantified Value ( less than LOQ),yes,yes,Objective sampling,Official (National and EU) programme,According to Reg 152/2009,DK_latest_15402714_contaminants.zip,OCC_CHEMMON2023_DK_2022.ZIP/OCC_CHEMMON2023_DK_2022.CSV,4DC148F80F468BA348C7FB35701A2B26,NASA_POWER_DAILY_COUNTRY_MEAN,5,2021-08-16,2022-02-15,184,8.03,10.03,6.034,710.594,116.2,89.773,169.4,57.2,38.2
DK,Danemark,DK,Denmark,DK,Denmark,2022-02-22,2022,2,22,wheat,Wheat grains (feed),Primary production,Zearalenone,no,,,15,not_quantified_below_loq,Non Quantified Value ( less than LOQ),yes,yes,Objective sampling,Official (National and EU) programme,According to Reg 152/2009,DK_latest_15402714_contaminants.zip,OCC_CHEMMON2023_DK_2022.ZIP/OCC_CHEMMON2023_DK_2022.CSV,75E60D4051D33E6829FE023DD4483969,NASA_POWER_DAILY_COUNTRY_MEAN,5,2021-08-22,2022-02-21,184,7.654,9.634,5.688,744.6,118.4,90.121,171.6,53.4,34.4
DK,Danemark,DK,Denmark,DK,Denmark,2022-02-25,2022,2,25,wheat,Wheat grains (feed),Primary production,Zearalenone,no,,,15,not_quantified_below_loq,Non Quantified Value ( less than LOQ),yes,yes,Objective sampling,Official (National and EU) programme,According to Reg 152/2009,DK_latest_15402714_contaminants.zip,OCC_CHEMMON2023_DK_2022.ZIP/OCC_CHEMMON2023_DK_2022.CSV,8A75E254FB840BF3B4B40ADE3E4A3E45,NASA_POWER_DAILY_COUNTRY_MEAN,5,2021-08-25,2022-02-24,184,7.458,9.404,5.519,767.792,120.2,90.295,173.2,52,34
DK,Danemark,DK,Denmark,DK,Denmark,2022-03-03,2022,3,3,wheat,Wheat grains (feed),Primary production,Zearalenone,no,,,15,not_quantified_below_loq,Non Quantified Value ( less than LOQ),yes,yes,Objective sampling,Official (National and EU) programme,According to Reg 152/2009,DK_latest_15402714_contaminants.zip,OCC_CHEMMON2023_DK_2022.ZIP/OCC_CHEMMON2023_DK_2022.CSV,EA3446BB25B64AE759A2FB58D4882967,NASA_POWER_DAILY_COUNTRY_MEAN,5,2021-09-03,2022-03-02,181,6.855,8.773,4.958,757.062,117.2,90.586,171.6,44.6,29
DK,Danemark,DK,Denmark,DK,Denmark,2022-03-11,2022,3,11,wheat,Wheat grains (feed),Primary production,Zearalenone,no,,,15,not_quantified_below_loq,Non Quantified Value ( less than LOQ),yes,yes,Objective sampling,Official (National and EU) programme,According to Reg 152/2009,DK_latest_15402714_contaminants.zip,OCC_CHEMMON2023_DK_2022.ZIP/OCC_CHEMMON2023_DK_2022.CSV,027AFDE7F47B41A49E785817BC610A99,NASA_POWER_DAILY_COUNTRY_MEAN,5,2021-09-11,2022-03-10,181,6.209,8.107,4.373,759.776,118.4,90.861,173.2,38.8,27.4
DK,Danemark,DK,Denmark,DK,Denmark,2022-05-17,2022,5,17,wheat,Wheat grains (feed),Primary production,Zearalenone,no,2.097772904,,15,not_quantified_below_loq,Non Quantified Value ( less than LOQ),yes,yes,Objective sampling,Official (National and EU) programme,According to Reg 152/2009,DK_latest_15402714_contaminants.zip,OCC_CHEMMON2023_DK_2022.ZIP/OCC_CHEMMON2023_DK_2022.CSV,248B4222DF2B3C059FF2909ED4636F64,NASA_POWER_DAILY_COUNTRY_MEAN,5,2021-11-17,2022-05-16,181,4.575,6.933,2.252,527.428,86.6,88.531,154.8,9.6,4
DK,Danemark,DK,Denmark,DK,Denmark,2022-05-24,2022,5,24,wheat,Wheat grains (feed),Primary production,Zearalenone,no,,,15,not_quantified_below_loq,Non Quantified Value ( less than LOQ),yes,yes,Objective sampling,Official (National and EU) programme,According to Reg 152/2009,DK_latest_15402714_contaminants.zip,OCC_CHEMMON2023_DK_2022.ZIP/OCC_CHEMMON2023_DK_2022.CSV,29020D1783F689ACC6D6F0B4B008DD4A,NASA_POWER_DAILY_COUNTRY_MEAN,5,2021-11-24,2022-05-23,181,4.803,7.199,2.445,512.512,84.2,88.084,151.8,12.6,5.8
DK,Danemark,DK,Denmark,DK,Denmark,2022-05-25,2022,5,25,wheat,Wheat grains (feed),Primary production,Zearalenone,no,,,15,not_quantified_below_loq,Non Quantified Value ( less than LOQ),yes,yes,Objective sampling,Official (National and EU) programme,According to Reg 152/2009,DK_latest_15402714_contaminants.zip,OCC_CHEMMON2023_DK_2022.ZIP/OCC_CHEMMON2023_DK_2022.CSV,3599EE2E017F1BDF030DD2FF06747760,NASA_POWER_DAILY_COUNTRY_MEAN,5,2021-11-25,2022-05-24,181,4.839,7.242,2.47,518.992,84.6,88.03,151.8,13.6,6.8
DK,Danemark,DK,Denmark,DK,Denmark,2022-07-05,2022,7,5,wheat,Wheat grains (feed),Primary production,Zearalenone,no,9.266268326,,15,not_quantified_below_loq,Non Quantified Value ( less than LOQ),yes,yes,Objective sampling,Official (National and EU) programme,According to Reg 152/2009,DK_latest_15402714_contaminants.zip,OCC_CHEMMON2023_DK_2022.ZIP/OCC_CHEMMON2023_DK_2022.CSV,212274FA567635E4481573A878344BBD,NASA_POWER_DAILY_COUNTRY_MEAN,5,2022-01-05,2022-07-04,181,7.736,10.505,4.949,418.482,72.6,85.434,137.8,39.8,25
DK,Danemark,DK,Denmark,DK,Denmark,2022-07-07,2022,7,7,wheat,Wheat grains (feed),Primary production,Zearalenone,no,8.276033946,,15,not_quantified_below_loq,Non Quantified Value ( less than LOQ),yes,yes,Objective sampling,Official (National and EU) programme,According to Reg 152/2009,DK_latest_15402714_contaminants.zip,OCC_CHEMMON2023_DK_2022.ZIP/OCC_CHEMMON2023_DK_2022.CSV,16DD0DD779439BCB333337E3FECA195E,NASA_POWER_DAILY_COUNTRY_MEAN,5,2022-01-07,2022-07-06,181,7.895,10.676,5.097,420.694,72.8,85.288,135.8,39.8,26.2
DK,Danemark,DK,Denmark,DK,Denmark,2022-08-19,2022,8,19,wheat,Wheat grains (feed),Primary production,Zearalenone,no,,,15,not_quantified_below_loq,Non Quantified Value ( less than LOQ),yes,yes,Objective sampling,Official (National and EU) programme,According to Reg 152/2009,DK_latest_15402714_contaminants.zip,OCC_CHEMMON2023_DK_2022.ZIP/OCC_CHEMMON2023_DK_2022.CSV,6EBDABA934B5760A1B39B6925099EDBB,NASA_POWER_DAILY_COUNTRY_MEAN,5,2022-02-19,2022-08-18,181,11.305,14.481,8.039,296.416,56.4,82.318,112,57.6,37.6
DK,Danemark,DK,Denmark,DK,Denmark,2022-08-25,2022,8,25,wheat,Wheat grains (feed),Primary production,Zearalenone,no,,,15,not_quantified_below_loq,Non Quantified Value ( less than LOQ),yes,yes,Objective sampling,Official (National and EU) programme,According to Reg 152/2009,DK_latest_15402714_contaminants.zip,OCC_CHEMMON2023_DK_2022.ZIP/OCC_CHEMMON2023_DK_2022.CSV,84554341DFC595490527D4855FD519A9,NASA_POWER_DAILY_COUNTRY_MEAN,5,2022-02-25,2022-08-24,181,11.807,15.01,8.507,260.86,52.8,81.95,108.6,60.2,39.2
DK,Danemark,DK,Denmark,DK,Denmark,2022-08-31,2022,8,31,wheat,Wheat grains (feed),Primary production,Zearalenone,no,,,15,not_quantified_below_loq,Non Quantified Value ( less than LOQ),yes,yes,Objective sampling,Official (National and EU) programme,According to Reg 152/2009,DK_latest_15402714_contaminants.zip,OCC_CHEMMON2023_DK_2022.ZIP/OCC_CHEMMON2023_DK_2022.CSV,BC8BB398D602082E4DD5EF4D2727A5F5,NASA_POWER_DAILY_COUNTRY_MEAN,5,2022-02-28,2022-08-30,184,12.181,15.375,8.883,274.29,55.2,81.873,110,64.4,42.4
DK,Danemark,DK,Denmark,DK,Denmark,2022-09-01,2022,9,1,wheat,Wheat grains (feed),Primary production,Zearalenone,no,,,15,not_quantified_below_loq,Non Quantified Value ( less than LOQ),yes,yes,Objective sampling,Official (National and EU) programme,According to Reg 152/2009,DK_latest_15402714_contaminants.zip,OCC_CHEMMON2023_DK_2022.ZIP/OCC_CHEMMON2023_DK_2022.CSV,CF24DBCDFC396A9E6D9239CEEA55BCA2,NASA_POWER_DAILY_COUNTRY_MEAN,5,2022-03-01,2022-08-31,184,12.255,15.45,8.952,274.34,55.2,81.786,109,64.4,42.4
DK,Danemark,DK,Denmark,DK,Denmark,2022-09-12,2022,9,12,wheat,Wheat grains (feed),Primary production,Zearalenone,no,,,15,not_quantified_below_loq,Non Quantified Value ( less than LOQ),yes,yes,Objective sampling,Official (National and EU) programme,According to Reg 152/2009,DK_latest_15402714_contaminants.zip,OCC_CHEMMON2023_DK_2022.ZIP/OCC_CHEMMON2023_DK_2022.CSV,AF4A080399C4897DD4706C3CE02D437C,NASA_POWER_DAILY_COUNTRY_MEAN,5,2022-03-12,2022-09-11,184,13.135,16.306,9.818,283.666,54.6,81.145,103.4,68.4,45.8
DK,Danemark,DK,Denmark,DK,Denmark,2022-09-16,2022,9,16,wheat,Wheat grains (feed),Primary production,Zearalenone,no,4.122851608,,15,not_quantified_below_loq,Non Quantified Value ( less than LOQ),yes,yes,Objective sampling,Official (National and EU) programme,According to Reg 152/2009,DK_latest_15402714_contaminants.zip,OCC_CHEMMON2023_DK_2022.ZIP/OCC_CHEMMON2023_DK_2022.CSV,2FE09D58B75D35805FA543A4C5E8F09C,NASA_POWER_DAILY_COUNTRY_MEAN,5,2022-03-16,2022-09-15,184,13.375,16.528,10.061,289.618,55.2,81.085,103,71,47.6
DK,Danemark,DK,Denmark,DK,Denmark,2022-09-23,2022,9,23,wheat,Wheat grains (feed),Primary production,Zearalenone,no,,,15,not_quantified_below_loq,Non Quantified Value ( less than LOQ),yes,yes,Objective sampling,Official (National and EU) programme,According to Reg 152/2009,DK_latest_15402714_contaminants.zip,OCC_CHEMMON2023_DK_2022.ZIP/OCC_CHEMMON2023_DK_2022.CSV,835A34FFEA7BBC293B964EE1EDE978EB,NASA_POWER_DAILY_COUNTRY_MEAN,5,2022-03-23,2022-09-22,184,13.688,16.829,10.373,293.376,56.8,80.885,102.6,76.4,50.8
DK,Danemark,DK,Denmark,DK,Denmark,2022-10-12,2022,10,12,wheat,Wheat grains (feed),Primary production,Zearalenone,no,,,15,not_quantified_below_loq,Non Quantified Value ( less than LOQ),yes,yes,Objective sampling,Official (National and EU) programme,According to Reg 152/2009,DK_latest_15402714_contaminants.zip,OCC_CHEMMON2023_DK_2022.ZIP/OCC_CHEMMON2023_DK_2022.CSV,09CF9E6276D45911BEA7B457B650725E,NASA_POWER_DAILY_COUNTRY_MEAN,5,2022-04-12,2022-10-11,183,14.553,17.622,11.336,309.038,61.6,81.195,107,94.2,60.2
DK,Danemark,DK,Denmark,DK,Denmark,2022-10-13,2022,10,13,wheat,Wheat grains (feed),Primary production,Zearalenone,no,,,15,not_quantified_below_loq,Non Quantified Value ( less than LOQ),yes,yes,Objective sampling,Official (National and EU) programme,According to Reg 152/2009,DK_latest_15402714_contaminants.zip,OCC_CHEMMON2023_DK_2022.ZIP/OCC_CHEMMON2023_DK_2022.CSV,F9421A0B2FA9FED0704D67805590B83B,NASA_POWER_DAILY_COUNTRY_MEAN,5,2022-04-13,2022-10-12,183,14.587,17.657,11.378,309.218,61.6,81.239,107.2,95.2,60.2
DK,Danemark,DK,Denmark,DK,Denmark,2022-11-03,2022,11,3,wheat,Wheat grains (feed),Primary production,Zearalenone,no,1.032753544,,15,not_quantified_below_loq,Non Quantified Value ( less than LOQ),yes,yes,Objective sampling,Official (National and EU) programme,According to Reg 152/2009,DK_latest_15402714_contaminants.zip,OCC_CHEMMON2023_DK_2022.ZIP/OCC_CHEMMON2023_DK_2022.CSV,D5666178C69B3EC86FAE5AC3C46CA562,NASA_POWER_DAILY_COUNTRY_MEAN,5,2022-05-03,2022-11-02,184,14.949,17.863,11.938,349.224,71.6,82.569,117,113.8,71
DK,Danemark,DK,Denmark,DK,Denmark,2022-11-15,2022,11,15,wheat,Wheat grains (feed),Primary production,Zearalenone,no,,,15,not_quantified_below_loq,Non Quantified Value ( less than LOQ),yes,yes,Objective sampling,Official (National and EU) programme,According to Reg 152/2009,DK_latest_15402714_contaminants.zip,OCC_CHEMMON2023_DK_2022.ZIP/OCC_CHEMMON2023_DK_2022.CSV,B1AA00663DF6BFCEB1B497C9FC6A7B87,NASA_POWER_DAILY_COUNTRY_MEAN,5,2022-05-15,2022-11-14,184,14.932,17.726,12.074,354.652,73.2,83.219,121,116.4,71.2
DK,Danemark,DK,Denmark,DK,Denmark,2022-11-21,2022,11,21,wheat,Wheat grains (feed),Primary production,Zearalenone,no,,,15,not_quantified_below_loq,Non Quantified Value ( less than LOQ),yes,yes,Objective sampling,Official (National and EU) programme,According to Reg 152/2009,DK_latest_15402714_contaminants.zip,OCC_CHEMMON2023_DK_2022.ZIP/OCC_CHEMMON2023_DK_2022.CSV,53E0B550114583B1EE5FA97D313DC899,NASA_POWER_DAILY_COUNTRY_MEAN,5,2022-05-21,2022-11-20,184,14.679,17.411,11.883,350.516,73.4,83.233,120.2,112.2,69.8
DK,Danemark,DK,Denmark,DK,Denmark,2022-11-21,2022,11,21,wheat,Wheat grains (feed),Primary production,Zearalenone,no,,,15,not_quantified_below_loq,Non Quantified Value ( less than LOQ),yes,yes,Objective sampling,Official (National and EU) programme,According to Reg 152/2009,DK_latest_15402714_contaminants.zip,OCC_CHEMMON2023_DK_2022.ZIP/OCC_CHEMMON2023_DK_2022.CSV,CC10F1E91F4A7447CF5C1C9EB9828034,NASA_POWER_DAILY_COUNTRY_MEAN,5,2022-05-21,2022-11-20,184,14.679,17.411,11.883,350.516,73.4,83.233,120.2,112.2,69.8
DK,Danemark,DK,Denmark,DK,Denmark,2023-02-22,2023,2,22,wheat,Wheat grains (feed),Primary production,Zearalenone,no,,,15,not_quantified_below_loq,Non Quantified Value ( less than LOQ),yes,yes,Objective sampling,Official (National and EU) programme,According to Reg 152/2009,DK_latest_15402714_contaminants.zip,OCC_CHEMMON2024_DK_2023.ZIP/OCC_CHEMMON2024_DK_2023.CSV,E009CEA741F17EC2B9879658426B3384,NASA_POWER_DAILY_COUNTRY_MEAN,5,2022-08-22,2023-02-21,184,7.884,9.815,6.085,417.716,85,89.21,164.2,64,35.4
DK,Danemark,DK,Denmark,DK,Denmark,2023-02-28,2023,2,28,wheat,Wheat grains (feed),Primary production,Zearalenone,no,1.052291724,,15,not_quantified_below_loq,Non Quantified Value ( less than LOQ),yes,yes,Objective sampling,Official (National and EU) programme,According to Reg 152/2009,DK_latest_15402714_contaminants.zip,OCC_CHEMMON2024_DK_2023.ZIP/OCC_CHEMMON2024_DK_2023.CSV,462CC055D29663BD591954730A4FD1EB,NASA_POWER_DAILY_COUNTRY_MEAN,5,2022-08-28,2023-02-27,184,7.334,9.251,5.562,410.292,84.6,89.407,165.2,60,33.6
DK,Danemark,DK,Denmark,DK,Denmark,2023-03-01,2023,3,1,wheat,Wheat grains (feed),Primary production,Zearalenone,no,,,15,not_quantified_below_loq,Non Quantified Value ( less than LOQ),yes,yes,Objective sampling,Official (National and EU) programme,According to Reg 152/2009,DK_latest_15402714_contaminants.zip,OCC_CHEMMON2024_DK_2023.ZIP/OCC_CHEMMON2024_DK_2023.CSV,C24A3723516E31134ABF49DBFCC636EE,NASA_POWER_DAILY_COUNTRY_MEAN,5,2022-09-01,2023-02-28,181,7.097,9.005,5.341,405.53,83.2,89.69,165,58.8,32.2
DK,Danemark,DK,Denmark,DK,Denmark,2023-03-01,2023,3,1,wheat,Wheat grains (feed),Primary production,Zearalenone,no,,,15,not_quantified_below_loq,Non Quantified Value ( less than LOQ),yes,yes,Objective sampling,Official (National and EU) programme,According to Reg 152/2009,DK_latest_15402714_contaminants.zip,OCC_CHEMMON2024_DK_2023.ZIP/OCC_CHEMMON2024_DK_2023.CSV,CA717C362EA7741EE76108A13ECA32F6,NASA_POWER_DAILY_COUNTRY_MEAN,5,2022-09-01,2023-02-28,181,7.097,9.005,5.341,405.53,83.2,89.69,165,58.8,32.2
DK,Danemark,DK,Denmark,DK,Denmark,2023-03-02,2023,3,2,wheat,Wheat grains (feed),Primary production,Zearalenone,no,1.029803448,,15,not_quantified_below_loq,Non Quantified Value ( less than LOQ),yes,yes,Objective sampling,Official (National and EU) programme,According to Reg 152/2009,DK_latest_15402714_contaminants.zip,OCC_CHEMMON2024_DK_2023.ZIP/OCC_CHEMMON2024_DK_2023.CSV,0F406A5D7564EECD3AE92E25850880B2,NASA_POWER_DAILY_COUNTRY_MEAN,5,2022-09-02,2023-03-01,181,7.019,8.932,5.273,405.632,83.2,89.827,166,58.8,32.2
DK,Danemark,DK,Denmark,DK,Denmark,2023-03-06,2023,3,6,wheat,Wheat grains (feed),Primary production,Zearalenone,no,,,15,not_quantified_below_loq,Non Quantified Value ( less than LOQ),yes,yes,Objective sampling,Official (National and EU) programme,According to Reg 152/2009,DK_latest_15402714_contaminants.zip,OCC_CHEMMON2024_DK_2023.ZIP/OCC_CHEMMON2024_DK_2023.CSV,343E1C53F0E0D018C53F67C730913D22,NASA_POWER_DAILY_COUNTRY_MEAN,5,2022-09-06,2023-03-05,181,6.69,8.618,4.938,405.602,83.2,90.047,167.8,58.2,32.2
DK,Danemark,DK,Denmark,DK,Denmark,2023-03-07,2023,3,7,wheat,Wheat grains (feed),Primary production,Zearalenone,no,,,15,not_quantified_below_loq,Non Quantified Value ( less than LOQ),yes,yes,Objective sampling,Official (National and EU) programme,According to Reg 152/2009,DK_latest_15402714_contaminants.zip,OCC_CHEMMON2024_DK_2023.ZIP/OCC_CHEMMON2024_DK_2023.CSV,163A613364FF70CA1129D886E67480DB,NASA_POWER_DAILY_COUNTRY_MEAN,5,2022-09-07,2023-03-06,181,6.604,8.533,4.85,407.92,83.8,90.06,168,58.2,32.2
DK,Danemark,DK,Denmark,DK,Denmark,2023-03-08,2023,3,8,wheat,Wheat grains (feed),Primary production,Zearalenone,no,,,15,not_quantified_below_loq,Non Quantified Value ( less than LOQ),yes,yes,Objective sampling,Official (National and EU) programme,According to Reg 152/2009,DK_latest_15402714_contaminants.zip,OCC_CHEMMON2024_DK_2023.ZIP/OCC_CHEMMON2024_DK_2023.CSV,3F465A0A1151DCA35B3AC8DAE6BD3920,NASA_POWER_DAILY_COUNTRY_MEAN,5,2022-09-08,2023-03-07,181,6.515,8.442,4.76,410.688,84.4,90.104,168.6,57.8,31.8
DK,Danemark,DK,Denmark,DK,Denmark,2023-03-10,2023,3,10,wheat,Wheat grains (feed),Primary production,Zearalenone,no,,,15,not_quantified_below_loq,Non Quantified Value ( less than LOQ),yes,yes,Objective sampling,Official (National and EU) programme,According to Reg 152/2009,DK_latest_15402714_contaminants.zip,OCC_CHEMMON2024_DK_2023.ZIP/OCC_CHEMMON2024_DK_2023.CSV,EC0AD00A323215E9457FDB02AFF6C003,NASA_POWER_DAILY_COUNTRY_MEAN,5,2022-09-10,2023-03-09,181,6.333,8.26,4.576,390.214,82.6,90.003,168,56.8,29.8
DK,Danemark,DK,Denmark,DK,Denmark,2023-03-15,2023,3,15,wheat,Wheat grains (feed),Primary production,Zearalenone,no,,,15,not_quantified_below_loq,Non Quantified Value ( less than LOQ),yes,yes,Objective sampling,Official (National and EU) programme,According to Reg 152/2009,DK_latest_15402714_contaminants.zip,OCC_CHEMMON2024_DK_2023.ZIP/OCC_CHEMMON2024_DK_2023.CSV,53CAA06A03D81FC78292976E5F4AD3D4,NASA_POWER_DAILY_COUNTRY_MEAN,5,2022-09-15,2023-03-14,181,5.973,7.904,4.211,396.05,83.6,90.066,168.2,52.2,27
DK,Danemark,DK,Denmark,DK,Denmark,2023-03-22,2023,3,22,wheat,Wheat grains (feed),Primary production,Zearalenone,no,,,15,not_quantified_below_loq,Non Quantified Value ( less than LOQ),yes,yes,Objective sampling,Official (National and EU) programme,According to Reg 152/2009,DK_latest_15402714_contaminants.zip,OCC_CHEMMON2024_DK_2023.ZIP/OCC_CHEMMON2024_DK_2023.CSV,38764A567E0B8BAF9EAD7142615C6BC7,NASA_POWER_DAILY_COUNTRY_MEAN,5,2022-09-22,2023-03-21,181,5.674,7.576,3.925,404.764,86.2,90.464,170.2,47.4,23.8
DK,Danemark,DK,Denmark,DK,Denmark,2023-03-23,2023,3,23,wheat,Wheat grains (feed),Primary production,Zearalenone,no,,,15,not_quantified_below_loq,Non Quantified Value ( less than LOQ),yes,yes,Objective sampling,Official (National and EU) programme,According to Reg 152/2009,DK_latest_15402714_contaminants.zip,OCC_CHEMMON2024_DK_2023.ZIP/OCC_CHEMMON2024_DK_2023.CSV,8995F847829821B3FFBB7D704EFE9E85,NASA_POWER_DAILY_COUNTRY_MEAN,5,2022-09-23,2023-03-22,181,5.646,7.536,3.908,410.304,87.2,90.541,170.6,46.8,23.8
DK,Danemark,DK,Denmark,DK,Denmark,2023-03-27,2023,3,27,wheat,Wheat grains (feed),Primary production,Zearalenone,no,,,15,not_quantified_below_loq,Non Quantified Value ( less than LOQ),yes,yes,Objective sampling,Official (National and EU) programme,According to Reg 152/2009,DK_latest_15402714_contaminants.zip,OCC_CHEMMON2024_DK_2023.ZIP/OCC_CHEMMON2024_DK_2023.CSV,CBCA4F2A9AE2FD18C59284C4616F23C6,NASA_POWER_DAILY_COUNTRY_MEAN,5,2022-09-27,2023-03-26,181,5.503,7.385,3.759,416.32,88.6,90.618,171,43.2,22.2
DK,Danemark,DK,Denmark,DK,Denmark,2023-04-26,2023,4,26,wheat,Wheat grains (feed),Primary production,Zearalenone,no,,,15,not_quantified_below_loq,Non Quantified Value ( less than LOQ),yes,yes,Objective sampling,Official (National and EU) programme,According to Reg 152/2009,DK_latest_15402714_contaminants.zip,OCC_CHEMMON2024_DK_2023.ZIP/OCC_CHEMMON2024_DK_2023.CSV,7EC298587D9AB01F886D6ABE0A9D573A,NASA_POWER_DAILY_COUNTRY_MEAN,5,2022-10-26,2023-04-25,182,4.632,6.632,2.721,398.274,84.8,89.585,161.2,18.8,9
DK,Danemark,DK,Denmark,DK,Denmark,2023-04-27,2023,4,27,wheat,Wheat grains (feed),Primary production,Zearalenone,no,,,15,not_quantified_below_loq,Non Quantified Value ( less than LOQ),yes,yes,Objective sampling,Official (National and EU) programme,According to Reg 152/2009,DK_latest_15402714_contaminants.zip,OCC_CHEMMON2024_DK_2023.ZIP/OCC_CHEMMON2024_DK_2023.CSV,DF6E96CCA9A7EBEE65B411DB6A010F01,NASA_POWER_DAILY_COUNTRY_MEAN,5,2022-10-27,2023-04-26,182,4.598,6.601,2.689,397.98,84.8,89.485,160.4,17.8,9
DK,Danemark,DK,Denmark,DK,Denmark,2023-05-11,2023,5,11,wheat,Wheat grains (feed),Primary production,Zearalenone,no,,,15,not_quantified_below_loq,Non Quantified Value ( less than LOQ),yes,yes,Objective sampling,Official (National and EU) programme,According to Reg 152/2009,DK_latest_15402714_contaminants.zip,OCC_CHEMMON2024_DK_2023.ZIP/OCC_CHEMMON2024_DK_2023.CSV,50D55EF8E099D1ADC60666E29FED6E33,NASA_POWER_DAILY_COUNTRY_MEAN,5,2022-11-11,2023-05-10,181,4.314,6.43,2.262,374.784,76.8,88.209,146.4,4.4,1.6
DK,Danemark,DK,Denmark,DK,Denmark,2023-05-11,2023,5,11,wheat,Wheat grains (feed),Primary production,Zearalenone,no,,,15,not_quantified_below_loq,Non Quantified Value ( less than LOQ),yes,yes,Objective sampling,Official (National and EU) programme,According to Reg 152/2009,DK_latest_15402714_contaminants.zip,OCC_CHEMMON2024_DK_2023.ZIP/OCC_CHEMMON2024_DK_2023.CSV,EC06BEE6694BA93CD42FA5322C15AEED,NASA_POWER_DAILY_COUNTRY_MEAN,5,2022-11-11,2023-05-10,181,4.314,6.43,2.262,374.784,76.8,88.209,146.4,4.4,1.6
DK,Danemark,DK,Denmark,DK,Denmark,2023-06-20,2023,6,20,wheat,Wheat grains (feed),Primary production,Zearalenone,no,,,15,not_quantified_below_loq,Non Quantified Value ( less than LOQ),yes,yes,Objective sampling,Official (National and EU) programme,According to Reg 152/2009,DK_latest_15402714_contaminants.zip,OCC_CHEMMON2024_DK_2023.ZIP/OCC_CHEMMON2024_DK_2023.CSV,5939B518173DD1818A4B155EC3D0482F,NASA_POWER_DAILY_COUNTRY_MEAN,5,2022-12-20,2023-06-19,182,6.711,9.366,4.026,340.384,69,85.198,120.6,11.2,6
DK,Danemark,DK,Denmark,DK,Denmark,2023-08-04,2023,8,4,wheat,Wheat grains (feed),Primary production,Zearalenone,no,,,15,not_quantified_below_loq,Non Quantified Value ( less than LOQ),yes,yes,Objective sampling,Official (National and EU) programme,According to Reg 152/2009,DK_latest_15402714_contaminants.zip,OCC_CHEMMON2024_DK_2023.ZIP/OCC_CHEMMON2024_DK_2023.CSV,924059D5933A34184E31E4DA79E04EC3,NASA_POWER_DAILY_COUNTRY_MEAN,5,2023-02-04,2023-08-03,181,10.06,13.043,6.933,387.352,66.6,81.886,98.6,35.2,35
DK,Danemark,DK,Denmark,DK,Denmark,2023-08-10,2023,8,10,wheat,Wheat grains (feed),Primary production,Zearalenone,no,,,15,not_quantified_below_loq,Non Quantified Value ( less than LOQ),yes,yes,Objective sampling,Official (National and EU) programme,According to Reg 152/2009,DK_latest_15402714_contaminants.zip,OCC_CHEMMON2024_DK_2023.ZIP/OCC_CHEMMON2024_DK_2023.CSV,125A43572E5592C008BAC6C6D06FD981,NASA_POWER_DAILY_COUNTRY_MEAN,5,2023-02-10,2023-08-09,181,10.541,13.539,7.395,427.286,69.6,81.539,96,38.6,38.6
DK,Danemark,DK,Denmark,DK,Denmark,2023-08-17,2023,8,17,wheat,Wheat grains (feed),Primary production,Zearalenone,no,,,15,not_quantified_below_loq,Non Quantified Value ( less than LOQ),yes,yes,Objective sampling,Official (National and EU) programme,According to Reg 152/2009,DK_latest_15402714_contaminants.zip,OCC_CHEMMON2024_DK_2023.ZIP/OCC_CHEMMON2024_DK_2023.CSV,54DCF7FE4B97F201227B0E6478929035,NASA_POWER_DAILY_COUNTRY_MEAN,5,2023-02-17,2023-08-16,181,11.042,14.092,7.823,433.154,70.6,81.201,95,44.6,40.6
DK,Danemark,DK,Denmark,DK,Denmark,2023-08-22,2023,8,22,wheat,Wheat grains (feed),Primary production,Zearalenone,no,,,15,not_quantified_below_loq,Non Quantified Value ( less than LOQ),yes,yes,Objective sampling,Official (National and EU) programme,According to Reg 152/2009,DK_latest_15402714_contaminants.zip,OCC_CHEMMON2024_DK_2023.ZIP/OCC_CHEMMON2024_DK_2023.CSV,EC15BBBEDDE41E149975CC65B0A830D9,NASA_POWER_DAILY_COUNTRY_MEAN,5,2023-02-22,2023-08-21,181,11.395,14.465,8.155,432.112,70.8,81.203,95.2,49.6,43.2
DK,Danemark,DK,Denmark,DK,Denmark,2023-08-22,2023,8,22,wheat,Wheat grains (feed),Primary production,Zearalenone,no,,,15,not_quantified_below_loq,Non Quantified Value ( less than LOQ),yes,yes,Objective sampling,Official (National and EU) programme,According to Reg 152/2009,DK_latest_15402714_contaminants.zip,OCC_CHEMMON2024_DK_2023.ZIP/OCC_CHEMMON2024_DK_2023.CSV,8FE7A0856173385A3C76709C57774569,NASA_POWER_DAILY_COUNTRY_MEAN,5,2023-02-22,2023-08-21,181,11.395,14.465,8.155,432.112,70.8,81.203,95.2,49.6,43.2
DK,Danemark,DK,Denmark,DK,Denmark,2023-08-23,2023,8,23,wheat,Wheat grains (feed),Primary production,Zearalenone,no,,,15,not_quantified_below_loq,Non Quantified Value ( less than LOQ),yes,yes,Objective sampling,Official (National and EU) programme,According to Reg 152/2009,DK_latest_15402714_contaminants.zip,OCC_CHEMMON2024_DK_2023.ZIP/OCC_CHEMMON2024_DK_2023.CSV,AF306C42CA3E66C9027C82372A8B865A,NASA_POWER_DAILY_COUNTRY_MEAN,5,2023-02-23,2023-08-22,181,11.477,14.555,8.228,432.378,71.2,81.148,95,50.4,43.6
DK,Danemark,DK,Denmark,DK,Denmark,2023-08-24,2023,8,24,wheat,Wheat grains (feed),Primary production,Zearalenone,no,,,15,not_quantified_below_loq,Non Quantified Value ( less than LOQ),yes,yes,Objective sampling,Official (National and EU) programme,According to Reg 152/2009,DK_latest_15402714_contaminants.zip,OCC_CHEMMON2024_DK_2023.ZIP/OCC_CHEMMON2024_DK_2023.CSV,34AEC230DE79FF9C743B5AAE1CFDF4EE,NASA_POWER_DAILY_COUNTRY_MEAN,5,2023-02-24,2023-08-23,181,11.551,14.635,8.301,431.65,70.8,81.118,95,51.4,43.6
DK,Danemark,DK,Denmark,DK,Denmark,2023-08-28,2023,8,28,wheat,Wheat grains (feed),Primary production,Zearalenone,no,,,15,not_quantified_below_loq,Non Quantified Value ( less than LOQ),yes,yes,Objective sampling,Official (National and EU) programme,According to Reg 152/2009,DK_latest_15402714_contaminants.zip,OCC_CHEMMON2024_DK_2023.ZIP/OCC_CHEMMON2024_DK_2023.CSV,AB4276181EA0A5F9F1A94A5A5C86E725,NASA_POWER_DAILY_COUNTRY_MEAN,5,2023-02-28,2023-08-27,181,11.888,14.974,8.615,457.036,73.6,81.125,95.8,55.2,47.4
DK,Danemark,DK,Denmark,DK,Denmark,2023-08-30,2023,8,30,wheat,Wheat grains (feed),Primary production,Zearalenone,no,4.197687217,,15,not_quantified_below_loq,Non Quantified Value ( less than LOQ),yes,yes,Objective sampling,Official (National and EU) programme,According to Reg 152/2009,DK_latest_15402714_contaminants.zip,OCC_CHEMMON2024_DK_2023.ZIP/OCC_CHEMMON2024_DK_2023.CSV,EB1FEF0750C8A0C4E0B530B69A17CECA,NASA_POWER_DAILY_COUNTRY_MEAN,5,2023-02-28,2023-08-29,183,11.93,15.012,8.66,458.4,73.8,81.14,97.2,56.6,47.6
DK,Danemark,DK,Denmark,DK,Denmark,2023-08-31,2023,8,31,wheat,Wheat grains (feed),Primary production,Zearalenone,no,,,15,not_quantified_below_loq,Non Quantified Value ( less than LOQ),yes,yes,Objective sampling,Official (National and EU) programme,According to Reg 152/2009,DK_latest_15402714_contaminants.zip,OCC_CHEMMON2024_DK_2023.ZIP/OCC_CHEMMON2024_DK_2023.CSV,3510CB0D38A5D7956B0B80127447197B,NASA_POWER_DAILY_COUNTRY_MEAN,5,2023-02-28,2023-08-30,184,11.951,15.03,8.683,460.95,74.6,81.159,97.8,57.2,48.4
DK,Danemark,DK,Denmark,DK,Denmark,2023-09-01,2023,9,1,wheat,Wheat grains (feed),Primary production,Zearalenone,no,2.081812881,,15,not_quantified_below_loq,Non Quantified Value ( less than LOQ),yes,yes,Objective sampling,Official (National and EU) programme,According to Reg 152/2009,DK_latest_15402714_contaminants.zip,OCC_CHEMMON2024_DK_2023.ZIP/OCC_CHEMMON2024_DK_2023.CSV,6F8C42224EB9226302EAF8917BA8A9C4,NASA_POWER_DAILY_COUNTRY_MEAN,5,2023-03-01,2023-08-31,184,12.017,15.082,8.753,470.806,75.6,81.133,97.8,58.2,49.4
DK,Danemark,DK,Denmark,DK,Denmark,2023-09-12,2023,9,12,wheat,Wheat grains (feed),Primary production,Zearalenone,yes,17.8010683,,15,quantified_positive,Numerical Value,yes,yes,Objective sampling,Official (National and EU) programme,According to Reg 152/2009,DK_latest_15402714_contaminants.zip,OCC_CHEMMON2024_DK_2023.ZIP/OCC_CHEMMON2024_DK_2023.CSV,BFEBB0370A517C0944C88C248CFC14A6,NASA_POWER_DAILY_COUNTRY_MEAN,5,2023-03-12,2023-09-11,184,13.016,16.131,9.69,463.79,73.6,81.397,101.6,68.8,50
DK,Danemark,DK,Denmark,DK,Denmark,2023-09-22,2023,9,22,wheat,Wheat grains (feed),Primary production,Zearalenone,no,,,15,not_quantified_below_loq,Non Quantified Value ( less than LOQ),yes,yes,Objective sampling,Official (National and EU) programme,According to Reg 152/2009,DK_latest_15402714_contaminants.zip,OCC_CHEMMON2024_DK_2023.ZIP/OCC_CHEMMON2024_DK_2023.CSV,BA62639957BCCB93B1A2F463BD6FF987,NASA_POWER_DAILY_COUNTRY_MEAN,5,2023-03-22,2023-09-21,184,13.683,16.806,10.358,454.034,70,81.081,99.8,76.8,55.2
EE,Estonie,EE,Estonia,EE,Estonia,2019-08-05,2019,8,5,barley,Barley grains,Storage,Zearalenone,no,,,20,not_quantified_below_loq,Non Quantified Value ( less than LOQ),yes,yes,Objective sampling,Official (National) programme,According to Regulation (EU) 2023/2782 (repealing Regulation (EC) No 401/2006,EE_latest_15412636_contaminants.zip,OCC_CHEMMON2020_EE_2019.ZIP/OCC_CHEMMON2020_EE_2019.CSV,71ED6B48BAEB8FC08DD5507C57DB020E,NASA_POWER_DAILY_COUNTRY_MEAN,5,2019-02-05,2019-08-04,181,8.644,11.953,4.672,310.722,70.2,80.785,89.8,21.2,29.2
EE,Estonie,EE,Estonia,EE,Estonia,2019-08-09,2019,8,9,barley,Barley grains,Storage,Zearalenone,no,,,20,not_quantified_below_loq,Non Quantified Value ( less than LOQ),yes,yes,Objective sampling,Official (National) programme,According to Regulation (EU) 2023/2782 (repealing Regulation (EC) No 401/2006,EE_latest_15412636_contaminants.zip,OCC_CHEMMON2020_EE_2019.ZIP/OCC_CHEMMON2020_EE_2019.CSV,DF25895D5B371C5577841857E4ED6CD8,NASA_POWER_DAILY_COUNTRY_MEAN,5,2019-02-09,2019-08-08,181,9.083,12.418,5.109,310.486,69.2,80.342,87.2,22.6,31.4
EE,Estonie,EE,Estonia,EE,Estonia,2019-08-29,2019,8,29,barley,Barley grains,Storage,Zearalenone,no,,,20,not_quantified_below_loq,Non Quantified Value ( less than LOQ),yes,yes,Objective sampling,Official (National) programme,According to Regulation (EU) 2023/2782 (repealing Regulation (EC) No 401/2006,EE_latest_15412636_contaminants.zip,OCC_CHEMMON2020_EE_2019.ZIP/OCC_CHEMMON2020_EE_2019.CSV,8B0E4BB225CAE4BC545FC317EA87FB14,NASA_POWER_DAILY_COUNTRY_MEAN,5,2019-02-28,2019-08-28,182,11.106,14.697,6.93,302.31,67.2,78.3,72.6,26.8,37
EE,Estonie,EE,Estonia,EE,Estonia,2019-09-17,2019,9,17,barley,Barley grain (feed),Farm,Zearalenone,no,,20,20,not_quantified_below_loq,Non Quantified Value ( less than LOQ),yes,yes,Objective sampling,Official (National and EU) programme,According to Reg 152/2009,EE_latest_15412636_contaminants.zip,OCC_CHEMMON2020_EE_2019.ZIP/OCC_CHEMMON2020_EE_2019.CSV,0B74BBBB07DDB2F1A6146B75498A4930,NASA_POWER_DAILY_COUNTRY_MEAN,5,2019-03-17,2019-09-16,184,12.87,16.604,8.658,303.336,62.4,76.914,61.2,32,45.6
EE,Estonie,EE,Estonia,EE,Estonia,2019-09-30,2019,9,30,barley,Barley grains,Storage,Zearalenone,no,,,20,not_quantified_below_loq,Non Quantified Value ( less than LOQ),yes,yes,Objective sampling,Official (National) programme,According to Regulation (EU) 2023/2782 (repealing Regulation (EC) No 401/2006,EE_latest_15412636_contaminants.zip,OCC_CHEMMON2020_EE_2019.ZIP/OCC_CHEMMON2020_EE_2019.CSV,E86EFBF5B4246F5676D84D1613736325,NASA_POWER_DAILY_COUNTRY_MEAN,5,2019-03-30,2019-09-29,184,13.395,17.196,9.117,301.556,61.4,76.002,53,33.8,47.2
EE,Estonie,EE,Estonia,EE,Estonia,2019-10-02,2019,10,2,barley,Barley grains,Storage,Zearalenone,no,,,20,not_quantified_below_loq,Non Quantified Value ( less than LOQ),yes,yes,Objective sampling,Official (National) programme,According to Regulation (EU) 2023/2782 (repealing Regulation (EC) No 401/2006,EE_latest_15412636_contaminants.zip,OCC_CHEMMON2020_EE_2019.ZIP/OCC_CHEMMON2020_EE_2019.CSV,A018CE0218A26748A277E5A8E5F95516,NASA_POWER_DAILY_COUNTRY_MEAN,5,2019-04-02,2019-10-01,183,13.542,17.34,9.266,304.892,62,75.868,51.2,34.8,48.2
EE,Estonie,EE,Estonia,EE,Estonia,2019-10-08,2019,10,8,barley,Barley grains,Storage,Zearalenone,no,,,20,not_quantified_below_loq,Non Quantified Value ( less than LOQ),yes,yes,Objective sampling,Official (National) programme,According to Regulation (EU) 2023/2782 (repealing Regulation (EC) No 401/2006,EE_latest_15412636_contaminants.zip,OCC_CHEMMON2020_EE_2019.ZIP/OCC_CHEMMON2020_EE_2019.CSV,58D43515518FD202A6A44CC64E3A26C4,NASA_POWER_DAILY_COUNTRY_MEAN,5,2019-04-08,2019-10-07,183,13.56,17.255,9.376,312.49,64.6,76.065,55,34.8,48.2
EE,Estonie,EE,Estonia,EE,Estonia,2019-10-08,2019,10,8,barley,Barley grains,Storage,Zearalenone,no,,,20,not_quantified_below_loq,Non Quantified Value ( less than LOQ),yes,yes,Objective sampling,Official (National) programme,According to Regulation (EU) 2023/2782 (repealing Regulation (EC) No 401/2006,EE_latest_15412636_contaminants.zip,OCC_CHEMMON2020_EE_2019.ZIP/OCC_CHEMMON2020_EE_2019.CSV,7C9EAF219923D443E0D920BB2E191AAB,NASA_POWER_DAILY_COUNTRY_MEAN,5,2019-04-08,2019-10-07,183,13.56,17.255,9.376,312.49,64.6,76.065,55,34.8,48.2
EE,Estonie,EE,Estonia,EE,Estonia,2019-10-09,2019,10,9,barley,Barley grains,Storage,Zearalenone,no,,,20,not_quantified_below_loq,Non Quantified Value ( less than LOQ),yes,yes,Objective sampling,Official (National) programme,According to Regulation (EU) 2023/2782 (repealing Regulation (EC) No 401/2006,EE_latest_15412636_contaminants.zip,OCC_CHEMMON2020_EE_2019.ZIP/OCC_CHEMMON2020_EE_2019.CSV,1283659C8B3D890E189830B264B2CC08,NASA_POWER_DAILY_COUNTRY_MEAN,5,2019-04-09,2019-10-08,183,13.568,17.257,9.384,313.718,64.8,76.082,55,34.8,48.2
EE,Estonie,EE,Estonia,EE,Estonia,2020-09-29,2020,9,29,barley,Barley grain (feed),Farm,Zearalenone,no,,20,20,not_detected_below_lod,Non Detected Value ( less than LOD),yes,yes,Objective sampling,Official (National and EU) programme,According to Reg 152/2009,EE_latest_15412636_contaminants.zip,OCC_CHEMMON2021_EE_2020.ZIP/OCC_CHEMMON2021_EE_2020.CSV,EE8C3CCFC27345C4B41BF95A4234BFB5,NASA_POWER_DAILY_COUNTRY_MEAN,5,2020-03-29,2020-09-28,184,12.941,16.279,9.147,382.704,73.2,78.038,80.4,52.6,51.8
EE,Estonie,EE,Estonia,EE,Estonia,2020-10-20,2020,10,20,barley,Barley grain (feed),Farm,Zearalenone,no,,20,20,not_detected_below_lod,Non Detected Value ( less than LOD),yes,yes,Objective sampling,Official (National and EU) programme,According to Reg 152/2009,EE_latest_15412636_contaminants.zip,OCC_CHEMMON2021_EE_2020.ZIP/OCC_CHEMMON2021_EE_2020.CSV,3580410F4E81E922A59941616A2C3BF4,NASA_POWER_DAILY_COUNTRY_MEAN,5,2020-04-20,2020-10-19,183,13.79,17.111,10.078,378.95,72.2,78.774,87.2,64.4,57
EE,Estonie,EE,Estonia,EE,Estonia,2020-10-27,2020,10,27,barley,Barley grain (feed),Farm,Zearalenone,yes,25.9,20,20,quantified_positive,Numerical Value,yes,yes,Objective sampling,Official (National and EU) programme,According to Reg 152/2009,EE_latest_15412636_contaminants.zip,OCC_CHEMMON2021_EE_2020.ZIP/OCC_CHEMMON2021_EE_2020.CSV,49E0416F96559F3D64557D32BE919B42,NASA_POWER_DAILY_COUNTRY_MEAN,5,2020-04-27,2020-10-26,183,13.843,17.111,10.186,400.246,76.8,79.308,91.8,64.8,57.4
EE,Estonie,EE,Estonia,EE,Estonia,2021-05-11,2021,5,11,barley,Barley grain (feed),Farm,Zearalenone,no,,5,5,not_quantified_below_loq,Non Quantified Value ( less than LOQ),yes,yes,Objective sampling,Official (National and EU) programme,According to Reg 152/2009,EE_latest_15412636_contaminants.zip,OCC_CHEMMON2022_EE_2021.ZIP/OCC_CHEMMON2022_EE_2021.CSV,C0C5082A5033B056F2BF3DC87610B897,NASA_POWER_DAILY_COUNTRY_MEAN,5,2020-11-11,2021-05-10,181,-1.789,0.59,-4.416,315.068,77.8,92.528,170.2,0.4,0.4
EE,Estonie,EE,Estonia,EE,Estonia,2021-10-14,2021,10,14,barley,Barley grain (feed),Farm,Zearalenone,no,,5,5,not_quantified_below_loq,Non Quantified Value ( less than LOQ),yes,yes,Objective sampling,Official (National and EU) programme,According to Reg 152/2009,EE_latest_15412636_contaminants.zip,OCC_CHEMMON2022_EE_2021.ZIP/OCC_CHEMMON2022_EE_2021.CSV,D8D314EDDF1225F437D10EF84F906BA1,NASA_POWER_DAILY_COUNTRY_MEAN,5,2021-04-14,2021-10-13,183,14.019,17.378,10.353,364.672,71.6,79.251,88.8,52,54.2
EE,Estonie,EE,Estonia,EE,Estonia,2020-05-29,2020,5,29,wheat,Wheat grains (feed),Farm,Zearalenone,no,,20,20,not_detected_below_lod,Non Detected Value ( less than LOD),yes,yes,Objective sampling,Official (National and EU) programme,According to Reg 152/2009,EE_latest_15412636_contaminants.zip,OCC_CHEMMON2021_EE_2020.ZIP/OCC_CHEMMON2021_EE_2020.CSV,AD141774D7E7A78C59EE97E2920117A5,NASA_POWER_DAILY_COUNTRY_MEAN,5,2019-11-29,2020-05-28,182,2.665,4.954,0.272,358.184,81,87.739,141.8,1.2,1.2
EE,Estonie,EE,Estonia,EE,Estonia,2021-08-17,2021,8,17,wheat,Wheat grains (feed),Farm,Zearalenone,yes,15,5,5,quantified_positive,Numerical Value,yes,yes,Objective sampling,Official (National and EU) programme,According to Reg 152/2009,EE_latest_15412636_contaminants.zip,OCC_CHEMMON2022_EE_2021.ZIP/OCC_CHEMMON2022_EE_2021.CSV,A534429E6071A8ECD8917B5025A8CB61,NASA_POWER_DAILY_COUNTRY_MEAN,5,2021-02-17,2021-08-16,181,10.146,13.372,6.427,350.838,74.4,81.986,105,29.8,38.4
EE,Estonie,EE,Estonia,EE,Estonia,2021-10-11,2021,10,11,wheat,Wheat grains (feed),Storage,Zearalenone,no,,5,5,not_quantified_below_loq,Non Quantified Value ( less than LOQ),yes,yes,Objective sampling,Official (National and EU) programme,According to Reg 152/2009,EE_latest_15412636_contaminants.zip,OCC_CHEMMON2022_EE_2021.ZIP/OCC_CHEMMON2022_EE_2021.CSV,05DF617E2B3EF8E303E333963D591F48,NASA_POWER_DAILY_COUNTRY_MEAN,5,2021-04-11,2021-10-10,183,13.995,17.374,10.296,364.962,72,79.198,89,52,54.2
HU,Hongrie,HU,Hungary,HU,Hungary,2019-01-14,2019,1,14,maize,Maize grain (feed),Primary production,Zearalenone,no,,,25,not_quantified_below_loq,Non Quantified Value ( less than LOQ),yes,yes,Selective sampling,Official (National) programme,,HU_latest_15333988_contaminants.zip,OCC_CHEMMON2020_HU_2019.ZIP/OCC_CHEMMON2020_HU_2019.CSV,9069292B3ADE889D55ED7DA3AF8D3D3B,NASA_POWER_DAILY_COUNTRY_MEAN,5,2018-07-14,2019-01-13,184,12.862,18.297,8.122,255.16,48,71.946,59.8,8.8,27.4
HU,Hongrie,HU,Hungary,HU,Hungary,2019-01-15,2019,1,15,maize,Maize grain (feed),Primary production,Zearalenone,no,,,25,not_quantified_below_loq,Non Quantified Value ( less than LOQ),yes,yes,Selective sampling,Official (National) programme,,HU_latest_15333988_contaminants.zip,OCC_CHEMMON2020_HU_2019.ZIP/OCC_CHEMMON2020_HU_2019.CSV,189742E2E9B14EBD002A4E4E1BD0AC15,NASA_POWER_DAILY_COUNTRY_MEAN,5,2018-07-15,2019-01-14,184,12.743,18.167,8.019,255.75,48,72.1,60.8,8.8,27.2
HU,Hongrie,HU,Hungary,HU,Hungary,2019-01-17,2019,1,17,maize,Maize grain (feed),Primary production,Zearalenone,no,,,25,not_quantified_below_loq,Non Quantified Value ( less than LOQ),yes,yes,Selective sampling,Official (National) programme,,HU_latest_15333988_contaminants.zip,OCC_CHEMMON2020_HU_2019.ZIP/OCC_CHEMMON2020_HU_2019.CSV,F3F920B8B0E58666EEB1A87BE850C14E,NASA_POWER_DAILY_COUNTRY_MEAN,5,2018-07-17,2019-01-16,184,12.499,17.901,7.808,255.05,47.8,72.401,62.6,8.8,26.8
HU,Hongrie,HU,Hungary,HU,Hungary,2019-01-25,2019,1,25,maize,Maize grain (feed),Primary production,Zearalenone,no,,,25,not_quantified_below_loq,Non Quantified Value ( less than LOQ),yes,yes,Selective sampling,Official (National) programme,,HU_latest_15333988_contaminants.zip,OCC_CHEMMON2020_HU_2019.ZIP/OCC_CHEMMON2020_HU_2019.CSV,0557DD2EA617C8CA0C6B194562C8AFF5,NASA_POWER_DAILY_COUNTRY_MEAN,5,2018-07-25,2019-01-24,184,11.455,16.786,6.849,242.686,47,73.324,69,7.4,22
HU,Hongrie,HU,Hungary,HU,Hungary,2019-01-29,2019,1,29,maize,Maize grain (feed),Primary production,Zearalenone,no,,,25,not_quantified_below_loq,Non Quantified Value ( less than LOQ),yes,yes,Selective sampling,Official (National) programme,,HU_latest_15333988_contaminants.zip,OCC_CHEMMON2020_HU_2019.ZIP/OCC_CHEMMON2020_HU_2019.CSV,27FB44D254F63EABBAA2392F64D135C0,NASA_POWER_DAILY_COUNTRY_MEAN,5,2018-07-29,2019-01-28,184,10.878,16.164,6.334,241.5,46.6,73.808,72.4,7.4,20.2
HU,Hongrie,HU,Hungary,HU,Hungary,2019-01-30,2019,1,30,maize,Maize grain (feed),Primary production,Zearalenone,no,,,25,not_quantified_below_loq,Non Quantified Value ( less than LOQ),yes,yes,Selective sampling,Official (National) programme,,HU_latest_15333988_contaminants.zip,OCC_CHEMMON2020_HU_2019.ZIP/OCC_CHEMMON2020_HU_2019.CSV,971A3C78B41CACC182D1D704D05CAAF8,NASA_POWER_DAILY_COUNTRY_MEAN,5,2018-07-30,2019-01-29,184,10.731,16.002,6.211,241.264,46.6,73.962,73.4,7.4,20
HU,Hongrie,HU,Hungary,HU,Hungary,2019-02-04,2019,2,4,maize,Maize grain (feed),Primary production,Zearalenone,no,,,25,not_quantified_below_loq,Non Quantified Value ( less than LOQ),yes,yes,Selective sampling,Official (National) programme,,HU_latest_15333988_contaminants.zip,OCC_CHEMMON2020_HU_2019.ZIP/OCC_CHEMMON2020_HU_2019.CSV,75AA550D9F4988D6B8905F3E9B50B146,NASA_POWER_DAILY_COUNTRY_MEAN,5,2018-08-04,2019-02-03,184,10.102,15.347,5.626,233.108,45.6,74.539,77.6,6.6,17.4
HU,Hongrie,HU,Hungary,HU,Hungary,2019-02-04,2019,2,4,maize,Maize grain (feed),Primary production,Zearalenone,no,,,25,not_quantified_below_loq,Non Quantified Value ( less than LOQ),yes,yes,Selective sampling,Official (National) programme,,HU_latest_15333988_contaminants.zip,OCC_CHEMMON2020_HU_2019.ZIP/OCC_CHEMMON2020_HU_2019.CSV,1F986DB4F84606D8FDFF919B5AF0D734,NASA_POWER_DAILY_COUNTRY_MEAN,5,2018-08-04,2019-02-03,184,10.102,15.347,5.626,233.108,45.6,74.539,77.6,6.6,17.4
HU,Hongrie,HU,Hungary,HU,Hungary,2019-02-05,2019,2,5,maize,Maize grain (feed),Primary production,Zearalenone,no,,,25,not_quantified_below_loq,Non Quantified Value ( less than LOQ),yes,yes,Selective sampling,Official (National) programme,,HU_latest_15333988_contaminants.zip,OCC_CHEMMON2020_HU_2019.ZIP/OCC_CHEMMON2020_HU_2019.CSV,C8321A044AEA4FDA7B5546B9AB719F74,NASA_POWER_DAILY_COUNTRY_MEAN,5,2018-08-05,2019-02-04,184,9.965,15.202,5.511,233.05,45.6,74.711,78.6,6.6,17.4
HU,Hongrie,HU,Hungary,HU,Hungary,2019-02-11,2019,2,11,maize,Maize grain (feed),Primary production,Zearalenone,no,,,25,not_quantified_below_loq,Non Quantified Value ( less than LOQ),yes,yes,Selective sampling,Official (National) programme,,HU_latest_15333988_contaminants.zip,OCC_CHEMMON2020_HU_2019.ZIP/OCC_CHEMMON2020_HU_2019.CSV,7616A3C4B7AE07216A6FABE9A3F299B3,NASA_POWER_DAILY_COUNTRY_MEAN,5,2018-08-11,2019-02-10,184,9.101,14.285,4.761,232.422,45.8,75.758,84.2,6.6,16.8
HU,Hongrie,HU,Hungary,HU,Hungary,2019-02-14,2019,2,14,maize,Maize grain (feed),Primary production,Zearalenone,no,,,25,not_quantified_below_loq,Non Quantified Value ( less than LOQ),yes,yes,Selective sampling,Official (National) programme,,HU_latest_15333988_contaminants.zip,OCC_CHEMMON2020_HU_2019.ZIP/OCC_CHEMMON2020_HU_2019.CSV,09B608C5B274DB9F4A41A63FF90A0273,NASA_POWER_DAILY_COUNTRY_MEAN,5,2018-08-14,2019-02-13,184,8.73,13.874,4.439,234.062,46.2,76.191,86,6.6,16.2
HU,Hongrie,HU,Hungary,HU,Hungary,2019-02-20,2019,2,20,maize,Maize grain (feed),Primary production,Zearalenone,no,,,25,not_quantified_below_loq,Non Quantified Value ( less than LOQ),yes,yes,Selective sampling,Official (National) programme,,HU_latest_15333988_contaminants.zip,OCC_CHEMMON2020_HU_2019.ZIP/OCC_CHEMMON2020_HU_2019.CSV,6C41BEA50878A652577FE350FAA18A46,NASA_POWER_DAILY_COUNTRY_MEAN,5,2018-08-20,2019-02-19,184,8.059,13.24,3.807,226.274,44.4,76.86,89,6.4,14.4
HU,Hongrie,HU,Hungary,HU,Hungary,2019-02-21,2019,2,21,maize,Maize grain (feed),Primary production,Zearalenone,no,,,25,not_quantified_below_loq,Non Quantified Value ( less than LOQ),yes,yes,Selective sampling,Official (National) programme,,HU_latest_15333988_contaminants.zip,OCC_CHEMMON2020_HU_2019.ZIP/OCC_CHEMMON2020_HU_2019.CSV,7A5F431B6CE4B90246456254A003F962,NASA_POWER_DAILY_COUNTRY_MEAN,5,2018-08-21,2019-02-20,184,7.94,13.119,3.702,226.266,44.4,77.012,89,6.4,14.4
HU,Hongrie,HU,Hungary,HU,Hungary,2019-03-13,2019,3,13,maize,Maize grain (feed),Primary production,Zearalenone,no,,,25,not_quantified_below_loq,Non Quantified Value ( less than LOQ),yes,yes,Selective sampling,Official (National) programme,,HU_latest_15333988_contaminants.zip,OCC_CHEMMON2020_HU_2019.ZIP/OCC_CHEMMON2020_HU_2019.CSV,C2B881EC839D24A0D0E3534C8BBFFFFF,NASA_POWER_DAILY_COUNTRY_MEAN,5,2018-09-13,2019-03-12,181,5.969,11.087,1.826,173.712,40.8,78.132,90,5,7.8
HU,Hongrie,CZ,Czechia,CZ,Czechia,2019-06-10,2019,6,10,maize,Maize grain (feed),Storage,Zearalenone,no,,,20,not_quantified_below_loq,Non Quantified Value ( less than LOQ),no,no,Objective sampling,Official (National) programme,,CZ_latest_15410924_contaminants.zip,OCC_CHEMMON2020_CZ_2019.ZIP/OCC_CHEMMON2020_CZ_2019.CSV,83ACBF02EECD51F1E5D17C907B384CB6,NASA_POWER_DAILY_COUNTRY_MEAN,5,2018-12-10,2019-06-09,182,5.101,9.696,0.798,301.92,63.8,81.47,102,6.4,13.6
HU,Hongrie,HU,Hungary,HU,Hungary,2019-10-04,2019,10,4,maize,Maize grain (feed),Primary production,Zearalenone,no,,,25,not_quantified_below_loq,Non Quantified Value ( less than LOQ),yes,yes,Selective sampling,Official (National) programme,,HU_latest_15333988_contaminants.zip,OCC_CHEMMON2020_HU_2019.ZIP/OCC_CHEMMON2020_HU_2019.CSV,85B99D588DD4C883C828EAAAAA33657F,NASA_POWER_DAILY_COUNTRY_MEAN,5,2019-04-04,2019-10-03,183,19.568,25.473,13.507,425.918,70.2,64.23,20,15.6,64.6
HU,Hongrie,HU,Hungary,HU,Hungary,2019-10-04,2019,10,4,maize,Maize grain (feed),Primary production,Zearalenone,no,,,25,not_quantified_below_loq,Non Quantified Value ( less than LOQ),yes,yes,Selective sampling,Official (National) programme,,HU_latest_15333988_contaminants.zip,OCC_CHEMMON2020_HU_2019.ZIP/OCC_CHEMMON2020_HU_2019.CSV,F79125E4625CCF4CB35C83E1CDCF96C9,NASA_POWER_DAILY_COUNTRY_MEAN,5,2019-04-04,2019-10-03,183,19.568,25.473,13.507,425.918,70.2,64.23,20,15.6,64.6
HU,Hongrie,HU,Hungary,HU,Hungary,2019-10-07,2019,10,7,maize,Maize grain (feed),Primary production,Zearalenone,no,,,25,not_quantified_below_loq,Non Quantified Value ( less than LOQ),yes,yes,Selective sampling,Official (National) programme,,HU_latest_15333988_contaminants.zip,OCC_CHEMMON2020_HU_2019.ZIP/OCC_CHEMMON2020_HU_2019.CSV,168DDD78454B5317C9E1AF15E46952CB,NASA_POWER_DAILY_COUNTRY_MEAN,5,2019-04-07,2019-10-06,183,19.548,25.444,13.499,422.602,70,64.263,19.8,15.4,64.4
HU,Hongrie,HU,Hungary,HU,Hungary,2019-10-08,2019,10,8,maize,Maize grain (feed),Primary production,Zearalenone,no,,,25,not_quantified_below_loq,Non Quantified Value ( less than LOQ),yes,yes,Selective sampling,Official (National) programme,,HU_latest_15333988_contaminants.zip,OCC_CHEMMON2020_HU_2019.ZIP/OCC_CHEMMON2020_HU_2019.CSV,6429E64E37E4817F1D0C33F9F3E26D02,NASA_POWER_DAILY_COUNTRY_MEAN,5,2019-04-08,2019-10-07,183,19.519,25.408,13.486,422.568,70,64.238,19.8,15.4,64.4
HU,Hongrie,HU,Hungary,HU,Hungary,2019-10-08,2019,10,8,maize,Maize grain (feed),Primary production,Zearalenone,yes,31,,25,quantified_positive,Numerical Value,yes,yes,Selective sampling,Official (National) programme,,HU_latest_15333988_contaminants.zip,OCC_CHEMMON2020_HU_2019.ZIP/OCC_CHEMMON2020_HU_2019.CSV,220A199D29BEFC5EFCBE3B957F54C862,NASA_POWER_DAILY_COUNTRY_MEAN,5,2019-04-08,2019-10-07,183,19.519,25.408,13.486,422.568,70,64.238,19.8,15.4,64.4
HU,Hongrie,HU,Hungary,HU,Hungary,2019-10-10,2019,10,10,maize,Maize grain (feed),Primary production,Zearalenone,no,,,25,not_quantified_below_loq,Non Quantified Value ( less than LOQ),yes,yes,Selective sampling,Official (National) programme,,HU_latest_15333988_contaminants.zip,OCC_CHEMMON2020_HU_2019.ZIP/OCC_CHEMMON2020_HU_2019.CSV,60B1E934FC3C04E24BDC6E6FC5AED1DB,NASA_POWER_DAILY_COUNTRY_MEAN,5,2019-04-10,2019-10-09,183,19.48,25.387,13.436,421.176,69.6,64.1,19.8,15.4,64
HU,Hongrie,HU,Hungary,HU,Hungary,2019-10-15,2019,10,15,maize,Maize grain (feed),Primary production,Zearalenone,no,,,25,not_quantified_below_loq,Non Quantified Value ( less than LOQ),yes,yes,Selective sampling,Official (National) programme,,HU_latest_15333988_contaminants.zip,OCC_CHEMMON2020_HU_2019.ZIP/OCC_CHEMMON2020_HU_2019.CSV,74356034E4D829473F585D48F5A337A8,NASA_POWER_DAILY_COUNTRY_MEAN,5,2019-04-15,2019-10-14,183,19.578,25.568,13.486,406.018,65.8,63.898,18,15.2,62.2
HU,Hongrie,HU,Hungary,HU,Hungary,2019-10-15,2019,10,15,maize,Maize grain (feed),Primary production,Zearalenone,no,,,25,not_quantified_below_loq,Non Quantified Value ( less than LOQ),yes,yes,Selective sampling,Official (National) programme,,HU_latest_15333988_contaminants.zip,OCC_CHEMMON2020_HU_2019.ZIP/OCC_CHEMMON2020_HU_2019.CSV,8F0837D9FE4FC8256C0A3E8EFED416B2,NASA_POWER_DAILY_COUNTRY_MEAN,5,2019-04-15,2019-10-14,183,19.578,25.568,13.486,406.018,65.8,63.898,18,15.2,62.2
HU,Hongrie,HU,Hungary,HU,Hungary,2019-10-16,2019,10,16,maize,Maize grain (feed),Primary production,Zearalenone,no,,,25,not_quantified_below_loq,Non Quantified Value ( less than LOQ),yes,yes,Selective sampling,Official (National) programme,,HU_latest_15333988_contaminants.zip,OCC_CHEMMON2020_HU_2019.ZIP/OCC_CHEMMON2020_HU_2019.CSV,3ED48D843CE45A83F7E2134DF4467E39,NASA_POWER_DAILY_COUNTRY_MEAN,5,2019-04-16,2019-10-15,183,19.612,25.61,13.52,406.02,65.8,63.962,18,15.2,62.2
HU,Hongrie,HU,Hungary,HU,Hungary,2019-10-24,2019,10,24,maize,Maize grain (feed),Primary production,Zearalenone,no,,,25,not_quantified_below_loq,Non Quantified Value ( less than LOQ),yes,yes,Selective sampling,Official (National) programme,,HU_latest_15333988_contaminants.zip,OCC_CHEMMON2020_HU_2019.ZIP/OCC_CHEMMON2020_HU_2019.CSV,AE1968B34A0EF9673AA06AC1F4D204B7,NASA_POWER_DAILY_COUNTRY_MEAN,5,2019-04-24,2019-10-23,183,19.761,25.791,13.739,403.228,64.6,64.551,18.6,15.8,61
HU,Hongrie,HU,Hungary,HU,Hungary,2019-10-29,2019,10,29,maize,Maize grain (feed),Primary production,Zearalenone,yes,108,,25,quantified_positive,Numerical Value,yes,yes,Selective sampling,Official (National) programme,,HU_latest_15333988_contaminants.zip,OCC_CHEMMON2020_HU_2019.ZIP/OCC_CHEMMON2020_HU_2019.CSV,35ABF767F86040466A2995FF51863192,NASA_POWER_DAILY_COUNTRY_MEAN,5,2019-04-29,2019-10-28,183,19.689,25.756,13.686,393.21,63,64.691,18.8,16,59.4
HU,Hongrie,HU,Hungary,HU,Hungary,2019-10-29,2019,10,29,maize,Maize grain (feed),Primary production,Zearalenone,yes,30,,25,quantified_positive,Numerical Value,yes,yes,Selective sampling,Official (National) programme,,HU_latest_15333988_contaminants.zip,OCC_CHEMMON2020_HU_2019.ZIP/OCC_CHEMMON2020_HU_2019.CSV,96252F581ABF4E46EE97890D4AD14A82,NASA_POWER_DAILY_COUNTRY_MEAN,5,2019-04-29,2019-10-28,183,19.689,25.756,13.686,393.21,63,64.691,18.8,16,59.4
HU,Hongrie,HU,Hungary,HU,Hungary,2019-11-04,2019,11,4,maize,Maize grain (feed),Primary production,Zearalenone,no,,,25,not_quantified_below_loq,Non Quantified Value ( less than LOQ),yes,yes,Selective sampling,Official (National) programme,,HU_latest_15333988_contaminants.zip,OCC_CHEMMON2020_HU_2019.ZIP/OCC_CHEMMON2020_HU_2019.CSV,C88B3CC8DE7F97D0A2FF78A283BAE914,NASA_POWER_DAILY_COUNTRY_MEAN,5,2019-05-04,2019-11-03,184,19.449,25.489,13.484,397.356,63.8,65.127,22.4,16.6,57.6
HU,Hongrie,HU,Hungary,HU,Hungary,2019-11-05,2019,11,5,maize,Maize grain (feed),Primary production,Zearalenone,no,,,25,not_quantified_below_loq,Non Quantified Value ( less than LOQ),yes,yes,Selective sampling,Official (National) programme,,HU_latest_15333988_contaminants.zip,OCC_CHEMMON2020_HU_2019.ZIP/OCC_CHEMMON2020_HU_2019.CSV,795AC3940F7B77CE395FA80EFF8F7D99,NASA_POWER_DAILY_COUNTRY_MEAN,5,2019-05-05,2019-11-04,184,19.447,25.487,13.477,398.64,63.8,65.16,22.8,17,57.6
HU,Hongrie,HU,Hungary,HU,Hungary,2019-11-08,2019,11,8,maize,Maize grain (feed),Primary production,Zearalenone,no,,,25,not_quantified_below_loq,Non Quantified Value ( less than LOQ),yes,yes,Selective sampling,Official (National) programme,,HU_latest_15333988_contaminants.zip,OCC_CHEMMON2020_HU_2019.ZIP/OCC_CHEMMON2020_HU_2019.CSV,71D4A9EC225C1605C1B8A48DC4FA8253,NASA_POWER_DAILY_COUNTRY_MEAN,5,2019-05-08,2019-11-07,184,19.486,25.55,13.513,392.816,64.4,65.296,23.6,18.4,59.4
HU,Hongrie,HU,Hungary,HU,Hungary,2019-11-12,2019,11,12,maize,Maize grain (feed),Primary production,Zearalenone,no,,,25,not_quantified_below_loq,Non Quantified Value ( less than LOQ),yes,yes,Selective sampling,Official (National) programme,,HU_latest_15333988_contaminants.zip,OCC_CHEMMON2020_HU_2019.ZIP/OCC_CHEMMON2020_HU_2019.CSV,C3A2298FDB672C945A7DA5E48074CF7E,NASA_POWER_DAILY_COUNTRY_MEAN,5,2019-05-12,2019-11-11,184,19.38,25.431,13.465,399.718,65.2,65.738,26.8,18.6,58.6
HU,Hongrie,HU,Hungary,HU,Hungary,2019-11-12,2019,11,12,maize,Maize grain (feed),Primary production,Zearalenone,no,,,25,not_quantified_below_loq,Non Quantified Value ( less than LOQ),yes,yes,Selective sampling,Official (National) programme,,HU_latest_15333988_contaminants.zip,OCC_CHEMMON2020_HU_2019.ZIP/OCC_CHEMMON2020_HU_2019.CSV,527A4F79193DF3383807E2A6354CFAF3,NASA_POWER_DAILY_COUNTRY_MEAN,5,2019-05-12,2019-11-11,184,19.38,25.431,13.465,399.718,65.2,65.738,26.8,18.6,58.6
HU,Hongrie,HU,Hungary,HU,Hungary,2019-11-15,2019,11,15,maize,Maize grain (feed),Primary production,Zearalenone,no,,,25,not_quantified_below_loq,Non Quantified Value ( less than LOQ),yes,yes,Selective sampling,Official (National) programme,,HU_latest_15333988_contaminants.zip,OCC_CHEMMON2020_HU_2019.ZIP/OCC_CHEMMON2020_HU_2019.CSV,D1173D70457B9B7807A29D0060EB217A,NASA_POWER_DAILY_COUNTRY_MEAN,5,2019-05-15,2019-11-14,184,19.318,25.375,13.401,391.116,64.4,65.912,28,18.6,57.8
HU,Hongrie,HU,Hungary,HU,Hungary,2019-11-18,2019,11,18,maize,Maize grain (feed),Primary production,Zearalenone,no,,,25,not_quantified_below_loq,Non Quantified Value ( less than LOQ),yes,yes,Selective sampling,Official (National) programme,,HU_latest_15333988_contaminants.zip,OCC_CHEMMON2020_HU_2019.ZIP/OCC_CHEMMON2020_HU_2019.CSV,91C83F3C13730CC1DE9DF191503084D4,NASA_POWER_DAILY_COUNTRY_MEAN,5,2019-05-18,2019-11-17,184,19.306,25.366,13.412,380.234,63.6,66.019,28.8,19.4,57.6
HU,Hongrie,HU,Hungary,HU,Hungary,2019-11-18,2019,11,18,maize,Maize grain (feed),Primary production,Zearalenone,no,,,25,not_quantified_below_loq,Non Quantified Value ( less than LOQ),yes,yes,Selective sampling,Official (National) programme,,HU_latest_15333988_contaminants.zip,OCC_CHEMMON2020_HU_2019.ZIP/OCC_CHEMMON2020_HU_2019.CSV,5831EBDEE93C73BD5EAE510F241E2A25,NASA_POWER_DAILY_COUNTRY_MEAN,5,2019-05-18,2019-11-17,184,19.306,25.366,13.412,380.234,63.6,66.019,28.8,19.4,57.6
HU,Hongrie,HU,Hungary,HU,Hungary,2019-11-19,2019,11,19,maize,Maize grain (feed),Primary production,Zearalenone,no,,,25,not_quantified_below_loq,Non Quantified Value ( less than LOQ),yes,yes,Selective sampling,Official (National) programme,,HU_latest_15333988_contaminants.zip,OCC_CHEMMON2020_HU_2019.ZIP/OCC_CHEMMON2020_HU_2019.CSV,FA124557FCAE7A65EF5861F4C250D1EF,NASA_POWER_DAILY_COUNTRY_MEAN,5,2019-05-19,2019-11-18,184,19.269,25.326,13.395,381.208,64.2,66.11,29.8,20,57.8
HU,Hongrie,HU,Hungary,HU,Hungary,2019-12-05,2019,12,5,maize,Maize grain (feed),Primary production,Zearalenone,no,,,25,not_quantified_below_loq,Non Quantified Value ( less than LOQ),yes,yes,Selective sampling,Official (National) programme,,HU_latest_15333988_contaminants.zip,OCC_CHEMMON2020_HU_2019.ZIP/OCC_CHEMMON2020_HU_2019.CSV,DA6E93D8990E98BC15F1D000599D4952,NASA_POWER_DAILY_COUNTRY_MEAN,5,2019-06-05,2019-12-04,183,18.187,24.225,12.481,336.974,59.2,67.1,38.2,15.8,47.8
HU,Hongrie,HU,Hungary,HU,Hungary,2019-12-12,2019,12,12,maize,Maize grain (feed),Primary production,Zearalenone,no,,,25,not_quantified_below_loq,Non Quantified Value ( less than LOQ),yes,yes,Selective sampling,Official (National) programme,,HU_latest_15333988_contaminants.zip,OCC_CHEMMON2020_HU_2019.ZIP/OCC_CHEMMON2020_HU_2019.CSV,5644F60177E0AEAEA70FAD7008776CC9,NASA_POWER_DAILY_COUNTRY_MEAN,5,2019-06-12,2019-12-11,183,17.365,23.321,11.798,333.348,58.6,67.891,44,14.8,45.8
HU,Hongrie,HU,Hungary,HU,Hungary,2019-12-16,2019,12,16,maize,Maize grain (feed),Primary production,Zearalenone,no,,,25,not_quantified_below_loq,Non Quantified Value ( less than LOQ),yes,yes,Selective sampling,Official (National) programme,,HU_latest_15333988_contaminants.zip,OCC_CHEMMON2020_HU_2019.ZIP/OCC_CHEMMON2020_HU_2019.CSV,A500BE92B8BA9D246072CC3D4F9F3F49,NASA_POWER_DAILY_COUNTRY_MEAN,5,2019-06-16,2019-12-15,183,16.846,22.729,11.383,343.656,61,68.678,48,14.8,45.8
HU,Hongrie,HU,Hungary,HU,Hungary,2019-12-16,2019,12,16,maize,Maize grain (feed),Primary production,Zearalenone,no,,,25,not_quantified_below_loq,Non Quantified Value ( less than LOQ),yes,yes,Selective sampling,Official (National) programme,,HU_latest_15333988_contaminants.zip,OCC_CHEMMON2020_HU_2019.ZIP/OCC_CHEMMON2020_HU_2019.CSV,47BE724729ACF33BE3CA73CB56A33986,NASA_POWER_DAILY_COUNTRY_MEAN,5,2019-06-16,2019-12-15,183,16.846,22.729,11.383,343.656,61,68.678,48,14.8,45.8
LT,Lituanie,LT,Lithuania,LT,Lithuania,2020-02-12,2020,2,12,generic_cereal,Cereal grains and products derived thereof (feed),Farm,Zearalanone,no,,,7.8,not_quantified_below_loq,Non Quantified Value ( less than LOQ),yes,yes,Selective sampling,Official (National) programme,According to Dir. 2002/63/EC,LT_latest_15334031_contaminants.zip,OCC_CHEMMON2021_LT_2020.ZIP/OCC_CHEMMON2021_LT_2020.CSV,43C2A4D364FF81706B60E29735228A48,NASA_POWER_DAILY_COUNTRY_MEAN,5,2019-08-12,2020-02-11,184,6.741,9.707,3.814,369.116,81,88.85,147.6,28.4,19.6
LT,Lituanie,LT,Lithuania,LT,Lithuania,2020-02-20,2020,2,20,generic_cereal,Cereal grains and products derived thereof (feed),Farm,Zearalanone,yes,19,,7.8,quantified_positive,Numerical Value,yes,yes,Selective sampling,Official (National) programme,According to Dir. 2002/63/EC,LT_latest_15334031_contaminants.zip,OCC_CHEMMON2021_LT_2020.ZIP/OCC_CHEMMON2021_LT_2020.CSV,5E4DF7824792F7C9C1453CB87F557B03,NASA_POWER_DAILY_COUNTRY_MEAN,5,2019-08-20,2020-02-19,184,6.061,8.917,3.274,365.35,81.8,89.454,152.6,26,16.2
LT,Lituanie,LT,Lithuania,LT,Lithuania,2020-02-25,2020,2,25,generic_cereal,Cereal grains and products derived thereof (feed),Farm,Zearalanone,no,,,7.8,not_quantified_below_loq,Non Quantified Value ( less than LOQ),yes,yes,Selective sampling,Official (National) programme,According to Dir. 2002/63/EC,LT_latest_15334031_contaminants.zip,OCC_CHEMMON2021_LT_2020.ZIP/OCC_CHEMMON2021_LT_2020.CSV,3E3D613B069FBE88B1873C65F59E7E9C,NASA_POWER_DAILY_COUNTRY_MEAN,5,2019-08-25,2020-02-24,184,5.657,8.457,2.952,357.96,82.4,89.837,157,25.4,15
LT,Lituanie,LT,Lithuania,LT,Lithuania,2020-06-23,2020,6,23,generic_cereal,Cereal grains and products derived thereof (feed),Farm,Zearalanone,no,,,7.8,not_quantified_below_loq,Non Quantified Value ( less than LOQ),yes,yes,Selective sampling,Official (National) programme,According to Dir. 2002/63/EC,LT_latest_15334031_contaminants.zip,OCC_CHEMMON2021_LT_2020.ZIP/OCC_CHEMMON2021_LT_2020.CSV,307CFD42942CC612438B5B2CF5C10DF8,NASA_POWER_DAILY_COUNTRY_MEAN,5,2019-12-23,2020-06-22,183,5.619,9.239,1.832,343.83,81.8,84.367,117.6,17.4,18.6
LT,Lituanie,LT,Lithuania,LT,Lithuania,2021-03-23,2021,3,23,generic_cereal,Cereal grains and products derived thereof (feed),Farm,Zearalanone,no,,,7.8,not_quantified_below_loq,Non Quantified Value ( less than LOQ),yes,yes,Selective sampling,Official (National) programme,According to Dir. 2002/63/EC,LT_latest_15334031_contaminants.zip,OCC_CHEMMON2022_LT_2021.ZIP/OCC_CHEMMON2022_LT_2021.CSV,AEFF1D47A1D5653376E6E73B32ACE355,NASA_POWER_DAILY_COUNTRY_MEAN,5,2020-09-23,2021-03-22,181,0.553,3.216,-2.106,305.532,79.2,93.007,170.2,18.8,9.4
LT,Lituanie,LT,Lithuania,LT,Lithuania,2021-06-02,2021,6,2,generic_cereal,Cereal grains and products derived thereof (feed),Farm,Zearalanone,no,,,7.8,not_quantified_below_loq,Non Quantified Value ( less than LOQ),yes,yes,Selective sampling,Official (National) programme,According to Dir. 2002/63/EC,LT_latest_15334031_contaminants.zip,OCC_CHEMMON2022_LT_2021.ZIP/OCC_CHEMMON2022_LT_2021.CSV,D5F46836DC92BED2F9E4356401A9292F,NASA_POWER_DAILY_COUNTRY_MEAN,5,2020-12-02,2021-06-01,182,0.403,3.581,-2.922,349.448,78.2,89.969,155.8,14.4,12.8
LT,Lituanie,LT,Lithuania,LT,Lithuania,2021-07-02,2021,7,2,generic_cereal,Cereal grains and products derived thereof (feed),Farm,Zearalanone,yes,14,,7.8,quantified_positive,Numerical Value,yes,yes,Selective sampling,Official (National) programme,According to Dir. 2002/63/EC,LT_latest_15334031_contaminants.zip,OCC_CHEMMON2022_LT_2021.ZIP/OCC_CHEMMON2022_LT_2021.CSV,D016A230AB39BCEB6867AC9C77AEA372,NASA_POWER_DAILY_COUNTRY_MEAN,5,2021-01-02,2021-07-01,181,3.779,7.476,-0.2,366.794,78.4,87.382,138.2,26.6,25
LT,Lituanie,LT,Lithuania,LT,Lithuania,2021-08-06,2021,8,6,generic_cereal,Cereal grains and products derived thereof (feed),Farm,Zearalanone,no,,,7.8,not_quantified_below_loq,Non Quantified Value ( less than LOQ),yes,yes,Selective sampling,Official (National) programme,According to Dir. 2002/63/EC,LT_latest_15334031_contaminants.zip,OCC_CHEMMON2022_LT_2021.ZIP/OCC_CHEMMON2022_LT_2021.CSV,3CB312833AA1320C0CE44A79247B5810,NASA_POWER_DAILY_COUNTRY_MEAN,5,2021-02-06,2021-08-05,181,9.029,13.037,4.654,383.368,80,84.023,118.8,42.2,43.6
LT,Lituanie,LT,Lithuania,LT,Lithuania,2021-09-27,2021,9,27,generic_cereal,Cereal grains and products derived thereof (feed),Farm,Zearalanone,no,,,7.8,not_quantified_below_loq,Non Quantified Value ( less than LOQ),yes,yes,Selective sampling,Official (National) programme,According to Dir. 2002/63/EC,LT_latest_15334031_contaminants.zip,OCC_CHEMMON2022_LT_2021.ZIP/OCC_CHEMMON2022_LT_2021.CSV,775DA739C1DF8E79AA20F8EB21B5360A,NASA_POWER_DAILY_COUNTRY_MEAN,5,2021-03-27,2021-09-26,184,13.784,18.066,9.188,505.946,92.8,81.768,111.6,72.8,67.6
LT,Lituanie,LT,Lithuania,LT,Lithuania,2021-11-10,2021,11,10,generic_cereal,Cereal grains and products derived thereof (feed),Farm,Zearalanone,no,,,7.8,not_quantified_below_loq,Non Quantified Value ( less than LOQ),yes,yes,Selective sampling,Official (National) programme,According to Dir. 2002/63/EC,LT_latest_15334031_contaminants.zip,OCC_CHEMMON2022_LT_2021.ZIP/OCC_CHEMMON2022_LT_2021.CSV,928DABDAB455D09280D212C1C53FE4CB,NASA_POWER_DAILY_COUNTRY_MEAN,5,2021-05-10,2021-11-09,184,14.307,18.423,10.01,481.57,89.2,82.669,115.8,77.8,71.2
LT,Lituanie,LT,Lithuania,LT,Lithuania,2022-09-14,2022,9,14,generic_cereal,Cereal grains and products derived thereof (feed),Farm,Zearalanone,no,,,7.8,not_quantified_below_loq,Non Quantified Value ( less than LOQ),yes,yes,Selective sampling,Official (National) programme,According to Dir. 2002/63/EC,LT_latest_15334031_contaminants.zip,OCC_CHEMMON2023_LT_2022.ZIP/OCC_CHEMMON2023_LT_2022.CSV,B52B082FEF1E39AEA9078D97AE6C65C1,NASA_POWER_DAILY_COUNTRY_MEAN,5,2022-03-14,2022-09-13,184,12.596,17.22,7.746,452.874,72.8,80.563,102.6,73,56.4
LT,Lituanie,LT,Lithuania,LT,Lithuania,2022-09-20,2022,9,20,generic_cereal,Cereal grains and products derived thereof (feed),Farm,Zearalanone,no,,,7.8,not_quantified_below_loq,Non Quantified Value ( less than LOQ),yes,yes,Selective sampling,Official (National) programme,According to Dir. 2002/63/EC,LT_latest_15334031_contaminants.zip,OCC_CHEMMON2023_LT_2022.ZIP/OCC_CHEMMON2023_LT_2022.CSV,BFB69B2107A0485928E2DE0E6B732289,NASA_POWER_DAILY_COUNTRY_MEAN,5,2022-03-20,2022-09-19,184,12.943,17.481,8.132,469.158,77.8,80.742,104.8,78.6,61.4
LT,Lituanie,LT,Lithuania,LT,Lithuania,2022-09-27,2022,9,27,generic_cereal,Cereal grains and products derived thereof (feed),Farm,Zearalanone,no,,,7.8,not_quantified_below_loq,Non Quantified Value ( less than LOQ),yes,yes,Selective sampling,Official (National) programme,According to Dir. 2002/63/EC,LT_latest_15334031_contaminants.zip,OCC_CHEMMON2023_LT_2022.ZIP/OCC_CHEMMON2023_LT_2022.CSV,7739FD9B4F7A332CFA09EAF91BB97F41,NASA_POWER_DAILY_COUNTRY_MEAN,5,2022-03-27,2022-09-26,184,13.172,17.645,8.409,473.45,80,80.914,107.4,81.4,62.8
LT,Lituanie,LT,Lithuania,LT,Lithuania,2022-10-05,2022,10,5,generic_cereal,Cereal grains and products derived thereof (feed),Farm,Zearalanone,no,,,7.8,not_quantified_below_loq,Non Quantified Value ( less than LOQ),yes,yes,Selective sampling,Official (National) programme,According to Dir. 2002/63/EC,LT_latest_15334031_contaminants.zip,OCC_CHEMMON2023_LT_2022.ZIP/OCC_CHEMMON2023_LT_2022.CSV,75233C6ADB2DFC23EB536527AC862F61,NASA_POWER_DAILY_COUNTRY_MEAN,5,2022-04-05,2022-10-04,183,13.64,18.099,8.906,492.954,84,81.404,111.8,84,64
LT,Lituanie,LT,Lithuania,LT,Lithuania,2022-10-06,2022,10,6,generic_cereal,Cereal grains and products derived thereof (feed),Farm,Zearalanone,no,,,7.8,not_quantified_below_loq,Non Quantified Value ( less than LOQ),yes,yes,Selective sampling,Official (National) programme,According to Dir. 2002/63/EC,LT_latest_15334031_contaminants.zip,OCC_CHEMMON2023_LT_2022.ZIP/OCC_CHEMMON2023_LT_2022.CSV,013DD5C3E1CF52F271EE0D176FC3DB29,NASA_POWER_DAILY_COUNTRY_MEAN,5,2022-04-06,2022-10-05,183,13.693,18.156,8.962,490.318,83,81.455,112,84.8,64
LT,Lituanie,LT,Lithuania,LT,Lithuania,2022-11-09,2022,11,9,generic_cereal,Cereal grains and products derived thereof (feed),Farm,Zearalanone,no,,,7.8,not_quantified_below_loq,Non Quantified Value ( less than LOQ),yes,yes,Selective sampling,Official (National) programme,According to Dir. 2002/63/EC,LT_latest_15334031_contaminants.zip,OCC_CHEMMON2023_LT_2022.ZIP/OCC_CHEMMON2023_LT_2022.CSV,77D9CB7BC8FBC0A5B185BA5F9F4D744F,NASA_POWER_DAILY_COUNTRY_MEAN,5,2022-05-09,2022-11-08,184,14.063,18.214,9.796,478.77,81.8,83.855,130.2,94.4,68
LT,Lituanie,LT,Lithuania,LT,Lithuania,2022-11-11,2022,11,11,generic_cereal,Cereal grains and products derived thereof (feed),Farm,Zearalanone,no,,,7.8,not_quantified_below_loq,Non Quantified Value ( less than LOQ),yes,yes,Selective sampling,Official (National) programme,According to Dir. 2002/63/EC,LT_latest_15334031_contaminants.zip,OCC_CHEMMON2023_LT_2022.ZIP/OCC_CHEMMON2023_LT_2022.CSV,165743D7E5081C5CE81C90EF0780ED27,NASA_POWER_DAILY_COUNTRY_MEAN,5,2022-05-11,2022-11-10,184,14.058,18.157,9.87,484.942,83.2,84.173,132.2,94.6,68.2
LT,Lituanie,LT,Lithuania,LT,Lithuania,2023-02-27,2023,2,27,generic_cereal,Cereal grains and products derived thereof (feed),Farm,Zearalanone,no,,,6,not_quantified_below_loq,Non Quantified Value ( less than LOQ),yes,yes,Selective sampling,Official (National) programme,According to Dir. 2002/63/EC,LT_latest_15334031_contaminants.zip,OCC_CHEMMON2024_LT_2023.ZIP/OCC_CHEMMON2024_LT_2023.CSV,664EA61D179B067357FA67C9A6C1EBF3,NASA_POWER_DAILY_COUNTRY_MEAN,5,2022-08-27,2023-02-26,184,2.886,5.703,0.205,335.748,79.2,92.133,169.4,28.6,15.8
SK,Slovaquie,SK,Slovakia,SK,Slovakia,2019-08-27,2019,8,27,barley,Barley grain (feed),Primary production,Zearalenone,yes,150,3,10,quantified_positive,Numerical Value,yes,yes,Selective sampling,Official (National) programme,According to 97/747/EC,SK_latest_15411469_contaminants.zip,OCC_CHEMMON2020_SK_2019.ZIP/OCC_CHEMMON2020_SK_2019.CSV,70AB60B1D0A111A1E4E2BFD454A99C17,NASA_POWER_DAILY_COUNTRY_MEAN,5,2019-02-27,2019-08-26,181,14.832,20.398,9.201,397.484,73.4,70.865,39.6,18.4,53.4
SK,Slovaquie,SK,Slovakia,SK,Slovakia,2021-06-02,2021,6,2,barley,Barley grains,Primary production,Zearalenone,no,,,20,not_quantified_below_loq,Non Quantified Value ( less than LOQ),yes,yes,Other,Official (National) programme,According to 97/747/EC,SK_latest_15411469_contaminants.zip,OCC_CHEMMON2022_SK_2021.ZIP/OCC_CHEMMON2022_SK_2021.CSV,1F759791226103D76E2B170D6C707DCB,NASA_POWER_DAILY_COUNTRY_MEAN,5,2020-12-02,2021-06-01,182,2.953,7.223,-1.117,348.626,73.6,85.727,127.8,9.4,15.2
SK,Slovaquie,SK,Slovakia,SK,Slovakia,2022-12-06,2022,12,6,barley,Barley grains,Farm,Zearalenone,no,,,20,not_quantified_below_loq,Non Quantified Value ( less than LOQ),yes,yes,Other,Official (National) programme,According to 97/747/EC,SK_latest_15411469_contaminants.zip,OCC_CHEMMON2023_SK_2022.ZIP/OCC_CHEMMON2023_SK_2022.CSV,F06E4C38F09AED8259BC5073D9B745EC,NASA_POWER_DAILY_COUNTRY_MEAN,5,2022-06-06,2022-12-05,183,15.272,20.833,10.144,326.218,62.2,71.709,67,27.2,48.4
SK,Slovaquie,SK,Slovakia,SK,Slovakia,2023-10-03,2023,10,3,barley,Barley grains,Primary production,Zearalenone,no,,,1,not_quantified_below_loq,Non Quantified Value ( less than LOQ),yes,yes,Selective sampling,Official (National) programme,Official sampling,SK_latest_15411469_contaminants.zip,OCC_CHEMMON2024_SK_2023.ZIP/OCC_CHEMMON2024_SK_2023.CSV,CE83946127EB234BB02181FFD375A879,NASA_POWER_DAILY_COUNTRY_MEAN,5,2023-04-03,2023-10-02,183,16.808,22.162,11.305,462.654,72.4,72.163,42.2,30.6,60.8
SK,Slovaquie,SK,Slovakia,SK,Slovakia,2019-03-28,2019,3,28,generic_cereal,Cereal grains screenings (feed),Farm,Zearalenone,no,,,20,not_quantified_below_loq,Non Quantified Value ( less than LOQ),yes,yes,Other,Official (National) programme,According to 97/747/EC,SK_latest_15411469_contaminants.zip,OCC_CHEMMON2020_SK_2019.ZIP/OCC_CHEMMON2020_SK_2019.CSV,F1410F262C28A90E7934F23CBFEDDAE7,NASA_POWER_DAILY_COUNTRY_MEAN,5,2018-09-28,2019-03-27,181,2.694,7.258,-1.143,247.6,58,84.794,123,7.2,4.2
SK,Slovaquie,SK,Slovakia,SK,Slovakia,2019-05-06,2019,5,6,generic_cereal,Cereal grains screenings (feed),Farm,Zearalenone,yes,80,,20,quantified_positive,Numerical Value,yes,yes,Other,Official (National) programme,According to 97/747/EC,SK_latest_15411469_contaminants.zip,OCC_CHEMMON2020_SK_2019.ZIP/OCC_CHEMMON2020_SK_2019.CSV,14CF011A601B7DE430C17B0D8E3E5B82,NASA_POWER_DAILY_COUNTRY_MEAN,5,2018-11-06,2019-05-05,181,2.43,6.96,-1.561,279.074,62.4,84.374,119.8,2.8,4.8
SK,Slovaquie,SK,Slovakia,SK,Slovakia,2019-08-06,2019,8,6,generic_cereal,Cereal grains screenings (feed),Support activities to agriculture,Zearalenone,no,,,1,not_quantified_below_loq,Non Quantified Value ( less than LOQ),yes,yes,Other,Official (National) programme,According to 97/747/EC,SK_latest_15411469_contaminants.zip,OCC_CHEMMON2020_SK_2019.ZIP/OCC_CHEMMON2020_SK_2019.CSV,DDEA20590082A9B471EC29E212673857,NASA_POWER_DAILY_COUNTRY_MEAN,5,2019-02-06,2019-08-05,181,12.415,17.911,7.026,346.766,65.8,73.018,53.2,16.6,42.4
SK,Slovaquie,SK,Slovakia,SK,Slovakia,2019-09-18,2019,9,18,generic_cereal,Cereal grains screenings (feed),Farm,Zearalenone,no,,,1,not_quantified_below_loq,Non Quantified Value ( less than LOQ),yes,yes,Other,Official (National) programme,According to 97/747/EC,SK_latest_15411469_contaminants.zip,OCC_CHEMMON2020_SK_2019.ZIP/OCC_CHEMMON2020_SK_2019.CSV,7E3F121878640D8B5EE6709F0D0B6398,NASA_POWER_DAILY_COUNTRY_MEAN,5,2019-03-18,2019-09-17,184,16.305,21.975,10.539,422.322,72.6,69.312,32.2,20.4,59.4
SK,Slovaquie,SK,Slovakia,SK,Slovakia,2020-06-18,2020,6,18,generic_cereal,Cereal grains screenings (feed),Farm,Zearalenone,no,,3,10,not_quantified_below_loq,Non Quantified Value ( less than LOQ),yes,yes,Other,Official (National) programme,According to 97/747/EC,SK_latest_15411469_contaminants.zip,OCC_CHEMMON2021_SK_2020.ZIP/OCC_CHEMMON2021_SK_2020.CSV,1B0960EFDA1FC9B924B922A366C17F2A,NASA_POWER_DAILY_COUNTRY_MEAN,5,2019-12-18,2020-06-17,183,5.903,10.839,1.211,322.038,60.4,78.968,92,11,22.6
SK,Slovaquie,SK,Slovakia,SK,Slovakia,2020-06-22,2020,6,22,generic_cereal,Cereal grains screenings (feed),Farm,Zearalenone,no,,,20,not_quantified_below_loq,Non Quantified Value ( less than LOQ),yes,yes,Other,Official (National) programme,According to 97/747/EC,SK_latest_15411469_contaminants.zip,OCC_CHEMMON2021_SK_2020.ZIP/OCC_CHEMMON2021_SK_2020.CSV,A6B964DFCD2F3D6CAA26272018A46E04,NASA_POWER_DAILY_COUNTRY_MEAN,5,2019-12-22,2020-06-21,183,6.143,11.114,1.425,352.94,63.4,78.766,91.6,14.6,26.6
SK,Slovaquie,SK,Slovakia,SK,Slovakia,2020-07-02,2020,7,2,generic_cereal,Cereal grains screenings (feed),Support activities to agriculture,Zearalenone,yes,38,,1,quantified_positive,Numerical Value,yes,yes,Other,Official (National) programme,According to 97/747/EC,SK_latest_15411469_contaminants.zip,OCC_CHEMMON2021_SK_2020.ZIP/OCC_CHEMMON2021_SK_2020.CSV,0B06FC8D1BED0255DB6927026AD426AB,NASA_POWER_DAILY_COUNTRY_MEAN,5,2020-01-02,2020-07-01,182,7.261,12.331,2.332,348.168,63.4,77.819,83.2,17,31.2
SK,Slovaquie,SK,Slovakia,SK,Slovakia,2021-06-29,2021,6,29,generic_cereal,Cereal grains screenings (feed),Primary production,Zearalenone,no,,,1,not_quantified_below_loq,Non Quantified Value ( less than LOQ),yes,yes,Other,Official (National) programme,According to 97/747/EC,SK_latest_15411469_contaminants.zip,OCC_CHEMMON2022_SK_2021.ZIP/OCC_CHEMMON2022_SK_2021.CSV,B47E586011BDA48CEC409294EDA40735,NASA_POWER_DAILY_COUNTRY_MEAN,5,2020-12-29,2021-06-28,182,5.887,10.57,1.153,325.758,70,81.864,101.8,10.4,20.6
SK,Slovaquie,SK,Slovakia,SK,Slovakia,2022-03-30,2022,3,30,generic_cereal,Cereal grains screenings (feed),Farm,Zearalenone,yes,1,,1,quantified_positive,Numerical Value,yes,yes,Other,Official (National) programme,According to 97/747/EC,SK_latest_15411469_contaminants.zip,OCC_CHEMMON2023_SK_2022.ZIP/OCC_CHEMMON2023_SK_2022.CSV,D134C112CD2F4EC15F6C742C050B1129,NASA_POWER_DAILY_COUNTRY_MEAN,5,2021-09-30,2022-03-29,181,2.088,6.822,-1.697,205.326,45.8,83.261,115.4,2.2,2
SK,Slovaquie,SK,Slovakia,SK,Slovakia,2022-10-04,2022,10,4,generic_cereal,Cereal grains screenings (feed),Farm,Zearalenone,yes,5,,1,quantified_positive,Numerical Value,yes,yes,Other,Official (National) programme,According to 97/747/EC,SK_latest_15411469_contaminants.zip,OCC_CHEMMON2023_SK_2022.ZIP/OCC_CHEMMON2023_SK_2022.CSV,0827A09D12275EC548244709F6C64732,NASA_POWER_DAILY_COUNTRY_MEAN,5,2022-04-04,2022-10-03,183,17.062,22.971,10.994,371.362,73.4,65.659,26.8,18.2,62.2
SK,Slovaquie,SK,Slovakia,SK,Slovakia,2022-11-03,2022,11,3,generic_cereal,Cereal grains screenings (feed),Farm,Zearalenone,no,,,20,not_quantified_below_loq,Non Quantified Value ( less than LOQ),yes,yes,Other,Official (National) programme,According to 97/747/EC,SK_latest_15411469_contaminants.zip,OCC_CHEMMON2023_SK_2022.ZIP/OCC_CHEMMON2023_SK_2022.CSV,2F4E8CE0637E172407852ADD21D6E858,NASA_POWER_DAILY_COUNTRY_MEAN,5,2022-05-03,2022-11-02,184,17.506,23.427,11.693,341.33,67.8,67.479,40,30.6,62.4
SK,Slovaquie,SK,Slovakia,SK,Slovakia,2023-03-30,2023,3,30,generic_cereal,Cereal grains screenings (feed),Primary production,Zearalenone,no,,,1,not_quantified_below_loq,Non Quantified Value ( less than LOQ),yes,yes,Selective sampling,Official (National) programme,Official sampling,SK_latest_15411469_contaminants.zip,OCC_CHEMMON2024_SK_2023.ZIP/OCC_CHEMMON2024_SK_2023.CSV,36F929858268EDCB6A824A3A62680FFE,NASA_POWER_DAILY_COUNTRY_MEAN,5,2022-09-30,2023-03-29,181,3.454,7.698,0.003,310.992,58,88.004,146.6,17.2,6.6
SK,Slovaquie,SK,Slovakia,SK,Slovakia,2023-07-12,2023,7,12,generic_cereal,Cereal grains screenings (feed),Primary production,Zearalenone,no,,,20,not_quantified_below_loq,Non Quantified Value ( less than LOQ),yes,yes,Selective sampling,Official (National) programme,Official sampling,SK_latest_15411469_contaminants.zip,OCC_CHEMMON2024_SK_2023.ZIP/OCC_CHEMMON2024_SK_2023.CSV,C95F8149BAE2AE861C32BE38611BD233,NASA_POWER_DAILY_COUNTRY_MEAN,5,2023-01-12,2023-07-11,181,8.624,13.492,3.783,389.824,71.8,79.384,88.8,17.8,31.2
SK,Slovaquie,SK,Slovakia,SK,Slovakia,2023-08-02,2023,8,2,generic_cereal,Cereal grains screenings (feed),Primary production,Zearalenone,no,,,20,not_quantified_below_loq,Non Quantified Value ( less than LOQ),yes,yes,Selective sampling,Official (National) programme,Official sampling,SK_latest_15411469_contaminants.zip,OCC_CHEMMON2024_SK_2023.ZIP/OCC_CHEMMON2024_SK_2023.CSV,E27EDDEB64E7B945BBD603E8F92B9C8F,NASA_POWER_DAILY_COUNTRY_MEAN,5,2023-02-02,2023-08-01,181,11.131,16.268,5.943,396.52,71.8,76.639,71.6,21.4,41.6
SK,Slovaquie,SK,Slovakia,SK,Slovakia,2023-09-26,2023,9,26,generic_cereal,Cereal grains screenings (feed),Primary production,Zearalenone,yes,30,,20,quantified_positive,Numerical Value,yes,yes,Selective sampling,Official (National) programme,Official sampling,SK_latest_15411469_contaminants.zip,OCC_CHEMMON2024_SK_2023.ZIP/OCC_CHEMMON2024_SK_2023.CSV,A0B163A4B1640C1EED5DCB2B93DC9A2E,NASA_POWER_DAILY_COUNTRY_MEAN,5,2023-03-26,2023-09-25,184,16.323,21.591,10.847,480.164,77.4,72.751,46.8,30.6,61.2
SK,Slovaquie,SK,Slovakia,SK,Slovakia,2023-10-26,2023,10,26,generic_cereal,Cereal grains screenings (feed),Primary production,Zearalenone,no,,,20,not_quantified_below_loq,Non Quantified Value ( less than LOQ),yes,yes,Selective sampling,Official (National) programme,Official sampling,SK_latest_15411469_contaminants.zip,OCC_CHEMMON2024_SK_2023.ZIP/OCC_CHEMMON2024_SK_2023.CSV,0CCE23E926E459932EAEBFFC77B9F07F,NASA_POWER_DAILY_COUNTRY_MEAN,5,2023-04-26,2023-10-25,183,17.459,22.885,11.924,456.272,70.4,71.965,40.2,36.2,66.4
SK,Slovaquie,CZ,Czechia,CZ,Czechia,2019-02-25,2019,2,25,maize,Maize grain (feed),Storage,Zearalenone,no,,,20,not_quantified_below_loq,Non Quantified Value ( less than LOQ),no,no,Objective sampling,Official (National) programme,,CZ_latest_15410924_contaminants.zip,OCC_CHEMMON2020_CZ_2019.ZIP/OCC_CHEMMON2020_CZ_2019.CSV,C093FD5067BFC75407E9A28B19B47584,NASA_POWER_DAILY_COUNTRY_MEAN,5,2018-08-25,2019-02-24,184,5.333,9.874,1.579,289.522,59.4,82.403,117.8,8.4,12.2
SK,Slovaquie,SK,Slovakia,SK,Slovakia,2020-03-04,2020,3,4,maize,Maize grain,Farm,Zearalenone,yes,30,,20,quantified_positive,Numerical Value,yes,yes,Other,Official (National) programme,According to 97/747/EC,SK_latest_15411469_contaminants.zip,OCC_CHEMMON2021_SK_2020.ZIP/OCC_CHEMMON2021_SK_2020.CSV,C763A206510F124BBA463720E16C46A2,NASA_POWER_DAILY_COUNTRY_MEAN,5,2019-09-04,2020-03-03,182,5.189,9.594,1.545,365.134,58.2,85.463,131.8,14,8.8
SK,Slovaquie,SK,Slovakia,SK,Slovakia,2020-06-30,2020,6,30,maize,Maize grain,Farm,Zearalenone,yes,210,3,10,quantified_positive,Numerical Value,yes,yes,Other,Official (National) programme,According to 97/747/EC,SK_latest_15411469_contaminants.zip,OCC_CHEMMON2021_SK_2020.ZIP/OCC_CHEMMON2021_SK_2020.CSV,665B358288E73445D8B8537BBCDB7E6B,NASA_POWER_DAILY_COUNTRY_MEAN,5,2019-12-30,2020-06-29,183,6.965,12.017,2.091,347.7,63.2,78.083,86.2,17,31
SK,Slovaquie,SK,Slovakia,SK,Slovakia,2021-03-17,2021,3,17,maize,Maize grain,Primary production,Zearalenone,yes,170,,20,quantified_positive,Numerical Value,yes,yes,Other,Official (National) programme,According to 97/747/EC,SK_latest_15411469_contaminants.zip,OCC_CHEMMON2022_SK_2021.ZIP/OCC_CHEMMON2022_SK_2021.CSV,287FFB1867E291EC55F6F6CF5A719AB1,NASA_POWER_DAILY_COUNTRY_MEAN,5,2020-09-17,2021-03-16,181,2.857,6.806,-0.388,405.756,64.8,89.371,157,14.4,11.6
SK,Slovaquie,SK,Slovakia,SK,Slovakia,2022-08-23,2022,8,23,maize,Maize grain (feed),Farm,Zearalenone,no,,3,10,not_quantified_below_loq,Non Quantified Value ( less than LOQ),yes,yes,Other,Official (National) programme,According to 97/747/EC,SK_latest_15411469_contaminants.zip,OCC_CHEMMON2023_SK_2022.ZIP/OCC_CHEMMON2023_SK_2022.CSV,8502828A492C5B3690650659D49B8CED,NASA_POWER_DAILY_COUNTRY_MEAN,5,2022-02-23,2022-08-22,181,14.268,20.351,8.104,283.804,56.4,64.955,21.2,8.4,43.2
SK,Slovaquie,SK,Slovakia,SK,Slovakia,2022-11-08,2022,11,8,maize,Maize grain (feed),Farm,Zearalenone,no,,,20,not_quantified_below_loq,Non Quantified Value ( less than LOQ),yes,yes,Other,Official (National) programme,According to 97/747/EC,SK_latest_15411469_contaminants.zip,OCC_CHEMMON2023_SK_2022.ZIP/OCC_CHEMMON2023_SK_2022.CSV,F9D6B3C414005D9EB441BD877E0662FD,NASA_POWER_DAILY_COUNTRY_MEAN,5,2022-05-08,2022-11-07,184,17.334,23.221,11.581,344.022,65.6,67.889,43.2,29.4,58.4
SK,Slovaquie,SK,Slovakia,SK,Slovakia,2019-08-07,2019,8,7,wheat,Wheat grains (feed),Farm,Zearalenone,no,,,20,not_quantified_below_loq,Non Quantified Value ( less than LOQ),yes,yes,Other,Official (National) programme,According to 97/747/EC,SK_latest_15411469_contaminants.zip,OCC_CHEMMON2020_SK_2019.ZIP/OCC_CHEMMON2020_SK_2019.CSV,A23B29364576BC53F92740541408C599,NASA_POWER_DAILY_COUNTRY_MEAN,5,2019-02-07,2019-08-06,181,12.558,18.053,7.154,347.748,66,72.892,52.2,16.6,42.6
SK,Slovaquie,SK,Slovakia,SK,Slovakia,2019-08-07,2019,8,7,wheat,Wheat grains (feed),Farm,Zearalenone,no,,,20,not_quantified_below_loq,Non Quantified Value ( less than LOQ),yes,yes,Other,Official (National) programme,According to 97/747/EC,SK_latest_15411469_contaminants.zip,OCC_CHEMMON2020_SK_2019.ZIP/OCC_CHEMMON2020_SK_2019.CSV,030EBE8B9BE3F926480E69F041261067,NASA_POWER_DAILY_COUNTRY_MEAN,5,2019-02-07,2019-08-06,181,12.558,18.053,7.154,347.748,66,72.892,52.2,16.6,42.6
SK,Slovaquie,SK,Slovakia,SK,Slovakia,2019-08-15,2019,8,15,wheat,Common wheat grain,Primary production,Zearalenone,no,,,1,not_quantified_below_loq,Non Quantified Value ( less than LOQ),yes,yes,Selective sampling,Official (National) programme,According to 97/747/EC,SK_latest_15411469_contaminants.zip,OCC_CHEMMON2020_SK_2019.ZIP/OCC_CHEMMON2020_SK_2019.CSV,DDC05A87D4FC52E7ED96B7CB65AF35DC,NASA_POWER_DAILY_COUNTRY_MEAN,5,2019-02-15,2019-08-14,181,13.548,19.12,8.027,380.826,70,71.797,45.4,17.6,48.4
SK,Slovaquie,SK,Slovakia,SK,Slovakia,2019-09-30,2019,9,30,wheat,Common wheat grain,Storage,Zearalenone,no,,3,10,not_quantified_below_loq,Non Quantified Value ( less than LOQ),yes,yes,Selective sampling,Official (National) programme,According to 97/747/EC,SK_latest_15411469_contaminants.zip,OCC_CHEMMON2020_SK_2019.ZIP/OCC_CHEMMON2020_SK_2019.CSV,A001CF05EFD3A3CDF7B1626354731E1A,NASA_POWER_DAILY_COUNTRY_MEAN,5,2019-03-30,2019-09-29,184,16.755,22.41,11.019,428.576,74,69.051,32.2,23,61.2
SK,Slovaquie,SK,Slovakia,SK,Slovakia,2020-02-19,2020,2,19,wheat,Common wheat grain,Farm,Zearalenone,no,,,20,not_quantified_below_loq,Non Quantified Value ( less than LOQ),yes,yes,Other,Official (National) programme,According to 97/747/EC,SK_latest_15411469_contaminants.zip,OCC_CHEMMON2021_SK_2020.ZIP/OCC_CHEMMON2021_SK_2020.CSV,29AD7FF90B8AC0F387E14388304AE1D2,NASA_POWER_DAILY_COUNTRY_MEAN,5,2019-08-19,2020-02-18,184,6.812,11.381,3.005,351.142,56.8,83.776,122.2,15,15.8
SK,Slovaquie,SK,Slovakia,SK,Slovakia,2021-08-23,2021,8,23,wheat,Common wheat grain,Farm,Zearalenone,no,,3,10,not_quantified_below_loq,Non Quantified Value ( less than LOQ),yes,yes,Objective sampling,Official (National) programme,According to 97/747/EC,SK_latest_15411469_contaminants.zip,OCC_CHEMMON2022_SK_2021.ZIP/OCC_CHEMMON2022_SK_2021.CSV,125D9FDDA84C15F3D1A327AC9B3CA304,NASA_POWER_DAILY_COUNTRY_MEAN,5,2021-02-23,2021-08-22,181,13.069,18.329,7.589,369.358,70,74.267,53.4,16.8,45.2
SK,Slovaquie,SK,Slovakia,SK,Slovakia,2021-09-30,2021,9,30,wheat,Common wheat grain,Primary production,Zearalenone,no,,,1,not_quantified_below_loq,Non Quantified Value ( less than LOQ),yes,yes,Objective sampling,Official (National) programme,According to 97/747/EC,SK_latest_15411469_contaminants.zip,OCC_CHEMMON2022_SK_2021.ZIP/OCC_CHEMMON2022_SK_2021.CSV,45F72CB8EBAEFC616BFD7EB3A42F1ECF,NASA_POWER_DAILY_COUNTRY_MEAN,5,2021-03-30,2021-09-29,184,15.53,20.884,9.837,434.114,76.6,72.567,42.4,24.8,58
SK,Slovaquie,SK,Slovakia,SK,Slovakia,2021-10-06,2021,10,6,wheat,Common wheat grain,Primary production,Zearalenone,no,,,1,not_quantified_below_loq,Non Quantified Value ( less than LOQ),yes,yes,Objective sampling,Official (National) programme,According to 97/747/EC,SK_latest_15411469_contaminants.zip,OCC_CHEMMON2022_SK_2021.ZIP/OCC_CHEMMON2022_SK_2021.CSV,6432AF740584C77F13F8689A5833BC4F,NASA_POWER_DAILY_COUNTRY_MEAN,5,2021-04-06,2021-10-05,183,15.723,21.076,10.049,435.174,75.2,72.442,41.4,24.6,58.6
SK,Slovaquie,SK,Slovakia,SK,Slovakia,2021-10-28,2021,10,28,wheat,Common wheat grain,Primary production,Zearalenone,no,,,1,not_quantified_below_loq,Non Quantified Value ( less than LOQ),yes,yes,Objective sampling,Official (National) programme,According to 97/747/EC,SK_latest_15411469_contaminants.zip,OCC_CHEMMON2022_SK_2021.ZIP/OCC_CHEMMON2022_SK_2021.CSV,C4D56A6292024289F2BC74390A7314DD,NASA_POWER_DAILY_COUNTRY_MEAN,5,2021-04-28,2021-10-27,183,16.008,21.481,10.412,415.026,68,72.1,37.2,25.2,59.2
SK,Slovaquie,SK,Slovakia,SK,Slovakia,2022-07-20,2022,7,20,wheat,Common wheat grain,Storage,Zearalenone,no,,3,10,not_quantified_below_loq,Non Quantified Value ( less than LOQ),yes,yes,Objective sampling,Official (National) programme,According to 97/747/EC,SK_latest_15411469_contaminants.zip,OCC_CHEMMON2023_SK_2022.ZIP/OCC_CHEMMON2023_SK_2022.CSV,A2FBE52867C663F4974377B840569F86,NASA_POWER_DAILY_COUNTRY_MEAN,5,2022-01-20,2022-07-19,181,10.014,15.649,4.448,249.374,58.6,70.343,47,6,30.8
SK,Slovaquie,SK,Slovakia,SK,Slovakia,2022-08-02,2022,8,2,wheat,Common wheat grain,Primary production,Zearalenone,no,,,1,not_quantified_below_loq,Non Quantified Value ( less than LOQ),yes,yes,Objective sampling,Official (National) programme,According to 97/747/EC,SK_latest_15411469_contaminants.zip,OCC_CHEMMON2023_SK_2022.ZIP/OCC_CHEMMON2023_SK_2022.CSV,C7F2C67CC344F71EA44D3D3A38BA56A8,NASA_POWER_DAILY_COUNTRY_MEAN,5,2022-02-02,2022-08-01,181,11.856,17.695,6.008,271.164,58,68.044,36,6.8,36
SK,Slovaquie,SK,Slovakia,SK,Slovakia,2022-08-02,2022,8,2,wheat,Common wheat grain,Primary production,Zearalenone,no,,,1,not_quantified_below_loq,Non Quantified Value ( less than LOQ),yes,yes,Objective sampling,Official (National) programme,According to 97/747/EC,SK_latest_15411469_contaminants.zip,OCC_CHEMMON2023_SK_2022.ZIP/OCC_CHEMMON2023_SK_2022.CSV,15E6D8766996069B1B5ACF0C3115DA1D,NASA_POWER_DAILY_COUNTRY_MEAN,5,2022-02-02,2022-08-01,181,11.856,17.695,6.008,271.164,58,68.044,36,6.8,36
SK,Slovaquie,SK,Slovakia,SK,Slovakia,2022-08-03,2022,8,3,wheat,Common wheat grain,Primary production,Zearalenone,no,,,8,not_quantified_below_loq,Non Quantified Value ( less than LOQ),yes,yes,Objective sampling,Official (National) programme,According to 97/747/EC,SK_latest_15411469_contaminants.zip,OCC_CHEMMON2023_SK_2022.ZIP/OCC_CHEMMON2023_SK_2022.CSV,03762503096F14164C63448901BA594F,NASA_POWER_DAILY_COUNTRY_MEAN,5,2022-02-03,2022-08-02,181,11.973,17.832,6.103,268.138,57.2,67.879,35.2,6.8,36
SK,Slovaquie,SK,Slovakia,SK,Slovakia,2022-08-08,2022,8,8,wheat,Common wheat grain,Primary production,Zearalenone,no,,3,10,not_quantified_below_loq,Non Quantified Value ( less than LOQ),yes,yes,Objective sampling,Official (National) programme,According to 97/747/EC,SK_latest_15411469_contaminants.zip,OCC_CHEMMON2023_SK_2022.ZIP/OCC_CHEMMON2023_SK_2022.CSV,7E11CC482B24D33552A30408C71B0FBE,NASA_POWER_DAILY_COUNTRY_MEAN,5,2022-02-08,2022-08-07,181,12.617,18.57,6.635,263.356,55.4,66.893,30.6,6.8,36.6
SK,Slovaquie,SK,Slovakia,SK,Slovakia,2022-09-16,2022,9,16,wheat,Common wheat grain,Farm,Zearalenone,no,,,2000,not_quantified_below_loq,Non Quantified Value ( less than LOQ),yes,yes,Other,Official (National) programme,According to 97/747/EC,SK_latest_15411469_contaminants.zip,OCC_CHEMMON2023_SK_2022.ZIP/OCC_CHEMMON2023_SK_2022.CSV,6C03AE01BAA0F2B444A4E1C65D4C3F14,NASA_POWER_DAILY_COUNTRY_MEAN,5,2022-03-16,2022-09-15,184,16.475,22.571,10.215,331.922,66,64.454,20.8,12.2,54.2
SK,Slovaquie,SK,Slovakia,SK,Slovakia,2022-09-23,2022,9,23,wheat,Common wheat grain,Farm,Zearalenone,no,,3,10,not_quantified_below_loq,Non Quantified Value ( less than LOQ),yes,yes,Objective sampling,Official (National) programme,According to 97/747/EC,SK_latest_15411469_contaminants.zip,OCC_CHEMMON2023_SK_2022.ZIP/OCC_CHEMMON2023_SK_2022.CSV,71819FC35C402331AAFFBA6CE7946914,NASA_POWER_DAILY_COUNTRY_MEAN,5,2022-03-23,2022-09-22,184,16.745,22.75,10.572,344.97,69.8,64.901,23.2,13,56.6
SK,Slovaquie,SK,Slovakia,SK,Slovakia,2023-07-27,2023,7,27,wheat,Durum wheat grain,Storage,Zearalenone,no,,3,10,not_quantified_below_loq,Non Quantified Value ( less than LOQ),yes,yes,Selective sampling,Official (National) programme,Official sampling,SK_latest_15411469_contaminants.zip,OCC_CHEMMON2024_SK_2023.ZIP/OCC_CHEMMON2024_SK_2023.CSV,FCEFCD7CCEB40D66BDDF71F78E4F989B,NASA_POWER_DAILY_COUNTRY_MEAN,5,2023-01-27,2023-07-26,181,10.43,15.508,5.315,381.21,70.4,77.197,76,20,38
SK,Slovaquie,SK,Slovakia,SK,Slovakia,2023-08-18,2023,8,18,wheat,Common wheat grain,Primary production,Zearalenone,no,,,1,not_quantified_below_loq,Non Quantified Value ( less than LOQ),yes,yes,Selective sampling,Official (National) programme,Official sampling,SK_latest_15411469_contaminants.zip,OCC_CHEMMON2024_SK_2023.ZIP/OCC_CHEMMON2024_SK_2023.CSV,AB04D98A2523F9988847761F6A692FD8,NASA_POWER_DAILY_COUNTRY_MEAN,5,2023-02-18,2023-08-17,181,13.055,18.211,7.783,441.902,74.4,75.197,61,25.6,48.8
SK,Slovaquie,SK,Slovakia,SK,Slovakia,2023-09-07,2023,9,7,wheat,Common wheat grain,Primary production,Zearalenone,no,,,1,not_quantified_below_loq,Non Quantified Value ( less than LOQ),yes,yes,Selective sampling,Official (National) programme,Official sampling,SK_latest_15411469_contaminants.zip,OCC_CHEMMON2024_SK_2023.ZIP/OCC_CHEMMON2024_SK_2023.CSV,D8FF2A096DBEAF4B5EF994C8CA4BD8C7,NASA_POWER_DAILY_COUNTRY_MEAN,5,2023-03-07,2023-09-06,184,14.946,20.176,9.541,460.756,77.2,73.849,52.8,28.2,56
SK,Slovaquie,SK,Slovakia,SK,Slovakia,2023-09-12,2023,9,12,wheat,Common wheat grain,Primary production,Zearalenone,no,,,1,not_quantified_below_loq,Non Quantified Value ( less than LOQ),yes,yes,Selective sampling,Official (National) programme,Official sampling,SK_latest_15411469_contaminants.zip,OCC_CHEMMON2024_SK_2023.ZIP/OCC_CHEMMON2024_SK_2023.CSV,DCEBCC18F2E3039C2647C380A870B9A4,NASA_POWER_DAILY_COUNTRY_MEAN,5,2023-03-12,2023-09-11,184,15.386,20.687,9.905,447.076,74.4,73.096,49.2,28.2,56
SK,Slovaquie,SK,Slovakia,SK,Slovakia,2023-09-13,2023,9,13,wheat,Common wheat grain,Farm,Zearalenone,no,,3,10,not_quantified_below_loq,Non Quantified Value ( less than LOQ),yes,yes,Selective sampling,Official (National) programme,Official sampling,SK_latest_15411469_contaminants.zip,OCC_CHEMMON2024_SK_2023.ZIP/OCC_CHEMMON2024_SK_2023.CSV,4F42AC8FACEE8423E30E2C18DD696027,NASA_POWER_DAILY_COUNTRY_MEAN,5,2023-03-13,2023-09-12,184,15.506,20.812,10.017,446.916,74.4,72.996,49.2,28.2,56
SK,Slovaquie,SK,Slovakia,SK,Slovakia,2023-09-19,2023,9,19,wheat,Common wheat grain,Primary production,Zearalenone,no,,,1,not_quantified_below_loq,Non Quantified Value ( less than LOQ),yes,yes,Selective sampling,Official (National) programme,Official sampling,SK_latest_15411469_contaminants.zip,OCC_CHEMMON2024_SK_2023.ZIP/OCC_CHEMMON2024_SK_2023.CSV,B74BFB4877BB720A50800B3B2A778D77,NASA_POWER_DAILY_COUNTRY_MEAN,5,2023-03-19,2023-09-18,184,16.009,21.321,10.496,455.6,75.2,72.843,48,28.8,58.2
SK,Slovaquie,SK,Slovakia,SK,Slovakia,2023-09-29,2023,9,29,wheat,Common wheat grain,Primary production,Zearalenone,no,,3,10,not_quantified_below_loq,Non Quantified Value ( less than LOQ),yes,yes,Selective sampling,Official (National) programme,Official sampling,SK_latest_15411469_contaminants.zip,OCC_CHEMMON2024_SK_2023.ZIP/OCC_CHEMMON2024_SK_2023.CSV,2A9C36E2DBFAFB64CC108370298CD965,NASA_POWER_DAILY_COUNTRY_MEAN,5,2023-03-29,2023-09-28,184,16.553,21.881,11.058,470.122,75.2,72.557,45.4,30.6,61
SK,Slovaquie,SK,Slovakia,SK,Slovakia,2023-10-03,2023,10,3,wheat,Common wheat grain,Primary production,Zearalenone,no,,,8,not_quantified_below_loq,Non Quantified Value ( less than LOQ),yes,yes,Selective sampling,Official (National) programme,Official sampling,SK_latest_15411469_contaminants.zip,OCC_CHEMMON2024_SK_2023.ZIP/OCC_CHEMMON2024_SK_2023.CSV,310177CA51EE0AC37A0EA8389CAB5564,NASA_POWER_DAILY_COUNTRY_MEAN,5,2023-04-03,2023-10-02,183,16.808,22.162,11.305,462.654,72.4,72.163,42.2,30.6,60.8
SK,Slovaquie,SK,Slovakia,SK,Slovakia,2023-10-23,2023,10,23,wheat,Common wheat grain,Primary production,Zearalenone,no,,,1,not_quantified_below_loq,Non Quantified Value ( less than LOQ),yes,yes,Selective sampling,Official (National) programme,Official sampling,SK_latest_15411469_contaminants.zip,OCC_CHEMMON2024_SK_2023.ZIP/OCC_CHEMMON2024_SK_2023.CSV,72554C183712F1986234C00F4A63BFC4,NASA_POWER_DAILY_COUNTRY_MEAN,5,2023-04-23,2023-10-22,183,17.435,22.859,11.883,452.076,70.2,71.858,39.6,34.6,65
SK,Slovaquie,SK,Slovakia,SK,Slovakia,2023-11-06,2023,11,6,wheat,Common wheat grain,Primary production,Zearalenone,no,,,8,not_quantified_below_loq,Non Quantified Value ( less than LOQ),yes,yes,Selective sampling,Official (National) programme,Official sampling,SK_latest_15411469_contaminants.zip,OCC_CHEMMON2024_SK_2023.ZIP/OCC_CHEMMON2024_SK_2023.CSV,D25751426DB813350B94A2BCD4B94D14,NASA_POWER_DAILY_COUNTRY_MEAN,5,2023-05-06,2023-11-05,184,17.39,22.761,12.011,515.904,72.2,72.834,47.6,38.8,66.2
