tree
version=v4
num_class=1
num_tree_per_iteration=1
label_index=0
max_feature_idx=74
objective=binary sigmoid:1
feature_names=temperature_2m_mean_lag_1 temperature_2m_mean_lag_2 temperature_2m_mean_lag_3 temperature_2m_mean_lag_7 temperature_2m_mean_lag_14 temperature_2m_mean_lag_30 temperature_2m_mean_lag_60 temperature_2m_mean_mean_last_60obs temperature_2m_mean_std_last_60obs temperature_2m_mean_min_last_60obs temperature_2m_mean_max_last_60obs temperature_2m_mean_median_last_60obs temperature_2m_max_lag_1 temperature_2m_max_lag_2 temperature_2m_max_lag_3 temperature_2m_max_lag_7 temperature_2m_max_lag_14 temperature_2m_max_lag_30 temperature_2m_max_lag_60 temperature_2m_max_mean_last_60obs temperature_2m_max_std_last_60obs temperature_2m_max_min_last_60obs temperature_2m_max_max_last_60obs temperature_2m_max_median_last_60obs temperature_2m_min_lag_1 temperature_2m_min_lag_2 temperature_2m_min_lag_3 temperature_2m_min_lag_7 temperature_2m_min_lag_14 temperature_2m_min_lag_30 temperature_2m_min_lag_60 temperature_2m_min_mean_last_60obs temperature_2m_min_std_last_60obs temperature_2m_min_min_last_60obs temperature_2m_min_max_last_60obs temperature_2m_min_median_last_60obs relative_humidity_2m_mean_lag_1 relative_humidity_2m_mean_lag_2 relative_humidity_2m_mean_lag_3 relative_humidity_2m_mean_lag_7 relative_humidity_2m_mean_lag_14 relative_humidity_2m_mean_lag_30 relative_humidity_2m_mean_lag_60 relative_humidity_2m_mean_mean_last_60obs relative_humidity_2m_mean_std_last_60obs relative_humidity_2m_mean_min_last_60obs relative_humidity_2m_mean_max_last_60obs relative_humidity_2m_mean_median_last_60obs precipitation_sum_lag_1 precipitation_sum_lag_2 precipitation_sum_lag_3 precipitation_sum_lag_7 precipitation_sum_lag_14 precipitation_sum_lag_30 precipitation_sum_lag_60 precipitation_sum_mean_last_60obs precipitation_sum_std_last_60obs precipitation_sum_min_last_60obs precipitation_sum_max_last_60obs precipitation_sum_median_last_60obs rainy_days_last_obs precipitation_cumsum_last_obs precipitation_mean_last_obs high_humidity_days_last_obs hot_days_last_obs cold_days_last_obs day_of_year toxin_name_deoxynivalenol toxin_name_ochratoxin toxin_name_other toxin_name_trichothecenes toxin_name_zearalenone crop_group_nuts crop_group_other crop_group_rye
feature_infos=[-10.58:29.539999999999999] [-10.58:29.25] [-9.2200000000000006:29.25] [-8.6199999999999992:29.539999999999999] [-10.58:29.539999999999999] [-10.58:29.25] [-10.58:29.539999999999999] [-4.621833333333333:24.129333333333339] [1.4845165470721682:6.6299138391176919] [-19.18:18.710000000000001] [2.8599999999999999:30.280000000000001] [-2.3300000000000001:24.204999999999998] [-9.4100000000000001:37.460000000000001] [-9.4100000000000001:36.130000000000003] [-6.3300000000000001:37.009999999999998] [-4.7699999999999996:37.460000000000001] [-9.4100000000000001:37.460000000000001] [-9.4100000000000001:37.460000000000001] [-9.4100000000000001:37.009999999999998] [-1.5484999999999995:30.204166666666669] [1.4198728657180049:7.7830226725163758] [-13.83:23.469999999999999] [7.1200000000000001:38.170000000000002] [0.10000000000000001:29.710000000000001] [-12.210000000000001:23.23] [-12.130000000000001:23.23] [-12.199999999999999:23.23] [-12.26:21.809999999999999] [-12.369999999999999:21.809999999999999] [-14.529999999999999:23.23] [-14.529999999999999:23.23] [-7.7903333333333338:17.926333333333332] [1.3416260898520689:6.8611260544070518] [-25.170000000000002:13.470000000000001] [0.68000000000000005:23.809999999999999] [-5.4700000000000006:18.530000000000001] [37.439999999999998:100] [39.5:99.340000000000003] [37.32:100] [37.439999999999998:100] [31.93:100] [37.439999999999998:100] [34.340000000000003:99.930000000000007] [50.55466666666667:96.082666666666654] [2.0201216330779146:13.849746057146955] [31.59:89.569999999999993] [75.069999999999993:100] [49.540000000000006:99.129999999999995] [0:40.520000000000003] [0:29.120000000000001] [0:24.870000000000001] [0:28.870000000000001] [0:40.520000000000003] [0:24.870000000000001] [0:28.870000000000001] [0.52500000000000002:6.9740000000000002] [1.0397057928054554:6.7525764490722331] [0:0.059999999999999998] [4.29:43.93] [0:5.0950000000000006] [25:60] [31.5:418.44] [0.52500000000000002:6.9740000000000002] [0:60] [0:56] [0:60] [4:366] [0:1] [0:1] [0:1] [0:1] [0:1] [0:1] [0:1] [0:1]
tree_sizes=3274 3388 3418 3397 3396 3404 3411 3425 3407 3430 3419 3415 3402 3435 3436 3411 3421 3422 3413 3425 3417 3433 3429 3429 3439 3422 3404 3436 3447 3424 3421 3386 3398 3426 3425 3446 3437 3437 3446 3446 3429 3380 3400 3441 3440 3422 3415 3437 3444 3424 3431 3440 3447 3448 3437 3414 3443 3438 3444 3404 3437 3433 3431 3428 3425 3426 3441 3442 3429 3415 3434 3404 3431 3436 3429 3433 3424 3437 3449 3423 3445 3433 3428 3439 3435 3433 3443 3443 3438 3434 3425 3436 3442 3433 3466 3439 3419 3435 3447 3412 3426 3446 3453 3458 3445 3443 3437 3445 3423 3436 3421 3433 3444 3438 3435 3439 3439 3449 3443 3436 3422 3429 3437 3462 3427 3449 3436 3453 3447 3449 3444 3444 3460 3438 3439 3446 3448 3440 3443 3448 3432 3438 3420 3427 3430 3452 3437 3445 3444 3422 3436 3460 3444 3450 3388 3437 3451 3441 3437 3449 3454 3449 3466 3427 3431 3446 3443 3433 3461 3443 3438 3441 3444 3428 3455 3439 3451 3425 3464 3462 3417 3415 3431 3449 3419 3444 3435 3445 3455 3436 3451 3449 3458 3460 3450 3440 3445 3421 3444 3429 3444 3445 3439 3450 3469 3439 3445 3458 3445 3449 3452 3432 3437

Tree=0
num_leaves=31
num_cat=0
split_feature=59 20 70 20 68 73 35 61 61 19 4 36 42 36 59 30 56 20 44 42 44 61 15 12 15 41 30 74 61 56
split_gain=62.7816 59.4254 34.4365 34.4089 26.1016 25.8048 27.948 27.9879 17.3402 18.3116 15.8845 12.976 12.5667 10.9235 10.3388 9.7373 17.2342 15.9911 8.5236 8.83367 9.029 8.45133 8.32428 8.17728 9.86065 7.80951 8.81311 8.5318 7.75066 14.4606
threshold=0.37250000000000005 5.6495899522435282 1.0000000180025095e-35 2.447907095030982 1.0000000180025095e-35 1.0000000180025095e-35 9.5050000000000026 107.20500000000001 116.36500000000002 5.0881666666666669 3.5200000000000005 93.430000000000021 94.565000000000012 65.88000000000001 0.39750000000000008 8.0150000000000023 2.7430231840702808 3.600462282683548 4.2933670841362863 78.865000000000023 9.8760493125752173 134.52000000000004 25.565000000000001 23.810000000000006 21.820000000000004 85.970000000000013 10.770000000000001 1.0000000180025095e-35 139.85500000000005 2.8099084972123278
decision_type=2 2 2 2 2 2 2 2 2 2 2 2 2 2 2 2 2 2 2 2 2 2 2 2 2 2 2 2 2 2
left_child=3 2 5 -1 -3 23 7 -7 9 -5 -9 12 14 -4 -12 16 -11 -18 -8 20 28 25 -15 -2 -25 26 -10 -28 29 -20
right_child=1 4 13 8 -6 6 18 10 21 15 11 -13 -14 22 -16 -17 17 -19 19 -21 -22 -23 -24 24 -26 -27 27 -29 -30 -31
leaf_value=-1.2393085361107072 -1.2796745964470098 -1.2502910422808429 -1.2303921622079601 -1.2539195475963423 -1.2824184489861419 -1.2757015285664193 -1.2597850228100069 -1.2702093086344959 -1.2413042365695228 -1.2806026190466318 -1.2302532023762667 -1.2399754975988193 -1.2737173521146088 -1.2629693064919212 -1.2572469636890431 -1.2843187026085765 -1.2484729549171332 -1.2749951748729942 -1.2818935941974314 -1.2860845410193542 -1.2860219857505653 -1.2799627328339516 -1.2373316521682731 -1.258930724774262 -1.2769942735721047 -1.2857260002831881 -1.2710901952026841 -1.2442711421285859 -1.2775542122687409 -1.2521456122196477
leaf_weight=2.0499576330184928 49.711472600698471 18.449618697166446 1.366638422012328 2.391617238521575 2.7332768440246573 14.008043825626372 2.5624470412731197 8.5414901375770587 1.7082980275154094 59.790430963039398 1.5374682247638762 4.6124046742916098 3.9290854632854453 9.2248093485832197 10.76227757334709 48.174004375934601 3.0749364495277387 7.0040219128131866 2.3916172385215813 9.0539795458316785 4.6124046742916098 4.783234477043151 1.366638422012328 4.2707450687885276 8.5414901375770551 1.366638422012328 5.8082132935523987 1.3666384220123289 6.8331921100616455 4.2707450687885284
leaf_count=12 291 108 8 14 16 82 15 50 10 350 9 27 23 54 63 282 18 41 14 53 27 28 8 25 50 8 34 8 40 25
internal_value=-1.27368 -1.2697 -1.27189 -1.27857 -1.25445 -1.27329 -1.26936 -1.26438 -1.27917 -1.2804 -1.25898 -1.2544 -1.25857 -1.25607 -1.25374 -1.28095 -1.27861 -1.26685 -1.27664 -1.27825 -1.2743 -1.26932 -1.25953 -1.27789 -1.27096 -1.26433 -1.26099 -1.26584 -1.27028 -1.26283
internal_weight=306.298 168.78 147.597 137.518 21.1829 135.639 73.1152 43.3908 135.468 120.435 29.3827 20.8412 16.2288 11.9581 12.2997 118.043 69.8694 10.079 29.7244 27.1619 18.108 15.033 10.5914 62.5237 12.8122 10.2498 8.88315 7.17485 13.4956 6.66236
internal_count=1793 988 864 805 124 794 428 254 793 705 172 122 95 70 72 691 409 59 174 159 106 88 62 366 75 60 52 42 79 39
is_linear=0
shrinkage=1


Tree=1
num_leaves=31
num_cat=0
split_feature=59 8 44 41 59 55 36 58 56 60 31 60 55 8 48 3 31 48 1 17 38 55 16 55 53 9 8 11 53 17
split_gain=61.5962 49.561 26.9311 27.736 18.9479 17.3762 19.646 17.6002 14.484 14.3985 20.1327 17.3804 14.1012 13.659 12.8608 18.8991 12.6982 15.4441 12.5548 12.2368 9.45605 8.41552 8.19125 7.96284 10.3806 7.78083 7.59535 10.1222 7.00305 6.37021
threshold=0.37250000000000005 5.0989012279908676 6.4905471306943827 86.600000000000009 0.33250000000000007 1.7830000000000001 92.915000000000006 10.975000000000003 1.8580277265804159 56.500000000000007 13.146083333333335 49.500000000000007 1.939416666666667 3.2249713594990168 0.31500000000000006 20.085000000000004 0.93716666666666681 0.18500000000000003 15.575000000000001 5.4750000000000005 97.140000000000015 2.1495000000000002 6.5950000000000015 1.4620000000000002 1.6850000000000003 15.440000000000003 2.6268814905284188 16.112500000000004 0.22500000000000003 15.845000000000001
decision_type=2 2 2 2 2 2 2 2 2 2 2 2 2 2 2 2 2 2 2 2 2 2 2 2 2 2 2 2 2 2
left_child=2 5 3 4 13 7 9 8 -2 10 11 -7 19 -1 18 29 17 -5 -13 -4 -9 -14 -8 24 -10 -12 27 -11 -3 -16
right_child=1 28 12 16 -6 6 22 20 23 26 25 14 21 -15 15 -17 -18 -19 -20 -21 -22 -23 -24 -25 -26 -27 -28 -29 -30 -31
leaf_value=0.033876633397833124 -0.0072295954963162859 0.0035494909484012163 0.0080098766364773959 0.035523546840971545 -0.012070180008418986 -0.0049116755957711493 0.0085095331457435818 -0.010544127334289676 0.00828768248984698 0.0061698500494686039 -0.0092282109485967052 -0.0025507933091789246 0.010124331993384771 0.0029603317377831844 0.028601759840054523 -0.012130636498747025 -0.01034920873750274 -0.00034701199858997573 0.015086674113052733 -0.0087932922256541701 0.01563769727139799 -0.0064825610073112787 0.024915091955382707 0.0028546633967980834 0.036983387051489305 0.0048830366844230437 -0.011118609435505748 -0.0092894894998045759 0.021509417703261497 0.015790628096773701
leaf_weight=5.0095643103122729 11.252322241663931 2.4107266068458584 4.2628756761550894 1.3884828984737421 1.5307746827602384 6.4885234534740439 6.0092326253652555 20.623132094740871 5.1389450430870083 10.952967852354055 9.1994854360818845 7.8732650727033597 6.8695238679647428 1.8789279013872144 7.0788946002721813 1.7086423337459553 9.5248017907142621 5.6375333964824677 7.3918974101543427 96.086346760392189 1.3620272874832142 4.9482812285423279 5.6974701434373856 20.330142363905907 1.5448637604713438 6.1565688252449027 7.6705921292304984 6.3028408437967292 15.71879757940769 8.2418661564588529
leaf_count=29 66 14 25 8 9 38 35 121 30 64 54 46 40 11 41 10 56 33 43 565 8 29 33 119 9 36 45 37 91 48
internal_value=0 0.00393398 -0.00485234 0.00429141 0.0186503 0.00210338 0.00479577 -0.0019512 0.00203822 0.00304546 0.00586647 0.00960368 -0.00688977 0.0255239 0.0125263 0.0183452 -0.00303079 0.00687457 0.00599754 -0.00807549 -0.00889244 0.0031615 0.0165588 0.005908 0.0151086 -0.00356429 -0.00307613 0.000507896 0.0191405 0.0217737
internal_weight=306.29 169.153 137.137 24.9701 8.41927 151.024 90.7722 60.2514 38.2663 79.0655 54.1391 38.7831 112.167 6.88849 32.2946 17.0294 16.5508 7.02602 15.2652 100.349 21.9852 11.8178 11.7067 27.014 6.68381 15.3561 24.9264 17.2558 18.1295 15.3208
internal_count=1793 988 805 146 49 883 530 353 224 462 316 226 659 40 188 99 97 41 89 590 129 69 68 158 39 90 146 101 105 89
is_linear=0
shrinkage=0.00974396


Tree=2
num_leaves=31
num_cat=0
split_feature=60 15 55 44 19 29 0 53 54 36 31 68 17 67 67 53 67 44 60 41 55 37 1 0 29 17 67 14 49 19
split_gain=51.9393 38.8742 44.0512 36.8628 26.7631 20.2041 20.0059 18.2211 16.4713 16.1698 13.6109 11.6212 11.2517 10.9078 10.7896 11.2431 10.3749 10.2518 9.99292 9.67053 9.03516 8.11585 8.09359 8.06645 7.53134 8.78215 7.15986 8.99283 7.15223 6.9835
threshold=49.500000000000007 23.665000000000003 1.8090833333333336 7.1100352374162581 19.711000000000002 10.830000000000002 8.8450000000000006 1.0000000180025095e-35 0.03500000000000001 92.915000000000006 4.2504166666666672 1.0000000180025095e-35 26.855000000000004 1.0000000180025095e-35 1.0000000180025095e-35 0.63500000000000012 1.0000000180025095e-35 8.9773740282462686 39.500000000000007 73.370000000000019 1.4489166666666666 64.280000000000015 17.425000000000004 4.1400000000000015 -1.1349999999999998 5.7350000000000012 1.0000000180025095e-35 16.820000000000004 1.4400000000000002 21.671749999999999
decision_type=2 2 2 2 2 2 2 2 2 2 2 2 2 2 2 2 2 2 2 2 2 2 2 2 2 2 2 2 2 2
left_child=3 2 10 7 11 6 9 -1 -7 13 14 -3 17 -4 21 23 -5 -6 -18 -20 -21 -2 -12 -16 -11 -26 27 -10 -8 -19
right_child=1 4 5 16 12 8 28 -9 26 24 22 -13 -14 -15 15 -17 18 29 19 20 -22 -23 -24 -25 25 -27 -28 -29 -30 -31
leaf_value=-0.0004090862171960872 0.018537426639142561 0.024233300853356989 -0.0018076039340648171 -0.0085878667651561828 -0.0005013827279858298 0.011682641643066859 0.012754558724839908 0.031512553315457152 0.0087650390072742841 -0.0059934937575176718 -0.011962517870159037 -0.0052116386936005019 -0.0082779531002434778 0.024864094805415248 0.0046434934928845251 -0.0052037670271644345 0.017905147415332553 0.0022401325276115124 -0.012319574054423937 -0.0055405420030789718 0.019932173840468161 -0.0038636757898454599 0.003740411589204819 0.026163539845695909 0.033752998324240738 0.012394937436051773 0.015548121453996635 -0.010398409857070435 0.02592196351980967 0.019190770501322372
leaf_weight=3.2438102811574927 1.5436830073595036 13.99626840651035 19.183556035161022 81.196508154273033 7.3405023217201295 7.2271528542041805 8.8358538001775759 3.5045313537120819 2.7317269295454087 1.5495793521404273 22.333911255002025 1.3786845356225974 4.7687282413244239 1.537532404065131 3.4024168998002988 4.0801150947809219 2.5430088490247718 3.2841989994049055 5.5842969715595228 2.8783350586891174 2.3803597539663315 52.165864944458008 3.5892087668180457 3.2495487630367279 2.2818574905395481 9.3546050488948804 1.3658159226179112 14.470648616552351 7.313120335340499 7.9588214904069901
leaf_count=19 9 80 112 479 43 42 51 20 16 9 132 8 28 9 20 24 15 19 33 17 14 306 21 19 13 54 8 85 42 46
internal_value=0 0.00282117 0.000770929 -0.0057056 0.0116082 0.0062451 0.00985313 0.0162321 -0.000755499 0.00558571 -0.00382332 0.0215784 0.00501432 0.000206648 -0.00142036 0.00747911 -0.00727798 0.00844193 0.000659753 -0.00342083 0.00602508 -0.00320498 -0.00978117 0.0152631 0.0140044 0.0166891 -0.00561736 -0.00733541 0.0187716 0.0142746
internal_weight=306.274 204.943 166.216 101.331 38.7272 75.8514 50.0561 6.74834 25.7953 33.9071 90.3647 15.375 23.3523 20.7211 64.4416 10.7321 94.5825 18.5835 13.386 10.843 5.25869 53.7095 25.9231 6.65197 13.186 11.6365 18.5682 17.2024 16.149 11.243
internal_count=1793 1196 972 597 224 441 290 39 151 197 531 88 136 121 378 63 558 108 79 64 31 315 153 39 76 67 109 101 93 65
is_linear=0
shrinkage=0.00974396


Tree=3
num_leaves=31
num_cat=0
split_feature=59 8 70 44 43 68 73 7 55 59 67 48 4 8 55 0 7 43 73 0 55 16 34 67 38 71 45 3 52 71
split_gain=59.3686 46.6007 36.4826 26.1883 26.1048 25.4821 21.5445 21.7347 25.8722 18.316 16.4646 13.9732 15.6858 13.9055 13.8641 12.0099 14.0007 11.9771 11.3585 10.4614 10.1385 8.85925 8.68362 11.3837 13.8585 10.4761 8.48646 10.6474 8.38832 8.37751
threshold=0.37250000000000005 5.0989012279908676 1.0000000180025095e-35 6.4905471306943827 89.634250000000023 1.0000000180025095e-35 1.0000000180025095e-35 13.930833333333334 1.7867500000000003 0.33250000000000007 1.0000000180025095e-35 0.025000000000000005 3.5200000000000005 3.51038060942592 1.939416666666667 18.48 18.246166666666671 93.448250000000016 1.0000000180025095e-35 18.735000000000003 1.88225 14.305000000000001 12.460000000000003 1.0000000180025095e-35 67.420000000000002 1.0000000180025095e-35 61.625000000000007 7.0150000000000006 0.72500000000000009 1.0000000180025095e-35
decision_type=2 2 2 2 2 2 2 2 2 2 2 2 2 2 2 2 2 2 2 2 2 2 2 2 2 2 2 2 2 2
left_child=3 2 6 4 9 18 10 8 -8 13 15 -10 -13 21 22 -2 -17 -6 20 26 -3 -1 23 25 -25 -5 -4 -28 -19 -9
right_child=1 5 19 14 17 -7 7 29 11 -11 -12 12 -14 -15 -16 16 -18 28 -20 -21 -22 -23 -24 24 -26 -27 27 -29 -30 -31
leaf_value=0.012941379372640017 -0.008368062678543552 -0.00025938569184915083 -0.0018137008361319568 -0.010357353190882516 -0.011235042568489489 -0.012233479946044831 -0.0020483440824837799 0.0063950364191661243 -0.0030044497450068767 -0.01207078631298775 0.0069606116629447011 0.0047339401643021577 0.021234227447200191 -0.0050863927866934147 0.0031444972585497502 0.015413796251473204 -0.0063928742852608911 -0.0059574887284079168 0.027907353917019987 0.033069764448117864 0.02966278670728947 0.037145042419955462 -0.010398948274340084 0.026640541784750529 -0.0025051017917299776 0.0016358622912394727 0.0053691256812263433 0.029660779927464069 0.015617866931976599 -0.0053708762366689216
leaf_weight=2.267040744423868 40.759872451424599 3.1650077849626586 2.7522883266210538 23.962456196546555 8.6334929615259153 2.2323097288608542 14.995113253593443 7.7188081592321423 4.128042250871661 1.6883160173892973 11.499213218688963 7.899470508098605 18.106663227081299 1.3642334192991254 11.826912835240362 4.8539741933345777 6.4809555411338806 3.0581146925687781 11.502864956855774 3.1686931848525992 1.5837666690349577 4.2715326696634293 58.725986674427986 2.2142103910446158 4.9249257892370224 9.6768257915973646 3.2559584379196167 3.6618560999631882 3.7854087501764297 22.084151238203049
leaf_count=13 240 18 16 142 51 13 88 45 24 10 67 46 103 8 69 28 38 18 65 18 9 24 349 13 29 57 19 21 22 130
internal_value=0 0.00384388 0.00205722 -0.00478708 0.00420265 0.0184341 0.000597823 0.00413773 0.00840032 0.0168034 -0.00357119 0.0136 0.0162411 0.0230159 -0.00681315 -0.00590172 0.00295422 -0.00361954 0.0226729 0.0177461 0.00984746 0.0288943 -0.00799872 -0.00453258 0.00660859 -0.00690556 0.0126034 0.0183366 0.00597814 -0.00231508
internal_weight=306.248 169.849 151.365 136.399 25.0681 18.4839 138.526 74.9322 45.1293 9.59112 63.594 30.1342 26.0061 7.90281 111.331 52.0948 11.3349 15.477 16.2516 12.8388 4.74877 6.53857 99.5044 40.7784 7.13914 33.6393 9.6701 6.91781 6.84352 29.803
internal_count=1793 988 883 805 146 105 809 436 261 55 373 173 149 45 659 306 66 91 92 74 27 37 590 241 42 199 56 40 40 175
is_linear=0
shrinkage=0.00974396


Tree=4
num_leaves=31
num_cat=0
split_feature=60 39 55 18 43 33 65 7 20 32 21 55 47 38 34 33 17 47 36 38 48 39 17 22 43 55 52 47 48 36
split_gain=50.3096 60.942 36.3222 25.1067 24.5444 22.2525 19.6527 16.8661 13.384 17.6282 10.7432 12.7647 9.80215 9.64155 15.1027 9.54524 9.37511 19.2952 14.3968 10.978 10.5447 8.94963 8.77271 7.97776 7.91612 7.84311 7.75403 7.08397 13.1853 6.92994
threshold=49.500000000000007 62.800000000000004 1.8090833333333336 13.015000000000002 83.142250000000004 7.1950000000000012 37.500000000000007 7.6075833333333351 5.6090115256611641 3.9192954308070638 11.585000000000003 1.5095000000000003 84.81750000000001 95.520000000000024 9.1450000000000014 -4.004999999999999 20.145000000000007 86.355000000000018 93.430000000000021 87.265000000000015 0.075000000000000025 59.165000000000006 14.855000000000002 26.325000000000003 81.236250000000027 1.5379166666666666 0.87500000000000011 93.300000000000011 3.02 88.470000000000013
decision_type=2 2 2 2 2 2 2 2 2 2 2 2 2 2 2 2 2 2 2 2 2 2 2 2 2 2 2 2 2 2
left_child=4 -2 3 7 10 8 -6 13 9 16 11 21 -8 27 15 -15 17 19 -19 20 -4 -1 24 29 -13 -9 -20 28 -3 -21
right_child=1 2 5 -5 6 -7 12 25 -10 -11 -12 22 -14 14 -16 -17 -18 18 26 23 -22 -23 -24 -25 -26 -27 -28 -29 -30 -31
leaf_value=0.0066896501602884345 0.018691747846927557 -0.0038289573128005242 0.0084842431527385239 -0.0098152698875330121 0.03981183113648773 -0.003530465082409538 -0.012204559189357325 0.02041635631286029 0.025277080180011187 -0.0063505454120555919 -0.010669701147557957 0.031080351915274536 0.017628368308086097 0.023452802963224651 -0.012198334086149879 0.0016486659551675292 0.00011316310801396405 0.00086973935319099621 -0.0012577997023885238 0.029279266225032661 0.027864178065568349 -0.0085247637540441581 -0.00097585256270964335 -0.012091600495833936 0.003821253695677573 0.002232192593899231 0.022057340925164759 -0.008728691151199031 0.013206434950708241 0.0032397892316117904
leaf_weight=4.0586554259061804 20.494474068284035 22.629611954092983 3.6768130809068706 34.142172604799271 1.8207925558090199 19.704542756080627 2.2184257805347443 5.2807608842849714 4.0804132074117652 8.0225403755903226 40.209656864404678 1.7543839514255513 1.9104709476232526 4.3067710101604462 2.8629613965749741 3.4312657266855222 9.263694688677786 18.926053330302242 1.7394325435161579 1.5968207418918599 10.30609519779682 35.32987305521965 11.053679063916205 1.5368060767650602 2.3792714327573776 3.9533695578575134 5.8636374622583389 15.919531494379042 5.2894679754972449 2.4469154328107834
leaf_count=24 116 133 21 203 10 116 13 30 23 47 240 10 11 25 17 20 54 110 10 9 58 210 65 9 14 23 33 94 31 14
internal_value=-1.72346e-07 0.00276477 0.000996051 -0.00307849 -0.00564015 0.00556936 0.0134936 0.000535443 0.00822976 0.00711592 -0.00684739 -0.0040235 0.00160309 -0.00153044 0.00678887 0.0138552 0.00907284 0.0108692 0.00543621 0.0182057 0.0228136 -0.00694893 0.00355366 0.00656185 0.0155964 0.0126855 0.0167266 -0.0035492 -0.000583525 0.0137283
internal_weight=306.209 205.474 184.98 97.8159 100.735 87.1638 5.94969 63.6737 67.4592 63.3788 94.7855 54.5759 4.1289 54.4396 10.601 7.73804 55.3563 46.0926 26.5291 19.5635 13.9829 39.3885 15.1873 5.58054 4.13366 9.23413 7.60307 43.8386 27.9191 4.04374
internal_count=1793 1196 1080 576 597 504 34 373 388 365 563 323 24 320 62 45 318 264 153 111 79 234 89 32 24 53 43 258 164 23
is_linear=0
shrinkage=0.00974396


Tree=5
num_leaves=31
num_cat=0
split_feature=59 20 70 20 73 5 71 64 32 56 59 32 71 33 4 18 39 15 5 5 39 20 32 44 3 43 33 39 63 29
split_gain=57.0905 51.3745 31.7106 30.3023 24.1666 28.363 19.1849 21.5529 14.9562 13.7356 11.908 17.1099 11.8508 11.6947 12.5271 10.9989 10.2431 9.50578 8.47179 10.6649 9.7003 8.58173 8.37658 7.77601 7.7523 7.64226 7.43806 7.34702 12.7156 9.4978
threshold=0.37250000000000005 5.6495899522435282 1.0000000180025095e-35 2.447907095030982 1.0000000180025095e-35 15.635000000000002 1.0000000180025095e-35 8.5000000000000018 3.8039643345588128 2.5994775140489974 0.067500000000000018 2.8357816008858854 1.0000000180025095e-35 8.9150000000000009 3.5200000000000005 26.73 63.690000000000005 5.5900000000000007 5.6050000000000013 7.0750000000000011 71.865000000000023 3.0270012416644394 2.5249274925264857 8.7260796429088803 7.0150000000000006 94.542750000000026 10.395000000000001 76.240000000000023 31.500000000000004 11.225000000000001
decision_type=2 2 2 2 2 2 2 2 2 2 2 2 2 2 2 2 2 2 2 2 2 2 2 2 2 2 2 2 2 2
left_child=3 2 4 -1 18 9 25 8 10 -6 -8 -12 -3 14 -11 17 -4 -16 -2 22 21 -21 -20 24 -18 -5 -7 -19 -29 -30
right_child=1 12 16 6 5 26 7 -9 -10 13 11 -13 -14 -15 15 -17 23 27 19 20 -22 -23 -24 -25 -26 -27 -28 28 29 -31
leaf_value=0.030836114240953914 -0.0089265861371876001 0.013022301176360475 0.035695492242581416 -0.0080767707128066666 -0.00059282192632595712 -0.007590282629118871 -0.0039117610571607194 -0.0089336135915145855 -0.010064615612013205 0.0013137003429752145 0.0033146239962498266 0.024115834581705353 0.028898345802466273 -0.012092817425742274 0.035541534130237709 -0.012011613605009597 0.0052963330331265834 -0.0011384585578881742 -0.012079224071969215 0.018527421766612227 -0.0086491261719239473 -0.0014854437604997983 0.012853322640741988 -0.0035945323495694304 0.025003643810240839 0.010657004725479612 0.015752301857155728 0.04093962095959304 0.016250114973262338 -0.0042147293784777799
leaf_weight=2.2006112933158866 22.463751345872879 15.884533077478411 2.1800118386745444 92.960266083478928 13.971865445375441 18.245744585990909 4.5935366749763551 14.350721687078474 4.3798448741435996 8.4432840645313245 7.3779750317335111 7.6706168502569199 6.2894809991121283 2.0116805285215369 2.1863143891096177 1.3569028079509724 3.2664837539195997 2.5839512646198299 1.5327784717082957 2.474360182881358 18.231055960059166 10.637158080935476 6.8901293128728867 2.2235037237405777 4.6254527866840363 2.0777212977409354 1.3570617288351048 1.7855084240436578 19.515305966138843 2.3934825658798209
leaf_count=12 133 89 12 555 82 108 27 86 26 49 43 44 35 12 12 8 19 15 9 14 108 62 40 13 26 12 8 10 110 14
internal_value=-3.012e-07 0.00375094 0.00168063 -0.00471868 0.000323647 0.00409291 -0.00531462 0.000497219 0.00614165 0.00772259 0.00977415 0.0139595 0.0175723 0.0106082 0.0118157 0.0147794 0.016642 0.0160752 -0.00414727 -0.00143834 -0.00405752 0.00232365 0.00826763 0.0124065 0.0169265 -0.00766183 -0.00594083 0.0144024 0.0161017 0.0140052
internal_weight=306.161 170.55 148.376 135.611 136.08 73.8511 133.411 38.3727 24.022 54.2483 19.6421 15.0486 22.174 40.2764 38.2647 29.8215 12.2955 28.4646 62.2292 39.7655 31.3426 13.1115 8.42291 10.1154 7.89194 95.038 19.6028 26.2782 23.6943 21.9088
internal_count=1793 988 864 805 794 428 793 226 140 312 114 87 124 230 218 169 70 161 366 233 184 76 49 58 45 567 116 149 134 124
is_linear=0
shrinkage=0.00974396


Tree=6
num_leaves=31
num_cat=0
split_feature=59 20 20 68 62 34 62 27 58 34 8 17 59 56 72 58 49 66 5 62 65 28 54 65 62 51 50 37 2 12
split_gain=56.0252 49.7681 29.416 22.9321 16.292 17.7249 16.0505 22.3419 16.8318 15.7079 14.1706 13.8108 14.6723 13.001 11.7085 11.1643 10.8679 9.54047 9.32942 11.745 19.6281 15.6795 10.2177 8.62886 7.87097 7.77524 7.51021 7.17331 10.1672 8.34288
threshold=0.37250000000000005 5.6495899522435282 2.447907095030982 1.0000000180025095e-35 1.939416666666667 12.460000000000003 1.7830000000000001 12.345000000000001 10.975000000000003 11.515000000000002 3.3192446558103925 5.4750000000000005 0.3025000000000001 1.8580277265804159 1.0000000180025095e-35 11.985000000000001 7.6300000000000008 349.00000000000006 -0.32499999999999996 2.1407500000000002 6.5000000000000009 3.6950000000000007 4.785000000000001 48.500000000000007 2.2420000000000004 0.17500000000000002 4.2650000000000015 62.945000000000007 12.100000000000001 20.315000000000001
decision_type=2 2 2 2 2 2 2 2 2 2 2 2 2 2 2 2 2 2 2 2 2 2 2 2 2 2 2 2 2 2
left_child=2 6 -1 -3 5 9 8 15 13 11 -11 12 -4 -2 27 -8 -13 -10 -17 22 -21 23 -20 -22 26 -9 -6 -15 -29 -30
right_child=1 3 4 -5 24 -7 7 25 17 10 -12 16 -14 14 -16 18 -18 -19 19 20 21 -23 -24 -25 -26 -27 -28 28 29 -31
leaf_value=0.030069705103417298 -0.0070893363140929052 0.020946996917894766 -0.00089851716165346204 -0.0088612216943997988 0.012191226061513212 -0.0099188277474846539 -0.0058390171354873958 0.005509085766757669 -0.010891767349839187 0.038333248282582881 0.0036251762354206989 -0.0078406397713430189 0.026762793529582052 -0.012084801208900925 -0.012242421279259839 -0.01218723767892574 0.018099308022910373 0.015308607287348145 0.017241470594201863 -0.001783734308967555 0.021555133029281845 0.022079194581623145 -0.004132347368771677 0.0017700365893599129 -0.0061505068902085848 -0.0080291579608852831 -0.012043929280436537 0.0047767710235202794 0.036144445868720988 0.01214092249273778
leaf_weight=2.2354918271303168 11.093856319785116 19.608509987592701 6.7732453197240812 2.7720187008380881 9.0307583361864072 64.821615144610405 5.9482318162918082 5.3748698532581356 20.08091223239899 1.489423096179961 4.2320793569087982 36.549796774983406 2.4472115039825439 1.5347370058298171 3.0512349456548682 2.0496678799390784 1.5630511641502369 1.37603399157524 18.223328664898876 18.254756599664688 2.5273510217666653 8.6433388739824277 2.3778041154146186 11.524444863200186 4.724516585469245 15.674251988530157 1.3658232688903797 14.082626760005953 1.9640726596117009 4.7067262232303619
leaf_count=12 66 108 40 16 52 391 35 31 120 8 25 218 14 9 18 12 9 8 103 107 14 48 14 66 28 93 8 82 11 27
internal_value=-4.37515e-07 0.00370735 -0.00468595 0.0172406 -0.00527941 -0.0065012 0.00166288 0.00422351 -0.00234244 -0.00231913 0.0128733 -0.00416698 0.00650795 0.00168732 0.00553967 0.00688547 -0.00675672 -0.00918182 0.00808027 0.00876427 0.00573142 0.0117748 0.0147653 0.00538554 0.0042291 -0.00456247 0.00896331 0.00799623 0.0095065 0.0193898
internal_weight=306.102 170.869 135.233 22.3805 132.998 117.876 148.488 90.598 57.8902 53.0548 5.7215 47.3333 9.22046 36.4333 25.3394 69.5489 38.1128 21.4569 63.6007 61.551 40.9499 22.6951 20.6011 14.0518 15.1211 21.0491 10.3966 22.2882 20.7534 6.6708
internal_count=1793 988 805 124 793 705 864 523 341 314 33 281 54 213 147 399 227 128 364 352 235 128 117 80 88 124 60 129 120 38
is_linear=0
shrinkage=0.00974396


Tree=7
num_leaves=31
num_cat=0
split_feature=59 20 20 71 31 44 55 5 36 73 5 48 55 33 9 28 20 37 1 15 71 55 31 20 38 47 31 49 59 45
split_gain=54.9785 48.2291 28.5727 18.8557 19.3723 16.7673 14.3922 17.7322 16.0486 15.1845 17.5636 15.0415 12.8448 12.6711 12.2594 12.7134 11.7292 12.3907 12.4003 11.4303 11.0184 10.5529 10.1981 9.89173 9.18834 8.48474 8.32564 8.16127 7.89858 7.56985
threshold=0.37250000000000005 5.6495899522435282 2.447907095030982 1.0000000180025095e-35 8.1109166666666699 9.9065506475132423 1.7830000000000001 15.855000000000002 57.445000000000007 1.0000000180025095e-35 6.4350000000000014 0.025000000000000005 1.8090833333333336 -3.2349999999999999 12.530000000000003 1.2600000000000002 4.0914652910940159 62.945000000000007 1.3450000000000004 15.805000000000001 1.0000000180025095e-35 2.3527500000000008 9.1626666666666683 3.5403916897298688 79.345000000000013 95.302500000000023 2.5081666666666669 1.6150000000000004 0.59250000000000014 80.205000000000013
decision_type=2 2 2 2 2 2 2 2 2 2 2 2 2 2 2 2 2 2 2 2 2 2 2 2 2 2 2 2 2 2
left_child=2 5 -1 12 13 6 16 9 -9 10 -8 -11 25 29 15 -13 28 -18 -19 23 -3 -17 26 -15 -14 -4 -23 -20 -2 -5
right_child=1 20 3 4 -6 -7 7 8 -10 11 -12 14 24 19 -16 21 17 18 27 -21 -22 22 -24 -25 -26 -27 -28 -29 -30 -31
leaf_value=0.029343380753047796 -0.00071046339842626143 0.01254921849211609 -0.0092639852671746823 -0.0020891442328936794 -0.0071897183176611338 -0.0091916932118993756 -0.0090205019916155659 0.018258078971746066 -0.0041873588242486879 -0.0044359724319466554 0.010701538985925227 0.006041620510515551 0.01952142614453127 0.035842031475027326 -0.0023808006102437615 0.028687135260786444 -0.012237901057187858 -0.012197490536022928 0.0046677944425424275 -0.0011307741814710467 0.027685275334767317 0.010757141938231548 -0.0020001470620592829 0.010441050834523145 -0.0024677846239920527 0.010429561278628844 0.028098215828029217 0.018855440949173938 -0.012310457432554637 0.021683488210849703
leaf_weight=2.2692636102437964 10.824242904782297 16.126374781131748 82.923605531454086 11.331234067678453 17.09993027150631 12.382373362779616 8.7650427371263522 3.428266882896426 23.683175384998322 4.8472062945365897 8.3192111700773221 8.8811394870281237 2.4071576744317991 2.9661969989538175 3.8978191316127768 8.1880442798137683 4.5115635097026852 3.3455993682146099 17.562361851334575 2.5827997922897339 6.4549150317907324 5.7757884413003904 2.7835529297590247 2.9440816789865494 6.836420089006424 2.0947096645832053 4.9652388095855713 4.9245854914188376 11.515817672014235 1.394148901104926
leaf_count=12 64 89 501 67 103 74 52 19 140 28 47 51 14 16 23 45 27 20 102 15 35 32 16 17 40 12 27 28 69 8
internal_value=-6.23025e-07 0.00366421 -0.00465355 -0.00524454 0.000515624 0.00164521 0.00263349 0.00514825 -0.00132311 0.00825884 0.000578123 0.0115875 -0.00758674 0.00673309 0.0138454 0.0159173 -0.00135225 0.00258876 0.00519711 0.0159223 0.0169203 0.0199334 0.0145597 0.0233561 0.00330047 -0.00877288 0.0188551 0.00780674 -0.00670633 0.000561336
internal_weight=306.032 171.182 134.85 132.58 38.3184 148.601 136.219 83.5345 27.1114 56.423 17.0843 39.3388 94.2619 21.2185 34.4916 30.5938 52.6842 30.3441 25.8325 8.49308 22.5813 21.7126 13.5246 5.91028 9.24358 85.0183 10.741 22.4869 22.3401 12.7254
internal_count=1793 988 805 793 226 864 790 480 159 321 99 222 567 123 194 171 310 177 150 48 124 120 75 33 54 513 59 130 133 75
is_linear=0
shrinkage=0.00974396


Tree=8
num_leaves=31
num_cat=0
split_feature=60 15 61 44 19 29 34 38 54 9 48 60 25 1 53 52 49 29 1 34 1 10 56 58 29 1 34 16 34 19
split_gain=46.9329 33.6563 39.3237 33.1787 21.8622 17.5423 16.0905 15.3679 15.2093 14.6026 13.1215 10.5293 9.5006 9.1991 7.98627 7.92851 9.85239 8.34174 7.85656 7.84803 8.19865 7.8468 8.23829 9.835 7.45775 7.38455 12.33 12.7093 13.267 8.09088
threshold=49.500000000000007 23.665000000000003 108.54500000000002 7.1100352374162581 19.711000000000002 10.830000000000002 12.460000000000003 79.545000000000016 0.03500000000000001 -7.0699999999999994 0.025000000000000005 53.500000000000007 9.6400000000000023 18.110000000000003 2.1200000000000006 0.38500000000000006 9.8350000000000026 3.5400000000000005 17.425000000000004 17.98 21.725000000000005 11.925000000000002 1.8049995508246177 19.445000000000004 7.0450000000000008 9.4900000000000002 9.1450000000000014 4.8750000000000009 5.9500000000000011 5.812333333333334
decision_type=2 2 2 2 2 2 2 2 2 2 2 2 2 2 2 2 2 2 2 2 2 2 2 2 2 2 2 2 2 2
left_child=3 2 6 7 -3 9 14 -1 -7 -4 -11 -12 21 -6 25 17 -17 -13 -8 -15 -21 -5 -23 -24 -25 26 27 28 -2 -29
right_child=1 4 5 12 13 8 18 -9 -10 10 11 15 -14 19 -16 16 -18 -19 -20 20 -22 22 23 24 -26 -27 -28 29 -30 -31
leaf_value=-0.0023025665092035546 0.0013056958652099024 0.019356414113123305 -0.0078558812063221593 -0.011444375300014294 -0.0067096977200379404 0.011016256780778898 -0.011503691885453093 0.026860113065068882 -0.0054995388216796046 -0.0020814901351329114 0.022140568480349503 -0.0093411685388527423 -0.010756926498342133 -0.012017815822949888 -0.0081102028335469246 0.016269848199155584 -0.0070651600483762093 0.0087555814508006469 0.0038739962142010443 0.014904045577489719 0.00062663797662821448 -0.0086900260659165465 0.0054776710478769671 0.010640179659194669 -0.009439792501070533 0.010321114532920055 -0.012248788205373434 0.004362344410765071 0.024134640524728784 -0.0067974514555639142
leaf_weight=2.8965598046779624 5.6416765600442869 16.278487756848335 4.3774822652339926 11.742304697632788 5.2093967199325588 7.3923214972019222 25.596687451004986 4.1245346367359161 18.370897740125656 6.5541064441204062 8.8675784915685636 3.2531152963638332 38.439554393291473 1.669590070843699 11.446343839168547 17.433510780334476 1.8762175738811482 9.0679344832897169 3.5651178061962119 10.907178774476053 5.8996749222278586 13.552888065576552 16.327739015221599 2.078413560986518 10.274631872773169 6.7878153622150412 7.1277573108673087 10.926314845681192 4.2138472199440002 14.049285560846327
leaf_count=17 33 88 26 71 31 42 156 22 109 38 48 19 234 10 68 97 11 51 21 61 34 82 97 12 62 39 43 63 24 84
internal_value=-7.48097e-07 0.00264696 0.000718328 -0.00549979 0.010673 0.00581155 -0.00368084 0.0148626 -0.000746533 0.00909738 0.0106823 0.0127511 -0.00705356 0.0046786 -0.000798729 0.0100917 0.0139866 0.00395333 -0.00961679 0.0079035 0.00991242 -0.00440817 -0.00244044 0.000515792 -0.00602902 0.000920392 -0.000605205 0.00178445 0.0111339 -0.00191094
internal_weight=305.949 206.512 166.548 99.4366 39.9643 77.1932 89.3548 7.02109 25.7632 51.4299 47.0525 40.4984 92.4155 23.6858 60.193 31.6308 19.3097 12.321 29.1618 18.4764 16.8069 53.976 42.2337 28.6808 12.353 48.7467 41.9589 34.8311 9.85552 24.9756
internal_count=1793 1196 972 597 224 441 531 39 151 290 264 226 558 136 354 178 108 70 177 105 95 324 253 171 74 286 247 204 57 147
is_linear=0
shrinkage=0.00974396


Tree=9
num_leaves=31
num_cat=0
split_feature=59 20 20 71 64 55 27 58 55 72 58 33 71 47 52 52 21 31 38 38 27 47 38 49 58 17 55 30 72 31
split_gain=53.008 45.5141 27.3094 18.4942 20.4344 15.0948 21.0897 16.2872 12.516 11.9163 10.5909 11.1058 10.4885 10.4106 11.5216 10.0885 9.89105 11.7346 9.14564 8.81767 8.54721 8.25729 7.72243 10.4342 7.80998 7.5021 8.36124 13.1618 9.3131 7.68905
threshold=0.37250000000000005 5.6495899522435282 2.447907095030982 1.0000000180025095e-35 8.5000000000000018 1.7830000000000001 12.345000000000001 10.975000000000003 1.8090833333333336 1.0000000180025095e-35 11.985000000000001 9.2500000000000018 1.0000000180025095e-35 94.510000000000005 0.69500000000000006 1.1250000000000002 3.5800000000000005 0.89675000000000005 97.140000000000015 79.345000000000013 11.905000000000003 95.302500000000023 81.930000000000021 0.055000000000000007 12.220000000000002 2.6250000000000004 2.0136666666666669 13.395000000000001 1.0000000180025095e-35 2.3751666666666673
decision_type=2 2 2 2 2 2 2 2 2 2 2 2 2 2 2 2 2 2 2 2 2 2 2 2 2 2 2 2 2 2
left_child=2 5 -1 8 15 7 10 9 21 13 -7 25 -3 14 -2 22 17 -17 -9 -10 -16 -4 -5 -24 -25 -12 -27 28 29 -28
right_child=1 12 3 4 -6 6 -8 18 19 -11 11 -13 -14 -15 20 16 -18 -19 -20 -21 -22 -23 23 24 -26 26 27 -29 -30 -31
leaf_value=0.028278625795905538 9.8733143942761226e-05 0.012101508903438689 -0.0091897686268785118 -0.0036454456508080374 -0.008789287858091516 -0.0057922495243792893 -0.0044965809192846883 -0.010798003686073086 0.018931884309406656 -0.01224751308649852 -0.0045146922409912277 -0.0063098575892782394 0.02673053429188536 -0.005962549051948751 0.0088040551735185917 0.022028026664605137 0.031737355363429434 -0.008071599663266012 0.014618412714860128 -0.0024803278010242843 0.027552634154834686 0.010145251478946455 0.032337465729570761 0.017114714989264361 -0.0063041438831349132 0.016113268818418666 0.0052822777121194001 -0.0058247640297762497 -0.012133624185453591 0.014845348216751096
leaf_weight=2.3198785930871955 11.614635333418851 16.359895080327991 82.096013337373734 10.000169113278394 14.088725402951239 5.9210738688707343 20.933157935738564 19.765362977981571 2.4465849846601468 5.0072768777608863 3.655093401670455 4.8677854388952246 6.5891770720481864 7.6708226650953284 9.0875766128301603 2.4968248456716529 2.3730116188526154 2.3521974384784698 1.405936375260352 6.8417938947677612 3.1066205650568 2.1162812709808341 1.4772348105907429 2.2678229808807373 3.2275116741657257 14.811755031347273 13.572272375226019 5.9383369237184516 1.7089354395866383 19.743340611457825
leaf_count=12 68 89 501 59 86 35 124 120 14 30 21 29 35 46 52 14 13 14 8 40 17 12 8 13 19 82 77 35 10 110
internal_value=-1.04473e-06 0.00358251 -0.00459149 -0.00517897 0.000522318 0.00160996 0.00407802 -0.00228969 -0.00751398 0.00165286 0.00663709 0.00778639 0.0163441 0.0038799 0.00706073 0.00595499 0.0155713 0.00745103 -0.00908127 0.00319944 0.0136608 -0.00869806 0.00183035 0.00967955 0.00338777 0.00894639 0.00983327 0.00754671 0.00982126 0.0109636
internal_weight=305.863 171.759 134.104 131.784 38.2835 148.81 91.1518 57.6582 93.5007 36.4869 70.2186 64.2975 22.9491 31.4797 23.8088 24.1948 7.22203 4.84902 21.1713 9.28838 12.1942 84.2123 16.9727 6.97257 5.49533 59.4297 55.7746 40.9629 35.0245 33.3156
internal_count=1793 988 805 793 226 864 523 341 567 213 399 364 124 183 137 140 41 28 128 54 69 513 99 40 32 335 314 232 197 187
is_linear=0
shrinkage=0.00974396


Tree=10
num_leaves=31
num_cat=0
split_feature=59 20 20 44 11 56 5 56 58 56 51 72 56 5 48 60 56 36 53 44 5 30 56 32 37 32 53 51 40 31
split_gain=52.0229 44.152 26.5628 16.0929 14.7713 13.7179 17.9837 15.2324 14.1729 13.3974 10.8812 10.7353 10.7406 10.0698 10.2806 10.0209 10.4242 10.1672 10.2941 9.58908 8.89577 8.61695 13.4838 13.4247 8.62467 8.50806 7.75694 7.71506 8.78283 6.80778
threshold=0.37250000000000005 5.6495899522435282 2.447907095030982 9.9065506475132423 1.7400000000000004 2.5481827725851773 15.635000000000002 2.8202129931088318 10.975000000000003 3.6866577281980777 6.1850000000000014 1.0000000180025095e-35 1.8580277265804159 -0.32499999999999996 0.045000000000000005 55.500000000000007 3.2900872813835007 94.910000000000011 0.10500000000000002 5.1431831947068032 4.3650000000000011 8.7650000000000023 2.7430231840702808 3.34688206971293 77.515000000000015 3.5940101593942422 0.27500000000000008 0.60500000000000009 86.995000000000019 15.771166666666668
decision_type=2 2 2 2 2 2 2 2 2 2 2 2 2 2 2 2 2 2 2 2 2 2 2 2 2 2 2 2 2 2
left_child=2 3 -1 5 -4 8 13 -8 11 21 -11 12 -2 -7 -15 16 -16 18 -17 -19 25 22 -6 24 -24 -20 -3 28 -18 -9
right_child=1 26 4 -5 9 6 7 29 -10 10 -12 -13 -14 14 15 17 27 19 20 -21 -22 -23 23 -25 -26 -27 -28 -29 -30 -31
leaf_value=0.027641811556184285 -0.0058085465409036287 0.0050717079416278451 0.015978057456562011 -0.0090976089051899491 -0.0066915606058887194 -0.0090731058002256632 0.011668042838987378 -0.0061170153782037478 -0.012232165401906232 -0.00045327501915090227 0.026951151509137166 -0.012216599270589306 0.0067996324427698164 -0.00016876117021622227 -0.0065440514373042236 0.019320538354905239 0.016862113355215754 0.023285731518306499 0.0156366433602559 -0.0021092277662936171 -0.0061921671717421458 -0.010708743167140168 0.002632863365462436 -0.0047940428834098818 0.030323573252017996 -0.011987233224588405 0.01897319877047399 0.025074043197995166 -0.0070740937945494289 0.0091064546318999316
leaf_weight=2.3509074598550788 8.9883608669042605 4.8910614252090481 3.0318188369274131 12.227576911449431 59.013066291809082 3.0443221479654303 7.161856770515441 23.414120554924015 9.6939813494682294 19.504862159490589 1.44186072051525 4.9737323820590964 22.106622591614723 9.4748296588659269 1.7063642591238046 3.017827093601233 7.1798724830150622 5.3558374494314185 4.4469006955623618 1.8922324776649473 9.2938625514507276 38.843009307980537 1.908953070640562 5.18183234333992 2.4411820322275162 1.3499996364116666 18.246651783585548 8.6651119440793973 1.7920466959476469 3.1257107406854621
leaf_count=12 54 27 17 74 358 18 40 140 59 115 8 30 127 55 10 17 39 29 25 11 54 240 11 31 13 8 97 46 10 18
internal_value=-1.16213e-06 0.00354138 -0.00455988 0.00159292 -0.00514485 0.00255245 0.00474219 -0.000900742 -0.00179563 -0.00564938 0.00147179 0.00101559 0.00314838 0.00806648 0.0090376 0.0109904 0.0162752 0.00693575 0.00300946 0.0166617 -0.00028375 -0.00703963 -0.00495384 0.00577518 0.0183276 0.00914591 0.016053 0.0184993 0.0120574 -0.00430895
internal_weight=305.766 172.049 133.717 148.911 131.367 136.684 90.9209 33.7017 45.7627 128.335 20.9467 36.0687 31.095 57.2192 54.1749 44.7001 19.3434 25.3567 18.1086 7.24807 15.0908 107.388 68.545 9.53197 4.35014 5.7969 23.1377 17.637 8.97192 26.5398
internal_count=1793 988 805 864 793 790 520 198 270 776 123 211 181 322 304 249 105 144 104 40 87 653 413 55 24 33 124 95 49 158
is_linear=0
shrinkage=0.00974396


Tree=11
num_leaves=31
num_cat=0
split_feature=55 18 44 33 44 14 37 48 44 33 5 5 44 18 48 55 28 48 55 71 71 51 21 3 3 51 1 31 14 1
split_gain=38.9678 38.5209 44.4615 20.4944 20.0992 19.6681 19.665 11.7823 11.4061 10.2271 9.85107 9.29188 8.53564 8.33956 14.0133 12.8208 11.4154 8.59218 9.07333 8.33001 8.01742 10.248 10.7478 8.09646 7.89891 7.05447 7.52039 7.0538 6.82672 6.7105
threshold=1.8090833333333336 15.925000000000002 8.992430014836934 7.1950000000000012 7.1100352374162581 17.250000000000004 76.14500000000001 8.7750000000000021 9.8498825182179157 -11.214999999999998 21.870000000000001 -0.13499999999999998 4.2933670841362863 16.065000000000005 0.065000000000000016 2.1495000000000002 1.2600000000000002 1.2450000000000003 2.139416666666667 1.0000000180025095e-35 1.0000000180025095e-35 0.68500000000000016 -2.5199999999999991 3.0750000000000006 18.995000000000001 0.015000000000000001 3.7600000000000002 -2.9924166666666658 21.750000000000004 6.2550000000000008
decision_type=2 2 2 2 2 2 2 2 2 2 2 2 2 2 2 2 2 2 2 2 2 2 2 2 2 2 2 2 2 2
left_child=1 2 4 9 5 20 -7 -3 -4 -2 11 -11 -5 14 28 17 -16 -15 -19 24 27 25 -23 -24 -14 26 -22 -1 -13 -25
right_child=3 7 8 12 -6 6 -8 -9 -10 10 -12 13 19 15 16 -17 -18 18 -20 -21 21 22 23 29 -26 -27 -28 -29 -30 -31
leaf_value=0.0072047948074203654 -0.0077582335012743005 -0.0093880144349059585 0.018116628610076645 0.013423475706609211 -0.0068261368551475448 0.001277125288554708 0.034550196476379511 0.013108832679134095 -0.0044912089999624167 -0.01212932999683989 -0.0073439103636491259 -0.0035661982523364408 -0.0040780064940925927 0.013112971261549748 0.0053569322307516027 -0.0014130710945885157 0.018997272772215672 -0.0095910544188397891 0.015979360543412657 -0.0091454028521679807 -0.0049325936449481841 -0.0068137087878924474 0.039850196940210511 -0.0048343560089050578 0.016899828405316241 -0.0067076992501731774 0.02667042362378378 -0.004311221688834326 0.019332037015673199 0.021026706280916144
leaf_weight=5.8977816998958579 4.3300655484199515 64.83322711288929 14.994715198874475 2.6007191836833981 44.559508576989174 3.4980140030384055 3.2394585162401199 2.2520377933979026 2.4409889578819266 2.0246550291776648 3.9834960848093024 6.5536440759897214 4.7143236696720132 19.160005405545238 8.1052958816289919 14.934851959347723 21.290939807891846 3.6771918237209311 2.0037456154823303 15.42046831548214 1.34502597153187 1.8295753449201582 1.4493907392024983 1.3352457284927366 2.6172370910644531 6.8238943219184875 1.4517161995172498 33.680586770176888 1.4835672229528425 3.1270232051610947
leaf_count=34 26 399 80 15 271 20 17 13 14 12 24 38 28 106 46 87 114 22 11 93 8 11 8 8 15 40 8 200 8 17
internal_value=-1.31677e-06 -0.00266422 0.00051776 0.00454339 -0.0018089 0.00170194 0.0173968 -0.008624 0.0149414 0.0067773 0.00753831 0.00829125 -0.00316424 0.00883402 0.0121382 0.0057127 0.0152522 0.00999766 -0.000504022 -0.00508491 -0.000163139 0.00534805 0.0136663 0.020029 0.00344124 -0.00135903 0.0115624 -0.00258674 0.000714834 0.0132841
internal_weight=305.658 192.758 125.673 112.9 108.237 63.6777 6.73747 67.0853 17.4357 87.5475 83.2174 79.2339 25.3527 77.2092 37.4334 39.7758 29.3962 24.8409 5.68094 22.752 56.9402 17.3619 7.74124 5.91166 7.33156 9.62064 2.79674 39.5784 8.03721 4.46227
internal_count=1793 1148 736 645 642 371 37 412 94 494 468 444 151 432 206 226 160 139 33 136 334 100 44 33 43 56 16 234 46 25
is_linear=0
shrinkage=0.00974396


Tree=12
num_leaves=31
num_cat=0
split_feature=59 70 73 5 44 71 3 67 61 61 36 32 4 32 32 36 39 61 37 5 74 71 67 26 14 67 37 14 33 61
split_gain=50.1884 34.339 33.4868 37.1299 23.2107 21.2859 20.5624 18.818 17.0497 14.2604 14.1718 14.0616 10.0492 12.6512 9.50626 8.39145 13.585 8.6118 7.89795 7.65667 9.99117 15.35 7.63041 7.22517 10.1208 7.0315 9.93109 11.4269 6.97301 6.87521
threshold=0.37250000000000005 1.0000000180025095e-35 1.0000000180025095e-35 15.635000000000002 7.0647933718960605 1.0000000180025095e-35 19.825000000000003 1.0000000180025095e-35 107.20500000000001 113.95 77.615000000000023 3.9006415221390602 3.5200000000000005 1.8865706158347146 2.9875733814244643 93.430000000000021 88.955000000000013 131.46000000000001 90.715000000000018 5.6050000000000013 1.0000000180025095e-35 1.0000000180025095e-35 1.0000000180025095e-35 -0.97499999999999987 4.9700000000000006 1.0000000180025095e-35 67.875000000000014 20.470000000000002 10.395000000000001 128.97
decision_type=2 2 2 2 2 2 2 2 2 2 2 2 2 2 2 2 2 2 2 2 2 2 2 2 2 2 2 2 2 2
left_child=4 2 7 6 5 22 8 19 23 25 -10 14 -12 -14 -7 16 17 -15 -9 -2 -21 -22 -1 -4 -25 -6 27 -27 -5 -11
right_child=1 -3 3 28 9 11 -8 18 10 29 12 -13 13 15 -16 -17 -18 -19 -20 20 21 -23 -24 24 -26 26 -28 -29 -30 -31
leaf_value=-0.0085337508852946879 -0.010339836956217768 0.016690078251828992 -0.012209339365446253 -0.0068446399235516557 -0.0094348422278258421 0.0080009745916727673 0.021836023215846261 0.010798402929068373 -0.0058578157453847779 0.0084302610965878051 0.0032585146158295862 -0.0087356918084538285 -0.011945363898765422 0.032220940642183102 0.025099032752603018 0.028096560735327351 0.0017901578048236419 0.014817142008204142 -0.01193216501018266 -0.0047618502898112754 -0.0049726805625652263 0.030708720407347154 0.0067206765768907367 0.022824187420596404 -0.0016952140221684914 0.0241310749728623 -0.0086769092551918937 -0.0035547273046651769 0.015686948471419042 -0.0062708226091199746
leaf_weight=12.99629130959511 19.857787370681763 16.788307130336761 4.3213102519512185 19.40790264308453 73.434330627322197 7.4916908293962461 10.844861894845961 10.774521857500075 4.4566609114408484 7.8583464473485929 8.5839332193136197 2.8241472840309134 1.4912807196378732 3.62406454980374 5.3194275945425034 5.1696632653474799 6.0437647849321356 11.186578050255774 1.6395522654056538 31.478169426321983 2.6032573878765097 1.9866992831230161 4.0502932071685782 1.9010194838046999 9.0482933372259122 2.3704692125320426 8.3894419074058515 3.3987619429826736 1.359669268131255 4.8488450944423676
leaf_count=79 120 92 26 116 454 42 57 61 26 45 49 17 9 19 28 27 34 60 10 184 15 11 24 11 53 14 52 21 8 29
internal_value=-1.44222e-06 0.00346451 0.00203469 0.00602803 -0.00449978 0.00262663 0.00957128 -0.0030733 0.00717339 -0.00682324 0.0104755 0.0108274 0.0124995 0.0153694 0.0151629 0.0169545 0.0141409 0.019155 0.00775917 -0.00548369 -0.00279857 0.0105676 -0.004895 -0.00159232 0.00261357 -0.0082226 -0.00191798 0.0078812 -0.00533772 0.00280861
internal_weight=305.549 172.567 155.779 87.439 132.982 32.6819 66.6714 68.34 55.8266 100.3 40.5559 15.6353 36.0993 27.5154 12.8111 26.0241 20.8544 14.8106 12.4141 55.9259 36.0681 4.58996 17.0466 15.2706 10.9493 87.593 14.1587 5.76923 20.7676 12.7072
internal_count=1793 988 896 495 805 190 371 401 314 615 224 87 198 149 70 140 113 79 71 330 210 26 103 90 64 541 87 35 124 74
is_linear=0
shrinkage=0.00974396


Tree=13
num_leaves=31
num_cat=0
split_feature=59 70 73 65 28 71 41 41 55 34 33 2 15 2 55 66 41 51 28 15 27 43 33 27 74 71 28 60 51 56
split_gain=49.2633 33.2876 32.7657 33.6428 27.8629 22.6889 24.4707 19.3981 11.3797 10.5179 11.3531 9.79052 10.1039 9.76082 9.37574 9.97386 9.32607 8.75773 8.09787 7.6801 7.08265 6.80111 10.1126 7.18817 6.73707 7.70352 6.79643 6.49876 5.98769 6.23976
threshold=0.37250000000000005 1.0000000180025095e-35 1.0000000180025095e-35 5.5000000000000009 3.6950000000000007 1.0000000180025095e-35 71.420000000000016 71.420000000000016 1.8090833333333336 18.025000000000002 -2.4849999999999999 5.4800000000000013 5.370000000000001 15.295000000000002 1.7867500000000003 125.50000000000001 96.975000000000009 1.0000000180025095e-35 -0.17999999999999997 12.035000000000002 7.9800000000000013 67.957000000000008 1.9900000000000002 3.8450000000000002 1.0000000180025095e-35 1.0000000180025095e-35 19.615000000000006 40.500000000000007 0.12500000000000003 2.8828065772015079
decision_type=2 2 2 2 2 2 2 2 2 2 2 2 2 2 2 2 2 2 2 2 2 2 2 2 2 2 2 2 2 2
left_child=5 2 11 -4 14 8 -7 -6 16 10 17 -2 -13 -12 19 28 27 -8 -19 -5 -10 -3 23 -23 26 -26 -14 -1 -16 -30
right_child=1 21 3 4 7 6 9 -9 20 -11 13 12 24 -15 15 -17 -18 18 -20 -21 -22 22 -24 -25 25 -27 -28 -29 29 -31
leaf_value=-0.0026446535447768372 -0.0085837903586962298 0.029188341115120954 -0.00252622648700123 -0.0070672911192006284 -0.0014365255040127587 -0.0087080462201659346 0.01622839657699458 0.020899665400117791 -0.0058096116754397754 -0.0090601962314176051 0.025773613893334098 0.023183061210624415 -0.0040738589082813213 0.0038521401869034641 -0.0086857122433990751 0.022850186938480743 0.0076056864677512071 0.014304547525088975 -0.0058455857688445804 0.012759388795353823 0.011104117089953121 0.0058842431752317223 -0.0045359275582955291 0.022598577755837502 0.0013975666101646103 0.024045438447765827 0.015824013247737648 -0.010148759967001727 0.016357430610394016 0.0023053971988248032
leaf_weight=13.197392687201498 20.971453547477722 3.2006359696388271 29.462124451994896 9.2221546173095721 4.3716327548027065 13.93400691449642 4.0256597995758083 23.174010455608368 4.4369935840368253 3.2297256737947455 5.7184181213378924 1.601317524909972 35.940035730600357 2.9448733329772949 2.6151796430349377 3.48306880891323 3.3448909670114508 2.4969723224639893 7.4445687383413297 2.280457690358161 4.9081587791442871 3.6721928119659406 2.4472089409828177 7.6125549077987671 6.2107072919607145 1.8210350871086118 1.6684575378894795 66.922273233532906 4.663807436823844 8.4073362201452237
leaf_count=81 127 17 174 55 25 86 23 122 26 20 30 9 211 17 15 18 19 14 44 13 28 21 14 40 35 10 9 417 26 47
internal_value=-1.60862e-06 0.00342547 0.00201325 0.00595283 0.0102449 -0.00446886 0.0016828 0.017353 -0.00710751 0.00729104 0.00964138 -0.00304923 -0.000584761 0.0183853 0.00384369 0.0080129 -0.00824932 0.00417402 -0.000737026 -0.00309678 0.00306888 0.0163866 0.0133221 0.0172083 -0.00143981 0.00663622 -0.00317284 -0.00891609 0.0046636 0.00736139
internal_weight=305.429 172.825 155.893 87.6798 58.2176 132.604 39.7942 27.5456 92.8097 25.8602 22.6305 68.213 47.2416 8.66329 30.672 19.1694 83.4646 13.9672 9.94154 11.5026 9.34515 16.9326 13.732 11.2847 45.6402 8.03174 37.6085 80.1197 15.6863 13.0711
internal_count=1793 988 896 495 321 805 234 147 571 148 128 401 274 47 174 106 517 81 58 68 54 92 75 61 265 45 220 498 88 73
is_linear=0
shrinkage=0.00974396


Tree=14
num_leaves=31
num_cat=0
split_feature=60 39 44 73 70 66 67 33 44 71 74 20 63 67 44 37 45 60 41 20 13 41 9 45 56 41 29 36 56 54
split_gain=42.8025 48.3617 29.9748 22.5721 26.6959 21.558 20.5209 20.3594 13.1648 12.9551 13.6674 12.3514 11.3954 10.5191 10.4003 13.6521 9.90722 9.65768 9.49047 9.30426 9.25669 11.8353 9.06464 8.63463 8.57046 8.52895 7.98646 7.61064 8.11593 7.31908
threshold=49.500000000000007 62.800000000000004 7.1100352374162581 1.0000000180025095e-35 1.0000000180025095e-35 195.50000000000003 1.0000000180025095e-35 -3.2699999999999996 4.2933670841362863 1.0000000180025095e-35 1.0000000180025095e-35 3.5403916897298688 34.500000000000007 1.0000000180025095e-35 8.2448148771516632 86.835000000000008 77.350000000000009 39.500000000000007 73.370000000000019 5.5191190948688122 19.650000000000002 94.390000000000015 -5.0299999999999985 65.52500000000002 2.7372122123354914 92.385000000000005 12.005000000000001 86.870000000000019 2.1586080210102185 0.29500000000000004
decision_type=2 2 2 2 2 2 2 2 2 2 2 2 2 2 2 2 2 2 2 2 2 2 2 2 2 2 2 2 2 2
left_child=2 -2 11 4 6 7 9 16 26 -3 27 -1 14 19 15 -10 22 -15 -19 -4 21 -9 -5 -6 -20 -18 -7 -11 -29 -22
right_child=1 3 13 5 23 8 -8 20 12 10 -12 -13 -14 17 -16 -17 25 18 24 -21 29 -23 -24 -25 -26 -27 -28 28 -30 -31
leaf_value=0.026266470321796541 0.016164018220569596 -0.0089447740459446309 -0.0092935848849990572 -0.0085940711295210796 0.020428164757572333 0.023494378114840349 0.0058831301764926298 0.024826304875203806 0.017247402405342314 -0.0087223330295847223 0.021842614049360134 0.00085980996537689941 -0.0089746521083871305 0.018265586540326006 -0.0057978168275308103 -0.01201616374376312 0.022133792089351404 -0.012051528659448888 -0.0051117917312421017 0.0022591231831362042 0.013678121023492206 0.0040468825659767584 0.004053671903357068 0.00018786939000845209 0.019913637492715842 0.0035237019933400645 -0.0049388410875331138 0.021917471547398027 -0.0031504949954776532 -0.0057185808712182078
leaf_weight=3.6373325884342185 21.954093873500824 51.768884047865868 70.238397777080536 7.8482694476842871 5.7990442216396314 2.9194244593381873 15.317772597074507 10.985002830624582 6.1339605152606946 8.0488352775573713 2.5058302730321875 3.6194948107004166 17.521372333168983 2.5163525938987723 7.4788327217102042 1.9705166816711424 4.1564818024635297 5.2542112469673139 2.770190641283989 7.2735095620155326 5.1103579550981513 3.4486374258995047 16.894755259156231 3.0658568292856216 2.3805752694606781 5.3674778193235397 1.3472194671630857 1.9425817281007756 3.1822604387998581 2.842900350689888
leaf_count=18 116 313 436 47 31 16 89 57 34 48 14 21 106 15 45 12 23 33 17 43 28 19 96 18 14 30 8 11 19 16
internal_value=-1.67205e-06 0.00250055 -0.0053196 0.000881197 -0.00255908 0.00423492 -0.00428309 0.00802276 -0.00150622 -0.00659576 0.00115466 0.0136814 -0.00358992 -0.00685079 0.00246332 0.010094 0.00329021 0.00127687 -0.00287029 -0.00820729 0.0152434 0.0198936 2.98274e-05 0.0134728 0.00649012 0.0117139 0.0145219 -0.00282164 0.00641698 0.00673445
internal_weight=305.3 207.61 97.6901 185.656 91.6311 94.0252 82.7662 56.6539 37.3713 67.4484 15.6795 7.25683 33.1047 90.4332 15.5833 8.10448 34.267 12.9213 10.405 77.5119 22.3869 14.4336 24.743 8.8649 5.15077 9.52396 4.26664 13.1737 5.12484 7.95326
internal_count=1793 1196 597 1080 543 537 494 316 221 405 92 39 197 558 91 46 196 79 64 479 120 76 143 49 31 53 24 78 30 44
is_linear=0
shrinkage=0.00974396


Tree=15
num_leaves=31
num_cat=0
split_feature=73 18 74 61 66 67 61 45 5 61 61 41 39 5 11 32 44 39 48 22 30 61 11 61 25 5 38 41 13 54
split_gain=39.1316 47.4543 27.545 27.1205 31.1552 15.5628 15.5546 15.3961 14.403 12.8272 13.1549 12.3036 14.1591 12.5349 10.6097 10.7306 9.72921 9.2733 9.01157 8.72548 8.24804 9.84558 8.02323 8.01747 11.8479 10.4968 10.4954 12.0911 7.96156 7.7958
threshold=1.0000000180025095e-35 16.065000000000005 1.0000000180025095e-35 71.105000000000004 108.50000000000001 1.0000000180025095e-35 109.53500000000003 76.765000000000015 14.100000000000001 100.92 139.51500000000001 65.065000000000012 86.590000000000018 15.905000000000003 9.2625000000000011 2.9227521576527553 4.2391025750465978 80.440000000000012 1.3400000000000003 10.380000000000001 5.4450000000000012 51.160000000000004 7.642500000000001 113.85000000000001 14.695000000000002 21.120000000000001 97.375000000000014 95.045000000000016 6.7200000000000006 2.1650000000000005
decision_type=2 2 2 2 2 2 2 2 2 2 2 2 2 2 2 2 2 2 2 2 2 2 2 2 2 2 2 2 2 2
left_child=2 3 5 -2 7 23 20 19 14 -3 11 -11 13 -13 15 -6 29 -17 -8 -5 21 -4 -7 26 -25 -26 -1 -28 -23 -12
right_child=1 9 6 4 8 22 18 -9 -10 10 16 12 -14 -15 -16 17 -18 -19 -20 -21 -22 28 -24 24 25 -27 27 -29 -30 -31
leaf_value=-0.0092830295442855367 -0.0033729720213594668 -0.0096668152287360393 -0.011968316654910837 0.010373712008865612 0.023122956829559588 0.0099792758284226041 0.021635082105183813 0.010659035299362279 0.00067426438181724822 -0.012181092177919288 -0.0051930432495173586 0.025960264225782303 -0.005684048390707565 0.0056171632380544604 0.023296618238015272 -0.0038627096338759892 -0.0080174571040753876 0.013975249823934728 0.0018585496540997309 -0.006229345743657879 -0.0091078928657492182 -0.011858226344291832 -0.0031391960510103443 -0.0060655046608970526 0.017532927094052686 -0.0079100702829837059 -0.011888971914986547 0.021962560403549051 0.011210794097328456 0.02683224916569402
leaf_weight=75.341688707470894 16.397300437092781 19.62107902765274 2.8716050684452119 3.7705376297235516 6.1397732794284847 8.2125553786754626 6.4295809566974622 14.902625828981398 5.1021559536457053 3.0037821084260967 1.3742566406726866 5.2231371402740496 4.3853296488523474 6.4482416212558746 18.813434332609177 4.4408186227083188 18.085005611181259 7.2057055979967117 3.3396594077348709 14.184593990445135 6.4243881404399863 1.6121245771646489 9.5016533434391004 19.93149529397488 4.4495159834623328 2.3085495829582214 1.7718372792005532 2.2071723788976669 10.220068246126173 1.4466264694929121
leaf_count=464 100 123 18 21 32 48 34 82 29 18 8 28 26 38 95 25 109 39 19 84 40 10 57 118 24 14 11 12 59 8
internal_value=-1.77859e-06 0.00353354 -0.00344471 0.0079606 0.0104553 -0.00550017 0.00477865 0.0033487 0.0160435 -0.00322274 -4.97991e-05 0.00579566 0.00918711 0.0147859 0.0181797 0.0127225 -0.00538621 0.00717213 0.0149204 -0.00272128 6.51631e-05 0.0040947 0.00294374 -0.00691289 -0.00228267 0.00882712 -0.00846743 0.00688651 0.00802936 0.0113222
internal_weight=305.166 150.544 154.622 90.9569 74.5596 123.724 30.8974 32.8578 41.7019 59.5875 39.9664 19.0605 16.0567 11.6714 36.5997 17.7863 20.9059 11.6465 9.76924 17.9551 21.1282 14.7038 17.7142 106.01 26.6896 6.75807 79.3207 3.97901 11.8322 2.82088
internal_count=1793 865 928 507 407 748 180 187 220 358 235 110 92 66 191 96 125 64 53 105 127 87 105 643 156 38 487 23 69 16
is_linear=0
shrinkage=0.00974396


Tree=16
num_leaves=31
num_cat=0
split_feature=60 70 66 31 45 58 41 68 61 46 16 25 46 7 65 46 46 66 12 65 26 6 22 60 42 16 29 68 51 19
split_gain=41.4703 34.8295 29.1535 42.3388 25.258 21.854 16.2467 17.1243 15.4937 15.3775 11.0237 10.4437 14.0009 10.3856 10.3219 10.2535 9.91069 9.78401 9.1349 9.0515 7.97034 8.87422 7.45124 6.95493 6.88095 6.86127 6.76782 6.61834 6.49888 7.81274
threshold=49.500000000000007 1.0000000180025095e-35 195.50000000000003 2.3751666666666673 68.360000000000014 20.940000000000001 69.265000000000015 1.0000000180025095e-35 108.995 96.675000000000011 26.855000000000004 9.6400000000000023 89.575000000000003 16.833250000000003 49.500000000000007 93.405000000000015 99.730000000000004 269.50000000000006 17.285000000000004 56.500000000000007 -1.0000000180025095e-35 4.1150000000000011 22.415000000000003 53.500000000000007 89.050000000000011 14.305000000000001 7.0450000000000008 1.0000000180025095e-35 0.52500000000000013 5.812333333333334
decision_type=2 2 2 2 2 2 2 2 2 2 2 2 2 2 2 2 2 2 2 2 2 2 2 2 2 2 2 2 2 2
left_child=4 2 3 5 11 16 13 23 10 -3 14 12 -1 -5 -4 -14 27 -10 22 -11 -7 -22 -19 -8 26 -6 -17 28 29 -2
right_child=1 9 8 6 25 20 7 -9 17 19 -12 -13 15 -15 -16 24 -18 18 -20 -21 21 -23 -24 -25 -26 -27 -28 -29 -30 -31
leaf_value=0.0046464411027687096 0.0030015644724401195 0.020560614812270367 -0.011784736531799657 -0.012249196688859793 0.00025606058415853351 -0.0019252303390837307 0.021065847881163322 -0.0064173463897634394 -0.0032157651355805205 -0.011982118137893141 0.011221289230867572 -0.010309261688565144 -0.011215425431091256 0.01288790005552869 0.010539385908748701 0.0076328208582572207 -0.012113358250413004 0.016407479848859322 0.018264856146978099 0.012675616422568991 0.02869213528347607 0.00058333059218293795 -0.0019319841249327678 0.011102943423755784 -0.0093250981774262321 0.026151260839900537 -0.0074744334478987233 -0.0094311213176632071 0.0043082879050355249 -0.0078901223525640694
leaf_weight=14.30293560028076 11.849515751004221 13.551768422126772 27.644996732473377 3.6920604556798926 1.4685243666172016 1.8087900578975675 19.192274197936062 3.097403571009635 28.602559566497803 2.5715519189834586 2.4328034520149222 37.497862949967384 21.298725947737694 2.644238293170929 2.0823270827531806 8.6877553164958972 7.8505464792251578 2.6207194328308132 4.3312489539384833 3.0448439866304398 4.1399541646242133 1.4466065168380735 10.016946315765379 10.516472011804579 6.8236182183027259 2.8964304625988007 4.1152495741844168 6.8167577087879172 24.837258711457253 13.139553666114805
leaf_count=86 68 71 174 22 8 10 97 17 170 16 14 237 134 15 12 51 49 14 23 17 21 8 57 57 42 14 25 41 144 79
internal_value=-1.99582e-06 0.00245263 0.00117971 0.00438365 -0.00525908 -5.58389e-05 0.0125327 0.0152892 -0.00339504 0.0149546 -0.00856938 -0.00634057 -0.0036385 -0.00172493 -0.0102054 -0.00653871 -0.00187995 0.000257767 0.0061144 0.0013585 0.015764 0.0214887 0.00189834 0.0175619 -0.00144536 0.0175446 0.00275932 -0.000452302 0.000779698 -0.00272355
internal_weight=305.022 207.931 188.763 111.031 97.0911 71.889 39.1424 32.8061 77.7316 19.1682 32.1601 92.7261 55.2283 6.3363 29.7273 40.9253 64.4936 45.5715 16.9689 5.6164 7.39535 5.58656 12.6377 29.7087 19.6266 4.36495 12.803 56.6431 49.8263 24.9891
internal_count=1793 1196 1092 628 597 420 208 171 464 104 200 575 338 37 186 252 381 264 94 33 39 29 71 154 118 22 76 332 291 147
is_linear=0
shrinkage=0.00974396


Tree=17
num_leaves=31
num_cat=0
split_feature=55 66 44 70 5 44 28 37 20 33 38 38 18 47 45 5 5 33 25 33 23 51 18 51 55 55 44 43 33 37
split_gain=35.3548 44.7383 41.2669 20.7589 22.6155 16.7641 17.9848 13.9211 12.1215 8.94484 8.68065 8.55674 8.55188 9.24512 11.0725 8.19545 7.77357 7.55896 7.57561 7.13157 12.9364 7.10121 6.52466 6.44157 6.30525 6.1029 5.98557 5.86593 5.77602 5.77578
threshold=1.8090833333333336 180.50000000000003 8.992430014836934 1.0000000180025095e-35 15.855000000000002 7.1100352374162581 4.7600000000000007 80.910000000000011 5.5351873606280169 -11.214999999999998 96.075000000000003 86.060000000000016 26.325000000000003 81.115000000000023 67.420000000000002 -0.13499999999999998 1.0250000000000001 8.9150000000000009 3.2550000000000003 -3.6249999999999996 17.767500000000002 4.6100000000000003 10.650000000000002 1.8150000000000002 2.0204166666666672 2.139416666666667 7.2867124743269294 90.286583333333354 -4.3149999999999986 93.75500000000001
decision_type=2 2 2 2 2 2 2 2 2 2 2 2 2 2 2 2 2 2 2 2 2 2 2 2 2 2 2 2 2 2
left_child=1 2 5 4 9 6 10 23 -6 -2 11 16 13 21 -15 -16 -1 18 27 28 26 -11 -3 -8 -20 -5 -21 -17 -7 -29
right_child=3 22 -4 25 8 19 7 -9 -10 12 -12 -13 -14 14 15 17 -18 -19 24 20 -22 -23 -24 -25 -26 -27 -28 29 -30 -31
leaf_value=0.011750389039423119 -0.007447597931135713 0.0094637819009766467 0.014865796931602436 0.024838880220982761 -0.0051421568055152874 -0.0037934661245142636 -0.0085745080532302828 0.024680241799108476 0.011413703619278803 0.012625390845255061 0.0096573249360497708 -0.0072568595212496806 -0.0047469309669121249 -0.0031052591324876016 -0.012062463822094905 -0.0014649920598735844 -0.0014095827002191751 -0.011803778082497735 0.032226255707271743 -0.0070178187531923794 -0.0095296019491532789 0.033334968763044884 -0.0094600711836585125 0.012990405856275559 0.013195803485140803 0.0072365553279212687 0.012280520106160405 0.013755584255674401 -0.012093339672761457 -0.0037905703184042618
leaf_weight=5.5809001177549389 4.1014865338802329 1.7414012700319279 17.26863057911396 5.6004281938076002 32.423532754182816 14.985594257712362 2.5803068429231626 5.3309192508459091 4.7830426543951026 11.034707367420195 6.9397293478250495 17.433812230825424 5.0875889956951132 9.3785529881715757 1.680199399590484 6.1322330534458258 17.57784903049469 1.4462557733058918 1.8746024221181894 1.9428023695945755 7.617097556591033 1.8365631252527226 65.472134366631508 2.6019817888736725 14.40892072021961 2.8941915929317474 6.6290842294692993 9.0883897542953473 17.205281093716621 2.1825413256883612
leaf_count=32 25 10 89 29 195 92 15 27 26 60 39 106 30 55 10 35 103 9 9 12 48 9 414 14 76 16 38 49 109 12
internal_value=-2.19166e-06 -0.00256613 0.000910404 0.00429152 0.00310611 -0.00135724 0.00217134 0.0136802 -0.00300106 0.00643704 -0.000380276 -0.00210678 0.00733058 0.00837543 0.0063266 0.00873365 0.00177012 0.00974364 0.0106846 -0.00559183 -0.000306507 0.0156785 -0.00896288 0.00224409 0.0154635 0.0189148 0.00788022 0.00618224 -0.00824243 0.0103453
internal_weight=304.861 190.908 123.694 113.953 105.459 106.425 58.0455 10.5132 37.2066 68.252 47.5323 40.5926 64.1506 59.063 46.1917 36.8131 23.1587 35.1329 33.6867 48.3799 16.189 12.8713 67.2135 5.18229 16.2835 8.49462 8.57189 17.4032 32.1909 11.2709
internal_count=1793 1148 724 645 600 635 336 56 221 379 280 241 354 324 255 200 135 190 181 299 98 69 424 29 85 45 50 96 201 61
is_linear=0
shrinkage=0.00974396


Tree=18
num_leaves=31
num_cat=0
split_feature=59 8 44 66 66 68 55 55 27 51 59 31 51 66 33 48 0 13 31 31 5 24 41 6 55 48 55 15 59 51
split_gain=45.2735 30.5427 21.6004 20.7686 21.7963 20.5667 13.5564 12.6129 13.7554 12.2024 8.34253 8.78797 8.31615 9.77754 8.00279 8.72746 8.03362 7.70758 11.9001 12.5693 11.8698 7.48594 7.16331 6.64643 6.38715 6.34899 10.4197 7.15822 6.28237 6.2226
threshold=0.37250000000000005 5.0989012279908676 7.0647933718960605 218.50000000000003 151.50000000000003 1.0000000180025095e-35 1.8991666666666667 1.7830000000000001 12.345000000000001 1.0000000180025095e-35 0.42250000000000004 0.442 2.2550000000000003 190.50000000000003 9.2500000000000018 0.12500000000000003 11.205000000000002 6.7200000000000006 6.1720000000000015 14.63691666666667 6.6700000000000008 -0.73499999999999988 74.160000000000011 2.9800000000000009 2.1495000000000002 1.6150000000000004 2.3527500000000008 18.610000000000003 0.27750000000000008 0.12500000000000003
decision_type=2 2 2 2 2 2 2 2 2 2 2 2 2 2 2 2 2 2 2 2 2 2 2 2 2 2 2 2 2 2
left_child=2 7 3 4 9 -3 -4 17 10 -1 23 -12 13 -10 15 16 -13 -2 20 -20 -19 28 -15 -9 -8 -17 -27 -28 -11 -25
right_child=1 5 6 -5 -6 -7 24 8 12 21 11 14 -14 22 -16 25 -18 18 19 -21 -22 -23 -24 29 -26 26 27 -29 -30 -31
leaf_value=0.024090234163312178 -0.007731810174952238 0.017841955525006913 -0.0080182276379109473 -0.0099323121112799891 0.023939233557992459 -0.012555667674850951 0.0080816522834496387 0.03281211783732442 0.021237795950359063 -0.0011825018525990325 -0.0060959682419363887 -0.0060732466677327667 -0.012218533748748225 0.0028828256874052867 -0.0060224188160179336 0.013856346207310886 0.0078579435320429904 -0.00017870759027652732 -0.011320387202098702 0.0096113081854929897 0.013362267344741907 -0.0052990504140567251 -0.012115608134479138 -0.0059848636426455062 -0.0061190851245951699 -0.0032747304646924469 0.015097735526968224 -0.0039974006910132344 0.020872524299458534 0.016417352477120437
leaf_weight=2.0700211375951829 15.222226962447165 18.332861006259922 85.354514062404633 9.1315414756536466 5.6649612188339225 2.3560844510793677 7.9604627937078458 1.6452217400073994 1.9496204257011438 2.5893785953521755 6.2134378403425208 7.6654693782329542 6.2549585551023474 9.5012427866458875 4.7351560890674582 18.08307957649231 7.9817976802587509 19.792879953980449 11.968933418393133 3.4852894991636267 8.864678889513014 11.028564319014544 4.3855580091476432 1.5475954115390775 4.7762601971626282 7.3918617218732861 9.6114398241043073 2.280999779701232 2.2681321948766708 4.5851671546697617
leaf_count=11 94 92 541 58 28 13 45 8 10 15 37 45 38 56 29 97 44 116 75 20 48 66 27 9 29 43 50 13 12 24
internal_value=-2.31018e-06 0.00325538 -0.00433156 0.0025149 0.00734032 0.0143576 -0.00661898 0.00175177 0.00397508 0.00205746 0.00604515 0.00487754 -0.0027405 0.00101503 0.00606361 0.00714901 0.00102681 -0.00176237 0.0002995 -0.00657971 0.00401747 -0.000855439 -0.00186448 0.0155613 0.00274405 0.00970561 0.00578747 0.0114235 0.0091706 0.0107414
internal_weight=304.699 173.856 130.844 32.7526 23.6211 20.6889 98.0912 153.167 93.8326 17.9561 71.7412 63.9632 22.0914 15.8364 57.7498 53.0146 15.6473 59.334 44.1118 15.4542 28.6576 15.8861 13.8868 7.77798 12.7367 37.3674 19.2843 11.8924 4.85751 6.13276
internal_count=1793 988 805 190 132 105 615 883 530 104 399 358 131 93 321 292 89 353 259 95 164 93 83 41 74 203 106 63 27 33
is_linear=0
shrinkage=0.00974396


Tree=19
num_leaves=31
num_cat=0
split_feature=60 39 55 44 6 5 29 41 53 67 42 55 60 41 22 32 44 55 55 5 29 52 16 26 45 5 37 70 6 32
split_gain=39.4702 43.3124 27.9341 27.5019 23.8934 16.6476 16.4151 12.6794 11.5878 10.4313 10.175 9.38276 9.26964 9.2825 8.20474 8.13891 8.0089 7.66303 7.11248 9.46849 7.01225 9.54533 6.86526 5.78608 9.29047 11.4815 5.64045 5.63626 6.84565 7.91727
threshold=49.500000000000007 62.800000000000004 1.8090833333333336 7.1100352374162581 7.6850000000000014 6.6700000000000008 10.830000000000002 90.030000000000015 1.0000000180025095e-35 1.0000000180025095e-35 84.565000000000012 2.7780000000000005 39.500000000000007 73.370000000000019 19.275000000000002 4.3215736885932294 5.4096338466830387 0.98416666666666686 2.1910000000000003 16.200000000000006 -3.8299999999999996 0.095000000000000015 5.0050000000000008 9.4100000000000019 55.015000000000008 9.6100000000000012 80.910000000000011 1.0000000180025095e-35 10.505000000000001 2.2365258740080729
decision_type=2 2 2 2 2 2 2 2 2 2 2 2 2 2 2 2 2 2 2 2 2 2 2 2 2 2 2 2 2 2
left_child=3 -2 4 8 5 17 7 11 -1 23 26 27 -11 -14 -15 18 22 -3 19 -8 21 -19 -9 24 25 -5 -7 28 -4 -30
right_child=1 2 6 9 -6 10 15 16 -10 12 -12 -13 13 14 -16 -17 -18 20 -20 -21 -22 -23 -24 -25 -26 -27 -28 -29 29 -31
leaf_value=-0.00080449036239464418 0.015109969739531047 0.013552349370437113 0.012148647285489526 0.015389252334680331 -0.008994719288264813 0.010725656571680458 0.025193384064476146 -0.0043618875585229129 0.023587648470708378 0.017998405783551556 -0.003367278879686434 0.024818153697941724 -0.011941614100441434 -0.011756716966202023 0.014691154253570623 0.014976391493030936 -0.0049892092339380769 -0.012027963803654521 -0.0053802830067212187 -0.00021250608102569722 -0.0043809484548521377 0.012841572091896921 0.01144464634403515 -0.010954871825486595 -0.0098791095229952396 -0.0041362485097060295 0.02719169273383059 0.02146442703655679 0.014868362273033708 -0.0025037392609422388
leaf_weight=3.3005922585725775 22.585864678025246 2.921861767768859 16.481366351246841 3.4608180075883892 36.766607999801636 5.6968543827533704 1.7439137399196676 3.6149552315473583 4.1322948485612869 2.5356747210025778 3.2929978966712943 4.3096134215593329 5.1102324575185758 1.5746773183345792 3.5630222856998444 2.7652404159307471 9.1566243916749936 1.9791953116655339 21.111888483166695 6.3371969908475876 36.662919193506241 5.3180215954780579 9.0950235277414304 35.066475242376328 21.807006925344467 15.60654357075691 3.1023366153240204 3.3313800394535056 3.4531760662794104 8.6421504169702512
leaf_count=19 116 16 86 20 231 30 9 21 20 15 20 22 33 10 21 15 54 12 128 37 221 30 48 225 138 96 16 17 18 49
internal_value=-2.45857e-06 0.00238012 0.000829118 -0.00516566 -0.0028337 0.0010084 0.00472471 0.00780933 0.0127895 -0.00667606 0.0111847 0.0113447 0.00145501 -0.00267663 0.00653387 -0.000880179 0.00193844 -0.00162048 -0.00240381 0.0053454 -0.00264255 0.00605187 0.00693934 -0.00804654 -0.00554058 -0.000562338 0.0166363 0.00949395 0.0080677 0.00247602
internal_weight=304.527 208.369 185.783 96.1573 95.7408 58.9742 90.0425 58.0843 7.43289 88.7245 12.0922 36.2177 12.7836 10.2479 5.1377 31.9582 21.8666 46.882 29.193 8.08111 43.9601 7.29722 12.71 75.9408 40.8744 19.0674 8.79919 31.9081 28.5767 12.0953
internal_count=1793 1196 1080 597 576 345 504 315 39 558 66 192 79 64 31 189 123 279 174 46 263 42 69 479 254 116 46 170 153 67
is_linear=0
shrinkage=0.00974396


Tree=20
num_leaves=31
num_cat=0
split_feature=59 67 21 30 26 74 34 34 55 73 32 3 35 60 7 60 3 0 55 0 51 55 49 58 1 67 34 28 48 60
split_gain=43.6707 21.0071 16.42 24.0418 25.2732 16.5518 16.1414 22.3663 17.7492 14.1276 13.3075 11.4021 10.7008 12.4201 10.1985 8.98187 8.48284 14.9473 8.32174 7.6222 7.49756 7.37102 7.24417 6.98369 8.50308 8.3939 8.66833 8.78777 6.77961 6.7271
threshold=0.37250000000000005 1.0000000180025095e-35 -2.7149999999999994 4.8950000000000005 -0.92999999999999983 1.0000000180025095e-35 12.460000000000003 11.045000000000002 1.8027500000000001 1.0000000180025095e-35 4.625963680154384 -0.29499999999999998 2.2600000000000002 52.500000000000007 8.6804166666666696 50.500000000000007 12.285000000000002 10.365 1.4273333333333336 14.820000000000002 0.16500000000000004 1.8975000000000002 0.03500000000000001 16.010000000000005 4.0250000000000012 1.0000000180025095e-35 6.2500000000000009 -0.14999999999999999 1.1300000000000001 37.500000000000007
decision_type=2 2 2 2 2 2 2 2 2 2 2 2 2 2 2 2 2 2 2 2 2 2 2 2 2 2 2 2 2 2
left_child=6 2 -2 4 -4 15 7 11 -8 12 18 -1 -6 -14 -9 -5 17 -17 -3 -16 -18 -7 -11 25 -25 26 27 -13 -10 -27
right_child=1 10 3 5 9 21 8 14 28 22 -12 23 13 -15 19 16 20 -19 -20 -21 -22 -23 -24 24 -26 29 -28 -29 -30 -31
leaf_value=0.016781192927054218 -0.0066480334070665474 -0.01202293234707871 -0.0067290647261395624 -0.0098730365059751836 -0.0053271559291895925 -0.0054555302296743291 -0.010071890870261252 -0.011984267526946958 0.0044514343189417886 0.003326894018046078 0.022087940551045661 -0.011963947672424025 -0.012471608700443313 0.014622705288001614 0.027746126819715566 -0.0019543672287695058 0.0043553504886364317 0.018741271894126971 0.009295401657756816 0.0076287548378050516 -0.0062382221782805031 0.019133801178944965 0.015107972492809697 -0.012090224895031001 0.015219269654987834 0.018153973817646021 -0.0091830882848835099 0.01972908699099132 -0.0085192890992254189 -0.0022147122631259101
leaf_weight=2.594348117709159 18.760807529091835 1.9730253666639352 10.374453708529471 12.905304685235022 8.3416665345430392 1.4683650285005558 54.919614344835281 1.1809304803609828 13.741633489727976 5.9420721083879462 7.9251818507909766 1.3410710692405703 1.9492205977439869 8.3876794874668104 3.9090282171964645 9.0957783013582212 8.5732035189867002 5.160830318927764 12.801118507981299 3.3797419816255569 23.994053930044174 5.0730751156806946 31.529296696186066 1.532953917980193 3.4460477530956268 2.2030826956033698 29.662615150213242 2.0530537813901892 5.2571081519126883 4.8721930086612701
leaf_count=14 113 12 62 81 50 9 357 7 80 32 40 8 11 44 18 52 49 27 72 20 145 26 163 9 19 13 187 11 32 30
internal_value=-2.51854e-06 0.00318597 0.0018742 0.00308069 0.0072173 -0.00107157 -0.00427405 -0.000333846 -0.00726503 0.00979913 0.0119211 -0.00292949 0.00286003 0.00947462 0.0142195 -0.0026875 -0.000698022 0.00555793 0.00641657 0.0185221 -0.00344378 0.0135951 0.0132484 -0.00407888 0.00675812 -0.00543162 -0.00749337 0.00717553 0.000845903 0.00417193
internal_weight=304.349 174.255 151.556 132.795 66.5244 66.2706 130.093 56.1751 73.9184 56.1499 22.6993 47.7054 18.6786 10.3369 8.4697 59.7292 46.8239 14.2566 14.7741 7.28877 32.5673 6.54144 37.4714 45.111 4.979 40.132 33.0567 3.39412 18.9987 7.07528
internal_count=1793 988 864 751 362 389 805 336 469 300 124 291 105 55 45 354 273 79 84 38 194 35 195 277 28 249 206 19 112 43
is_linear=0
shrinkage=0.00974396


Tree=21
num_leaves=31
num_cat=0
split_feature=62 66 44 70 29 44 65 3 36 32 39 67 56 52 32 49 15 31 39 70 49 16 67 62 36 13 13 56 29 36
split_gain=32.8477 42.7814 37.7382 19.3535 21.1053 15.801 17.6851 10.035 9.75656 9.38317 9.12959 8.94532 8.80964 9.51221 8.33069 8.11999 8.0341 7.79803 7.63821 7.22318 7.00866 8.08677 6.86119 7.2589 7.84678 6.7256 6.98155 6.49239 6.06965 6.53839
threshold=1.8090833333333336 180.50000000000003 8.992430014836934 1.0000000180025095e-35 10.830000000000002 7.1100352374162581 42.500000000000007 9.240000000000002 92.515000000000015 4.3215736885932294 98.660000000000011 1.0000000180025095e-35 2.5481827725851773 1.1250000000000002 3.1212773194245016 0.52500000000000013 18.520000000000003 -2.5419166666666664 96.570000000000007 1.0000000180025095e-35 6.7650000000000006 24.370000000000001 1.0000000180025095e-35 1.3499999999999999 62.565000000000005 3.5850000000000004 1.0250000000000001 4.5610950327513722 -1.1349999999999998 96.215000000000018
decision_type=2 2 2 2 2 2 2 2 2 2 2 2 2 2 2 2 2 2 2 2 2 2 2 2 2 2 2 2 2 2
left_child=1 2 5 4 7 6 15 8 14 27 20 12 19 -14 -2 -1 -9 -13 28 25 -3 -22 23 -7 -25 26 -8 -6 -10 -30
right_child=3 10 -4 -5 9 22 11 16 18 -11 -12 17 13 -15 -16 -17 -18 -19 -20 -21 21 -23 -24 24 -26 -27 -28 -29 29 -31
leaf_value=0.0038102314834037045 0.0030882905299102993 -0.010009665335607938 0.014064347673664974 0.018077625708205418 -0.00038068374813900662 -0.0094992450213008273 -0.0083593260661289897 0.016228120924317722 -0.012028073278672523 0.014619770072100859 0.016366944662978784 0.025297568751776297 7.6770434455705514e-05 0.029478413841981525 -0.0095308306838118965 0.021143075703713408 0.0051265833707331903 0.0033025127602218118 0.029947446342506102 0.0090609237642066166 -0.011617121463571193 0.02221651641486911 0.0019024783784155402 0.018370897430929029 -0.0043483545753742097 -0.0076817939810232714 0.012923684705668325 -0.0085231191932225656 0.0057713910531871698 0.024003507804857944
leaf_weight=4.6231620907783491 18.392867222428325 62.001453191041946 17.646816000342369 8.6737940907478315 22.490394696593285 30.170243665575981 2.5166876465082195 13.803764730691912 1.356109932065009 2.7940891087055197 1.3013559281826008 2.0149644464254379 3.0262489467859259 1.5653409361839292 6.7610760331153861 5.8453691154718399 11.361316591501234 6.1476773470640165 1.5482535213232029 3.5595659166574469 1.2402836382389062 1.3737469613552091 9.5605630427598935 1.8409286290407161 6.1870376765727997 25.481754213571548 3.3839130848646164 15.858917370438574 9.3111405968666059 2.3234586417675009
leaf_count=25 103 401 89 45 132 193 15 71 8 15 7 11 17 8 40 29 63 36 8 20 8 8 58 10 38 156 19 98 50 12
internal_value=-2.70559e-06 -0.00249401 0.000886955 0.00411224 0.0029623 -0.00131139 0.00209678 0.00642437 0.00336273 -0.00249305 -0.00883095 -0.000421144 -0.00234281 0.0102854 -0.000307639 0.0135415 0.0112362 0.00883847 0.00970608 -0.00401514 -0.00934961 0.00617793 -0.00546321 -0.00731015 0.00090683 -0.00551141 0.00382919 -0.00375626 0.00720463 0.00948875
internal_weight=304.162 189.487 123.57 114.675 106.001 105.923 58.1647 64.858 39.6929 41.1434 65.9168 47.6962 39.5335 4.59159 25.1539 10.4685 25.1651 8.16264 14.539 34.9419 64.6155 2.61403 47.7588 38.1982 8.02797 31.3824 5.9006 38.3493 12.9907 11.6346
internal_count=1793 1148 724 645 600 635 336 355 221 245 424 282 235 25 143 54 134 47 78 210 417 16 299 241 48 190 34 230 70 62
is_linear=0
shrinkage=0.00974396


Tree=22
num_leaves=31
num_cat=0
split_feature=60 66 60 45 61 22 5 66 19 45 21 41 61 71 28 19 34 47 11 30 60 12 41 74 57 28 14 74 41 53
split_gain=37.6594 26.8632 25.7396 22.5028 20.3868 15.4838 13.5111 15.0564 11.5697 11.471 10.1032 9.32244 9.19874 8.94798 10.4428 8.69211 8.67491 8.14934 8.78745 7.58877 7.35665 8.32036 6.57698 6.47904 9.11807 6.2631 7.82882 6.18657 7.62927 5.59658
threshold=49.500000000000007 296.50000000000006 55.500000000000007 68.360000000000014 116.36500000000002 10.380000000000001 21.070000000000004 124.50000000000001 19.711000000000002 75.330000000000013 11.645000000000001 70.000000000000014 90.570000000000007 1.0000000180025095e-35 3.0150000000000001 7.4377500000000012 17.650000000000002 89.592500000000015 3.5025000000000004 0.92500000000000016 41.500000000000007 19.310000000000006 96.235000000000014 1.0000000180025095e-35 0.015000000000000001 3.6950000000000007 7.0700000000000012 1.0000000180025095e-35 63.280000000000008 0.75000000000000011
decision_type=2 2 2 2 2 2 2 2 2 2 2 2 2 2 2 2 2 2 2 2 2 2 2 2 2 2 2 2 2 2
left_child=3 2 6 10 15 25 7 17 11 -7 12 -9 20 14 -13 22 -10 -2 -19 -14 21 -1 -3 24 -6 26 -4 28 -18 -28
right_child=1 4 5 -5 23 9 -8 8 16 -11 -12 13 19 -15 -16 -17 27 18 -20 -21 -22 -23 -24 -25 -26 -27 29 -29 -30 -31
leaf_value=-0.0080707344033978078 -0.0037978331031261209 0.016389420672232962 -0.00059927597498818429 0.01604191758389114 -0.0052148696447008105 -0.0087182443342045442 -0.0034955511488481065 -0.00730051799903738 -0.012114648118820603 0.00058397278001157149 -0.010109652425012609 -0.0083533716538018339 0.022184418705704253 0.019565919825914924 0.012724725601624189 -0.011569191392899338 -0.0061129564273495534 0.0036175538375508259 0.028549955619215049 0.00032886876370953377 -0.010470132517777281 0.0048776892801453775 -0.011696294880094956 0.022706492262646583 0.022029823960935741 0.023923150949938701 0.0069519035632262137 0.015843769249644431 0.0075152840152330775 0.030854467523811692
leaf_weight=9.7390696406364459 13.707869052886965 1.9747150391340285 7.2043577730655652 4.5224816799163809 3.9224947690963736 22.173580184578896 10.982369512319563 1.9117703139781941 2.3339153230190268 28.981084659695625 36.420834973454475 2.5161533206701305 1.6393895745277429 18.160970941185951 17.837917596101761 23.668958336114883 4.6995595246553448 7.7618663311004621 1.5939960330724714 15.160136938095091 18.721567615866661 9.0498264729976636 1.2665727734565733 2.1377647817134857 1.6145668923854826 2.04394607245922 2.4254825264215474 6.3051239848136893 21.979732364416122 1.5217839032411573
leaf_count=62 83 11 40 22 22 137 66 11 14 170 239 15 9 90 90 155 28 44 8 89 121 55 8 11 8 10 13 32 122 8
internal_value=-2.66619e-06 0.00231374 0.00387204 -0.00507882 -0.00552455 -0.0010192 0.0067394 0.00787918 0.00997735 -0.00344912 -0.00613918 0.0135388 -0.00346905 0.0145826 0.0101022 -0.00951984 0.00588708 0.000977912 0.007976 0.0025139 -0.00615183 -0.00182994 0.00536735 0.00844574 0.00280129 0.00837415 0.00544218 0.00717703 0.00510467 0.0164027
internal_weight=303.98 208.727 174.141 95.2533 34.5851 64.3502 109.791 98.8089 75.7451 51.1547 90.7308 40.4268 54.31 38.515 20.3541 26.9102 35.3183 23.0637 9.35586 16.7995 37.5105 18.7889 3.24129 7.67483 5.53706 13.1956 11.1516 32.9844 26.6793 3.94727
internal_count=1793 1196 981 597 215 378 603 537 402 307 575 206 336 195 105 174 196 135 52 98 238 117 19 41 30 71 61 182 150 21
is_linear=0
shrinkage=0.00974396


Tree=23
num_leaves=31
num_cat=0
split_feature=60 39 62 30 63 33 5 25 46 33 46 5 46 5 48 7 62 48 72 36 36 60 41 54 39 66 48 41 41 45
split_gain=37.0095 39.8065 26.0339 24.5613 22.5348 15.0737 10.7757 9.82682 13.7069 9.40587 9.37477 9.65641 9.31239 8.86675 8.08431 7.39019 7.2624 7.09079 10.4694 9.75661 7.04449 9.83691 6.72575 6.53827 7.8381 6.30608 10.1654 6.87551 7.31355 6.08492
threshold=49.500000000000007 62.800000000000004 1.8090833333333336 4.8950000000000005 45.500000000000007 7.1950000000000012 6.6700000000000008 9.6400000000000023 89.575000000000003 -11.214999999999998 91.605000000000004 -0.13499999999999998 93.405000000000015 7.0750000000000011 5.8050000000000006 4.8341666666666683 0.98416666666666686 0.31500000000000006 1.0000000180025095e-35 86.935000000000016 93.245000000000019 53.500000000000007 78.840000000000018 1.2750000000000001 92.390000000000015 50.500000000000007 2.6750000000000003 91.860000000000014 94.115000000000009 75.285000000000011
decision_type=2 2 2 2 2 2 2 2 2 2 2 2 2 2 2 2 2 2 2 2 2 2 2 2 2 2 2 2 2 2
left_child=4 -2 3 6 7 9 16 8 -1 -4 -11 -12 -10 -8 -5 -14 -3 23 19 -19 21 -21 -17 29 -25 -18 27 -27 -29 -13
right_child=1 2 5 14 -6 -7 13 -9 12 10 11 17 15 -15 -16 22 25 18 -20 20 -22 -23 -24 24 -26 26 -28 28 -30 -31
leaf_value=0.0046321940592050446 0.014356956913957969 0.01307964209175334 -0.0075038783454510422 -0.010764694368761363 0.014884434494345608 -0.0031504501518148627 0.018611604259490117 -0.010105382812139466 -0.011035735735222678 -0.0025369432396442908 -0.012080921228562712 0.0059295208809767011 -0.011942069161427473 0.0028558108657423687 0.011581721810661525 -0.0043553696079006651 -0.0079816091072621685 0.019254577629322256 -0.012293223409964053 0.016537416994652037 0.014398838829154192 -0.0032703367025982244 0.009066233379399085 -0.0086879726612977444 0.01513807069452006 -0.0070554366292692452 0.010469691271066091 0.011932406934288372 -0.0066236945467177902 0.024275108337564251
leaf_weight=14.300868183374403 23.049821004271507 2.9638058841228476 4.1997076570987693 30.802325427532196 5.0591194629669181 19.122787430882454 4.8580186665058163 36.129710555076599 20.498138129711151 7.8303432166576377 1.9991407096385945 10.82992644608021 4.806733816862109 11.177973181009291 1.5824974477291096 7.4451636821031553 13.952329754829405 14.532902956008909 1.5797716230154026 3.5071181207895297 10.87500488758087 7.2001852244138718 6.6913744658231735 5.2680484652519217 1.7023316919803617 14.912010058760648 6.7119942456483832 4.6996284127235395 3.4703014343976974 2.0229929834604254
leaf_count=86 116 16 26 200 25 116 25 237 134 46 12 59 31 63 9 46 87 73 9 17 56 40 38 31 9 91 38 26 21 10
internal_value=-2.72789e-06 0.00228978 0.000789488 -0.00277001 -0.00504657 0.00452511 0.000785963 -0.00617569 -0.00352627 0.00657895 0.00746272 0.00878123 -0.00648924 0.00766918 -0.00965665 -0.00155075 -0.00157863 0.00951595 0.0119987 0.0130765 0.00888428 0.00324075 0.00199576 0.00477464 -0.00280099 -0.002585 -4.66515e-05 -0.00312225 0.00404059 0.00888916
internal_weight=303.782 208.851 185.801 95.1309 94.9311 90.6703 62.7461 89.872 53.7423 71.5475 67.3478 59.5174 39.4414 16.036 32.3848 18.9433 46.7101 57.5183 37.695 36.1152 21.5823 10.7073 14.1365 19.8233 6.97038 43.7463 29.7939 23.0819 8.16993 12.8529
internal_count=1793 1196 1080 576 597 504 367 572 335 388 362 316 249 88 209 115 279 304 195 186 113 57 84 109 40 263 176 138 47 69
is_linear=0
shrinkage=0.00974396


Tree=24
num_leaves=31
num_cat=0
split_feature=59 20 70 71 41 73 5 68 32 36 4 30 52 33 5 33 41 43 33 41 53 20 53 60 58 56 3 53 70 56
split_gain=40.6313 31.9751 24.2311 20.8058 21.4706 19.1812 20.6853 18.0989 14.5393 13.4593 13.2314 10.6974 10.5538 7.37713 7.31002 9.15379 7.20782 7.0345 8.46192 6.85731 6.52103 6.36566 6.33986 7.61732 6.09589 5.79829 5.7219 5.11641 4.97641 10.5609
threshold=0.37250000000000005 5.6495899522435282 1.0000000180025095e-35 1.0000000180025095e-35 71.420000000000016 1.0000000180025095e-35 15.635000000000002 1.0000000180025095e-35 3.7379212050660917 79.995000000000019 3.5200000000000005 13.395000000000001 0.9850000000000001 10.395000000000001 5.6050000000000013 -4.004999999999999 96.975000000000009 67.957000000000008 1.9900000000000002 94.115000000000009 6.7650000000000006 2.7904947040126902 3.0550000000000002 46.500000000000007 20.075000000000003 2.4381077300980221 7.0150000000000006 0.27500000000000008 1.0000000180025095e-35 2.8019829365737219
decision_type=2 2 2 2 2 2 2 2 2 2 2 2 2 2 2 2 2 2 2 2 2 2 2 2 2 2 2 2 2 2
left_child=3 2 5 16 -5 14 9 27 12 24 19 -12 22 -8 -2 -16 20 -4 26 21 28 -11 23 -6 -7 -23 -19 -3 -1 -30
right_child=1 7 17 4 8 6 13 -9 -10 10 11 -13 -14 -15 15 -17 -18 18 -20 -21 -22 25 -24 -25 -26 -27 -28 -29 29 -31
leaf_value=-0.0086634357125104072 -0.0085347979191626993 0.0061833069790988744 0.025899357129712076 -0.0083461480772126211 -0.0022645165187176572 -0.0049022371127779643 -0.0071731645421619934 -0.0093976586344080102 -0.0081478038660213106 0.015383901324625884 0.014859961762217341 -0.0036099423648974821 0.018192302339000141 0.01629213456444812 0.0088501411938326884 -0.0035826243882930357 0.0070413240083883237 0.0045972422957475598 -0.0077128595724509086 -0.0071993998182892337 0.0048569776252684648 0.010110779138811169 -0.0085627454178928177 0.015609082403460582 0.012473730012623798 -0.012050507870697251 0.021555955976753607 0.01847852528504676 -0.008077501055693017 0.017060969896394274
leaf_weight=74.503904849290848 21.33549502491951 4.0077411979436937 3.4247737377881995 13.265006408095358 3.8483897000551277 11.577855348587034 17.413776457309726 2.9268574416637412 4.9354040026664725 4.0988526642322523 25.805323451757435 3.3380438238382331 9.2072505205869657 1.3339901417493809 6.7410342991352072 32.868880674242973 3.4141105413436881 3.3665596991777402 2.0735619217157364 5.5269781053066245 3.9464030712842932 2.1153719276189804 2.7567304670810691 5.3934339731931686 2.2566184550523749 2.2985298633575439 4.4093044102191925 18.064494729042053 5.0521277934312812 2.2677321285009384
leaf_count=482 133 21 17 86 23 68 108 16 31 22 132 20 48 8 38 195 19 19 12 32 24 12 17 29 12 14 22 87 33 13
internal_value=-2.88058e-06 0.00305234 0.00134942 -0.00416104 0.00173165 0.000126476 0.00340011 0.0132467 0.00685501 0.00631976 0.008998 0.0127381 0.010361 -0.00546751 -0.00394068 -0.00145715 -0.00676581 0.0138991 0.00963111 0.00121198 -0.00731973 0.00669571 0.00430293 0.00817348 -0.00203268 -0.00140524 0.0142873 0.0162661 -0.00791054 -0.000224836
internal_weight=303.575 174.984 149.985 128.59 39.4062 136.711 75.7653 24.9991 26.1412 57.0176 43.1831 29.1434 21.2058 18.7478 60.9454 39.6099 89.1843 13.2742 9.84943 14.0397 85.7702 8.51275 11.9986 9.24182 13.8345 4.4139 7.77586 22.0722 81.8238 7.31986
internal_count=1793 988 864 805 234 794 428 124 148 312 232 152 117 116 366 233 571 70 53 80 552 48 69 52 80 26 41 108 528 46
is_linear=0
shrinkage=0.00974396


Tree=25
num_leaves=31
num_cat=0
split_feature=59 20 70 73 7 55 55 66 56 66 27 66 24 4 18 70 39 15 17 28 59 31 55 17 56 8 42 7 1 27
split_gain=39.8959 31.128 23.6074 18.8212 16.3278 15.7074 14.5872 18.819 12.1409 14.2387 14.3455 10.9292 10.3791 8.46226 8.34681 8.31754 6.97157 6.17569 5.92148 6.09029 5.58461 5.61321 5.69633 5.1128 4.81875 8.02144 13.2864 8.48769 4.74486 7.35715
threshold=0.37250000000000005 5.6495899522435282 1.0000000180025095e-35 1.0000000180025095e-35 13.930833333333334 1.7867500000000003 1.8090833333333336 164.50000000000003 2.7430231840702808 158.50000000000003 -1.7199999999999998 213.50000000000003 3.0300000000000007 3.5200000000000005 11.705000000000002 1.0000000180025095e-35 63.690000000000005 5.5900000000000007 8.7300000000000022 -2.1949999999999998 0.39750000000000008 2.3751666666666673 5.0353333333333339 5.4750000000000005 5.9337820698960781 2.4464252034726059 77.695000000000007 16.653333333333336 14.535000000000002 13.195000000000002
decision_type=2 2 2 2 2 2 2 2 2 2 2 2 2 2 2 2 2 2 2 2 2 2 2 2 2 2 2 2 2 2
left_child=6 2 3 18 5 -5 7 8 9 10 23 14 -10 -7 -8 28 -4 -15 -2 -20 -19 22 -22 -1 25 26 -6 -28 29 -13
right_child=1 -3 16 4 24 13 11 -9 12 -11 -12 15 -14 17 -16 -17 -18 20 19 -21 21 -23 -24 -25 -26 -27 27 -29 -30 -31
leaf_value=0.023056918038059853 -0.0084863671412053355 0.0130477840908824 0.028248563739422503 -0.001865253316101463 0.031104579210173226 0.0023493006174927977 0.001841915876245776 -0.009720549254757356 -0.0024943071172665188 0.012325933725790798 -0.0066472609340697758 -0.0025147663896793642 0.022294995338883308 0.027803580805140143 0.028663699876936555 0.022463299217577334 0.010208671199304246 0.026698343872478127 0.0080010930432301685 -0.0032689790999607454 -0.0012005613320831782 0.01415108720073276 0.018426762683714227 -1.0616635002086137e-05 -0.011986567825139877 -0.0043822165533413887 0.016005262140726301 -0.0091520798756588671 -0.011938272568078735 0.021165561048396127
leaf_weight=2.1202299743890758 18.611973151564598 25.132582888007164 2.5131274163722983 13.823236793279646 1.7273466736078322 8.9991424530744535 1.984488964080813 52.545563831925392 2.9247508347034445 4.9809712022542945 40.872831240296364 8.7678084224462456 3.4722038507461548 2.535985708236697 2.4847453981637955 1.3409218490123755 10.840122714638708 2.1193147301673916 5.1487024128437033 37.041367247700691 5.8513548374176052 12.256131231784819 1.8039585053920744 1.5612934827804563 4.2513905316591254 17.130509406328201 1.9987181574106214 3.3602167069911957 3.7494568824768075 1.4129949361085881
leaf_count=11 117 124 12 82 9 50 11 350 17 28 260 51 17 12 12 7 58 10 29 220 32 61 9 9 27 104 11 21 24 8
internal_value=-3.0013e-06 0.00301971 0.00133595 0.000125139 0.00336275 0.00686528 -0.00413267 -0.00553495 -0.00159663 -0.00323207 -0.00498316 0.00356257 0.0109927 0.0104626 0.0168967 -0.000363253 0.013683 0.0134213 -0.00391162 -0.00188472 0.0117155 0.0100672 0.00347523 0.0133384 -0.00246457 -0.000771718 0.00791555 0.000253159 -0.00262408 0.000824922
internal_weight=303.363 175.145 150.013 136.659 75.8573 47.3891 128.218 108.478 55.9323 49.5353 44.5544 19.7404 6.39695 33.5659 4.46923 15.2712 13.3533 24.5667 60.802 42.1901 22.0308 19.9114 7.65531 3.68152 28.4682 24.2168 7.08628 5.35893 13.9303 10.1808
internal_count=1793 988 864 794 428 256 805 692 342 308 280 113 34 174 23 90 70 124 366 249 112 102 41 20 172 145 41 32 83 59
is_linear=0
shrinkage=0.00974396


Tree=26
num_leaves=31
num_cat=0
split_feature=59 20 70 34 34 61 5 61 22 63 59 2 11 70 31 22 37 42 5 61 59 18 16 39 45 51 37 18 51 45
split_gain=39.176 30.2935 22.9939 15.2281 20.1464 16.8483 13.3348 21.6198 12.8637 10.4966 9.90681 9.65659 9.2626 9.19045 8.342 9.09756 9.89913 8.16163 12.5666 7.00299 6.88844 9.83783 7.54983 6.70864 6.34417 6.0102 5.94013 5.85071 5.69183 5.37309
threshold=0.37250000000000005 5.6495899522435282 1.0000000180025095e-35 12.460000000000003 11.045000000000002 108.16500000000001 15.855000000000002 106.98 16.060000000000006 55.500000000000007 0.40250000000000008 1.9400000000000002 8.7275000000000009 1.0000000180025095e-35 2.3751666666666673 22.415000000000003 86.515000000000015 96.510000000000005 0.065000000000000016 222.65000000000001 0.59250000000000014 12.135000000000003 3.2800000000000002 63.690000000000005 60.670000000000009 2.2550000000000003 76.14500000000001 13.635000000000003 0.025000000000000005 61.625000000000007
decision_type=2 2 2 2 2 2 2 2 2 2 2 2 2 2 2 2 2 2 2 2 2 2 2 2 2 2 2 2 2 2
left_child=3 2 6 4 8 -5 7 20 9 26 -9 -11 -6 -7 17 25 19 -12 -19 -17 21 22 -2 -4 28 -16 -1 -14 -10 -25
right_child=1 -3 23 5 12 13 -8 10 24 11 14 -13 27 -15 15 16 -18 18 -20 -21 -22 -23 -24 29 -26 -27 -28 -29 -30 -31
leaf_value=0.006576519853531821 0.017484019520756938 0.0128492673010031 0.02767061966080836 -0.0098818327590580787 -0.011900499290368753 -0.0015515851761311583 -0.0048818718687538842 0.019790703754253632 0.0071047981215714403 0.0095742535842002225 -0.0036456959683220645 -0.0099011717924271884 0.025751827418403987 0.020198907021161127 0.020854645730698677 0.01076127262684465 -0.0060995231413001763 -0.012013567681915222 0.01535408817405947 -0.011730175235722886 -0.0085533597137223191 -0.01189943087028273 0.00038967031596530508 -0.00052557945136009901 -0.0089788573357214192 0.0045300572598611383 0.033811301198288603 0.008371071360532575 -0.0062576040204365803 0.014450212781951783
leaf_weight=1.4765549153089517 2.8674703985452714 25.272086769342422 2.5412614345550528 53.043789833784103 1.1604799628257731 16.989281952381138 36.839401364326477 4.3503345996141425 5.4808237701654416 5.1626069545745832 16.3886091709137 4.4783056676387787 3.8144364506006241 2.0305665433406821 6.6945399045944232 13.415751144289972 6.1358959525823584 2.1179938912391645 6.0754318982362747 1.4205661267042149 15.846346899867056 5.3464719951152793 15.889992594718931 3.1953866332769376 22.245424464344978 3.2092864960432053 1.6131958365440366 3.6750663369894028 6.6638877987861633 7.6988619118928909
leaf_count=8 16 124 12 357 7 101 226 22 33 28 95 28 17 11 32 71 36 13 31 9 98 35 94 18 144 16 8 21 42 40
internal_value=-2.90945e-06 0.00298765 0.00132288 -0.00410468 -0.0002788 -0.00706211 0.00012405 0.00197508 -0.00279279 0.00555854 0.00568185 0.000511194 0.0133544 0.000798969 0.00456017 0.00792916 0.00427233 0.000317758 0.00824154 0.008575 -0.00357113 -0.000282234 0.00303937 0.0134676 -0.00589071 0.0156146 0.0210719 0.0173243 -0.000213445 0.0100592
internal_weight=303.14 175.306 150.034 127.834 55.7708 72.0636 136.598 99.7587 47.1208 12.7307 59.8084 9.64091 8.64998 19.0198 55.4581 30.876 20.9722 24.582 8.19343 14.8363 39.9503 24.1039 18.7575 13.4355 34.3901 9.90383 3.08975 7.4895 12.1447 10.8942
internal_count=1793 988 864 805 336 469 794 568 291 72 325 56 45 112 303 164 116 139 44 80 243 145 110 70 219 48 16 38 75 58
is_linear=0
shrinkage=0.00974396


Tree=27
num_leaves=31
num_cat=0
split_feature=59 8 71 6 67 8 35 72 55 52 45 25 40 22 66 59 27 23 66 52 71 67 34 18 27 37 8 66 24 54
split_gain=38.47 24.3822 20.2012 18.242 15.2177 14.5175 13.2872 10.9577 10.6098 10.078 9.70699 10.7851 9.3851 11.7178 12.3111 9.82703 9.73634 8.69461 8.45183 8.71432 7.64723 13.3868 7.6061 10.8549 7.26062 7.48206 7.0921 7.03167 7.02986 6.90026
threshold=0.37250000000000005 5.0989012279908676 1.0000000180025095e-35 13.930000000000001 1.0000000180025095e-35 3.7403007027405732 4.2475000000000014 1.0000000180025095e-35 1.8027500000000001 0.68500000000000016 45.865000000000009 -1.7399999999999998 73.875000000000014 10.380000000000001 56.500000000000007 0.69250000000000012 12.345000000000001 8.9800000000000022 269.50000000000006 0.13500000000000004 1.0000000180025095e-35 1.0000000180025095e-35 12.460000000000003 9.4700000000000024 13.520000000000001 86.515000000000015 3.2412819310573089 108.50000000000001 3.9450000000000007 0.16500000000000004
decision_type=2 2 2 2 2 2 2 2 2 2 2 2 2 2 2 2 2 2 2 2 2 2 2 2 2 2 2 2 2 2
left_child=2 7 4 5 8 6 17 9 -1 10 -2 -12 15 -14 -15 -11 -16 26 -9 -20 21 -3 23 -6 25 29 27 -4 -5 -13
right_child=1 20 3 28 22 -7 -8 18 -10 12 11 24 13 14 16 -17 -18 -19 19 -21 -22 -23 -24 -25 -26 -27 -28 -29 -30 -31
leaf_value=-0.010315859584182999 -0.011978441711354515 0.00090927787537620772 -0.0030831570126262815 0.0096828713572455812 -0.0024859580827143834 -0.005791830768495031 0.023504845867692577 -0.012138327818779717 0.00076352120434015707 0.017716692413408088 -0.0096810484647991048 0.014456713790138855 0.013668353950083907 -0.0088159010901230541 0.0054172081238050267 -0.004232050155118983 -0.0061995018954172105 -0.0054530972673836929 0.014925236797855197 -0.011891677745261738 0.021403870308268465 0.019463762287246222 -0.0050045994074344327 0.018451192393673155 -0.0073467493743215916 -0.0024430746776125606 0.030363650347115415 0.018176455111204286 -0.0090514010781951055 0.0037206661432185482
leaf_weight=59.594662815332413 6.3565531969070426 8.7589267641305941 3.1087983846664482 2.1754765510559073 5.0110615789890307 6.0951620787382117 5.8937839120626441 9.109876796603201 9.4854040145874006 8.7709553390741331 7.9822387695312491 8.0467646121978778 8.9823917597532255 8.8754770308732969 43.380406558513641 2.4551434069871894 8.0913452506065351 4.2805439382791519 2.7639425545930854 1.9130603522062299 6.5603990554809561 6.3687762767076483 9.6886686831712705 4.3635992109775543 6.0152950584888449 11.568282425403593 1.5335697978734968 2.747015655040741 13.469193905591963 19.457590028643608
leaf_count=397 41 44 18 13 31 38 28 57 55 46 50 42 46 56 238 15 50 26 15 12 31 30 63 25 37 68 8 14 89 110
internal_value=-2.95836e-06 0.0029559 -0.00407713 0.00172869 -0.00666705 0.00712494 0.0116175 0.00158936 -0.00879311 0.00240679 -0.000635232 0.000728507 0.00465176 0.00330693 0.00175504 0.0129071 0.0035854 0.00554697 -0.00668508 0.00392171 0.0126194 0.00875797 0.00103261 0.0072807 0.00258073 0.00411793 0.0119317 0.00692042 -0.00642123 0.00688169
internal_weight=302.904 175.457 127.447 39.3035 88.1434 23.6589 17.5637 153.769 69.0801 139.982 59.4267 53.0702 80.5557 69.3296 60.3472 11.2261 51.4718 11.6699 13.7869 4.677 21.6881 15.1277 19.0633 9.37466 45.0879 39.0726 7.38938 5.85581 15.6447 27.5044
internal_count=1793 988 805 234 571 132 94 883 452 799 348 307 451 390 344 61 288 66 84 27 105 74 119 56 257 220 40 32 102 152
is_linear=0
shrinkage=0.00974396


Tree=28
num_leaves=31
num_cat=0
split_feature=60 39 55 30 43 70 29 8 41 15 30 73 25 46 46 71 47 55 9 49 39 54 47 15 73 72 42 49 40 8
split_gain=34.3802 35.715 24.0102 23.5997 16.5715 15.2054 13.6109 12.4823 10.9682 11.4835 10.5434 10.3076 9.65568 13.2243 9.68612 8.77888 8.22224 8.15413 6.49577 7.67843 6.52101 6.15097 6.0697 6.07268 5.88781 5.56861 5.56417 9.15439 5.39596 5.23712
threshold=49.500000000000007 62.800000000000004 1.8090833333333336 4.8950000000000005 83.142250000000004 1.0000000180025095e-35 10.830000000000002 4.7585574487503477 90.030000000000015 7.0700000000000012 4.7500000000000009 1.0000000180025095e-35 9.6400000000000023 89.575000000000003 93.405000000000015 1.0000000180025095e-35 92.96250000000002 2.7780000000000005 -3.4699999999999993 0.28500000000000009 75.975000000000009 0.03500000000000001 70.357500000000002 21.490000000000006 1.0000000180025095e-35 1.0000000180025095e-35 89.050000000000011 0.025000000000000005 59.435000000000009 2.8552326251311602
decision_type=2 2 2 2 2 2 2 2 2 2 2 2 2 2 2 2 2 2 2 2 2 2 2 2 2 2 2 2 2 2
left_child=4 25 3 5 12 10 8 21 17 24 15 -6 13 22 -15 -3 18 29 -17 20 -20 -8 23 -1 -10 28 27 -16 -2 -4
right_child=1 2 6 -5 11 -7 7 -9 9 -11 -12 -13 -14 14 26 16 -18 -19 19 -21 -22 -23 -24 -25 -26 -27 -28 -29 -30 -31
leaf_value=-0.0036921498510407045 0.0043899241531974503 -0.0043397984136467962 0.012661560870093543 -0.0095368378541157792 -0.011702461793816126 0.014194496372655321 0.0060958591901061022 0.021318867862846595 -0.0044978733530197318 -0.0054428083974100722 0.021119200579398503 0.016766515752809016 -0.0099753448981483393 -0.010966326656728722 0.012654308039197834 0.00046457579318351518 -0.0091878731657349562 0.022528428790937343 -0.011955592840129292 0.026158002056812516 0.014509359142912728 -0.004800640467899922 0.024602901478146592 0.0095856857813070954 0.012376739307751995 -0.002547904130544368 -0.0099061046355122719 -0.0043798150759324197 0.017138333096056564 0.0048401902472951699
leaf_weight=6.8892421275377256 3.9008968174457612 37.515282019972801 15.599509343504904 31.696311876177788 1.552770510315894 7.0714022368192664 6.1841227412223878 2.2074017673730841 2.5026855319738397 10.971735298633574 1.9459065049886692 5.0042842924594879 35.239208951592445 20.223258331418037 4.9509008079767245 6.0325891077518472 3.3739717602729788 4.5254251211881629 1.3352868556976329 2.9290395677089691 2.4414324164390564 23.369892299175262 1.2730435281991948 6.1496613174676895 8.6432666033506393 1.8711523413658131 4.7777854055166236 7.4515206962823868 17.813648462295532 17.243585973978043
leaf_count=43 21 227 79 209 10 37 35 11 15 64 10 24 237 135 28 36 21 22 8 15 13 143 7 36 44 10 31 46 85 91
internal_value=-3.09007e-06 0.00219215 0.000754914 -0.00269056 -0.00491386 0.000775036 0.00431824 -0.000828017 0.00706691 0.00161756 -0.000938632 0.00997721 -0.00604205 -0.00335413 -0.00640182 -0.00175559 0.00424957 0.010284 0.00783523 0.0144076 0.00509342 -0.00251141 0.00459785 0.00256995 0.00857395 0.0134768 -0.00100922 0.00242738 0.0148655 0.0085692
internal_weight=302.686 209.175 185.589 94.3412 93.5117 62.6449 91.2476 31.7614 59.4862 22.1177 55.5735 6.55705 86.9546 51.7154 37.4035 53.6276 16.1123 37.3685 12.7383 6.70576 3.77672 29.554 14.3119 13.0389 11.146 23.5857 17.1802 12.4024 21.7145 32.8431
internal_count=1793 1196 1080 576 597 367 504 189 315 123 330 34 563 326 240 320 93 192 72 36 21 178 86 79 59 116 105 74 106 170
is_linear=0
shrinkage=0.00974396


Tree=29
num_leaves=31
num_cat=0
split_feature=55 66 44 33 44 28 37 67 53 34 39 74 5 0 5 52 52 5 44 21 52 67 18 39 21 3 20 20 3 32
split_gain=28.7244 39.1263 31.5761 14.5823 14.2291 14.0973 11.1356 10.0338 12.7606 9.62109 9.30346 9.18932 12.138 8.00888 9.23082 7.48121 7.46429 7.34875 7.34423 7.4828 6.99739 6.70536 7.34392 6.6607 6.56952 5.78719 5.57214 5.28574 6.20027 5.20855
threshold=1.8090833333333336 180.50000000000003 8.992430014836934 7.1950000000000012 7.1100352374162581 4.7600000000000007 80.910000000000011 1.0000000180025095e-35 0.63500000000000012 22.745000000000005 98.660000000000011 1.0000000180025095e-35 19.545000000000005 11.205000000000002 15.855000000000002 0.38500000000000006 0.83500000000000008 16.740000000000006 4.2933670841362863 18.240000000000006 5.080000000000001 1.0000000180025095e-35 18.425000000000004 96.570000000000007 -4.1499999999999995 4.4000000000000012 3.5005627991111545 4.6142198594281778 13.875000000000002 3.34688206971293
decision_type=2 2 2 2 2 2 2 2 2 2 2 2 2 2 2 2 2 2 2 2 2 2 2 2 2 2 2 2 2 2
left_child=1 2 4 11 5 7 -7 -1 26 10 -3 12 13 15 27 -2 -11 -16 -5 -20 -18 22 -6 24 -17 -26 -9 -15 -29 -23
right_child=3 9 -4 18 21 6 -8 8 -10 16 -12 -13 -14 14 17 23 20 -19 19 -21 -22 29 -24 -25 25 -27 -28 28 -30 -31
leaf_value=-0.0024320269476687515 -0.0032360442982074856 -0.010619080055146906 0.012615525091507866 0.012217800451848775 -0.0083409562410988302 0.0016642189548660641 0.021270826120412058 0.00083590227296238145 -0.0084290418470106872 -0.0091739118392772188 0.014906093393180051 0.014798144925141664 -0.0079421974036970808 0.016789192970813643 -0.0092479013474075899 -0.011793491943972688 0.022167359363774976 0.0086938848238045738 -0.0087422169582619062 0.0032805674263355162 -0.0025425335104462279 0.011019566344763962 0.0079642459959546035 0.021991659926771039 0.011891385002161182 0.0028326995731391968 0.022878335906298425 -0.011858231382187629 0.013983178226605627 -0.0037201402946855405
leaf_weight=38.832056522369385 12.309462875127791 54.440272897481918 18.336595594882965 2.6979626864194897 34.387325033545494 5.3103216588497144 5.7171037793159485 1.4722049534320811 2.623127669095993 3.3470810055732718 1.3547660708427418 9.2591948807239515 6.7250194847583762 14.002855896949773 3.4083053767681104 2.166387602686874 2.1916713416576385 5.7968172430992126 14.591057792305948 7.3586589097976676 2.0959867238998413 3.7100301980972272 2.8018144965171805 2.1652218252420417 9.6302830576896756 22.084023341536522 4.3159045279026031 1.4523185044527047 2.117800384759903 5.7490756213665009
leaf_count=232 70 370 89 15 225 29 27 9 16 21 7 47 41 69 21 14 12 31 93 43 14 22 16 11 50 120 23 9 11 36
internal_value=-3.14766e-06 -0.00236808 0.000831417 0.00380901 -0.00123063 0.00197802 0.0118783 -0.000337769 0.00928352 -0.00858411 -0.00998742 0.00560766 0.00456025 0.00568442 0.0099589 0.00330878 0.00165334 0.00202633 -0.0028335 -0.00470703 0.0101412 -0.00523984 -0.00710231 0.00554838 0.00447062 0.00559826 0.0173353 0.0140937 0.00342151 0.00206826
internal_weight=302.451 186.685 123.256 115.765 104.919 58.2707 11.0274 47.2433 8.41124 63.4298 55.795 91.1177 81.8585 75.1335 26.7781 48.3554 7.63474 9.20512 24.6477 21.9497 4.28766 46.6482 37.1891 36.0459 33.8807 31.7143 5.78811 17.573 3.57012 9.45911
internal_count=1793 1148 724 645 635 336 56 280 48 424 377 494 447 406 141 265 47 52 151 136 26 299 241 195 184 170 32 89 20 58
is_linear=0
shrinkage=0.00974396


Tree=30
num_leaves=31
num_cat=0
split_feature=30 9 43 44 28 67 53 10 37 30 44 32 32 44 53 67 2 58 1 30 15 44 19 2 27 3 58 5 12 1
split_gain=24.1389 27.801 33.2958 19.5575 12.8989 11.5133 13.0453 10.4666 9.45715 9.32773 9.74296 8.83853 8.76168 7.57843 7.20075 7.09428 6.68513 11.9341 7.64133 7.29095 6.27972 12.955 9.26692 7.13603 11.0848 9.87172 6.57245 6.53139 6.03032 5.95934
threshold=7.0600000000000014 1.6250000000000002 72.112916666666692 7.1381014702567143 3.6950000000000007 1.0000000180025095e-35 0.63500000000000012 29.325000000000003 61.32500000000001 12.865000000000002 4.2933670841362863 3.8326929229508071 3.7296451525359138 9.091471456262008 0.045000000000000005 1.0000000180025095e-35 5.4800000000000013 17.835000000000004 4.0900000000000007 1.2150000000000001 17.925000000000004 7.921304643873202 24.07983333333333 18.295000000000005 13.150000000000002 20.315000000000001 15.130000000000001 18.225000000000005 21.725000000000005 19.855000000000004
decision_type=2 2 2 2 2 2 2 2 2 2 2 2 2 2 2 2 2 2 2 2 2 2 2 2 2 2 2 2 2 2
left_child=1 3 8 4 5 12 -7 9 -3 10 -2 14 16 -5 -6 20 -1 18 -18 -19 21 26 -22 24 -24 -26 -11 -23 -13 -12
right_child=7 2 -4 13 11 6 -8 -9 -10 15 29 28 -14 -15 -16 -17 17 19 -20 -21 22 27 23 -25 25 -27 -28 -29 -30 -31
leaf_value=-0.0020593377569512543 0.0087996946527531487 -0.0093592993567479278 0.015227865518726768 -0.0074808151464415091 -0.0026162434161297373 0.017972307077190511 -0.006046331265302309 -0.01111457193674069 0.0036629995395180714 -0.0071958185282701244 -0.0090326770627932023 -0.009113296254531866 -0.0068871319834356145 0.0096370535988143848 0.018267883133067271 0.0095053346051269007 0.020125061179693284 0.032313423794462282 -0.0014631671133185293 0.0079756409533814528 -0.011160883000065186 -0.01053283524495013 -0.006790167768686222 -0.0062484953930007931 0.030496485013796912 0.0041569206099167115 0.012458153610856294 0.0083461155744317759 0.0102836224607444 -0.00064618035785771731
leaf_weight=26.728211894631386 4.060368448495864 7.2363441437482861 28.791054576635361 34.358137711882591 1.8578767776489282 6.5982043296098691 3.1413224190473557 14.723110660910605 19.42193828523159 1.8730017244815851 32.029439494013786 3.1384366750717154 18.023671656847 2.6063326746225348 9.3743044734001142 6.958597630262374 1.7269616872072244 2.079633727669715 13.147805422544478 2.7254602462053299 10.631677180528643 6.8664433211088163 3.7425753474235552 8.2539531439542753 2.2331309765577316 3.4040878266096115 10.525979071855543 2.287471815943718 2.883799284696579 10.791713014245031
leaf_count=155 24 47 136 225 10 36 19 102 110 11 208 19 111 15 46 39 9 10 77 14 68 45 24 52 13 19 54 13 15 67
internal_value=-3.20322e-06 0.00220603 0.00796944 -0.000283684 0.00213354 0.000364741 0.0102189 -0.0034347 0.00011515 -0.00233904 -0.00555399 0.00971236 -0.00112792 -0.00626185 0.014805 0.000315259 0.00110981 0.00541621 0.00107895 0.018704 -0.000972025 0.00298338 -0.00399257 0.000336606 0.00614669 0.0147462 0.00946618 -0.00578647 0.000160147 -0.00692452
internal_weight=302.221 183.839 55.4493 128.39 91.4257 74.1713 9.73953 118.382 26.6583 103.658 46.8815 17.2544 64.4317 36.9645 11.2322 56.7769 46.4081 19.6799 14.8748 4.80509 49.8183 21.5529 28.2654 17.6337 9.37979 5.63722 12.399 9.15392 6.02224 42.8212
internal_count=1793 1054 293 761 521 431 55 739 157 637 299 90 376 240 56 338 265 110 86 24 299 123 176 108 56 32 65 58 34 275
is_linear=0
shrinkage=0.00974396


Tree=31
num_leaves=31
num_cat=0
split_feature=59 20 68 20 61 17 59 27 61 21 20 18 48 36 54 59 8 59 48 58 54 39 61 28 51 48 17 39 4 51
split_gain=35.9668 27.0235 16.7976 14.2444 12.1355 12.2439 12.7398 10.3168 15.3981 13.912 10.5176 10.7587 10.1858 8.9611 9.28052 13.4113 9.43444 8.65446 7.24454 7.05165 7.04678 6.0022 5.97968 5.90811 6.39315 6.01194 5.57419 6.58662 6.50983 5.36447
threshold=0.37250000000000005 5.6495899522435282 1.0000000180025095e-35 2.4767216803498986 116.36500000000002 5.4750000000000005 0.3025000000000001 12.345000000000001 106.98 18.240000000000006 4.4897604356218279 11.810000000000002 8.7750000000000021 92.915000000000006 0.45000000000000007 0.93250000000000011 3.9094931308631549 1.3775000000000002 0.115 16.320000000000004 4.4650000000000007 71.865000000000023 134.52000000000004 3.6950000000000007 0.40500000000000008 1.5850000000000002 21.805000000000003 89.830000000000013 14.800000000000002 0.33500000000000008
decision_type=2 2 2 2 2 2 2 2 2 2 2 2 2 2 2 2 2 2 2 2 2 2 2 2 2 2 2 2 2 2
left_child=3 7 -3 -1 5 6 18 8 10 -9 -2 20 -7 14 15 26 -17 -16 -5 -19 -12 -11 -6 24 -15 -26 27 29 -28 -10
right_child=1 2 -4 4 22 12 -8 9 13 21 11 -13 -14 23 17 16 -18 19 -20 -21 -22 -23 -24 -25 25 -27 28 -29 -30 -31
leaf_value=0.016398753703273962 -0.0062148694106843837 0.014883029987100501 -0.0095941608079833443 0.012823012975284312 0.0074335864148925099 -0.0072672386052069424 0.022216612432139356 -0.008682958268726098 0.011150981430744292 0.008500374338528037 0.0081123191557727937 -0.011838503369911798 0.014081428556127562 -0.012134787086585679 -0.0037233194062872301 -0.0074248663424621598 0.019395639159079655 0.018875493229560957 -0.0073980767974409813 -0.0061232904468648021 -0.011978306952722315 -0.011835818936194245 -0.0058088187830966269 0.019567666219494042 0.026561349653477034 0.0050891289932548135 -0.011953193785492264 0.0019998495861431476 0.008957179136586892 0.02314951312148605
leaf_weight=3.1372628808021537 24.637666061520576 22.83920688927174 2.9799865931272498 2.2666688561439496 10.968924552202223 94.091724365949631 2.7083212584257117 19.574264600872997 8.6360519379377418 8.6785501241683942 16.580969795584686 3.7884129434823981 2.1333297789096823 1.3725412786006908 19.976497739553455 7.7785404771566373 1.442882105708122 3.2567322850227347 6.1823792606592178 1.5557528138160703 1.8032420128583897 1.5982126891612995 4.5442571491003028 6.0618156641721725 1.6570935845375059 4.7756655961275101 1.9461753964424122 3.9381749629974356 4.8692305833101273 6.2200252264738074
leaf_count=15 156 108 16 13 60 624 14 124 43 49 90 25 12 8 118 46 7 16 39 9 11 10 28 29 8 25 12 22 27 29
internal_value=-3.30766e-06 0.00284186 0.0120432 -0.00397642 -0.00450244 -0.00566656 0.00397807 0.00125616 0.00252914 -0.00386631 -0.00183591 0.0030264 -0.00678731 0.00531087 0.00366224 0.00690314 -0.00315289 -0.000889947 -0.00192551 0.0107828 0.00611439 0.00529383 0.00354163 0.0123608 0.00668063 0.010762 0.0105284 0.013264 0.00293473 0.0162288
internal_weight=302.001 175.968 25.8192 126.033 122.896 107.382 11.1574 150.148 120.297 29.851 46.8103 22.1726 96.2251 73.4872 59.6201 34.8311 9.22142 24.789 8.44905 4.81249 18.3842 10.2768 15.5132 13.8671 7.8053 6.43276 25.6097 18.7943 6.81541 14.8561
internal_count=1793 988 124 805 790 702 66 864 681 183 282 126 636 399 329 186 53 143 52 25 101 59 88 70 41 33 133 94 39 72
is_linear=0
shrinkage=0.00974396


Tree=32
num_leaves=31
num_cat=0
split_feature=73 18 33 62 25 62 62 58 56 38 62 38 46 18 44 38 56 25 38 31 32 25 33 24 66 32 62 32 1 62
split_gain=31.6706 35.2533 30.6653 15.719 11.9139 10.9878 11.937 10.2767 12.3258 10.4508 10.2431 10.1201 9.26131 8.4798 8.44841 7.99037 10.1844 8.33916 6.66737 7.29679 6.6395 6.50039 6.48965 6.22202 6.02327 6.57617 6.4586 5.99274 5.80005 5.62742
threshold=1.0000000180025095e-35 16.065000000000005 -3.2699999999999996 1.88225 12.865000000000002 1.6820000000000002 2.32525 10.975000000000003 1.8580277265804159 81.090000000000018 1.6891666666666671 97.040000000000006 90.835000000000022 23.615000000000006 4.2391025750465978 86.75500000000001 3.8558276925792572 12.485000000000001 93.15000000000002 0.18975000000000009 3.5631149518542382 14.345000000000001 -4.8699999999999992 2.5500000000000003 354.50000000000006 4.0199324569022545 1.7830000000000001 3.5312521793062164 1.2400000000000002 2.5441666666666669
decision_type=2 2 2 2 2 2 2 2 2 2 2 2 2 2 2 2 2 2 2 2 2 2 2 2 2 2 2 2 2 2
left_child=3 2 10 7 13 -3 15 8 11 -10 22 -1 -4 -5 -8 16 17 -7 19 -12 29 -19 23 28 26 -26 -9 -15 -2 -21
right_child=1 5 12 4 -6 6 14 24 9 -11 18 -13 -14 27 -16 -17 -18 21 -20 20 -22 -23 -24 -25 25 -27 -28 -29 -30 -31
leaf_value=-0.0084576955673436194 0.010002389543871577 -0.009159019007732255 -0.0048046659614798815 -0.0081982059868539615 0.0083394031029293773 -0.0092283902536102313 0.0099923305941682639 -0.011274580580234991 0.0051325017162342779 -0.0070110200101431621 -0.0076240980306035728 0.010577115842453879 0.013795080917888319 -0.0054281168277768325 -0.0077551555785885275 -0.0039868081747501559 0.019010908945199675 0.022983690480123435 0.016102096251097542 0.0079829751780251031 0.02293280536353396 -0.0018588002562336934 -0.0067964752314472153 0.012144008758702937 0.018825912596500911 -0.011451137993172586 -0.00084744006670522693 0.0091632281245931039 -0.0073788430272545271 -0.0088473867979178434
leaf_weight=30.32353313267231 2.5675827413797396 18.030591204762459 2.6773382127284995 11.848618611693384 16.682363748550415 3.3877229690551776 2.9419724494218853 35.0555150359869 23.263361394405365 9.4190171211957914 4.1645531952381196 2.8681868612766257 41.896808311343193 4.2815271168947202 17.446315363049507 5.8062639832496634 6.0277408063411713 2.116559743881226 5.2136841565370551 7.836260259151457 2.0862031280994406 1.8404370397329328 14.804449573159216 4.3113387376070014 1.492422237992286 1.18912598490715 6.7596740722656241 6.9582632184028625 6.0190060436725616 2.4403479546308517
leaf_count=200 15 123 17 72 89 21 16 241 131 59 25 16 201 26 109 35 32 11 26 42 10 11 96 25 8 8 41 37 37 13
internal_value=-3.35832e-06 0.00313717 0.00681413 -0.00317555 0.00207295 -0.00286311 8.64381e-06 -0.005068 -0.00261913 0.00162482 0.00152504 -0.00679892 0.0126719 -0.00245548 -0.00517434 0.00552451 0.00966342 0.00191711 0.00652725 0.00346947 0.00722852 0.0114882 -0.00239964 0.0026423 -0.00868525 0.00537985 -0.00959429 0.0035941 -0.00214575 0.0039563
internal_weight=301.757 151.615 94.0176 150.142 39.7708 57.5976 39.567 110.371 65.8741 32.6824 49.4434 33.1917 44.5741 23.0884 20.3883 19.1787 13.3725 7.34472 21.741 16.5274 12.3628 3.957 27.7024 12.8979 44.4967 2.68155 41.8152 11.2398 8.58659 10.2766
internal_count=1793 865 507 928 224 358 235 704 406 190 289 216 218 135 125 110 75 43 116 90 65 22 173 77 298 16 282 63 52 55
is_linear=0
shrinkage=0.00974396


Tree=33
num_leaves=31
num_cat=0
split_feature=59 20 71 64 32 55 36 54 55 58 39 59 32 55 47 52 71 19 32 50 0 58 50 28 39 5 74 39 17 4
split_gain=34.7205 25.8242 19.3374 18.7663 13.1553 9.9039 13.7566 15.2018 15.5642 13.5064 9.75866 9.618 10.9289 9.15085 8.55241 10.6299 8.15011 7.83658 7.26212 7.91691 6.88634 5.81754 5.6656 5.66177 5.58669 7.67801 6.89856 5.59551 5.14965 5.08746
threshold=0.37250000000000005 5.6495899522435282 1.0000000180025095e-35 8.5000000000000018 3.8039643345588128 1.7830000000000001 92.915000000000006 0.41500000000000004 2.8780000000000006 10.975000000000003 98.660000000000011 0.067500000000000018 2.7309738035550337 1.8090833333333336 94.602500000000006 0.69500000000000006 1.0000000180025095e-35 5.812333333333334 2.1600042699686823 0.33500000000000008 4.8650000000000011 20.940000000000001 0.055000000000000007 3.6950000000000007 89.830000000000013 15.915000000000001 1.0000000180025095e-35 92.765000000000015 23.250000000000004 14.105000000000002
decision_type=2 2 2 2 2 2 2 2 2 2 2 2 2 2 2 2 2 2 2 2 2 2 2 2 2 2 2 2 2 2
left_child=2 5 13 4 11 9 7 8 24 14 -11 -4 21 17 15 20 -3 -1 19 -9 -2 -13 -20 -8 25 -7 28 -26 -27 -14
right_child=1 16 3 -5 -6 6 23 18 -10 10 -12 12 29 -15 -16 -17 -18 -19 22 -21 -22 -23 -24 -25 27 26 -28 -29 -30 -31
leaf_value=0.0050571795720131619 0.005861571686309108 0.0082065037550336194 -0.0034861805328005599 -0.0079869188916206757 -0.0096058530847749277 0.013219209354148668 0.0065167977375417659 0.024104204482476899 -0.010330603004327156 -0.010331405711713542 0.017820141054761894 -0.0037208979087748734 0.014501438916819993 0.0024542557551836593 -0.0072910988288677194 0.010141202642052601 0.020251571583274099 -0.0083820118550030579 0.0019031314759747895 -0.0019123889293628119 -0.0075803255123336145 0.015046057728457287 -0.007313404930402969 0.019080779645141009 -0.012175344427800936 -0.012099785541142135 0.015084860248508089 0.0068877378690842209 0.0035905692050827906 0.02985074524394131
leaf_weight=4.3319987654685965 6.3367803096771267 18.45291464030743 4.4017892330884996 12.626199662685393 4.0653818845748892 18.757458373904228 7.8456897139549238 1.7885153591632832 5.195800155401229 18.30777141451836 1.2119906395673741 4.4704940468072918 8.2850154191255552 9.5985904932022077 8.150508984923361 13.777521371841429 7.569685533642768 72.373862147331238 8.7221759706735629 2.8010782599449158 8.3228816688060743 2.3646097779273987 22.761439949274063 6.1272130608558655 2.4855549782514563 2.6187268346548063 3.6794421821832648 3.4347880929708481 7.8281180709600449 2.8150958418846121
leaf_count=24 37 89 27 86 26 93 41 9 32 122 6 27 43 54 52 73 35 493 51 17 51 12 137 29 15 16 18 19 46 13
internal_value=-3.51337e-06 0.00278477 -0.00392358 0.00176423 0.00643699 0.0012295 0.00316246 0.00160128 0.00544447 -0.00200817 -0.00854611 0.00937373 0.0125377 -0.00649685 0.00148156 0.00400671 0.0117393 -0.00761926 -0.00308366 0.00831154 -0.00176111 0.00279961 -0.00475679 0.0120716 0.00756795 0.00913556 0.00368346 -0.00112037 -0.000359569 0.018493
internal_weight=301.509 176.176 125.333 39.0286 26.4024 150.153 94.046 80.0731 43.9999 56.1075 19.5198 22.337 17.9352 86.3045 36.5877 28.4372 26.0226 76.7059 36.0732 4.58959 14.6597 6.8351 31.4836 13.9729 38.8041 32.8837 14.1263 5.92034 10.4468 11.1001
internal_count=1793 988 805 234 148 864 523 453 239 341 128 122 95 571 213 161 124 517 214 26 88 39 188 70 207 173 80 34 62 56
is_linear=0
shrinkage=0.00974396


Tree=34
num_leaves=31
num_cat=0
split_feature=59 20 70 73 29 61 61 22 67 43 52 18 21 2 36 30 18 70 59 30 21 61 0 15 60 67 16 43 45 13
split_gain=34.0991 25.1705 21.227 17.0055 15.8636 14.3903 12.9254 16.1483 12.65 9.79324 8.29573 9.40632 11.5893 7.76723 7.57132 7.18947 7.58341 6.82475 6.75203 7.43897 6.57733 7.78378 6.44083 7.84151 6.26098 7.67588 5.97955 5.97144 9.00192 5.6709
threshold=0.37250000000000005 5.6495899522435282 1.0000000180025095e-35 1.0000000180025095e-35 10.830000000000002 107.20500000000001 108.54500000000002 16.060000000000006 1.0000000180025095e-35 89.662166666666693 0.71500000000000008 8.8850000000000016 3.4500000000000006 1.9400000000000002 77.230000000000004 8.0150000000000023 11.705000000000002 1.0000000180025095e-35 0.39750000000000008 -2.5299999999999998 16.205000000000002 139.51500000000001 18.48 21.820000000000004 40.500000000000007 1.0000000180025095e-35 0.9900000000000001 67.957000000000008 55.480000000000011 6.955000000000001
decision_type=2 2 2 2 2 2 2 2 2 2 2 2 2 2 2 2 2 2 2 2 2 2 2 2 2 2 2 2 2 2
left_child=6 2 3 8 5 -5 7 9 22 -1 24 12 -12 -11 -7 16 -8 -17 -16 -20 -6 -22 26 -24 25 -9 -2 -4 -29 -10
right_child=1 -3 27 4 20 14 15 10 29 13 11 -13 -14 -15 18 17 -18 -19 19 -21 21 -23 23 -25 -26 -27 -28 28 -30 -31
leaf_value=0.019793069883484216 0.0067287718503448316 0.011574053598998048 0.023542055733694629 -0.0022400549149102322 -0.0072100827496298535 -0.0043665621036320899 0.001394122720458737 -0.0064593844606922269 -0.011648836624850258 0.0082196997670983263 -0.01160196802107716 -0.0052686113184421349 0.016873701468260182 -0.009658353851497355 0.022502160377159054 -0.0016826240507274678 0.028087609526553325 0.020542961650491534 -0.0024015557719832136 0.010970097145545086 0.014300435916052259 -0.0051570726282100226 0.01312558249852845 -0.0047737328330512583 -0.010150806321082466 0.011477251284549716 -0.0088656413431821065 -0.011914723364560001 0.012892548519742282 0.0083113647277696968
leaf_weight=3.182052642107009 2.4623114466667166 26.137406378984451 3.5917062014341345 14.397259697318075 15.615214213728907 3.5330790132284156 2.0262987315654781 10.678713992238043 1.532863214612006 5.0138826072216016 1.9182214885950113 21.87262599170208 4.4006967842578888 4.2095923274755478 3.9617064446210852 14.452033966779705 2.0077582746744156 1.4046387672424323 4.6109346449375108 26.439776673913009 3.5519672632217398 4.2361471056938171 3.2908324301242811 7.6569851785898209 50.959472268819809 2.8328823596239081 35.561434492468834 1.6243518888950337 8.4568115323781949 9.6216842085123044
leaf_count=16 14 124 17 87 98 20 11 71 10 27 13 147 23 27 19 86 9 7 25 132 20 27 17 46 351 17 226 10 43 53
internal_value=-3.55974e-06 0.00275592 0.00121749 5.54279e-05 0.00310813 0.00606082 -0.0038971 -0.00526088 -0.00381819 0.00516158 -0.00665912 -0.00224015 0.00819184 4.02877e-05 0.00916379 0.00329666 0.0148472 0.000321968 0.010536 0.00897983 -0.00356497 0.00372668 -0.00595204 0.000621466 -0.00858702 -0.00266795 -0.0078468 0.0127751 0.00885345 0.00552717
internal_weight=301.241 176.282 150.145 136.472 76.3461 52.9428 124.959 105.068 60.1261 12.4055 92.6626 28.1915 6.31892 9.22347 38.5455 19.8907 4.03406 15.8567 35.0124 31.0507 23.4033 7.78811 48.9716 10.9478 64.4711 13.5116 38.0237 13.6729 10.0812 11.1545
internal_count=1793 988 864 794 428 283 805 692 366 70 622 183 36 54 196 113 20 93 176 157 145 47 303 63 439 88 240 70 53 63
is_linear=0
shrinkage=0.00974396


Tree=35
num_leaves=31
num_cat=0
split_feature=73 70 6 68 66 26 58 62 62 62 53 62 51 49 45 54 53 38 39 45 49 53 32 58 39 2 38 20 62 39
split_gain=30.3529 38.2622 33.3478 28.0151 19.401 12.789 12.3341 11.894 11.8696 11.823 7.94659 7.88652 7.80494 7.61382 7.29624 14.2084 7.14525 6.50659 10.2547 8.33912 6.86601 6.53819 6.26791 6.42918 5.76003 5.66705 5.59878 5.38778 5.22231 4.95167
threshold=1.0000000180025095e-35 1.0000000180025095e-35 10.030000000000003 1.0000000180025095e-35 161.50000000000003 -0.97499999999999987 7.3500000000000005 1.3499999999999999 1.6820000000000002 2.3309166666666674 0.015000000000000001 1.9443333333333339 1.7600000000000002 0.18500000000000003 75.285000000000011 1.7700000000000002 0.055000000000000007 81.565000000000012 96.120000000000019 42.650000000000006 0.59500000000000008 0.085000000000000006 3.6913655472553759 11.620000000000003 95.715000000000018 7.3400000000000007 76.960000000000022 4.5579980208120618 1.8255833333333338 57.055000000000007
decision_type=2 2 2 2 2 2 2 2 2 2 2 2 2 2 2 2 2 2 2 2 2 2 2 2 2 2 2 2 2 2
left_child=1 16 3 4 5 24 -7 -3 -4 10 -10 -12 -13 -8 -11 -16 28 19 -19 -18 -20 -21 23 -15 -2 -9 29 -24 -1 -23
right_child=2 7 8 -5 -6 6 13 25 9 14 11 12 -14 22 15 -17 17 18 20 21 -22 26 27 -25 -26 -27 -28 -29 -30 -31
leaf_value=-0.010761810109081064 -0.0076761146545333463 -0.0057878115056489866 -0.009144475930615667 -0.0091425666956280027 0.016788124499661775 -0.004709969517013528 0.003419983074885924 0.00050907390138184066 -0.0070270935098547668 -0.0075966408629024726 -0.0011327927758621363 0.017381356278626931 -0.0032368507587182743 0.02873207877806051 -0.012303864204362523 0.022201202832141206 -0.011616994816917539 -0.008385856272140035 -0.0082291729859402772 0.0095794324096366394 0.011047484723648833 0.0046345438704670644 -0.0076347747048753677 0.012831080032685736 0.013006364832295961 0.017766469828723513 0.0052657816784296612 0.0096143847493031023 -0.00183092899929225 -0.0051006056344505852
leaf_weight=26.530266046524048 8.1542714685201627 3.2425492256879833 18.217276006937027 9.4125514924526197 20.480561390519142 6.5690444558858863 13.680008605122564 2.1787489205598822 3.7537938803434399 17.167799428105358 5.2714548408985165 8.8102100193500501 2.1452295929193488 2.7561136931180981 2.0655136257410041 2.4186611920595169 6.4137805104255667 36.885079711675644 2.7102565467357627 6.0953501909971228 4.8063028752803802 6.1213266700506237 2.3069425970315915 20.656077578663826 1.4761080443859089 11.066533640027044 9.6603426784276945 6.3939680457115173 8.1855461448430997 25.340331599116325
leaf_count=181 48 22 126 59 95 42 76 12 23 109 33 45 13 15 12 12 46 240 18 35 26 35 15 100 8 55 55 34 48 155
internal_value=-3.61214e-06 -0.00312382 0.00306437 0.00675036 0.00856908 0.00584318 0.00774141 0.0108575 -0.00259316 0.000276096 0.00567888 0.00863545 0.0133351 0.00953275 -0.00470495 0.00630888 -0.00486388 -0.00351408 -0.00627211 -0.00122552 0.0040736 0.000191403 0.0121258 0.0147514 -0.00445461 0.0149468 -0.0012045 0.00501321 -0.00866395 -0.00319917
internal_weight=300.972 149.236 151.736 91.8856 82.4731 61.9925 52.3622 16.4878 59.8499 41.6327 19.9807 16.2269 10.9554 45.7931 21.652 4.48417 132.749 98.0328 44.4016 53.6311 7.51656 47.2174 32.1131 23.4122 9.63038 13.2453 41.122 8.70091 34.7158 31.4617
internal_count=1793 928 865 492 433 338 282 89 373 247 114 91 58 240 133 24 839 610 284 326 44 280 164 115 56 67 245 49 229 190
is_linear=0
shrinkage=0.00974396


Tree=36
num_leaves=31
num_cat=0
split_feature=73 66 33 74 41 67 55 29 55 55 29 21 21 55 41 2 34 23 30 20 55 12 20 41 2 12 20 41 2 36
split_gain=29.7927 32.6203 24.7021 23.6059 19.4301 14.7868 12.4316 11.4226 9.86607 9.25548 8.23668 9.37829 12.5972 7.84223 7.63866 9.37169 7.17883 13.1702 6.9589 10.6008 6.51286 8.97417 9.49321 7.318 9.16511 6.20382 5.86522 5.81153 5.61999 5.60405
threshold=1.0000000180025095e-35 195.50000000000003 -3.2699999999999996 1.0000000180025095e-35 71.840000000000018 1.0000000180025095e-35 1.6820000000000002 7.7550000000000008 1.8255833333333338 2.1910000000000003 -10.294999999999998 -2.7149999999999994 -1.3899999999999999 2.086416666666667 65.065000000000012 17.555000000000003 22.210000000000004 13.750000000000002 5.4450000000000012 3.8931479168985113 1.8975000000000002 23.115000000000006 5.5191190948688122 92.385000000000005 12.270000000000001 7.6350000000000007 3.562789769860538 94.390000000000015 11.220000000000002 73.835000000000022
decision_type=2 2 2 2 2 2 2 2 2 2 2 2 2 2 2 2 2 2 2 2 2 2 2 2 2 2 2 2 2 2
left_child=3 2 10 5 -4 20 -3 13 18 14 -2 -12 -13 -8 -9 28 17 25 19 -5 23 22 -22 -1 -25 -7 -10 -6 -16 -23
right_child=1 6 4 8 27 16 7 9 26 -11 11 12 -14 -15 15 -17 -18 -19 -20 -21 21 29 -24 24 -26 -27 -28 -29 -30 -31
leaf_value=-0.0097385678762319672 0.020779438766721968 -0.0099801397556250893 -0.0016362198096589744 -0.0066070672671042019 0.015520773963753006 -0.00010987525412746133 -0.0052277697195523181 -0.011931800390335397 0.0036787896551958056 -0.0056588760986518898 -0.0087030014239382718 0.015659432527823567 0.00021932368295025763 0.021584129290832487 0.0075073154549133471 0.021875078345848242 0.020304395509731541 -0.0092019191787237886 -0.0084712832287279112 0.010495332743150147 -0.0091823306967833557 -0.0018017194093436725 0.0082884633470107476 -0.0045456899300251267 0.021853634453986252 0.016468520391382031 0.018405797558622539 0.0031953262433553186 -0.012005079657124575 0.015058335351561893
leaf_weight=56.140455514192581 1.9700839370489109 16.512807697057724 8.9177907109260541 5.4608749002218309 35.660706788301468 3.9126001000404376 1.4314861297607411 2.0695499777793875 4.5530131608247739 22.134173899888992 8.3419152498245221 5.9450145959854082 31.204508885741237 3.5330434739589691 4.7745829224586469 3.2796716094017029 2.0178468823432913 6.7883964926004401 5.8200949579477301 9.1490553915500623 15.631255432963377 3.6835428178310385 3.6002233475446692 16.432122543454174 1.3128455132246006 4.6595343798398972 5.9960199296474457 4.0980341434478751 1.9380871653556822 3.7283973395824432
leaf_count=377 10 116 53 36 165 23 9 13 24 138 52 30 185 17 27 17 11 44 40 51 96 22 19 104 6 27 29 21 12 19
internal_value=-3.79048e-06 0.0030328 0.00646948 -0.00310089 0.0113443 -0.00508992 -0.0028998 8.91947e-05 0.00446232 -0.00191729 0.0014622 0.000606401 0.00270693 0.0138463 0.00493441 0.00847193 0.00319894 0.000899604 0.00049888 0.00409355 -0.00652474 -0.00238346 -0.00589532 -0.00801441 -0.00254341 0.00891923 0.0120972 0.0142578 0.00181935 0.00669527
internal_weight=300.698 151.811 96.1381 148.886 48.6765 117.907 55.6734 39.1606 30.9791 34.1961 47.4615 45.4914 37.1495 4.96453 12.0619 9.99234 17.3784 15.3605 20.43 14.6099 100.529 26.6434 19.2315 73.8854 17.745 8.57213 10.549 39.7587 6.71267 7.41194
internal_count=1793 865 516 928 239 748 349 233 180 207 277 267 215 26 69 56 105 94 127 87 643 156 115 487 110 50 53 186 39 41
is_linear=0
shrinkage=0.00974396


Tree=37
num_leaves=31
num_cat=0
split_feature=60 39 44 55 30 33 26 1 56 32 20 20 32 5 15 55 44 5 55 31 13 13 33 72 42 44 51 72 68 42
split_gain=29.9439 30.0616 20.963 20.6636 21.9095 11.6638 9.70098 8.57627 8.05289 9.32106 7.7554 7.7526 10.8132 9.00643 7.73793 7.70118 7.1498 7.14047 6.71124 6.67502 6.08532 8.54375 5.85381 5.61282 5.60369 5.10552 5.57414 4.86241 4.85838 4.82571
threshold=49.500000000000007 62.800000000000004 7.1100352374162581 1.8090833333333336 4.8950000000000005 7.1950000000000012 3.0450000000000004 16.215000000000003 1.8580277265804159 3.8326929229508071 3.5403916897298688 5.6090115256611641 3.9192954308070638 -0.13499999999999998 24.070000000000004 0.98416666666666686 4.2933670841362863 15.855000000000002 1.6820000000000002 -1.7138333333333331 15.370000000000003 19.650000000000002 -4.3149999999999986 1.0000000180025095e-35 79.665000000000006 3.589186377319233 8.6350000000000033 1.0000000180025095e-35 1.0000000180025095e-35 89.050000000000011
decision_type=2 2 2 2 2 2 2 2 2 2 2 2 2 2 2 2 2 2 2 2 2 2 2 2 2 2 2 2 2 2
left_child=2 27 10 4 6 11 15 14 -8 -10 -1 12 13 -5 18 -3 -7 20 22 -17 23 -22 29 -15 -23 -6 -27 28 -2 -4
right_child=1 3 7 5 25 16 8 -9 9 -11 -12 -13 -14 17 -16 19 -18 -19 -20 -21 21 24 -24 -25 -26 26 -28 -29 -30 -31
leaf_value=0.01962604617542784 0.015123705469578481 0.012154989963362511 0.0032073092517258634 -0.012028548372252899 0.0018748323758085248 0.011461732437954663 -0.0051396941314638704 -0.010397736953414798 0.015059939291952365 0.0020290880162629104 0.00022501666998960294 0.017525123882188361 -0.0060047036476396261 0.0072776860912065746 0.0064105543089022742 0.0013860784646124969 -0.0054219455662399352 -0.0011870030403469487 0.00041584289419754628 -0.0075674475760779941 0.025455511552051127 0.012839104282605374 -0.010128226890933423 -0.011891545870076353 -0.0072272113502773174 -0.011788036134301167 0.0077408328095885486 -0.0027300454950678604 0.0011220834371991637 -0.011760210370959581
leaf_weight=4.1358184665441504 19.769683137536056 3.0439600050449362 6.9492598176002449 2.4257964491844168 3.401447847485545 2.7585153281688717 5.6142915338277843 28.903027534484863 9.5404169708490389 11.521134018898008 3.7094196975231171 4.8877704590558997 7.6980695724487296 36.929427355527878 6.1783144772052756 13.214179366827009 15.953837677836416 8.6094185560941678 14.40804862976074 19.526218831539154 4.3039447516202909 5.4341160655021667 23.813434287905697 1.4717632979154576 1.7060341387987135 25.639406710863117 1.4341043382883061 1.8864635080099095 2.6998456120491019 2.8519358783960342
leaf_count=18 92 16 44 15 21 15 36 204 49 62 21 23 47 189 37 77 101 51 87 127 19 26 167 9 9 179 9 10 14 19
internal_value=-3.8669e-06 0.00202274 -0.00467177 0.000682008 -0.00255889 0.0039506 0.000744846 -0.00611095 0.00519021 0.00795411 0.0105137 0.00569992 0.00484613 0.00622312 -0.00381703 -0.00256739 -0.00290825 0.00698995 -0.00513948 -0.00395241 0.00840469 0.0146463 -0.00752224 0.0065288 0.00801404 -0.00932687 -0.0107396 0.0121908 0.0134517 -0.00116314
internal_weight=300.419 209.47 90.9493 185.114 92.9352 92.1787 62.4602 83.104 26.6758 21.0616 7.84524 73.4663 68.5786 60.8805 54.201 35.7844 18.7124 58.4547 48.0227 32.7404 49.8453 11.4441 33.6146 38.4012 7.14015 30.475 27.0735 24.356 22.4695 9.8012
internal_count=1793 1196 597 1080 576 504 367 558 147 111 39 388 365 318 354 220 116 303 317 204 252 54 230 198 35 209 188 116 106 63
is_linear=0
shrinkage=0.00974396


Tree=38
num_leaves=31
num_cat=0
split_feature=59 8 22 55 60 60 22 45 43 72 8 73 59 52 52 42 24 58 58 18 67 52 30 56 60 67 25 29 30 73
split_gain=31.8747 18.8508 12.4014 15.5359 10.7043 11.9755 12.3264 10.6885 10.6468 9.95765 11.2049 9.29431 11.253 9.25753 8.16526 13.9749 7.42507 7.31118 6.66538 8.30875 8.30164 6.50567 7.74526 10.2991 6.23116 7.45365 6.22773 6.3873 6.21529 5.84057
threshold=0.37250000000000005 5.0989012279908676 16.060000000000006 1.8090833333333336 49.500000000000007 55.500000000000007 10.380000000000001 75.285000000000011 89.662166666666693 1.0000000180025095e-35 2.5188983170200294 1.0000000180025095e-35 0.4275000000000001 0.77500000000000013 0.71500000000000008 93.910000000000011 -0.73499999999999988 14.625000000000002 9.990000000000002 8.8850000000000016 1.0000000180025095e-35 0.69500000000000006 13.760000000000002 3.2900872813835007 40.500000000000007 1.0000000180025095e-35 4.8900000000000015 15.920000000000002 4.7500000000000009 1.0000000180025095e-35
decision_type=2 2 2 2 2 2 2 2 2 2 2 2 2 2 2 2 2 2 2 2 2 2 2 2 2 2 2 2 2 2
left_child=2 4 8 14 -2 9 13 -8 -1 21 -11 12 -9 -7 24 18 -10 -5 -16 -20 -21 22 23 -6 25 -4 -23 -28 -25 -3
right_child=1 29 3 17 5 6 7 11 16 10 -12 -13 -14 -15 15 -17 -18 -19 19 20 -22 26 -24 28 -26 -27 27 -29 -30 -31
leaf_value=0.019778924471907541 -0.0065954060413013129 0.0030291731200260035 -0.0063395239985432209 0.023472367064705058 -0.0011149796927888984 -0.0032372819331539203 -0.0082089973986069677 0.0095038113912086723 0.0091399366319390909 0.016849509123397537 -0.012098197225999139 0.0075497241700312493 -0.010033784318252579 0.013301211605076165 -0.010691310315358062 0.021181610789915727 -0.0081837261547800192 0.0012788140640379133 0.0176002347387509 -0.0067985192426585125 0.011753025180665603 -0.0014416681991746465 -0.0046145494945749755 0.020458678707814159 -0.010058973088570376 0.011327058296856572 0.011692303564397656 0.00017909003527059915 0.0054745586788819897 0.014060493454487039
leaf_weight=3.4538789689540854 14.273853018879889 6.4115446209907558 10.530761852860449 1.4935392737388635 10.236506149172788 5.0851826667785636 22.463168799877167 3.8984532505273828 4.3403407484292975 1.5777679085731495 5.8891033381223679 11.344814896583557 9.639258995652197 8.5870190411806089 9.3966349214315468 2.2057428210973731 5.0308592766523352 18.052057817578316 2.082496955990794 11.370556801557539 2.8260037451982489 5.2271190136671057 9.8351910412311536 4.9824119508266431 49.921893402934074 2.8471912145614615 29.820117637515068 5.4310328960418692 5.660297155380249 16.212088465690613
leaf_count=17 93 32 71 7 60 28 145 22 23 8 37 62 62 42 66 12 32 104 10 77 18 30 59 23 351 17 149 33 30 73
internal_value=-3.96676e-06 0.00265163 -0.00379991 -0.00485127 0.00142895 0.00225144 -0.000986019 -0.00334158 0.00525484 0.0047637 -0.00591082 0.00105318 -0.00438742 0.0071486 -0.00654113 -0.00213772 -0.000142108 0.00302291 -0.00417397 -0.000388262 -0.00307539 0.00588759 0.00249586 0.00585361 -0.00847625 -0.00254892 0.00845335 0.0099242 0.0125486 0.01095
internal_weight=300.127 176.575 123.552 110.727 153.951 139.677 61.0179 47.3457 12.8251 78.6595 7.46687 24.8825 13.5377 13.6722 91.1813 27.8814 9.3712 19.5456 25.6757 16.2791 14.1966 71.1927 30.7144 20.8792 63.2998 13.378 40.4783 35.2512 10.6427 22.6236
internal_count=1793 988 805 733 883 790 361 291 72 429 45 146 84 70 622 183 55 111 171 105 95 384 172 113 439 88 212 182 53 105
is_linear=0
shrinkage=0.00974396


Tree=39
num_leaves=31
num_cat=0
split_feature=59 70 73 5 28 34 34 55 22 65 68 48 38 35 48 70 7 8 35 63 28 38 12 19 63 42 53 52 42 46
split_gain=31.3046 21.8326 22.8313 23.2169 13.8956 13.6979 16.4664 15.3601 11.1649 11.1103 15.9232 10.213 9.13616 8.95666 11.648 8.50462 8.39997 7.97596 7.15796 6.97972 5.9968 6.19698 5.90731 7.93736 5.66905 5.37154 5.14331 4.98355 5.15043 4.9163
threshold=0.37250000000000005 1.0000000180025095e-35 1.0000000180025095e-35 15.635000000000002 1.2600000000000002 12.460000000000003 11.045000000000002 1.6820000000000002 16.060000000000006 5.5000000000000009 1.0000000180025095e-35 0.18500000000000003 81.090000000000018 6.0875000000000012 0.065000000000000016 1.0000000180025095e-35 8.6804166666666696 2.6082884487797235 0.22500000000000001 57.500000000000007 -3.6999999999999997 96.495000000000019 19.370000000000001 12.450166666666668 11.500000000000002 80.470000000000013 1.0000000180025095e-35 0.77500000000000013 91.615000000000009 93.060000000000016
decision_type=2 2 2 2 2 2 2 2 2 2 2 2 2 2 2 2 2 2 2 2 2 2 2 2 2 2 2 2 2 2
left_child=5 2 12 4 19 6 8 -7 11 17 13 -1 24 14 -11 -9 -8 29 -13 -4 21 -14 -10 -24 -2 -18 -22 28 -21 -6
right_child=1 -3 3 -5 9 7 16 15 22 10 -12 18 20 -15 -16 -17 25 -19 -20 27 26 -23 23 -25 -26 -27 -28 -29 -30 -31
leaf_value=0.018243425738988451 -0.0045792153631533531 0.012566414418270496 -0.0089896215418509198 -0.0047669460523361278 0.014176211497167888 -0.0098089198016182346 -0.012085724771069173 -0.0019091297071552565 -0.0075384273426576708 -0.0054683729823513695 -0.0074407433545504399 0.0092628364391235916 -0.0065342468036549356 0.01943058703791679 0.013022270844550633 0.018478214055115193 0.0065938517747689569 -0.009788292585378517 -0.0082393058043590747 0.012894293671669638 0.0055389382159612534 0.020321427642963123 0.02034158417116318 -0.0037389652627385912 0.0030310661402833841 0.023038040930955492 -0.010274981115444823 0.0099617262423459946 -0.0079425359863476395 -0.0014606034332972956
leaf_weight=3.9123781323432913 15.006409674882887 18.712841689586639 5.8215093016624477 19.639867380261421 4.1605130732059461 46.865713134407997 1.1631836742162684 19.498942062258724 26.482866421341896 3.8771469593048122 3.6300824433565131 3.9112862944602949 1.8381199240684536 15.919408336281775 18.690047040581703 2.1196272671222678 3.511811763048172 4.0363934636116028 5.0237309485673904 1.4818731993436793 2.1081657260656383 1.4048468768596649 1.7471325397491444 4.7346497923135757 24.272207096219063 4.2145923227071762 22.019204318523407 6.2723526060581207 4.3020238429307938 3.4646180719137192
leaf_count=19 92 92 35 124 21 339 7 119 178 21 20 21 12 72 91 11 20 25 32 8 12 7 10 31 134 18 144 33 25 20
internal_value=-3.98403e-06 0.00262448 0.00144307 0.00460815 0.00718066 -0.00377408 -0.000135543 -0.00667682 -0.00249511 0.00965323 0.0119823 0.00519485 -0.00289069 0.013823 0.00983604 0.000112408 0.0119695 0.0012193 -0.000556839 -0.000254589 -0.00720834 0.00515991 -0.00549851 0.00281188 0.00011871 0.0156482 -0.00888148 0.00396745 -0.00253338 0.00708227
internal_weight=299.844 176.658 157.945 91.2958 71.656 123.186 54.7016 68.4843 45.812 53.7782 42.1167 12.8474 66.649 38.4866 22.5672 21.6186 8.88959 11.6615 8.93502 17.8778 27.3703 3.24297 32.9646 6.48178 39.2786 7.7264 24.1274 12.0562 5.7839 7.62513
internal_count=1793 988 896 495 371 805 336 469 291 270 204 72 401 184 112 130 45 66 53 101 175 19 219 41 226 38 156 66 33 41
is_linear=0
shrinkage=0.00974396


Tree=40
num_leaves=31
num_cat=0
split_feature=59 70 67 71 6 44 9 20 32 44 40 12 36 56 62 34 12 20 62 48 42 59 67 71 20 32 59 36 42 46
split_gain=30.7861 21.1806 24.557 38.3866 30.4417 17.1055 15.313 14.1414 10.9476 9.96759 9.07796 7.47704 7.43944 6.97957 6.76146 7.13091 10.5825 6.73511 6.62497 6.44914 6.39553 7.25558 6.3946 6.15999 5.9323 5.83238 5.09693 5.25368 4.72542 4.64571
threshold=0.31750000000000006 1.0000000180025095e-35 1.0000000180025095e-35 1.0000000180025095e-35 11.360000000000001 6.4905471306943827 -0.86499999999999988 4.1095043983309596 2.3109673282021546 4.2933670841362863 89.430000000000021 21.845000000000002 95.200000000000017 1.8219424152736883 1.8991666666666667 12.460000000000003 19.310000000000006 5.5191190948688122 1.4152500000000001 0.18500000000000003 98.325000000000003 0.40250000000000008 1.0000000180025095e-35 1.0000000180025095e-35 3.80103465998087 4.625963680154384 0.39250000000000007 58.715000000000011 85.990000000000009 91.605000000000004
decision_type=2 2 2 2 2 2 2 2 2 2 2 2 2 2 2 2 2 2 2 2 2 2 2 2 2 2 2 2 2 2
left_child=5 2 3 8 6 7 12 10 11 28 -1 -2 20 -4 15 16 18 24 -7 -12 21 -5 23 -18 -16 -15 -3 -28 -6 -8
right_child=1 26 13 4 9 14 29 -9 -10 -11 19 -13 -14 25 17 -17 22 -19 -20 -21 -22 -23 -24 -25 -26 -27 27 -29 -30 -31
leaf_value=0.018845263094255636 -0.0041041849072220539 -0.0029485621645627793 -0.0050913272286158776 0.010001614079486822 -0.0003145835207765187 -0.0096542734193413807 0.0021637735210734898 -0.0097123868249380171 -0.0073347168871118213 -0.0054417403686838678 0.015429054766210943 0.016461627075825734 0.013623838242340966 0.0077154571202497713 0.0096542556115523336 -0.00968796921057807 -0.0048681928286692213 0.011033879878655577 0.0055750022147766512 -0.004227792201581179 0.017203773822694848 -0.0033028153963708174 0.018204577896955725 0.01633924595594435 -0.011982335399198596 0.017660762056223991 0.024743206441979203 0.010855631985177413 0.022435811754610062 0.016076949201489506
leaf_weight=5.7124072760343569 3.4425060153007498 2.0019559115171459 2.7228736281394985 5.0461526513099768 1.5784613341093092 18.152497023344047 2.6057665646076229 4.8596516549587241 58.741792008280754 28.514207646250725 2.3369287103414536 3.2028033435344696 5.916384905576705 16.009800553321842 1.6923255622386912 43.882089421153069 5.4372445195913297 4.0415705740451813 3.1506918370723715 4.7179511189460754 2.1771087646484366 16.557822450995445 2.494843989610672 1.6678467839956281 3.907466784119606 8.7439297884702665 3.1641665697097805 14.960954010486601 1.8534415066242216 20.237340301275253
leaf_count=26 20 12 17 28 9 126 15 34 367 180 12 16 28 89 9 317 35 22 18 28 11 95 14 10 25 40 14 74 9 93
internal_value=-4.06904e-06 0.0022411 0.00116411 -0.00038835 0.00394828 -0.00434903 0.0085075 0.00437023 -0.00599272 -0.00354727 0.00975327 0.00582542 0.00388013 0.00962579 -0.00617212 -0.00716211 -0.0035639 0.00149172 -0.00739007 0.00231266 0.00143304 -0.00017738 0.0049092 0.000151775 -0.0054001 0.0112551 0.0117049 0.0133331 0.0120449 0.0145016
internal_weight=299.531 197.477 177.35 149.874 84.4867 102.054 52.5406 17.6269 65.3871 31.9461 12.7673 6.64531 29.6975 27.4766 84.4266 74.7852 30.9031 9.64136 21.3032 7.05488 23.7811 21.604 9.59994 7.10509 5.59979 24.7537 20.1271 18.1251 3.4319 22.8431
internal_count=1793 1117 1017 871 468 676 270 100 403 198 66 36 162 146 576 520 203 56 144 40 134 123 59 45 34 129 100 88 18 108
is_linear=0
shrinkage=0.00974396


Tree=41
num_leaves=31
num_cat=0
split_feature=73 18 58 26 55 41 41 41 55 55 41 47 2 34 54 12 58 55 43 66 18 41 49 58 54 49 48 20 0 55
split_gain=27.5046 29.748 16.8705 17.7603 13.9468 11.1862 10.4185 10.1922 10.0713 11.0148 10.6408 11.6567 8.4889 8.51329 8.43667 8.14224 13.3539 7.48993 8.90704 7.24171 6.40359 6.20341 5.63628 5.41783 8.96869 5.40658 6.31975 5.25542 5.10677 5.55844
threshold=1.0000000180025095e-35 16.065000000000005 7.3500000000000005 -0.97499999999999987 1.88225 82.715000000000018 91.89500000000001 71.420000000000016 1.6820000000000002 2.32525 65.065000000000012 80.855000000000018 12.270000000000001 9.1450000000000014 5.745000000000001 20.505000000000006 12.460000000000003 2.1495000000000002 68.022916666666688 58.500000000000007 26.73 96.350000000000009 3.8550000000000004 18.140000000000004 1.7700000000000002 0.015000000000000001 1.155 3.0798601520024915 2.6050000000000004 1.8090833333333336
decision_type=2 2 2 2 2 2 2 2 2 2 2 2 2 2 2 2 2 2 2 2 2 2 2 2 2 2 2 2 2 2
left_child=4 2 -2 28 6 17 15 -5 -3 10 -10 20 13 22 19 -1 -17 -6 -19 27 -12 -16 -8 24 -11 26 -21 -9 29 -4
right_child=1 8 3 7 5 -7 12 14 9 23 11 -13 -14 -15 21 16 -18 18 -20 25 -22 -23 -24 -25 -26 -27 -28 -29 -30 -31
leaf_value=-0.0095359628461647392 -0.0054899432126886997 -0.0088983714081225379 -0.0083055346727960062 -0.00079904844259420836 0.0087693519941437134 -0.0071867780603758081 0.0051157312118078032 0.0073562900730972302 -0.011974718478220563 -0.0082840245044224943 0.019839101238434909 -0.0025951770989031011 0.02208638513281817 -0.0093316855089947207 -0.0050011540302696183 0.00088264820236512952 -0.011578985463095135 0.010347548584939187 -0.0072331645748787811 0.010002146837841432 0.0036628773285126391 0.017336661521599926 -0.0089510417760695887 -0.0077244095864829063 0.019303476472775027 0.014930428317186464 -0.011825405044281043 -0.011722065977077104 -0.010498577129276609 0.0099877964357779347
leaf_weight=42.602369993925095 10.366315245628355 17.221712470054626 2.6606884747743589 8.1791504472494108 18.202355131506923 9.6663525253534299 15.174761295318612 6.4865599870681745 2.8508913069963482 2.3883721679449108 6.9784291982650775 5.9343590885400763 1.5591211467981327 8.1282715797424299 5.0226079374551764 24.49500398337841 12.193264365196226 4.1495323330163938 7.8516997843980789 9.2438889890909177 3.5354232937097549 1.5018310993909834 3.2485983222722998 15.606438770890234 2.037368506193161 39.745289981365204 1.4197832643985737 1.6961446553468702 5.312357097864151 3.7509405612945557
leaf_count=297 68 123 17 48 92 60 86 33 18 14 36 36 7 57 29 146 90 23 49 45 20 7 21 101 10 188 9 11 32 20
internal_value=-4.0423e-06 0.00290372 0.00622306 0.00765451 -0.0030048 0.00191308 -0.00483165 0.00943552 -0.00269302 2.67081e-05 0.00527825 0.00829681 0.000260873 -0.00104526 0.0107228 -0.00663798 -0.00326306 0.00483492 -0.00113056 0.0118925 0.0144441 0.000190885 0.00261527 -0.00502669 0.00444258 0.013273 0.00705279 0.00335067 -0.00346364 0.00237248
internal_weight=299.21 151.939 95.3856 85.0192 147.271 39.8699 107.401 73.2953 56.553 39.3313 19.2991 16.4482 28.1108 26.5516 65.1161 79.2906 36.6883 30.2036 12.0012 58.5917 10.5139 6.52444 18.4234 20.0322 4.42574 50.409 10.6637 8.1827 11.724 6.41163
internal_count=1793 865 507 439 928 224 704 370 358 235 110 92 171 164 322 533 236 164 72 286 56 36 107 125 24 242 54 44 69 37
is_linear=0
shrinkage=0.00974396


Tree=42
num_leaves=31
num_cat=0
split_feature=70 18 33 61 43 56 56 58 34 61 61 52 30 51 17 37 30 51 4 54 50 26 58 28 43 61 52 38 58 52
split_gain=23.5068 23.9204 35.7838 17.8837 15.2413 12.0724 9.95078 8.76021 9.92435 8.36533 8.2535 7.85019 11.8726 7.79003 7.91287 8.64128 7.53625 6.92275 10.8177 6.1854 8.72754 6.01914 6.3851 5.92368 5.89184 5.8198 5.80334 5.60762 5.45036 8.18194
threshold=1.0000000180025095e-35 15.925000000000002 -3.2699999999999996 108.54500000000002 71.962083333333354 1.8049995508246177 2.5481827725851773 10.975000000000003 7.7300000000000013 131.46000000000001 87.675000000000011 0.83500000000000008 15.925000000000002 1.4650000000000001 19.710000000000004 79.300000000000026 17.690000000000005 2.7650000000000001 0.32500000000000007 1.635 0.015000000000000001 1.4300000000000002 13.500000000000002 2.8350000000000004 92.514000000000024 112.935 5.080000000000001 80.935000000000016 18.140000000000004 3.6450000000000005
decision_type=2 2 2 2 2 2 2 2 2 2 2 2 2 2 2 2 2 2 2 2 2 2 2 2 2 2 2 2 2 2
left_child=1 2 6 11 25 -2 7 8 17 13 -10 -3 -13 14 15 -5 26 18 -1 -6 -21 22 -8 -20 27 -4 -14 -23 29 -11
right_child=5 3 4 9 19 -7 21 -9 10 28 -12 12 16 -15 -16 -17 -18 -19 23 20 -22 24 -24 -25 -26 -27 -28 -29 -30 -31
leaf_value=0.017959155697596801 -0.011485906692946263 -0.010863826811899019 -0.0070499504054728898 0.031322294982073361 0.012490457917173497 0.010841687321557228 0.012849181138300083 -0.011741660496957797 -0.0074875996958683674 0.013097696378704296 0.014124688769213932 -0.0079024493881390129 0.027014250771570179 -0.0081585484013786298 -4.0168129883973428e-05 0.0076236418063732846 -0.011303256185263228 -0.011889944418769959 -0.0011861708196856814 0.015085841279989879 -0.0011291291144390771 0.010109032084897695 -0.0052992860172152711 0.01490271184100337 0.016731420498672971 0.010093308624092277 0.0016744270758609098 -0.0023829039234862692 -0.0058876574462930122 -0.012307125514558355
leaf_weight=4.0509249567985597 2.504940494894984 36.822556748986244 7.7969189584255201 1.6863257139921248 32.643021374940872 24.135341465473175 2.172901168465617 11.292695909738539 28.82143118977547 3.6503740102052715 1.7434006631374348 12.269615709781649 2.1663706153631206 4.7659474313259116 12.304755747318266 10.137147501111029 1.1399267166852949 3.1043386757373801 18.944540411233906 4.8546327650547019 8.8093712627887708 6.2688576132059115 10.922617986798285 2.4153674095869055 4.0451751351356497 2.433825671672821 1.4321965575218198 7.3827809244394302 26.441414639353752 1.7480812221765516
leaf_count=22 18 269 51 8 152 124 11 79 197 19 9 85 12 29 71 52 8 20 113 22 47 34 67 13 19 12 10 41 169 10
internal_value=-4.2552e-06 -0.00085986 0.00160111 -0.00424802 0.00780763 0.00872428 -0.00186785 -0.00388947 -0.00237992 -0.000620266 -0.00623487 -0.00833534 -0.00284182 0.00317123 0.00542363 0.0111028 0.0101943 0.00175041 0.00343688 0.0101847 0.00464801 0.00274731 -0.00225014 0.000650103 0.00644954 -0.00293727 0.0170857 0.00335605 -0.00406469 0.00481966
internal_weight=298.908 272.268 157.703 114.565 56.5378 26.6403 101.165 70.3727 59.08 60.734 30.5648 53.8307 17.0081 28.8942 24.1282 11.8235 4.73849 28.5152 25.4108 46.307 13.664 30.7923 13.0955 21.3599 17.6968 10.2307 3.59857 13.6516 31.8399 5.39846
internal_count=1793 1651 909 742 284 142 625 453 374 358 206 384 115 160 131 60 30 168 148 221 69 172 78 126 94 63 22 75 198 29
is_linear=0
shrinkage=0.00974396


Tree=43
num_leaves=31
num_cat=0
split_feature=59 67 71 6 15 26 71 41 67 22 51 51 59 55 45 28 38 32 55 59 26 50 32 39 5 28 55 56 5 27
split_gain=29.2934 17.6738 14.3974 28.8392 14.8348 14.5313 14.1607 15.3196 10.1776 9.98878 9.8456 8.45753 7.84414 7.79637 6.71218 6.69766 9.01418 6.66573 6.95739 6.92429 6.82569 6.43589 5.8527 8.35313 5.58845 9.77971 5.47906 6.97846 5.1979 5.1647
threshold=0.31750000000000006 1.0000000180025095e-35 1.0000000180025095e-35 11.360000000000001 12.350000000000001 4.0650000000000004 1.0000000180025095e-35 71.420000000000016 1.0000000180025095e-35 12.460000000000003 0.045000000000000005 1.9550000000000003 0.42250000000000004 1.8991666666666667 45.865000000000009 10.555000000000001 67.420000000000002 3.7296451525359138 1.5095000000000003 0.24750000000000003 4.5250000000000012 0.045000000000000005 4.6783024757523242 60.475000000000009 16.785000000000004 17.415000000000003 2.1565000000000003 3.5024700269681945 2.6600000000000006 7.9800000000000013
decision_type=2 2 2 2 2 2 2 2 2 2 2 2 2 2 2 2 2 2 2 2 2 2 2 2 2 2 2 2 2 2
left_child=6 2 5 4 10 -2 8 -8 13 -3 -4 14 28 -1 -7 16 -10 18 21 -20 -21 -9 23 -16 -11 -26 27 -25 -12 -15
right_child=1 9 3 -5 -6 11 7 17 15 24 12 -13 -14 29 22 -17 -18 -19 19 20 -22 -23 -24 26 25 -27 -28 -29 -30 -31
leaf_value=-0.0097922717250973866 -0.0072879000530355524 -0.011654708594970547 -0.0099777642269911621 -0.0034878073363374617 0.014518128383232914 -0.0079221268424747478 -0.0081664992965375469 -0.0056993817459013536 0.017100917732076545 0.013309517181615688 0.02409329261118457 -0.0067619137047902804 0.0032528334331371656 -0.011907181606649359 0.016914028511864878 -0.0095413595957737091 -0.0019091803290480721 -0.0062132407647211615 0.023930598319025879 0.016328363701087419 -0.012203580601960667 0.010204395689856236 -0.0057389438901179046 0.0017574829680937125 -0.0094572803047764768 0.017353463864537944 -0.0034317998871240506 0.012946491846157791 0.0061694802011360564 0.0096850761753817308
leaf_weight=50.053649753332138 29.937306344509125 1.9516409337520624 4.1209804564714458 31.745596259832382 21.365034624934196 4.758493945002555 10.888928949832918 4.3116802871227318 3.6093979924917203 20.476016983389858 3.2750833630561855 10.407928988337515 21.142814129590988 1.4765092432498921 5.2803612649440756 4.3990384340286246 6.7089311927556992 3.4314411431550971 4.1756276041269293 1.9364631921052935 1.2953768372535703 5.3887604922056198 4.8357831686735144 13.766217052936559 2.9922675192356101 2.2128254622220993 7.6830274164676657 8.607463672757147 2.9726264476776123 3.397553950548172
leaf_count=359 192 13 25 198 100 32 77 26 22 104 16 65 113 9 25 31 44 23 19 10 8 30 24 77 17 12 47 41 16 18
internal_value=-4.33553e-06 0.00217825 0.00100105 0.00384817 0.00825425 -0.00182316 -0.00427034 0.00115467 -0.00671959 0.00940042 0.00399104 0.00113376 0.00610811 -0.00864665 0.00296968 0.000467564 0.00476613 0.00610838 0.00859544 0.0156869 0.00484437 0.00312758 0.00426918 0.00564701 0.0110201 0.0019589 0.00364477 0.00608221 0.0156733 0.0030771
internal_weight=298.605 197.531 169.899 84.6221 52.8765 85.2766 101.073 31.4283 69.6451 27.6328 31.5115 55.3393 27.3905 54.9277 44.9313 14.7174 10.3183 20.5393 17.1079 7.40747 3.23184 9.70044 40.1729 35.3371 25.6811 5.20509 30.0567 22.3737 6.24771 4.87406
internal_count=1793 1117 971 468 270 503 676 193 483 146 170 311 145 386 246 97 66 116 93 37 18 56 214 190 133 29 165 118 32 27
is_linear=0
shrinkage=0.00974396


Tree=44
num_leaves=31
num_cat=0
split_feature=59 20 61 22 27 61 56 18 7 59 51 43 32 32 49 51 49 73 63 61 43 32 0 65 33 50 51 45 61 51
split_gain=28.7887 17.0876 12.3484 11.2936 10.3668 8.54116 8.08581 7.96659 11.5028 8.58366 7.59749 7.02496 6.7263 9.3384 8.33531 7.36258 6.6146 6.48751 11.4092 7.74604 7.74449 8.32964 7.61689 6.14014 16.8971 6.60708 7.20444 6.30822 5.98806 5.98446
threshold=0.31750000000000006 5.6090115256611641 106.98 16.060000000000006 12.345000000000001 116.66000000000004 1.8769336611435963 12.135000000000003 20.481416666666671 0.73250000000000004 0.17500000000000002 89.662166666666693 2.7309738035550337 3.8459861161254705 0.21500000000000002 0.58500000000000008 0.025000000000000005 1.0000000180025095e-35 42.500000000000007 120.30500000000002 74.794500000000014 1.8865706158347146 11.205000000000002 24.500000000000004 -0.56499999999999984 0.29500000000000004 1.0000000180025095e-35 72.350000000000009 134.52000000000004 5.0300000000000002
decision_type=2 2 2 2 2 2 2 2 2 2 2 2 2 2 2 2 2 2 2 2 2 2 2 2 2 2 2 2 2 2
left_child=3 2 7 11 17 23 -3 9 -9 12 28 -1 -2 15 -15 -14 -7 18 19 -4 -19 -22 -23 -5 25 -25 -27 -28 -6 -17
right_child=1 6 4 5 10 16 -8 8 -10 -11 -12 -13 13 14 -16 29 -18 20 -20 -21 21 22 -24 24 -26 26 27 -29 -30 -31
leaf_value=0.018577369497903014 -0.0057984518237698532 -0.0081175181707536185 0.0093645532287321628 -0.0090066311845921673 0.019036126399519675 0.010792146780440761 0.010051925101462965 -0.011700010048716115 0.0056653943124250761 -0.011708924031676523 -0.006845816846595465 -1.0801719297501018e-05 -2.8202251657807544e-05 0.0044833339288713305 -0.010334702998038053 0.01697556047770922 -0.0047779310624051115 -0.0055853671861717793 -0.0079162400555566458 -0.0046920859819312294 -0.011651539736444347 0.0061845141997398344 0.015079306320494461 -0.0094865028464163476 0.01295969749253726 0.010444654454536262 -0.0086274703056495386 0.0085440097196482958 -0.0002842673943824368 -0.0049877006699909614
leaf_weight=2.9448444843292219 9.2947434782981855 2.486842229962348 12.972420334815984 40.068727627396584 2.0849639028310802 5.2216144502162916 29.771744847297668 15.146406903862955 4.7197246402502051 5.3317915499210349 14.89343102276325 5.4336551278829575 5.5329825431108501 8.3167615532875043 6.2965964525938025 8.5383350402116758 5.0609758645296097 4.3876947909593573 9.2676430344581586 5.1733093261718741 1.9449390470981587 31.841142982244492 12.905137494206427 21.282668814063072 5.0633840411901465 3.8097826391458502 9.2877868264913541 2.5574561208486548 5.3453309088945389 1.3383502066135395
leaf_count=14 60 16 64 293 11 28 140 108 27 37 96 32 34 45 42 43 30 27 59 32 13 162 63 150 27 23 65 14 30 8
internal_value=-4.46405e-06 0.00215627 0.000888862 -0.00424338 0.00301924 -0.00522724 0.00863947 -0.00243804 -0.00756508 -0.000149544 -0.00283263 0.00656097 0.00142441 0.00366921 -0.00190284 0.00895339 0.00312683 0.00468574 0.000854805 0.00534859 0.00673712 0.00790138 0.00876317 -0.00627643 -0.00366309 -0.00595602 -0.00113705 -0.00489403 0.00518833 0.0139789
internal_weight=298.321 197.59 165.332 100.731 100.816 92.3524 32.2586 64.5157 19.8661 44.6496 22.3237 8.3785 39.3178 30.023 14.6134 15.4097 10.2826 78.4923 27.4134 18.1457 51.0789 46.6912 44.7463 82.0698 42.0011 36.9377 15.655 11.8452 7.43029 9.87669
internal_count=1793 1117 961 676 557 630 156 404 135 269 137 46 232 172 87 85 58 420 155 96 265 238 225 572 279 252 102 79 41 51
is_linear=0
shrinkage=0.00974396


Tree=45
num_leaves=31
num_cat=0
split_feature=59 20 44 68 20 55 58 53 5 72 39 73 6 7 38 56 55 20 6 29 20 59 22 53 43 6 59 7 41 15
split_gain=28.2898 16.6865 16.1951 14.5948 13.2151 12.111 13.1241 10.6913 10.3748 9.9786 8.73531 8.71237 10.7071 8.6606 8.04753 6.70015 6.44825 6.4667 6.22772 5.90907 5.70445 5.46013 6.1259 5.61729 5.45618 7.8588 8.16562 6.53019 6.02338 7.28169
threshold=0.31750000000000006 5.6090115256611641 6.4905471306943827 1.0000000180025095e-35 4.1095043983309596 1.7830000000000001 10.975000000000003 0.055000000000000007 15.855000000000002 1.0000000180025095e-35 98.660000000000011 1.0000000180025095e-35 19.515000000000004 8.6804166666666696 80.935000000000016 2.8202129931088318 1.8991666666666667 5.5191190948688122 20.750000000000004 2.0900000000000003 3.80103465998087 0.030000000000000006 16.060000000000006 7.8050000000000006 80.925000000000026 15.785000000000002 2.3250000000000006 13.381833333333335 90.170000000000016 7.0700000000000012
decision_type=2 2 2 2 2 2 2 2 2 2 2 2 2 2 2 2 2 2 2 2 2 2 2 2 2 2 2 2 2 2
left_child=2 5 4 7 13 6 9 -3 11 -2 -8 12 14 -1 19 -10 21 20 24 -7 -18 -4 -23 -24 27 28 -27 -13 -26 -30
right_child=1 3 16 -5 -6 8 10 -9 15 -11 -12 18 -14 -15 -16 -17 17 -19 -20 -21 -22 22 23 -25 25 26 -28 -29 29 -31
leaf_value=0.0037684322656862954 0.0025811999869564122 -0.0062232364026387028 -0.0011344939686325217 -0.010140078294551123 -0.0095866433151883552 -0.011638169638574107 -0.0099343104695224071 0.012869780181975286 0.009020678425383611 -0.011814006102783433 0.016085493232783927 0.002203693097973618 0.0091833154898203588 0.020819599555416086 -0.010975016899191108 -0.0036473749160752557 0.0092459551673343583 0.010728424811034322 -0.011696341677025983 0.010973210618841872 -0.01192459316759493 0.010393725273703708 -0.0094174437285818955 0.0043305240248802329 0.011913529050697069 -0.012008500809093537 0.016264830275222887 0.021365476470663648 0.0093075421441188109 -0.0040456228632870907
leaf_weight=8.661901608109476 36.793540790677071 3.0896089822053936 12.525305539369581 3.5068641752004615 4.7363691926002494 1.5170234292745615 21.136160850524906 25.755683168768883 4.6316110491752651 5.1813404560089102 1.2635967433452595 2.4879161268472663 7.5397084206342688 4.1961638629436484 8.6324326395988447 26.122563302516937 1.7154078632593135 4.0803458392620087 1.5441590845584858 3.6844343096017838 3.8461646437644958 1.5982843339443196 56.102628469467163 2.9372712671756736 18.467911839485168 3.7840636223554602 1.2613969743251798 5.3876555413007736 9.1873463839292508 6.644023433327674
leaf_count=48 214 19 83 19 34 10 149 118 23 35 6 13 36 18 55 165 9 22 10 21 25 8 410 19 87 24 6 25 45 37
internal_value=-4.63255e-06 0.0021347 -0.00421602 0.00853038 0.00426277 0.000880278 -0.00241998 0.0108149 0.0029874 0.000792269 -0.00843638 0.0050561 -0.00012569 0.00938726 -0.00521958 -0.00172674 -0.00602025 0.00145403 0.00732827 0.00431803 -0.00535374 -0.00700724 -0.00821675 -0.008729 0.00796189 0.00646305 -0.004847 0.0153675 0.00813397 0.00369918
internal_weight=298.019 197.619 100.4 32.3522 17.5944 165.267 64.3746 28.8453 100.892 41.9749 22.3998 70.1381 21.3736 12.8581 13.8339 30.7542 82.8054 9.64192 48.7645 5.20146 5.56157 73.1635 60.6382 59.0399 47.2203 39.3447 5.04546 7.87557 34.2993 15.8314
internal_count=1793 1117 676 156 100 961 404 137 557 249 155 369 122 66 86 188 576 56 247 31 34 520 437 429 237 199 30 38 169 82
is_linear=0
shrinkage=0.00974396


Tree=46
num_leaves=31
num_cat=0
split_feature=60 70 71 67 66 44 66 33 44 51 67 46 40 20 20 60 20 46 22 66 55 7 3 55 51 4 29 4 66 29
split_gain=25.983 22.7321 23.2741 43.8912 21.1134 18.3059 15.5787 11.108 10.5276 10.0984 10.0871 8.46486 8.1326 7.93582 7.90465 7.08191 6.56393 6.55593 6.51965 7.27466 6.33844 5.53277 5.2333 4.83986 4.80276 4.71765 4.55273 4.22821 5.00745 5.18145
threshold=49.500000000000007 1.0000000180025095e-35 1.0000000180025095e-35 1.0000000180025095e-35 215.50000000000003 7.1100352374162581 124.50000000000001 6.2250000000000005 4.2933670841362863 0.69500000000000006 1.0000000180025095e-35 96.675000000000011 60.860000000000007 3.0270012416644394 5.5191190948688122 40.500000000000007 3.5403916897298688 91.605000000000004 12.460000000000003 190.50000000000003 1.5879166666666671 2.2075 7.9750000000000005 1.4205833333333338 0.015000000000000001 22.745000000000001 12.005000000000001 3.6250000000000004 45.500000000000007 2.3200000000000007
decision_type=2 2 2 2 2 2 2 2 2 2 2 2 2 2 2 2 2 2 2 2 2 2 2 2 2 2 2 2 2 2
left_child=5 2 3 7 6 16 9 -2 26 -4 14 -3 -12 -9 -7 -14 -1 -8 -5 -20 -17 -13 -10 -11 -18 -21 -6 28 -25 -30
right_child=1 11 4 18 8 10 17 13 22 23 12 21 15 -15 -16 20 24 -19 19 25 -22 -23 -24 27 -26 -27 -28 -29 29 -31
leaf_value=0.01782431437623843 -0.0080752447628620206 0.015224032677190157 -0.0026946376436325567 -0.0076925983784898698 0.01594334224600406 -0.0084200714372830079 0.0026605074855202229 0.013510403671996076 0.0063921215228002759 0.02164490143287311 -0.011467430396512516 0.013256030567255413 0.020306003524330395 -0.0032012145464289103 0.0023748414980264954 -0.0066619894460534183 0.014514502063896097 0.015812236635381949 0.012776310036591507 -0.00039759224669028343 0.012833006211695997 -0.0064773267838840977 -0.0074502714850957731 -0.011932511280914647 -0.0082379824826380125 0.017939243186322056 -0.0049144666481204437 0.011950029358303573 0.011683509971246901 -0.0055082457878326057
leaf_weight=4.2534614950418463 61.013834029436111 15.338130787014963 14.413334056735037 2.3942920863628414 3.5610462278127697 61.132715418934822 4.3858570307493236 3.8754730373620978 2.9702655673027065 2.2049741595983532 2.9901125729084006 2.1709881871938697 2.6332649737596494 8.6373929679393751 7.1622002422809592 3.7829608917236328 1.3554864078760149 21.120067119598389 17.415920272469524 8.6852310150861722 2.6646277010440826 3.4245454967021942 18.700542777776718 1.9193175584077851 2.3580276966094971 1.5331083834171284 1.3407294452190397 7.0445893406867972 4.6759994029998779 2.5336299985647202
leaf_count=18 395 71 82 16 18 436 25 19 17 12 22 11 15 54 43 26 7 95 86 52 16 22 121 12 14 8 8 34 25 13
internal_value=-4.7169e-06 0.00186472 0.000792771 -0.00230632 0.00457501 -0.00443586 0.00785515 -0.00636055 -0.00261743 0.00340121 -0.00583425 0.0114886 0.00236283 0.00198941 -0.00728544 0.00695926 0.00961556 0.013563 0.00761201 0.00895128 0.00140271 0.00119352 -0.00553934 0.00818458 9.49924e-05 0.00239664 0.0102185 0.0062958 0.00188758 0.00562705
internal_weight=297.692 209.359 188.426 103.555 84.8704 88.3329 58.2978 73.5267 26.5726 32.7918 80.3659 20.9337 12.071 12.5129 68.2949 9.08085 7.96698 25.5059 30.0286 27.6343 6.44759 5.59553 21.6708 18.3785 3.71351 10.2183 4.90178 16.1735 9.12895 7.20963
internal_count=1793 1196 1092 630 462 597 298 468 164 178 558 104 79 73 479 57 39 120 162 146 42 33 138 96 21 60 26 84 50 38
is_linear=0
shrinkage=0.00974396


Tree=47
num_leaves=31
num_cat=0
split_feature=59 70 67 22 62 66 66 36 62 22 58 3 49 4 62 48 68 38 66 62 67 6 12 22 49 48 49 66 17 59
split_gain=27.3855 19.1616 22.2584 10.8743 10.7401 10.9255 11.4775 12.1081 9.71167 9.39094 9.06258 9.6595 8.38157 9.72995 8.26657 8.66383 7.50654 7.04453 6.74679 16.4434 11.1924 9.899 6.47025 10.9268 6.33231 6.03484 5.93964 5.6698 4.90002 4.89035
threshold=0.31750000000000006 1.0000000180025095e-35 1.0000000180025095e-35 16.060000000000006 1.7867500000000003 192.50000000000003 103.50000000000001 93.430000000000021 1.2754166666666669 12.460000000000003 23.160000000000004 12.285000000000002 1.3050000000000004 -0.39499999999999996 1.9443333333333339 8.7750000000000021 1.0000000180025095e-35 80.545000000000016 164.50000000000003 1.5095000000000003 1.0000000180025095e-35 5.2550000000000008 19.370000000000001 21.610000000000003 0.025000000000000005 0.015000000000000001 0.9850000000000001 62.500000000000007 24.285000000000004 0.38750000000000007
decision_type=2 2 2 2 2 2 2 2 2 2 2 2 2 2 2 2 2 2 2 2 2 2 2 2 2 2 2 2 2 2
left_child=3 2 4 27 8 6 7 -6 16 -4 11 -7 -10 -14 15 18 26 -15 19 20 22 -22 -5 -24 28 -8 -2 -1 -16 -27
right_child=1 -3 9 14 5 10 25 -9 12 -11 -12 -13 13 17 24 -17 -18 -19 -20 -21 21 -23 23 -25 -26 29 -28 -29 -30 -31
leaf_value=0.00022130976342087721 0.010019231396185933 0.011015557581046434 -0.011585134427278015 -0.011733697970500695 -0.0038926140612993089 0.010605620400417575 -0.0067491442894362765 0.010786873785630565 -0.0086217468275654185 0.010584782346337199 -0.0071286926839292967 -0.0020043298490335904 0.019930214181438834 0.0043259179645057169 0.017414524287810824 0.015819573785007129 -0.012569298677452082 -0.0093264540592983801 -0.009194671150633469 0.019432552653706314 -0.0057893772136652973 0.018555320904258932 0.020012188257583278 -0.0067201331987586221 -0.0047170378516565763 0.024234607440379842 -0.0075370605636504735 0.016745693122353383 -0.0021152387279734703 0.010229615342150869
leaf_weight=5.2996654063463193 9.5590491592884046 20.461024165153503 1.9142828881740594 17.063055217266086 16.637275189161304 8.3047099560499209 1.6482383459806467 7.8053822070360175 31.130863949656487 25.984043255448341 17.367322251200676 18.628155499696732 1.9991388767957712 6.8032407760620099 3.398966506123541 1.6258687824010838 2.2574012130498877 7.5002902895212173 44.038407191634178 2.7080640345811835 3.1664595603942862 3.1016202419996262 1.7548615336418132 7.5895086526870728 5.0319131314754486 2.8563912063837078 2.2229792177677146 3.1179448515176773 1.8625567704439161 14.514163404703138
leaf_count=31 48 100 13 122 97 41 9 38 207 133 111 113 10 39 17 9 13 50 328 12 21 18 10 52 30 12 15 15 11 68
internal_value=-4.72976e-06 0.00209588 0.00106272 -0.00416595 -0.000430644 0.00175588 0.00522552 0.000799172 -0.00355348 0.00904548 -0.00164671 0.00188853 -0.00566062 0 -0.00514369 -0.00618865 0.00355275 -0.00282968 -0.00664804 -0.00346852 -0.00539051 0.00627549 -0.00816936 -0.0016263 0.00306429 0.0108947 0.00668257 0.0064043 0.0105109 0.0125872
internal_weight=297.353 197.594 177.133 99.7589 149.235 87.7616 43.4615 24.4427 61.473 27.8983 44.3002 26.9329 47.4335 16.3027 91.3413 81.0478 14.0394 14.3035 79.422 35.3836 32.6755 6.26808 26.4074 9.34437 10.2934 19.0188 11.782 8.41761 5.26152 17.3706
internal_count=1793 1117 1017 676 871 489 224 135 382 146 265 154 306 99 630 572 76 89 563 235 223 39 184 62 58 89 63 46 28 80
is_linear=0
shrinkage=0.00974396


Tree=48
num_leaves=31
num_cat=0
split_feature=59 60 60 72 71 41 45 68 47 65 24 41 32 22 74 68 32 55 59 50 55 60 7 16 34 12 27 51 24 41
split_gain=26.9153 14.7591 17.6596 13.7383 13.5397 14.4387 12.1183 9.64882 11.5197 11.1591 10.35 8.61117 8.27222 8.03987 7.04682 6.5074 6.27782 6.40031 6.38639 6.20789 6.13265 6.51103 5.55008 5.36667 5.33217 5.32856 5.12283 5.06331 4.98224 4.43394
threshold=0.31750000000000006 49.500000000000007 55.500000000000007 1.0000000180025095e-35 1.0000000180025095e-35 71.420000000000016 75.285000000000011 1.0000000180025095e-35 63.670000000000009 5.5000000000000009 3.7250000000000005 97.260000000000005 2.257582844088613 10.380000000000001 1.0000000180025095e-35 1.0000000180025095e-35 3.7296451525359138 1.5095000000000003 0.24750000000000003 0.045000000000000005 1.8991666666666667 40.500000000000007 20.767500000000002 13.425000000000002 12.130000000000001 8.8000000000000025 7.9800000000000013 0.57500000000000007 15.040000000000001 89.705000000000013
decision_type=2 2 2 2 2 2 2 2 2 2 2 2 2 2 2 2 2 2 2 2 2 2 2 2 2 2 2 2 2 2
left_child=4 23 3 7 11 -6 13 9 -9 14 -11 20 -5 -4 22 -8 17 19 -19 -7 21 -1 29 -2 -21 -20 -22 -24 -15 -3
right_child=1 2 6 12 5 16 15 8 -10 10 -12 -13 -14 28 -16 -17 -18 18 25 24 26 -23 27 -25 -26 -27 -28 -29 -30 -31
leaf_value=-0.0016437739875660177 0.003346149379915724 -0.0056848394847090625 0.0058338763605392937 0.013014555391564379 -0.008017007067120073 -0.0056539501406590543 0.0035868939149590281 0.019772326363197597 -0.0051089523105187105 0.0025844574896563464 0.012001641304062016 0.014759278106842433 -0.0099116779341076669 -0.0093161674397465258 0.011116805562278415 -0.011851485017993916 -0.0061081685147106298 0.022946234766913466 0.017625093025988869 0.003107511868732515 -0.011883364999609786 -0.0096243744730439111 0.016802202573112882 -0.0090622682196823869 0.023656998343838841 -0.007092432364510526 0.0084448250522073404 -0.0016220002000013178 0.010663505711601335 0.0097399183657428164
leaf_weight=12.192943438887594 4.2675929516553905 13.002843901515012 4.5664871782064465 1.7948711067438115 10.636014372110369 4.2744109183549934 36.075432494282722 2.0475555360317221 11.515842676162718 14.541849985718725 47.355608224868774 1.713773027062415 8.0472845435142499 22.094189390540127 6.4804133325815192 2.7532454282045355 3.3842056542634955 4.2291684895753852 1.5408221632242205 3.6357646435499191 1.6175080686807621 48.684969842433929 2.8355348557233802 14.252946749329565 1.7750549316406248 1.7018579840660093 4.0260631293058395 2.7584854960441589 1.2157844156026829 2.0072257965803137
leaf_count=81 25 80 24 9 77 26 201 11 67 84 220 9 50 149 31 18 23 19 8 21 10 362 14 100 9 10 21 17 7 10
internal_value=-4.7758e-06 0.00207514 0.00293224 0.00528908 -0.00413977 0.00117581 -0.00103749 0.00634522 -0.00129928 0.00751195 0.00979419 -0.00656969 -0.00568426 -0.00593622 0.00228522 0.00247853 0.00594788 0.00834148 0.0150993 0.0030768 -0.00712911 -0.00803007 -0.000501457 -0.00619519 0.00998878 0.00468082 0.00255607 0.00774397 -0.00825316 -0.00359453
internal_weight=297.026 197.613 179.093 112.388 99.4126 31.1773 66.7051 102.545 13.5634 88.982 61.8975 68.2353 9.84216 27.8765 27.0845 38.8287 20.5413 17.1571 7.47185 9.68523 66.5215 60.8779 20.6041 18.5205 5.41082 3.24268 5.64357 5.59402 23.31 15.0101
internal_count=1793 1117 992 593 676 193 399 534 78 456 304 483 59 180 152 219 116 93 37 56 474 443 121 125 30 18 31 31 156 90
is_linear=0
shrinkage=0.00974396


Tree=49
num_leaves=31
num_cat=0
split_feature=59 70 73 65 25 34 55 34 55 9 32 66 56 17 59 45 45 18 56 42 32 49 25 50 50 37 59 6 6 51
split_gain=26.4537 18.387 23.1107 17.6601 15.1047 11.8979 13.7621 9.49667 9.21669 8.74953 7.08368 6.49141 7.68936 7.38331 6.45951 6.07909 8.04557 7.07632 6.02711 5.95561 7.53446 5.54421 5.52622 5.00664 4.78133 4.67138 4.57177 4.5558 4.51647 4.41471
threshold=0.31750000000000006 1.0000000180025095e-35 1.0000000180025095e-35 5.5000000000000009 3.4350000000000005 12.460000000000003 1.5095000000000003 12.130000000000001 1.8991666666666667 -0.35499999999999993 2.5249274925264857 161.50000000000003 3.2986277905069126 20.145000000000007 0.24750000000000003 75.285000000000011 67.805000000000021 6.580000000000001 5.9337820698960781 77.695000000000007 2.1155569442058315 1.0000000180025095e-35 14.695000000000002 2.4950000000000006 5.660000000000001 94.230000000000004 0.39250000000000007 13.755000000000001 4.6750000000000007 0.44500000000000006
decision_type=2 2 2 2 2 2 2 2 2 2 2 2 2 2 2 2 2 2 2 2 2 2 2 2 2 2 2 2 2 2
left_child=5 2 -2 10 15 6 7 9 -7 -1 18 12 28 -13 -8 16 17 -5 19 22 23 -10 -4 -21 -12 29 -3 -22 -6 -17
right_child=1 26 3 4 11 8 14 -9 21 -11 24 13 -14 -15 -16 25 -18 -19 -20 20 27 -23 -24 -25 -26 -27 -28 -29 -30 -31
leaf_value=0.00025836049478446699 -0.0029242515660882285 -0.0031175621624548559 0.019681055695043578 0.010265342178838389 0.004032391368396426 -0.0088587234822984189 0.021729681698681103 0.011918466785369558 0.014182039592539296 -0.0098058753623685418 -0.011025192413128319 0.016998983788749859 0.011561476185160818 -0.0009564028286827887 0.0014637270286934918 0.0015783157145199179 -0.010612660429678991 -0.0087606674790677574 -0.011572158059190424 0.018891215069019269 0.0080651956238612064 -0.0027343874883073659 0.00017336392403231914 -0.0046803301573223252 0.0046509700649110461 -0.0039411169609157009 0.0122677038428125 -0.011850187642374997 -0.012393786719077813 0.013915024113048409
leaf_weight=18.482887446880337 78.043232709169388 2.0047774165868786 3.4336834847927156 5.3635077029466647 5.1017991900444057 46.499860003590584 3.5284537971019736 3.8378942608833304 2.4514352828264219 14.669553935527803 9.459194064140318 17.362808614969257 12.137512311339377 2.4651781916618338 2.6034390330314636 4.6343870759010297 6.7454015463590613 2.7875050753355026 2.7110420763492575 2.3310315907001482 1.3835462629795072 6.9953600466251373 2.3104611486196518 1.3079676479101179 2.258125275373458 3.408379226922988 18.589014157652855 4.6575266867876053 2.2615084201097488 6.8821592330932617
leaf_count=115 480 12 17 28 28 351 15 21 13 105 62 76 55 14 14 25 44 17 19 11 8 42 14 8 14 20 88 31 13 33
internal_value=-4.80107e-06 0.0020546 0.00103911 0.00416462 0.00686792 -0.00411376 -0.000263626 -0.00251125 -0.0070769 -0.00419714 -0.00209374 0.0108312 0.00680669 0.0147626 0.0132072 0.00162974 -0.00276487 0.00373284 0.00171621 0.00408251 -0.000576374 0.00168064 0.0119086 0.0104228 -0.00798806 0.00602043 0.0107608 -0.00724646 -0.00103257 0.00898289
internal_weight=296.709 197.64 177.046 99.0027 69.1501 99.0689 43.1222 36.9903 55.9467 33.1524 29.8526 39.3288 19.5008 19.828 6.13189 29.8213 14.8964 8.15101 18.1353 15.4242 9.68007 9.4468 5.74414 3.639 11.7173 14.9249 20.5938 6.04107 7.36331 11.5165
internal_count=1793 1117 1017 537 353 676 270 241 406 220 184 186 96 90 29 167 89 45 108 89 58 55 31 19 76 78 100 39 41 58
is_linear=0
shrinkage=0.00974396


Tree=50
num_leaves=31
num_cat=0
split_feature=59 67 44 33 30 55 35 8 55 35 44 73 48 47 7 59 29 66 7 55 66 67 37 53 5 29 16 37 55 53
split_gain=25.9981 15.8785 15.219 12.495 13.509 14.483 12.8726 12.2605 9.69742 9.45942 9.03216 8.77888 8.48157 7.26116 6.69308 6.51858 7.14899 6.33199 6.22193 6.15205 6.08579 8.74253 8.09141 5.77364 5.75132 5.47429 5.96514 5.208 5.16365 4.98556
threshold=0.31750000000000006 1.0000000180025095e-35 6.4905471306943827 -11.759999999999998 5.0650000000000004 1.8090833333333336 2.2600000000000002 3.7917238273044176 2.0204166666666672 4.2475000000000014 4.2933670841362863 1.0000000180025095e-35 0.18500000000000003 81.115000000000023 20.481416666666671 0.40250000000000008 0.49000000000000005 50.500000000000007 16.894666666666669 1.8991666666666667 162.50000000000003 1.0000000180025095e-35 67.875000000000014 0.81500000000000006 19.610000000000003 9.5700000000000021 23.785000000000004 94.52500000000002 2.171250000000001 1.6450000000000002
decision_type=2 2 2 2 2 2 2 2 2 2 2 2 2 2 2 2 2 2 2 2 2 2 2 2 2 2 2 2 2 2
left_child=2 3 7 -2 6 14 11 9 24 12 -10 27 -1 18 -6 16 -13 -3 23 20 21 29 -23 -12 -7 -19 -27 -5 -21 -4
right_child=1 17 19 4 5 8 -8 -9 10 -11 13 15 -14 -15 -16 -17 -18 25 -20 28 -22 22 -24 -25 -26 26 -28 -29 -30 -31
leaf_value=0.015747248320023551 -0.0070052955566793631 -0.0051944154669838196 -0.0084570596338764299 -0.0070644902745580418 -0.011651032344386813 0.010474501952198954 0.0086186295530255187 -0.0094515823802700447 0.0098785291222072136 0.021233351792978573 0.0026090679099962317 0.022340321552351518 -0.003920026942520206 -0.0085463029446546414 0.0029289680658840423 0.001586032804178623 3.9365938964227563e-06 0.013057954716514558 -0.002698890447945097 0.0053064409463392005 -0.0094986073712262364 0.017253552178587761 -0.0050453103736658759 0.023186280566988515 -0.011511721408348278 -0.0089943574044700318 0.0098470786645635626 0.011540730108526432 -0.011600159483070711 0.0014147723873114326
leaf_weight=3.2508968710899371 16.994729116559029 2.7287811785936382 20.821989193558696 13.566282525658606 14.658745780587198 12.250272095203398 38.534922793507576 4.6099793612956992 6.1025482267141333 4.0650354325771323 4.374699234962466 3.3833555728197124 5.6285170167684555 13.471019357442854 3.7197584062814704 19.681861445307732 2.2778463065624237 18.615810215473179 15.97408878803253 7.4486539512872678 38.316993705928326 3.2185207158327094 2.9023730754852295 1.8189815282821653 1.2078061997890461 2.5180446505546561 4.2003599405288696 1.5573991984128941 2.1857902705669403 6.2914444953203192
leaf_count=16 110 17 150 88 107 60 182 34 30 17 25 16 33 87 22 106 13 92 99 41 293 18 20 9 8 14 23 9 15 39
internal_value=-4.84484e-06 0.0020345 -0.0040873 0.000909253 0.00179314 -0.00120958 0.00459057 0.00412853 0.00128397 0.00898807 -0.00103389 0.000747223 0.00330208 -0.00291446 -0.00869318 0.00425378 0.0134346 0.00881914 0.000510823 -0.00586643 -0.00685058 -0.00378647 0.0066929 0.00877592 0.00846536 0.010339 0.0027557 -0.00511634 0.00142748 -0.00616289
internal_weight=296.378 197.637 98.7402 169.574 152.58 73.5779 79.0017 17.5544 55.1994 12.9444 41.7413 40.4667 8.87941 35.6388 18.3785 25.3431 5.6612 28.063 22.1678 81.1858 71.5513 33.2343 6.12089 6.19368 13.4581 25.3342 6.7184 15.1237 9.63444 27.1134
internal_count=1793 1117 676 971 861 447 414 100 318 66 250 232 49 220 129 135 29 146 133 576 520 227 38 34 68 129 37 97 56 189
is_linear=0
shrinkage=0.00974396


Tree=51
num_leaves=31
num_cat=0
split_feature=59 67 60 9 34 62 67 72 66 28 62 22 38 35 48 48 68 62 59 57 38 24 22 39 12 22 68 56 62 29
split_gain=25.5542 15.4948 13.9793 16.8691 11.6084 13.2574 11.3299 9.70807 12.3674 14.8613 9.03389 8.92547 8.37967 8.25252 8.1805 10.141 7.383 7.23742 6.19892 6.15084 8.65246 6.04927 7.13199 6.8834 5.85442 7.15329 5.85206 5.54575 5.33617 5.2325
threshold=0.31750000000000006 1.0000000180025095e-35 49.500000000000007 -7.9599999999999991 12.460000000000003 1.5095000000000003 1.0000000180025095e-35 1.0000000180025095e-35 213.50000000000003 3.6950000000000007 1.8991666666666667 12.460000000000003 67.420000000000002 14.100000000000003 0.10500000000000002 0.055000000000000007 1.0000000180025095e-35 1.8975000000000002 0.24750000000000003 0.015000000000000001 88.155000000000015 10.225000000000001 16.060000000000006 82.970000000000013 19.370000000000001 21.610000000000003 1.0000000180025095e-35 5.7399340615971921 2.171250000000001 9.5700000000000021
decision_type=2 2 2 2 2 2 2 2 2 2 2 2 2 2 2 2 2 2 2 2 2 2 2 2 2 2 2 2 2 2
left_child=4 2 -2 -4 5 6 21 8 9 26 -6 -3 -8 16 15 -9 -11 -18 -7 20 27 22 23 -1 -24 -26 -5 -10 -12 -13
right_child=1 11 3 7 10 18 12 14 19 13 28 29 -14 -15 -16 -17 17 -19 -20 -21 -22 -23 24 -25 25 -27 -28 -29 -30 -31
leaf_value=0.014670382710248991 -0.0076884147694420459 -0.011543724763702721 -0.0074494068693185811 0.0027185589698295659 -0.0087939269569773972 0.021247729595216005 0.023365266209628786 -0.012056599230221288 0.0026294371777019362 0.012644051034348671 0.005664835130879356 0.012730327602904495 0.00081784199925981403 -0.0077360146045846795 -0.012086608370497402 0.013911834156147376 -0.0075520902540829734 0.017359381016333001 0.0014210781167427594 0.016952975559181738 -0.0091117598880358901 0.011639209527637534 -0.011680812524057367 -0.0062444469440786458 0.017002598529973552 -0.0070433260417145207 -0.011747098532564589 -0.011569778967818214 -0.011593168968251879 0.0027250188971901569
leaf_weight=2.6954342871904435 16.223611995577812 1.891193807125094 16.602537527680397 36.003829821944237 45.935335502028465 3.5476250499486914 2.3906688690185538 2.3560606688261014 27.916255787014965 34.881477132439613 7.2778739035129529 19.540345355868343 4.44548599421978 2.3190539777278891 7.0932882875204086 3.4971189051866531 3.5600555986165991 1.562035024166107 2.6056214869022369 1.8024562597274769 10.007368363440035 1.88990157842636 16.467723190784458 3.2535037249326706 1.6014022827148426 4.1076277196407318 2.8271352797746649 2.8415868878364554 2.1771425604820251 6.7270180135965338
leaf_count=13 112 13 108 197 351 15 13 15 159 160 40 96 28 15 46 18 19 8 14 8 67 10 120 20 9 28 19 20 15 37
internal_value=-4.91183e-06 0.00201446 0.00090077 0.00181242 -0.00406186 -0.000259659 -0.0024767 0.00294023 0.00378111 0.00601158 -0.0070094 0.0087034 0.00880593 0.0100037 -0.00507335 0.00342694 0.0110415 9.10887e-05 0.0129321 -0.000469746 -0.0012581 -0.0050584 -0.00619893 0.00324314 -0.00873873 -0.00020919 0.00165176 0.00130099 0.00164739 0.0101804
internal_weight=296.048 197.652 169.494 153.27 98.3953 43.005 36.8517 136.668 123.721 81.1536 55.3904 28.1586 6.83615 42.3226 12.9465 5.85318 40.0036 5.12209 6.15325 42.5677 40.7652 30.0156 28.1257 5.94894 22.1768 5.70903 38.831 30.7578 9.45502 26.2674
internal_count=1793 1117 971 859 676 270 241 751 672 418 406 146 41 202 79 33 187 27 29 254 246 200 190 33 157 37 216 179 55 133
is_linear=0
shrinkage=0.00974396


Tree=52
num_leaves=31
num_cat=0
split_feature=59 70 73 65 67 44 15 8 71 74 66 44 62 36 59 71 59 62 66 39 67 59 0 14 1 39 56 49 56 29
split_gain=25.1162 17.8209 22.1184 16.7492 15.307 14.844 14.3825 11.8907 8.88764 10.3944 8.09754 8.08195 8.04984 10.096 6.86723 6.77112 10.0999 6.00173 6.01263 8.88087 5.69868 8.28292 5.52171 7.89118 5.49582 5.2436 5.09869 5.09714 5.29169 4.61565
threshold=0.31750000000000006 1.0000000180025095e-35 1.0000000180025095e-35 5.5000000000000009 1.0000000180025095e-35 6.4905471306943827 12.350000000000001 3.7917238273044176 1.0000000180025095e-35 1.0000000180025095e-35 151.50000000000003 4.2933670841362863 1.7867500000000003 92.515000000000015 0.93250000000000011 1.0000000180025095e-35 0.52750000000000019 1.8991666666666667 162.50000000000003 65.045000000000016 1.0000000180025095e-35 0.042500000000000003 17.775000000000002 21.185000000000002 5.5750000000000011 98.660000000000011 4.5883832275087171 0.59500000000000008 2.1276083353817654 12.005000000000001
decision_type=2 2 2 2 2 2 2 2 2 2 2 2 2 2 2 2 2 2 2 2 2 2 2 2 2 2 2 2 2 2
left_child=5 2 4 11 8 7 12 10 22 27 -1 29 -5 14 -14 16 -13 18 19 -7 -21 -22 25 -24 -15 -2 -19 -10 -29 -4
right_child=1 -3 3 6 -6 17 -8 -9 9 -11 -12 15 13 24 -16 -17 -18 26 -20 20 21 -23 23 -25 -26 -27 -28 28 -30 -31
leaf_value=0.0030806131291538988 -0.01037178276561484 0.010543832416323621 0.016456560907002 -0.0032704798145367854 0.0055390948731334913 0.0061779730279658942 0.011512617185664967 -0.00939393518070567 -0.010293077665716721 0.01668540247672641 0.019174471671185078 -0.011878149758011622 0.0056077541329251149 0.0093293872797676758 -0.0088926849990721493 -0.007286769652014977 0.012711179826511158 0.0052307725361613738 -0.0094401506953641461 -0.0082752298719125268 0.019933225811557136 -0.0075907258808490556 0.01355571158073232 -0.0055947728491087005 0.026407656530878464 0.010182593872843168 -0.01158860849949288 0.015758696504323016 -0.0025019868143977492 -0.0049449403866482049
leaf_weight=8.3657238483428973 30.300216898322109 20.68849304318428 3.1046984344720867 13.944170422852038 16.136491075158119 6.7728505432605735 31.593808695673943 4.5566939264535895 5.1633578985929507 3.2052776515483847 4.5998075604438773 2.4143421202898052 8.6251278668642062 8.2189760953187925 4.7911915779113761 18.418707281351089 4.4477950483560562 7.4675983488559705 37.836508996784687 22.098798573017124 1.7643791586160649 2.4084106683731079 2.4463095366954795 11.43926717340946 2.3015608340501776 1.1910610049962986 2.1774784624576569 1.9786664396524427 5.9079262316226959 1.3434611707925794
leaf_count=46 204 100 14 87 88 41 146 34 34 17 20 16 45 39 26 122 24 41 293 159 10 17 12 71 10 6 15 11 37 8
internal_value=-5.03664e-06 0.00199452 0.000992336 0.00404219 -0.00289657 -0.00403657 0.00666061 0.00408021 -0.00510929 0.00106447 0.00883892 -0.00207331 0.00260316 0.00602988 0.000409552 -0.00421023 0.00402372 -0.00580542 -0.00678659 -0.00373709 -0.00630322 0.00409073 -0.00732276 -0.00218431 0.0131582 -0.00957914 0.00139025 -0.00279933 0.00211619 0.00997694
internal_weight=295.709 197.661 176.972 99.2038 77.7686 98.0483 69.4748 17.5222 61.6321 16.2552 12.9655 29.729 37.881 23.9369 13.4163 25.2808 6.86214 80.526 70.8809 33.0444 26.2716 4.17279 45.3769 13.8856 10.5205 31.4913 9.64508 13.05 7.88659 4.44816
internal_count=1793 1117 1017 537 480 676 353 100 392 99 66 184 207 120 71 162 40 576 520 227 186 27 293 83 49 210 56 82 48 22
is_linear=0
shrinkage=0.00974396


Tree=53
num_leaves=31
num_cat=0
split_feature=59 70 73 17 67 45 36 71 41 67 71 62 66 6 26 30 21 70 41 39 40 28 0 43 26 26 53 16 17 36
split_gain=24.6876 17.3842 21.6917 15.083 15.0405 14.1712 13.5179 13.0316 13.6428 9.82623 8.7773 7.30869 6.75589 9.33617 6.47854 7.96594 6.47296 6.42561 5.89911 5.78796 5.67691 5.652 5.47933 7.54667 5.46021 8.07914 5.36884 5.28258 5.01815 4.83019
threshold=0.31750000000000006 1.0000000180025095e-35 1.0000000180025095e-35 19.690000000000001 1.0000000180025095e-35 59.180000000000007 80.445000000000007 1.0000000180025095e-35 71.420000000000016 1.0000000180025095e-35 1.0000000180025095e-35 1.8027500000000001 162.50000000000003 4.8700000000000001 -0.97499999999999987 13.395000000000001 -2.7149999999999994 1.0000000180025095e-35 97.430000000000021 86.590000000000018 95.285000000000011 -0.17999999999999997 17.775000000000002 74.587249999999997 13.615000000000002 16.165000000000003 5.0550000000000006 0.9900000000000001 0.46500000000000002 89.295000000000016
decision_type=2 2 2 2 2 2 2 2 2 2 2 2 2 2 2 2 2 2 2 2 2 2 2 2 2 2 2 2 2 2
left_child=7 2 4 5 10 19 -7 9 -9 11 22 18 13 -11 20 16 28 -13 -1 -4 -8 29 27 -24 -23 -26 -14 -2 -16 -12
right_child=1 -3 3 -5 -6 6 14 8 -10 12 21 17 26 -15 15 -17 -18 -19 -20 -21 -22 24 23 -25 25 -27 -28 -29 -30 -31
leaf_value=-0.01042776197130209 0.0052520454011812691 0.010401041461767877 0.015144334414698816 -0.0028502553708373529 0.0054704202196786608 -0.00578045717228626 -0.0083858600074735428 -0.00785960175478757 0.0058343776837695089 -0.0039726966453532851 0.00071256461537283792 -0.0040509605469647662 -0.0098616729993523874 0.017779011785952443 0.012800699676150268 -0.0084191340759514673 0.010527641852902576 0.018225790317877424 0.011667548871300233 -0.0051818704408850514 0.0083422205800301689 -0.0053794727709824295 -0.0060175790717289486 0.011184808743313028 0.022397279863210398 -0.0068045491088099029 0.01304736487893682 -0.010619938032997649 -0.0090268664134767352 0.025771739839386791
leaf_weight=43.92749147862196 2.1033839434385326 20.768279984593391 16.915847465395931 23.30480569601059 16.180114164948463 11.364235639572142 4.9151981100440008 10.372017905116083 20.48188865929842 3.6330990791320783 1.4761749505996733 5.8120524883270255 5.9153671190142632 3.7899105548858643 1.4400409758090926 2.6604153215885153 31.097524985671047 1.5185239911079405 1.1429139077663411 1.4155955314636219 3.1111751943826675 9.8068504035472852 10.782067477703093 3.0797750204801551 1.8707722723484033 1.6666772216558454 1.1227103993296621 29.195862181484699 3.0495259463787079 1.4335018992424009
leaf_count=337 12 100 76 145 88 67 30 77 116 24 9 35 45 21 7 17 150 8 6 9 17 63 68 15 10 10 7 198 19 7
internal_value=-5.07559e-06 0.00197528 0.000983201 0.00399994 -0.0028748 0.00610339 0.00372225 -0.00401103 0.00122284 -0.00642747 -0.00507746 -0.00838874 0.000673854 0.00714931 0.00606154 0.00773106 0.0089496 0.000615567 -0.00985539 0.0135604 -0.00187725 0.00105424 -0.0072862 -0.00216655 -0.00163009 0.00867595 -0.00613939 -0.00954422 -0.00194934 0.0132726
internal_weight=295.354 197.638 176.87 99.2744 77.5952 75.9696 57.6381 97.716 30.8539 66.8621 61.4151 52.401 14.4611 7.42301 46.2739 38.2475 35.5871 7.33058 45.0704 18.3314 8.02637 16.254 45.1611 13.8618 13.3443 3.53745 7.03808 31.2992 4.48957 2.90968
internal_count=1793 1117 1017 537 480 392 307 676 193 483 392 386 97 45 240 193 176 43 343 85 47 99 293 83 83 20 52 210 26 16
is_linear=0
shrinkage=0.00974396


Tree=54
num_leaves=31
num_cat=0
split_feature=45 70 62 39 6 62 29 49 66 8 54 43 8 34 13 51 13 32 36 52 50 54 37 37 36 74 66 52 7 7
split_gain=21.4827 18.4098 13.4453 16.6603 13.6428 10.3837 9.55103 9.35205 12.6325 8.95319 8.0494 7.90273 6.91246 6.46383 5.91705 9.02363 7.60315 5.4385 4.9566 4.90822 4.75432 5.71845 4.46869 4.41271 7.29004 4.30379 4.17073 5.2734 5.10248 5.36419
threshold=42.110000000000007 1.0000000180025095e-35 1.8090833333333336 61.195000000000007 7.6850000000000014 1.1952499999999999 10.830000000000002 0.18500000000000003 137.50000000000003 5.1171795209984241 0.03500000000000001 76.818333333333342 3.5871134596118162 7.7300000000000013 15.370000000000003 0.045000000000000005 17.585000000000004 2.4655244983951294 57.105000000000011 2.0150000000000001 0.33500000000000008 4.785000000000001 82.155000000000015 82.155000000000015 73.090000000000018 1.0000000180025095e-35 138.50000000000003 0.15500000000000003 20.418750000000006 20.705916666666671
decision_type=2 2 2 2 2 2 2 2 2 2 2 2 2 2 2 2 2 2 2 2 2 2 2 2 2 2 2 2 2 2
left_child=-1 2 3 9 7 -3 14 17 13 12 23 -10 -2 20 15 -4 -16 -5 -7 -15 -9 -22 -14 24 -8 -19 27 -6 -28 -30
right_child=1 5 6 4 26 18 10 8 11 -11 -12 -13 22 19 16 -17 -18 25 -20 -21 21 -23 -24 -25 -26 -27 28 -29 29 -31
leaf_value=-0.0096023746924804206 0.0081685434843849093 -0.0052151841863614197 -0.007170824077761255 0.0053346096400845675 0.013581351676871507 0.022144336997399438 0.00026115860391062148 -0.0054401839365830641 0.00011992646924862095 0.010940260023531682 -0.0043754380752540657 0.016653932721564919 -0.011563203808081179 -0.0091329990016577843 0.02005232480402044 0.0046192550956025676 0.0058607446430514821 -0.0083026514814748004 0.0091663009745110453 0.0075434528608352633 0.0070734150488413246 -0.011514627027831374 0.0076596093698471628 -0.0071979512777164143 0.018570599454100164 0.0017955508749157713 -0.010220982874576224 -0.0079990204193115932 0.01286805523864693 -0.011538449996687556
leaf_weight=20.562976770102978 4.5807943195104617 4.3825077265501049 7.2506804764270774 4.1025736778974524 1.8048536479473103 3.3048339933156994 4.3852779865264875 5.7612676769495037 4.4190719276666623 12.764375507831572 25.898539766669273 7.2770700603723526 5.1734445467591286 11.158097729086874 4.6083584576845196 39.771502643823624 16.172628954052925 23.805712796747688 18.795709908008575 1.9328990131616581 13.491030514240261 1.739099636673928 1.4358433932065962 1.9594034403562535 3.8903546184301376 4.7783998772501937 33.870313599705696 2.5413448512554169 1.9276860058307641 1.4739417433738706
leaf_count=160 25 31 44 22 10 14 24 37 27 55 165 34 38 79 21 207 81 163 93 12 74 12 9 12 20 30 254 17 13 10
internal_value=-5.13305e-06 0.000714661 -0.000110053 -0.0020377 -0.00351852 0.00843095 0.00255986 -0.00112341 0.00171675 0.00537423 -0.00148267 0.0104382 -0.000978804 -0.00128066 0.00471571 0.00279428 0.00904443 -0.00510245 0.011147 -0.00664646 0.00206545 0.00491944 -0.00734824 0.00581395 0.0089287 -0.00660993 -0.00802603 0.00097305 -0.00907874 0.00224493
internal_weight=295.021 274.458 247.975 144.038 120.083 26.4831 103.937 78.4652 45.7785 23.9545 36.1336 11.6961 11.1901 34.0824 67.8032 47.0222 20.781 32.6867 22.1005 13.091 20.9914 15.2301 6.60929 10.235 8.27563 28.5841 41.6181 4.3462 37.2719 3.40163
internal_count=1793 1633 1495 921 794 138 574 490 275 127 221 61 72 214 353 251 102 215 107 91 123 86 47 56 44 193 304 27 277 23
is_linear=0
shrinkage=0.00974396


Tree=55
num_leaves=31
num_cat=0
split_feature=59 44 60 60 72 8 36 53 50 68 65 66 35 8 36 55 74 38 59 49 29 55 60 16 16 55 0 66 8 8
split_gain=23.879 14.3357 13.5384 15.965 12.4795 11.413 9.3147 9.36575 9.16644 10.8252 9.23416 9.67217 8.74133 7.97091 7.23766 11.213 6.67302 6.43179 6.99866 6.40739 5.81989 5.80657 8.36735 5.10897 4.93341 4.88226 4.72427 5.59072 4.72426 7.47853
threshold=0.31750000000000006 6.4905471306943827 49.500000000000007 55.500000000000007 1.0000000180025095e-35 3.7917238273044176 86.310000000000016 0.115 9.3850000000000016 1.0000000180025095e-35 5.5000000000000009 125.50000000000001 4.2475000000000014 2.532871029238795 66.77500000000002 1.8445833333333337 1.0000000180025095e-35 96.140000000000015 1.9775000000000003 0.055000000000000007 10.460000000000003 1.8991666666666667 41.500000000000007 13.425000000000002 12.995000000000003 2.171250000000001 10.395000000000001 64.500000000000014 3.6213316595444058 4.2761606864890043
decision_type=2 2 2 2 2 2 2 2 2 2 2 2 2 2 2 2 2 2 2 2 2 2 2 2 2 2 2 2 2 2
left_child=1 5 23 4 8 12 7 -5 9 10 16 24 26 -6 15 -11 19 18 -8 -4 -21 22 -3 -2 -12 -23 27 -1 -19 -30
right_child=2 21 3 6 13 -7 17 -9 -10 14 11 -13 -14 -15 -16 -17 -18 28 -20 20 -22 25 -24 -25 -26 -27 -28 -29 29 -31
leaf_value=0.00060381766863600668 0.0031896907550097693 -0.0019193970993319884 -0.011891191670112919 0.0095949271034405717 0.012714219087340661 -0.0093218017599863961 -0.002567874540327583 -0.0088749116858428088 0.022491908999268964 -0.0053475319550236071 0.0048819048397080195 0.011029497347595594 0.020346003957162375 -0.0098017601455713914 -0.0080805571019813005 0.026692242342686683 0.010412863707198529 0.01346638149616804 0.009198846794457859 -0.0094803574356702499 0.0048238972745126016 0.0050585241727315201 -0.0090781571843075223 -0.0089270486211720963 -0.0087499013235559746 -0.011520067438945578 -0.012555208174786114 0.018780635762927843 -0.011464849412065324 0.013744909596919772
leaf_weight=5.1266776621341723 4.291073456406596 23.326417706906796 3.9694463461637559 2.9929617792367962 1.8008202910423259 4.4868525862693778 28.350830443203449 18.584358304738998 3.0641455352306357 2.5737144351005545 11.947590500116346 45.50872778147459 4.1004459857940665 7.8899841606616974 8.5284826979041082 1.6832851022481916 6.5867789238691321 6.2887861132621747 5.7367930859327307 3.3677481263875988 12.973408445715902 7.5183204710483533 46.618874035775661 13.899174451828001 3.1513330042362204 2.1320010125637054 1.4706531316041944 2.3145001977682114 2.3515166193246841 2.0608430802822113
leaf_count=30 25 162 26 17 9 34 174 124 14 14 66 208 17 50 51 9 31 30 27 21 73 41 358 100 21 15 8 11 17 10
internal_value=-5.17551e-06 -0.0039616 0.00193861 0.00275149 0.00497822 0.00401278 -0.00104018 -0.00629487 0.0059703 0.00545603 0.00667985 0.00878817 0.00863413 -0.00557165 -0.00290494 0.00741417 0.00191881 0.0014916 -0.000575911 -0.000843664 0.00185318 -0.00571744 -0.00669488 -0.00606102 0.00201371 0.00135229 0.0031684 0.00634043 0.00806842 0.000297532
internal_weight=294.697 97.0947 197.602 179.412 113.045 17.4991 66.3661 21.5773 103.355 100.291 87.505 60.6077 13.0123 9.6908 12.7855 4.257 26.8974 44.7888 34.0876 20.3106 16.3412 79.5956 69.9453 18.1902 15.0989 9.65032 8.91183 7.44118 10.7011 4.41236
internal_count=1793 676 1117 992 593 100 399 141 534 520 446 295 66 59 74 23 151 258 201 120 94 576 520 125 87 56 49 41 57 27
is_linear=0
shrinkage=0.00974396


Tree=56
num_leaves=31
num_cat=0
split_feature=59 67 9 71 41 6 71 15 67 55 55 59 36 55 5 48 66 6 5 13 54 41 55 53 66 41 48 36 32 53
split_gain=23.4708 14.36 12.918 12.6922 13.1472 12.2725 22.2155 9.9968 9.75617 9.42453 9.89234 9.30505 8.45833 7.16347 6.74224 6.61745 6.56924 8.95935 6.47052 6.44334 6.89545 6.43381 6.32423 6.03139 5.92486 5.79196 5.77438 5.69124 5.67116 6.04936
threshold=0.31750000000000006 1.0000000180025095e-35 -7.9599999999999991 1.0000000180025095e-35 71.420000000000016 11.360000000000001 1.0000000180025095e-35 12.350000000000001 1.0000000180025095e-35 1.7119166666666668 2.1407500000000002 0.40250000000000008 93.430000000000021 1.8027500000000001 6.6700000000000008 0.18500000000000003 162.50000000000003 4.8700000000000001 21.070000000000004 22.540000000000003 0.17500000000000002 93.335000000000022 2.0545833333333339 6.7650000000000006 50.500000000000007 97.430000000000021 0.47500000000000003 89.295000000000016 3.7296451525359138 3.0550000000000002
decision_type=2 2 2 2 2 2 2 2 2 2 2 2 2 2 2 2 2 2 2 2 2 2 2 2 2 2 2 2 2 2
left_child=3 2 -2 8 -5 6 14 11 13 -7 18 27 -13 25 -4 -12 17 -10 19 20 -11 -16 -14 -18 -3 -1 -17 -8 29 -6
right_child=1 24 5 4 28 9 7 -9 16 10 15 12 22 -15 21 26 23 -19 -20 -21 -22 -23 -24 -25 -26 -27 -28 -29 -30 -31
leaf_value=-0.010368322775568034 -0.00736800440693176 -0.0052422190439691671 -0.0058296677025451984 -0.0077687862384395005 0.010826264897260027 -0.0088033303357788091 0.0063010164720040812 0.013297143812811406 -0.0038788717330013479 -0.011868610372045747 -0.0092298732671701016 -0.0031249442451520538 -0.0069223767925294562 0.00058652799360260817 0.00023084825426880422 0.013971815456679412 -0.009815956746551488 0.017424842346405046 -0.011487891049793272 0.014838250771210494 0.0067326595979935013 0.017323450047707148 0.013393425899480541 0.015498100975547562 0.0097727661130634219 0.011471128910461571 -0.0016652081119413423 0.025023910105934206 -0.0058932484627676534 -0.0036891058681652127
leaf_weight=43.196954816579819 16.390521079301834 2.7280196398496654 18.394611448049545 10.224086053669454 13.839289262890821 13.138424791395662 3.4035888165235546 21.717723876237869 3.6030874997377378 2.3305234760046067 10.616021826863287 13.861786991357805 1.8097205013036708 7.3330175578594199 15.079474762082102 2.4930537343025234 5.9279805123806 3.8263910859823227 1.8501489758491505 6.9609474241733542 9.3468404710292798 2.3932094126939765 6.8535270690917969 1.0132251679897306 25.705608278512955 1.1494637727737416 19.628545463085175 2.8708918690681458 3.2987749055027953 3.3574543446302405
leaf_count=337 108 17 119 77 72 96 18 98 24 15 70 77 11 43 76 14 46 21 13 34 47 11 31 6 129 6 120 13 23 21
internal_value=-5.24192e-06 0.00191992 0.000841211 -0.00393636 0.00123368 0.00172452 0.00414497 0.00830673 -0.0063422 -0.00142475 0.000399111 0.00452662 0.00158746 -0.00831593 -0.00171563 -0.00292058 0.000749971 0.00710842 0.00570537 0.00743856 0.00298327 0.00261138 0.0091233 -0.00603907 0.00832268 -0.00979015 0.000111939 0.0149857 0.00573673 0.00798304
internal_weight=294.343 197.573 169.14 96.7697 30.7196 152.749 86.3845 50.5172 66.0501 66.3645 53.2261 28.7995 22.525 51.6794 35.8673 32.7376 14.3707 7.42948 20.4885 18.6383 11.6774 17.4727 8.66325 6.94121 28.4336 44.3464 22.1216 6.27448 20.4955 17.1967
internal_count=1793 1117 971 676 193 863 454 248 483 409 313 150 119 386 206 204 97 45 109 96 62 87 42 52 146 343 134 31 116 93
is_linear=0
shrinkage=0.00974396


Tree=57
num_leaves=31
num_cat=0
split_feature=73 70 66 26 58 41 55 10 55 41 28 60 60 25 34 54 54 14 66 66 54 18 55 32 58 71 28 32 3 51
split_gain=22.2371 30.796 22.7281 13.2544 15.7468 11.1418 10.3847 9.24466 9.24459 9.69994 8.41885 7.03295 6.84548 7.72371 6.84697 6.73138 6.63649 6.50833 7.68934 6.21805 5.99314 5.23738 5.03278 5.03038 4.96223 11.7862 5.61239 6.94447 4.90685 4.77688
threshold=1.0000000180025095e-35 1.0000000180025095e-35 195.50000000000003 -0.97499999999999987 7.3500000000000005 71.420000000000016 1.6820000000000002 18.960000000000004 2.3309166666666674 65.065000000000012 3.5150000000000001 58.500000000000007 52.500000000000007 14.805000000000001 22.745000000000005 2.1650000000000005 0.68500000000000016 21.185000000000002 273.50000000000006 55.500000000000007 5.535000000000001 27.930000000000003 1.9443333333333339 2.9875733814244643 8.9600000000000026 1.0000000180025095e-35 -3.6999999999999997 3.3905530399697903 18.335000000000004 1.3250000000000004
decision_type=2 2 2 2 2 2 2 2 2 2 2 2 2 2 2 2 2 2 2 2 2 2 2 2 2 2 2 2 2 2
left_child=1 12 3 -2 -5 -6 -4 -3 9 -8 19 -10 14 24 -1 -13 -15 18 -11 -7 -21 -16 -20 -24 25 -14 27 -26 -19 -27
right_child=2 7 6 4 5 10 8 -9 11 17 -12 15 13 16 21 -17 -18 28 22 20 -22 -23 23 -25 26 29 -28 -29 -30 -31
leaf_value=-0.0084363509057844462 -0.0046367168713258803 -0.0020626043544592831 -0.009467256210371677 -0.0054984027730133524 -0.00054407108063515906 -0.0020361538782227044 -0.011822925873356078 0.014011392171856023 -0.0071810874359293769 -0.012008220221709066 0.012908496414571769 -0.006765716085648776 -0.0029690236792854702 0.013651083989490767 -0.0086269319669872238 0.019871574177351702 -0.0040770045560669706 0.026681387776528908 -0.0038974931020909053 0.0097964113398651582 -0.0076895168675331837 0.0076947028725742519 -0.0018061265558229249 0.016985388389592414 0.020283056864920372 0.0040476768651627288 -0.0068029898549426034 -0.0066520500189862775 0.0048069010295380904 0.026845585308141705
leaf_weight=46.719563491642475 11.089264437556265 4.6680380031466511 14.751438915729521 9.0308589637279493 12.032940559089182 7.1457725763320949 2.7136327922344234 12.229529231786726 16.337465047836307 2.2061631530523291 35.08088430762291 1.6092165559530252 19.373539149761204 4.8707715570926648 2.9955090805888167 1.9528704732656477 3.350907638669014 2.5645212829112998 2.4551061466336233 21.725973345339302 1.9993392676115025 4.8091839104890823 1.7916829138994215 5.2567449659109116 1.6636606901884072 1.6659098416566842 36.507374681532383 1.9124312251806257 1.612259194254875 1.8684207051992414
leaf_count=343 66 29 116 62 73 41 18 60 110 14 153 9 121 23 20 9 20 12 17 109 12 30 10 25 8 9 243 13 9 9
internal_value=-5.32467e-06 -0.00276593 0.00259541 0.00537697 0.00665603 0.00806714 -0.00252686 0.00956859 0.000135712 0.0050724 0.00963961 -0.00447306 -0.00442692 -0.00243277 -0.00702563 0.00785721 0.00642447 0.00798742 0.00422061 0.00590968 0.00830768 0.00140272 0.00803377 0.0122063 -0.00359398 1.86706e-05 -0.0056599 0.0059237 0.0183859 0.0162908
internal_weight=293.991 142.635 151.356 98.105 87.0158 77.9849 53.2511 16.8976 38.4997 18.6001 65.952 19.8996 125.737 71.213 54.5243 3.56209 8.22168 15.8865 11.7097 30.8711 23.7253 7.80469 9.50353 7.04843 62.9913 22.9079 40.0835 3.57609 4.17678 3.53433
internal_count=1793 928 865 516 450 388 349 89 233 105 315 128 839 446 393 18 43 87 66 162 121 50 52 35 403 139 264 21 21 18
is_linear=0
shrinkage=0.00974396


Tree=58
num_leaves=31
num_cat=0
split_feature=60 39 44 55 66 72 14 33 12 39 58 58 56 53 49 41 33 5 5 44 42 48 44 26 60 52 7 14 44 58
split_gain=21.7302 20.7791 15.3552 15.0534 15.8658 9.19821 8.35283 8.23084 8.14629 7.34707 6.30846 7.6845 7.00014 6.1933 5.7951 6.14207 5.78914 6.43461 6.33988 5.71844 5.03471 4.56675 4.26825 4.24821 3.89946 3.83917 3.74282 6.92192 3.88549 5.21288
threshold=49.500000000000007 62.800000000000004 7.1100352374162581 1.8090833333333336 251.50000000000003 1.0000000180025095e-35 20.155000000000005 7.1950000000000012 19.795000000000005 98.660000000000011 10.975000000000003 9.990000000000002 3.1563912019780238 1.0000000180025095e-35 1.9300000000000002 72.845000000000013 -11.214999999999998 -0.13499999999999998 21.070000000000004 4.2933670841362863 97.535000000000011 0.025000000000000005 10.205260949441634 9.2550000000000008 54.500000000000007 0.57000000000000017 4.8341666666666683 10.495000000000003 11.538726272822965 9.1100000000000012
decision_type=2 2 2 2 2 2 2 2 2 2 2 2 2 2 2 2 2 2 2 2 2 2 2 2 2 2 2 2 2 2
left_child=2 -2 13 4 5 10 8 16 26 -6 11 14 -12 -1 15 -3 -5 -18 21 -9 -17 24 23 -10 -19 -21 -4 -28 29 -29
right_child=1 3 6 7 9 -7 -8 19 22 -11 12 -13 -14 -15 -16 20 17 18 -20 25 -22 -23 -24 -25 -26 -27 27 28 -30 -31
leaf_value=-0.0015414665535323944 0.0099118199135937567 -0.0091715292882850203 -0.011460107653110001 -0.0068722844168589226 -0.010566430020761124 -0.011705830599115294 -0.0097402939997806824 0.0098896355876293331 0.0041981796807662114 0.011716729760343679 -0.0081830316157467577 0.017553807132103763 0.012324064105522163 0.015758807207260923 -0.0049390013359917042 0.0057586017270017742 -0.012022003599149509 0.0035655389575861706 -0.0066151793809030787 -0.011746112953430849 -0.011576659206816211 0.0074574184432732032 0.016927682599029551 -0.011240535030744875 -0.012101537510536853 -0.0014410392921727813 0.012134713267854091 -0.011376622787661592 -0.011526442394584805 4.1489416003797737e-05
leaf_weight=3.3158975094556791 25.549034208059311 3.2126392275094977 7.6599441468715659 3.8536532372236243 22.14315698295832 5.653521165251731 28.001092821359634 2.8795655071735409 8.7670501098036713 1.4642017930746067 10.242273434996603 3.1095254123210898 1.8289087712764729 4.7179194390773773 9.523898169398306 30.919256657361984 1.9351096898317326 5.7959749102592459 3.6477672904729834 5.2149871438741675 1.6380421817302693 57.937780350446701 1.9071521162986762 2.0556850731372842 1.9960247278213499 10.043278530240057 2.3406710475683239 5.1184521839022699 6.8326016068458548 14.311347760260103
leaf_count=19 116 20 59 26 175 40 219 15 54 7 70 16 9 20 62 166 12 31 24 36 11 283 10 16 12 65 14 40 52 94
internal_value=-5.41782e-06 0.00168659 -0.00415663 0.000536002 -0.00231204 0.000135428 -0.00549588 0.00327631 -0.00306186 -0.00916256 0.0012511 0.00282457 -0.0050369 0.00862842 0.00179687 0.00359719 0.00469815 0.00532848 0.0058205 -0.00260652 0.00487018 0.00651596 0.00363058 0.00122528 -0.000470197 -0.00499164 -0.00541603 -0.00378008 -0.00521864 -0.00297597
internal_weight=293.616 208.589 85.0278 183.04 89.7354 66.1281 76.994 93.3041 48.9929 23.6074 60.4745 48.4034 12.0712 8.03382 45.2938 35.7699 75.1663 71.3127 69.3775 18.1378 32.5573 65.7298 12.7299 10.8227 7.792 15.2583 36.263 28.6031 26.2624 19.4298
internal_count=1793 1196 597 1080 576 394 558 504 339 182 354 275 79 39 259 197 388 362 350 116 177 326 80 70 43 101 259 200 186 134
is_linear=0
shrinkage=0.00974396


Tree=59
num_leaves=31
num_cat=0
split_feature=70 71 33 41 24 55 39 46 55 22 8 21 53 51 63 24 46 51 55 55 39 52 52 0 72 33 20 24 8 20
split_gain=19.1976 28.2023 28.5475 11.8355 14.4106 9.79465 9.73106 10.7037 9.08397 6.8157 7.66446 6.46794 6.20424 5.39171 5.05147 11.8785 4.79567 5.20089 4.75334 4.94016 4.74243 5.44571 5.43017 4.7201 4.63963 4.41879 4.41021 4.19297 5.77845 4.22911
threshold=1.0000000180025095e-35 1.0000000180025095e-35 3.3350000000000004 70.000000000000014 2.0950000000000002 1.9823333333333337 61.195000000000007 83.230000000000018 1.1952499999999999 20.250000000000004 3.205321584171037 1.4600000000000002 2.3500000000000001 1.175 5.5000000000000009 15.755000000000001 93.715000000000018 3.0850000000000004 2.1495000000000002 2.111333333333334 97.675000000000011 0.68500000000000016 0.115 1.9300000000000002 1.0000000180025095e-35 -4.7649999999999997 3.0692651896155754 0.40000000000000008 3.1062619146614785 2.716638241499775
decision_type=2 2 2 2 2 2 2 2 2 2 2 2 2 2 2 2 2 2 2 2 2 2 2 2 2 2 2 2 2 2
left_child=1 5 3 -3 11 6 7 -1 -2 10 -6 12 13 27 -4 16 17 -16 19 26 21 25 -22 -14 -20 -8 -7 28 29 -5
right_child=8 2 14 4 9 18 20 -9 -10 -11 -12 -13 23 -15 15 -17 -18 -19 24 -21 22 -23 -24 -25 -26 -27 -28 -29 -30 -31
leaf_value=-0.011288978824005359 -0.005100657173421415 -0.0062669282160083524 -0.010560399303692519 0.0062685535886807106 0.0087847594440329767 0.010464165572081725 -0.0036138629388099996 0.0042457092900051929 0.010253969766550148 0.013466628904347754 -0.0070908586263716848 -0.0068084058861211799 0.0072476997813856418 0.014674505618538329 -0.0047318254323010902 0.016003156425131202 -0.010655118208324477 0.0089438024092357016 0.00065612875973788867 0.019670578249359767 0.015892579619983499 -0.0035874101806638121 -0.0070939994798298427 -0.012323018257893786 -0.011808539719000069 -0.0099700972093659107 -0.0017890354556084822 -0.011829865617535835 0.015519561570995636 -0.011843776503053067
leaf_weight=5.4015264734625843 4.320425599813464 6.8264425843954077 9.6831067055463773 2.985762178897863 15.762035772204401 4.6518195718526858 13.741466566920279 18.602323800325394 22.793399170041084 27.746636152267456 3.4942096620798102 6.7173613905906668 1.7969028800725926 5.7495465055108061 10.235338822007185 2.9383764117956153 8.132513798773287 3.5136996209621421 12.692852571606638 2.0057678520679465 1.9087219238281243 35.050895161926746 1.9162480011582372 3.1871546655893326 3.6061884909868231 44.16159687936306 6.826528862118721 1.529757872223853 3.2756495922803879 2.0171391516923904
leaf_count=44 31 47 73 16 77 22 91 98 111 131 21 40 9 29 67 16 56 20 78 10 9 235 12 19 24 330 37 10 17 13
internal_value=-5.63003e-06 -0.000802158 0.00281671 0.00597529 0.00710496 -0.00358127 -0.00481532 0.000732506 0.00779893 0.0103722 0.00588919 0.00146014 0.00417771 0.00720836 -0.00460128 -0.00225886 -0.00474019 -0.0012128 0.00141875 0.00569325 -0.0061924 -0.00663068 0.0043865 -0.0052403 -0.00211465 -0.00846717 0.00318361 0.00277958 0.00553573 -0.00104264
internal_weight=293.271 266.158 115.592 81.0886 74.2622 150.566 120.783 24.0039 27.1138 47.0029 19.2562 27.2593 20.5419 15.5579 34.503 24.8199 21.8816 13.749 29.7832 13.4841 96.7789 92.954 3.82497 4.98406 16.299 57.9031 11.4783 9.80831 8.27855 5.0029
internal_count=1793 1651 661 429 382 990 819 142 142 229 98 153 113 85 232 159 143 87 171 69 677 656 21 28 102 421 59 56 46 29
is_linear=0
shrinkage=0.00974396


Tree=60
num_leaves=31
num_cat=0
split_feature=70 71 18 66 51 55 55 32 68 13 74 44 21 51 13 51 5 34 34 5 50 17 55 55 32 23 18 25 44 47
split_gain=18.7845 27.7054 27.771 11.5496 10.527 9.65004 8.86539 8.24152 10.7072 8.10478 7.39849 7.35865 7.10853 7.45489 9.00572 5.70795 5.09014 5.08337 6.90622 5.88058 5.89494 4.75352 4.65428 4.78982 5.47071 4.54945 4.39115 4.0604 4.8367 4.15233
threshold=1.0000000180025095e-35 1.0000000180025095e-35 15.925000000000002 158.50000000000003 0.65500000000000014 1.9823333333333337 1.1952499999999999 4.625963680154384 1.0000000180025095e-35 6.955000000000001 1.0000000180025095e-35 4.2933670841362863 -2.7149999999999994 3.0850000000000004 16.930000000000003 0.20500000000000004 14.100000000000001 22.745000000000005 12.460000000000003 6.6700000000000008 0.97500000000000009 19.260000000000002 2.1495000000000002 2.111333333333334 2.3930813340229617 25.552500000000002 34.45000000000001 1.3100000000000003 9.8498825182179157 71.430000000000007
decision_type=2 2 2 2 2 2 2 2 2 2 2 2 2 2 2 2 2 2 2 2 2 2 2 2 2 2 2 2 2 2
left_child=1 5 3 4 15 7 -2 17 9 -9 11 21 -6 14 -14 -3 -5 18 19 -1 -21 -4 23 24 -7 -19 -13 -8 -29 -30
right_child=6 2 10 16 12 22 27 8 -10 -11 -12 26 13 -15 -16 -17 -18 25 -20 20 -22 -23 -24 -25 -26 -27 -28 28 29 -31
leaf_value=-0.0063110527366988071 -0.0050678931496187457 0.0020828540890312978 -0.0028485101261177311 0.016012633828406338 -0.005718336134092809 0.011635544578431309 -0.00026256016057852927 -0.011352245178192017 -0.012475756055158131 0.0076302345005390196 0.014606975396732612 -0.0061452970388168422 0.017445877908447635 0.0041623899591742659 -0.0065302547253562543 -0.0090953133771036147 0.00348139984829765 -0.0063535130737675553 -0.0096551038334869166 -0.0039500717095989285 0.0084859546965339074 0.018459170932768158 -0.0020971271970522411 0.019329267181225292 -0.0021385316386605918 0.0086591704752842138 0.013232423288330233 0.013883962275202753 0.0098001242394240313 -0.01220897556630297
leaf_weight=37.871250785887241 4.3062986135482815 19.030713811516765 1.8541212230920785 14.041057303547861 3.0885969549417522 4.4030439108610171 3.0725954771041897 2.50091374665499 4.4176989793777457 13.376045443117617 2.0383836552500716 36.572561599314213 12.506964579224588 12.049847215414045 1.6595579013228405 5.5752393156290045 4.0054793134331694 3.5319093093276015 39.411069415509701 9.3072028681635839 5.8655950203537932 2.0623397380113602 16.277089670300484 2.021877944469451 7.0863310098648071 4.0945036262273788 1.1067988872528065 16.495737209916118 1.9860394001007073 1.3227765858173368
leaf_count=262 31 107 10 61 20 20 17 19 27 63 11 254 58 58 10 33 22 24 305 60 34 10 102 10 39 25 7 76 10 8
internal_value=-5.76486e-06 -0.000795733 0.00278903 0.00650751 0.00424001 -0.00355602 0.00770304 -0.00478473 0.00087026 0.00461241 -0.00334054 -0.00423548 0.00818184 0.00983014 0.0146183 -0.000454703 0.0132513 -0.00593263 -0.00656345 -0.00425879 0.000858188 0.00840805 0.00140476 0.00562707 0.00314966 0.00169282 -0.00556012 0.0101169 0.0117312 0.000925059
internal_weight=292.94 265.756 115.592 71.9575 53.9109 150.165 27.1834 120.376 20.2947 15.877 43.6342 41.5958 29.305 26.2164 14.1665 24.606 18.0465 100.082 92.4551 53.044 15.1728 3.91646 29.7883 13.5113 11.4894 7.62641 37.6794 22.8771 19.8046 3.30882
internal_count=1793 1651 661 369 286 990 142 819 109 82 292 281 146 126 68 140 83 710 661 356 94 20 171 69 59 49 261 111 94 18
is_linear=0
shrinkage=0.00974396


Tree=61
num_leaves=31
num_cat=0
split_feature=60 46 34 44 6 67 68 67 36 53 60 20 40 44 17 53 61 10 37 22 53 9 26 50 27 15 54 61 54 48
split_gain=20.7956 15.4914 24.8979 14.7186 10.3294 9.41608 9.35879 9.08393 8.39574 8.42946 8.04896 7.43479 7.3795 7.04778 8.97985 8.17784 7.274 6.76963 7.58588 6.19059 5.9367 5.58117 5.60434 5.22737 5.17694 5.10295 6.41677 4.96857 4.95948 4.7975
threshold=49.500000000000007 96.675000000000011 9.1450000000000014 7.1100352374162581 10.125000000000002 1.0000000180025095e-35 1.0000000180025095e-35 1.0000000180025095e-35 92.515000000000015 0.27500000000000008 59.500000000000007 5.5191190948688122 60.860000000000007 6.7917930900942851 26.855000000000004 0.14500000000000005 166.68000000000004 14.295000000000002 80.870000000000019 19.275000000000002 1.0000000180025095e-35 -0.39499999999999996 2.0950000000000002 0.18500000000000003 7.9800000000000013 26.815000000000005 0.39500000000000007 95.105000000000004 0.26500000000000007 0.095000000000000015
decision_type=2 2 2 2 2 2 2 2 2 2 2 2 2 2 2 2 2 2 2 2 2 2 2 2 2 2 2 2 2 2
left_child=3 4 7 20 6 11 17 8 21 -10 -4 -5 -7 15 16 -6 -15 -2 25 -14 28 -3 -23 -11 -13 26 -19 -9 -1 -21
right_child=1 2 10 5 13 12 -8 27 9 23 -12 24 19 14 -16 -17 -18 18 -20 29 -22 22 -24 -25 -26 -27 -28 -29 -30 -31
leaf_value=-0.01222391782500208 -0.0021948129364945199 -0.0033089133713495394 -0.010423790098245843 -0.008047803590094162 0.0072415857465018916 -0.011270619715607281 -0.0061796917868875431 0.0062233362021235153 -0.0060817997797217912 -0.0013129780446234087 0.010093620302474805 -0.0081358703265821692 -0.011233398370497607 0.006562152893803159 -0.0053663090354531149 -0.0076077170966469118 -0.011794071908548467 0.0085809953049965672 0.016916280797477406 0.017364878540816579 0.015369623780562428 -0.0026394262814802769 0.021161030986610402 0.012378615625485435 0.0089803991711564241 0.011536673334280432 -0.0046069955755073362 0.022193641801272188 0.011474946528924624 0.0018033789280718247
leaf_weight=1.8283604085445389 4.7513840645551673 34.511819303035736 25.968810416758064 57.291651204228401 4.7522601112723377 2.7665236219763747 4.3316346704959861 6.0659819990396482 4.3568611443042782 3.4009754508733741 1.9161243438720692 2.6532960310578337 1.4746963530778865 36.246801368892193 8.7932481095194799 13.230562843382357 2.1339683383703223 8.728951573371889 11.107763409614561 4.1503424793481827 4.734760507941246 1.856831327080726 1.8315605819225309 11.558504432439802 4.4090674594044685 14.310524836182593 5.789707511663436 2.6775503605604172 1.4832315891981123 3.4683512076735497
leaf_count=11 30 209 201 436 28 22 24 34 25 20 9 18 11 189 58 89 14 40 47 23 20 10 8 56 25 60 32 13 8 23
internal_value=-5.80575e-06 0.00164589 -0.00127905 -0.00408982 0.0040584 -0.00541472 0.00743628 0.00197059 0.000558591 0.00578937 -0.00899769 -0.00688497 0.00254894 0.00151231 0.0034917 -0.00366955 0.00552771 0.00876301 0.0100707 0.00679634 0.00841059 -0.00208615 0.00923897 0.00926186 0.00252289 0.00741018 0.00331483 0.0112024 -0.00156161 0.0103408
internal_weight=292.582 208.322 94.145 84.2603 114.177 76.2139 49.02 66.2601 57.5166 19.3163 27.8849 64.354 11.8599 65.1568 47.174 17.9828 38.3808 44.6883 39.9369 9.09339 8.04635 38.2002 3.68839 14.9595 7.06236 28.8292 14.5187 8.74353 3.31159 7.61869
internal_count=1793 1196 585 597 611 558 233 375 328 101 210 479 79 378 261 117 203 209 179 57 39 227 18 76 43 132 72 47 19 46
is_linear=0
shrinkage=0.00974396


Tree=62
num_leaves=31
num_cat=0
split_feature=59 67 44 60 26 5 20 73 22 35 48 45 26 51 18 69 11 68 35 73 59 54 44 20 34 29 16 5 15 59
split_gain=21.41 13.7484 13.2388 12.2312 11.42 11.1409 10.5755 10.4156 8.08706 7.75447 7.60165 5.81953 15.2277 7.27103 5.2443 6.17908 5.48269 11.8468 13.9991 6.2528 7.64785 7.63584 5.70942 5.0431 6.4702 4.7298 5.80631 4.71521 4.57374 6.67623
threshold=0.31750000000000006 1.0000000180025095e-35 6.4905471306943827 49.500000000000007 3.7300000000000009 21.070000000000004 4.1095043983309596 1.0000000180025095e-35 12.460000000000003 4.2475000000000014 0.18500000000000003 63.665000000000006 9.1050000000000022 0.095000000000000015 26.870000000000001 1.0000000180025095e-35 17.0825 1.0000000180025095e-35 11.582500000000001 1.0000000180025095e-35 0.44750000000000006 1.1000000000000003 4.2933670841362863 3.0798601520024915 6.9750000000000005 9.5700000000000021 24.370000000000001 18.225000000000005 12.620000000000001 0.96750000000000014
decision_type=2 2 2 2 2 2 2 2 2 2 2 2 2 2 2 2 2 2 2 2 2 2 2 2 2 2 2 2 2 2
left_child=2 3 6 -2 7 14 9 -5 -3 10 -1 12 13 -4 15 16 17 18 19 21 -21 -6 -20 24 -9 -10 -27 -16 29 -25
right_child=1 8 11 4 5 -7 -8 23 25 -11 -12 -13 -14 -15 27 -17 -18 -19 22 20 -22 -23 -24 28 -26 26 -28 -29 -30 -31
leaf_value=0.014663810439500491 -0.0074391723942361081 -0.011461040747879106 0.0064681159066515802 -0.0071757668584771263 -0.0046012396424559053 -0.0067568405829745212 -0.0092123125112223651 0.0028319258345861137 0.011831329417050201 0.019219933725917647 -0.0038497404037394793 -0.0095425309837379613 -0.0087021406327190548 -0.0038990082014365196 -0.011659544590411519 -0.01217391696624523 0.011287525310482714 -0.0081074978346308228 0.010671775080911142 0.016349851059316137 0.0067348262480543021 0.0084374218831198087 -0.0074880568173484006 -0.01066055197872944 0.022536653064539534 -0.0071795975570342853 0.010768735900857401 0.0045334786491928935 0.0093589961895784324 0.0088836080801695319
leaf_weight=3.328642815351488 15.614116832613943 1.8448621630668665 13.821755938231947 21.965371586382389 7.0471644923090961 9.0162668079137784 4.3557583391666403 17.883909434080131 19.925813809037212 4.139138162136077 5.5771302729845047 23.783729992806911 28.093874491751194 11.923574365675448 3.4150250181555739 1.8527241498231877 13.622004821896551 6.3664067760109893 1.9714307188987721 12.783856540918348 20.729023858904839 10.659058749675749 8.9678341671824437 7.4769029319286329 1.703935682773589 3.1716767102479926 3.6232499033212662 3.3336473852396011 2.112006962299346 2.0918353646993637
leaf_count=16 112 13 85 150 41 59 34 94 96 17 33 186 223 82 24 11 67 37 10 55 97 54 62 50 7 17 20 19 11 11
internal_value=-5.85785e-06 0.00182466 -0.00380482 0.000764015 0.00160364 0.00354825 0.00386625 -0.00203824 0.00807157 0.0082569 0.0030881 -0.00552712 -0.00374552 0.00166309 0.00457588 0.00524051 0.0056402 0.00451015 0.00580864 0.00794565 0.0104206 0.00324201 -0.00417845 0.00157092 0.00459232 0.00943909 0.00237883 -0.00366097 -0.00348334 -0.00635667
internal_weight=292.202 197.178 95.0236 168.613 152.998 99.7644 17.4007 53.234 28.5656 13.0449 8.90577 77.6229 53.8392 25.7453 90.7482 83.9995 82.1468 68.5248 62.1584 51.2191 33.5129 17.7062 10.9393 31.2686 19.5878 26.7207 6.79493 6.74867 11.6807 9.56874
internal_count=1793 1117 676 971 859 536 100 323 146 66 49 576 390 167 477 434 423 356 319 247 152 95 72 173 101 133 37 43 72 61
is_linear=0
shrinkage=0.00974396


Tree=63
num_leaves=31
num_cat=0
split_feature=59 70 73 17 44 45 8 55 66 38 38 33 23 38 45 26 66 56 44 38 52 33 28 43 23 12 41 12 60 41
split_gain=21.0456 14.9722 19.3489 13.1047 13.0342 12.5647 10.2367 9.7339 6.83511 6.49014 6.18994 6.06934 6.40539 6.04524 5.77913 15.045 5.66495 5.58223 5.27096 5.24579 5.239 5.08486 5.38608 5.07145 4.74604 4.78125 4.49816 4.69936 4.23053 4.16544
threshold=0.31750000000000006 1.0000000180025095e-35 1.0000000180025095e-35 19.690000000000001 6.4905471306943827 59.180000000000007 3.7917238273044176 1.7867500000000003 151.50000000000003 81.435000000000016 97.040000000000006 4.6500000000000012 20.075000000000003 69.645000000000024 63.665000000000006 9.1050000000000022 124.50000000000001 1.8049995508246177 5.1431831947068032 76.420000000000016 0.38500000000000006 10.395000000000001 7.2100000000000017 89.953083333333353 2.8250000000000006 16.055000000000003 71.015000000000015 19.310000000000006 50.500000000000007 92.02000000000001
decision_type=2 2 2 2 2 2 2 2 2 2 2 2 2 2 2 2 2 2 2 2 2 2 2 2 2 2 2 2 2 2
left_child=4 2 9 5 6 28 8 24 -1 13 26 16 -13 -2 15 17 20 -6 -12 -19 -9 22 -5 -22 -7 -26 27 -11 -4 -25
right_child=1 -3 3 21 14 7 -8 11 -10 10 18 12 -14 -15 -16 -17 -18 19 -20 -21 23 -23 -24 29 25 -27 -28 -29 -30 -31
leaf_value=0.0028271309110359873 -0.0046191034873179528 0.0095481871029463733 0.0069284244189952932 0.007881917934165053 -0.0048419422538337571 0.0071193179962989583 -0.0091374879670607211 -0.0039933324920247539 0.017528358850119826 0.013738620664646992 0.012365783586779035 -0.011720724068823973 0.0071691669773615158 0.0027452292855516857 -0.009511902678068505 -0.0086701864967239518 0.012267820559518462 0.009951413509478084 -0.011314627338471835 -0.00074638035380924226 -0.0053508404115309664 0.014931739487832699 -0.0059237079048418415 0.017512965772149277 -0.0089952779864128952 0.0059217155344797601 -0.0089235323151003795 -0.01108100386703331 0.016476140541770844 0.0057584154182439224
leaf_weight=8.4108365774154681 18.114276356995106 21.141518041491508 7.5729214474558857 3.0979039669036927 8.4217186123132723 3.3283280432224265 4.3028586059808722 5.3910768181085613 4.671547755599021 1.7571626156568556 2.858077645301818 3.4926449954509726 3.2535229027271271 25.336022287607193 23.628698356449604 27.923631727695465 14.022208854556082 8.9994636327028292 1.251328147947788 8.3455871120095235 2.5764128118753424 1.4103364646434773 18.453805901110172 4.1948235630989066 9.8324403464794141 2.5327277332544318 26.086811259388924 1.1749690771102903 11.013995468616484 9.2168945223093015
leaf_count=46 111 100 38 16 60 18 34 29 20 9 14 24 17 147 186 223 61 53 9 54 14 9 120 19 66 14 181 9 47 45
internal_value=-5.94917e-06 0.00180738 0.000874813 0.0037109 -0.00378065 0.00565018 0.00383214 0.00340323 0.00812158 -0.00280444 -0.00605071 0.00584203 -0.00260244 -0.000323331 -0.00549507 -0.00371951 0.00745588 0.00164542 0.00508709 0.0048063 0.0042779 -0.002737 -0.00392308 0.00707769 -0.00313678 -0.00592089 -0.00763687 0.00373548 0.0126147 0.009483
internal_weight=291.815 197.11 175.969 99.39 94.7043 76.428 17.3852 57.8411 13.0824 76.5786 33.1283 42.1476 6.74617 43.4503 77.3191 53.6904 35.4014 25.7668 4.10941 17.3451 21.3792 22.962 21.5517 15.9881 15.6935 12.3652 29.0189 2.93213 18.5869 13.4117
internal_count=1793 1117 1017 537 676 392 100 307 66 480 222 209 41 258 576 390 168 167 23 107 107 145 136 78 98 80 199 18 85 64
is_linear=0
shrinkage=0.00974396


Tree=64
num_leaves=31
num_cat=0
split_feature=60 70 71 67 18 21 21 33 7 33 33 67 26 17 55 48 55 48 13 24 38 5 18 16 12 2 26 41 38 41
split_gain=19.8974 17.4362 18.5351 36.8213 16.4444 12.3332 10.9083 10.7533 11.4463 9.89189 8.76879 8.23185 7.34485 8.1507 6.77041 6.73211 6.39909 6.0673 6.04963 6.01831 5.64251 5.62744 5.22033 5.585 5.16611 5.44489 5.03185 4.75115 4.58829 7.19809
threshold=49.500000000000007 1.0000000180025095e-35 1.0000000180025095e-35 1.0000000180025095e-35 19.630000000000006 11.585000000000003 -2.7149999999999994 -3.6249999999999996 12.721166666666671 6.2250000000000005 -4.3149999999999986 1.0000000180025095e-35 -0.92999999999999983 26.055000000000003 2.5441666666666669 0.065000000000000016 0.98416666666666686 3.02 22.105000000000004 -0.97499999999999987 87.90000000000002 5.4800000000000013 17.275000000000002 24.370000000000001 7.6350000000000007 -0.42499999999999993 9.4100000000000019 94.735000000000014 97.570000000000007 95.045000000000016
decision_type=2 2 2 2 2 2 2 2 2 2 2 2 2 2 2 2 2 2 2 2 2 2 2 2 2 2 2 2 2 2
left_child=5 2 3 9 6 7 21 10 18 28 11 -1 16 14 20 -11 -8 -16 -9 -3 27 -4 24 -24 25 -5 -10 -14 -2 -30
right_child=1 19 4 22 -6 -7 12 8 26 15 -12 -13 13 -15 17 -17 -18 -19 -20 -21 -22 -23 23 -25 -26 -27 -28 -29 29 -31
leaf_value=-0.0044974983608948469 -0.0084787075932408196 -0.0068131580589930124 -0.0088337684932996308 0.015100654530804487 -0.0038992797154356355 -0.0090929985084595103 0.016513146050415917 0.011800128450368848 0.00098174692324870159 0.010902722733969078 -0.011345930709393277 0.012891697052097141 0.016108728745466417 -0.011494212730265409 -0.0010272081608253892 -0.0037880165496583977 -0.0052275314400222041 0.010255916186515069 -0.0067135005952130584 0.011440618052809671 0.0044167045172630297 0.012532703549993592 -0.0035989239887983379 0.013105018932883166 0.012200860883736593 -0.0062811692332580497 -0.011579789796993735 0.0007973782971554146 -0.011208243060170878 0.015717161043012219
leaf_weight=10.462189085781576 54.149512067437172 1.843543723225596 6.0723308846354476 1.6574322432279585 19.379704244434834 29.452545277774334 1.563796341419218 11.991807490587236 8.6186463907361013 4.735484801232813 13.028713986277578 3.390946388244628 22.127059459686286 1.7274457961320866 8.3139127343893069 7.7558782696723938 6.467635378241539 9.8257522732019407 1.9128009676933277 19.822636514902115 6.3876803964376441 1.4089243561029432 7.1445820704102498 2.5455630496144295 15.856472894549368 3.3559830784797731 4.6123670116066924 2.1308218389749518 1.7866547629237168 1.9108660668134687
leaf_count=72 372 12 40 8 125 240 8 60 53 25 106 19 100 12 42 48 37 45 13 92 34 7 42 14 76 22 34 12 14 9
internal_value=-5.97035e-06 0.00160657 0.000642804 -0.00218367 0.00398302 -0.00402413 0.00629946 -0.00125362 0.00306847 -0.00606375 -0.00561946 -0.00020849 0.00771583 0.00909135 0.00983115 0.00178701 -0.00092151 0.00508606 0.00923291 0.00987245 0.012626 -0.00475045 0.0067392 0.000809593 0.00947988 0.000821962 -0.00340795 0.0147723 -0.00776129 0.00269058
internal_weight=291.44 207.97 186.303 100.898 85.4051 83.47 66.0254 54.0175 27.1356 70.3384 26.8818 13.8531 58.5441 50.5127 48.7852 12.4914 8.03143 18.1397 13.9046 21.6662 30.6456 7.48126 30.56 9.69015 20.8699 5.01342 13.231 24.2579 57.847 3.69752
internal_count=1793 1196 1092 630 462 597 337 357 160 468 197 91 290 245 233 73 45 87 73 104 146 47 162 56 106 30 87 112 395 23
is_linear=0
shrinkage=0.00974396


Tree=65
num_leaves=31
num_cat=0
split_feature=45 56 67 70 34 26 6 68 29 55 56 55 25 52 29 20 34 52 19 49 52 55 42 28 6 3 42 46 39 13
split_gain=19.1188 19.6137 18.9613 23.3149 12.67 11.8954 22.719 12.0349 9.98078 8.57403 8.74937 7.4731 5.93256 5.75573 5.39121 5.09209 5.50953 5.05889 5.01056 4.63602 7.27432 5.18883 5.09093 6.22945 5.12977 4.81422 4.5914 6.49289 4.0468 4.43272
threshold=42.110000000000007 1.8580277265804159 1.0000000180025095e-35 1.0000000180025095e-35 7.7300000000000013 2.0950000000000002 10.030000000000003 1.0000000180025095e-35 -1.3899999999999999 1.6820000000000002 4.743111457406612 1.8090833333333336 15.860000000000001 0.38500000000000006 -1.865 3.7932963691142931 6.910000000000001 2.0850000000000004 23.619000000000003 0.28500000000000009 0.6150000000000001 2.3527500000000008 85.545000000000016 11.760000000000002 20.435000000000006 14.840000000000002 94.75500000000001 98.795000000000016 95.715000000000018 6.245000000000001
decision_type=2 2 2 2 2 2 2 2 2 2 2 2 2 2 2 2 2 2 2 2 2 2 2 2 2 2 2 2 2 2
left_child=-1 4 3 5 14 11 7 8 -7 -8 12 -3 19 -13 -2 16 -4 -16 -14 20 21 -11 23 -21 -25 -24 -6 -28 29 -15
right_child=1 2 15 -5 26 6 9 -9 -10 10 -12 13 18 28 17 -17 -18 -19 -20 22 -22 -23 25 24 -26 -27 27 -29 -30 -31
leaf_value=-0.009351693425560987 0.013732288527814831 -0.0083611313238129027 0.012382813694118779 0.0098831490814696912 -0.0089303587938638056 -0.0035319250743061567 -0.0090967798321676639 -0.0076303769647807079 0.0086861172754377648 0.015094977869699407 -0.0076685605769152738 -0.010031857579933631 0.021193944049862395 0.0054335301306885457 -0.006482700087930688 0.011368564012774557 -0.0043889321594498334 0.0093709557217678593 -0.00059179188268933659 -0.0094768363157049958 -0.0024157078237290984 -0.005135061125627137 0.019432498472179257 -0.004547205312084239 0.013247082880486956 -0.0050726792657772189 0.016513051798580151 -0.011250673100977805 0.014490908383137331 -0.0067314510834871619
leaf_weight=19.362584859132767 3.5605315864086142 25.056964665651321 3.0164492577314403 23.290618769824505 32.9551732391119 7.3522888645529738 15.752790383994578 5.9352339133620253 45.000829875469208 5.9449635744094831 13.508563525974749 4.2670491784811047 2.4471140950918189 6.9665248394012433 5.1075390726327878 22.574540950357914 4.7090031504631042 3.0014073848724365 1.6580419242382047 10.840296745300298 7.7414455860853195 1.4761982709169386 1.6834881603717797 3.7471226528286925 2.5501931011676788 1.3304151147603986 1.6488499939441674 1.481622517108917 2.3208680301904669 4.7483818233013153
leaf_count=160 19 181 16 112 253 45 123 36 213 29 92 26 12 36 33 111 29 16 10 70 48 10 8 23 14 8 10 11 11 28
internal_value=-6.06418e-06 0.000660739 0.00187035 0.000747198 -0.00500538 -0.000503195 0.00100097 0.00547404 0.00696652 -0.00279432 -0.000911008 -0.0049078 0.00140658 -0.000165715 0.00380396 0.0090334 0.00217141 -0.000582888 0.0124383 0.000108732 0.00417661 0.0110481 -0.0029478 -0.00500825 0.00267444 0.00864397 -0.0078587 0.00335476 0.00284337 0.000486099
internal_weight=291.037 271.675 223.919 193.619 47.7551 170.329 126.969 58.2884 52.3531 68.6806 52.9278 43.3598 39.4193 18.3028 11.6695 30.3 7.72545 8.10895 4.10516 35.3141 15.1626 7.42116 20.1515 17.1376 6.29732 3.0139 36.0856 3.13047 14.0358 11.7149
internal_count=1793 1633 1291 1135 342 1023 741 294 258 447 324 282 232 101 68 156 45 49 22 210 87 39 123 107 37 16 274 21 75 64
is_linear=0
shrinkage=0.00974396


Tree=66
num_leaves=31
num_cat=0
split_feature=59 70 73 5 67 71 41 67 60 71 14 73 48 61 61 28 49 70 33 41 61 49 0 14 28 53 23 0 34 60
split_gain=20.1015 13.9644 18.586 14.0623 13.4649 11.5634 11.74 9.64926 9.14477 8.22219 8.09701 7.08426 6.8742 8.65983 6.79519 6.394 6.13172 5.75074 5.69246 5.5518 5.39372 5.29417 5.20376 6.79093 5.03584 4.9978 6.39308 4.98988 6.04488 4.96473
threshold=0.31750000000000006 1.0000000180025095e-35 1.0000000180025095e-35 15.635000000000002 1.0000000180025095e-35 1.0000000180025095e-35 71.420000000000016 1.0000000180025095e-35 39.500000000000007 1.0000000180025095e-35 24.275000000000002 1.0000000180025095e-35 0.025000000000000005 107.20500000000001 108.16500000000001 12.675000000000002 7.6300000000000008 1.0000000180025095e-35 10.395000000000001 97.430000000000021 79.115000000000023 0.025000000000000005 17.775000000000002 21.185000000000002 -0.17999999999999997 6.7650000000000006 6.785000000000001 20.910000000000004 21.215000000000003 52.500000000000007
decision_type=2 2 2 2 2 2 2 2 2 2 2 2 2 2 2 2 2 2 2 2 2 2 2 2 2 2 2 2 2 2
left_child=5 2 4 10 9 7 -7 14 11 22 12 -9 -4 20 19 -15 -8 21 -5 -1 -14 -16 -2 -24 -11 26 -10 28 -26 -22
right_child=1 -3 3 18 -6 6 16 8 25 24 -12 -13 13 15 17 -17 -18 -19 -20 -21 29 -23 23 -25 27 -27 -28 -29 -30 -31
leaf_value=-0.010198528056552969 -0.0093626382374495595 0.0092040269729424303 -0.0053215774847320298 -0.0051999270103452247 0.00505353864235864 -0.007513382261953039 0.0037681963100893862 0.00061231415300600899 0.01235223444740244 0.012455566353546393 0.01192434830171789 0.030356569304535428 0.0079701334302017361 0.0082978425331669478 0.011100782626387013 -0.011486712813441597 0.022681359802651586 0.016850016407390332 0.014836433139354984 0.011113589882209628 0.0093290761354223369 -0.0096933889850501637 0.012229106340554552 -0.005370620814473869 -0.0071097425724660959 0.013596953555365028 -0.0091312273321345842 0.011242657349354335 0.014786337363257632 -0.0068338217221184487
leaf_weight=41.033184699714184 30.06149185448885 21.313217662274837 6.7453967779874793 18.283490717411045 16.37585261464119 9.8015063405036944 18.731081970036033 1.4907537549734107 1.532511569559573 2.9543209522962597 14.920906715095041 1.5366781055927277 4.8767026886343983 38.923845529556274 1.5656006187200535 1.5782694667577732 1.7528985291719426 1.5726398080587385 1.4142997562885273 1.1591016203165043 2.1392270848155013 4.1790305525064468 2.5189083591103545 11.134277671575544 9.4588485136628133 1.4396743178367604 8.0435689985752088 2.335102066397666 1.3311637639999379 10.456364460289477
leaf_count=337 210 100 40 122 88 77 108 9 9 16 66 8 27 184 8 11 8 8 9 6 12 27 12 71 63 8 63 13 7 66
internal_value=-6.17604e-06 0.00176268 0.000856523 0.00363308 -0.0027629 -0.00371686 0.00123365 -0.00607733 0.00104156 -0.00490756 0.00545656 0.0159384 0.00395743 0.00504199 -0.00809841 0.00751382 0.00543139 0.000551203 -0.00372939 -0.00960067 -0.000684411 -0.00396895 -0.00709777 -0.00208967 0.00104162 -0.00308111 -0.00564505 -0.00154598 -0.00435477 -0.00405907
internal_weight=290.66 196.822 175.508 99.3385 76.17 93.8382 30.2855 63.5527 14.0432 59.7941 79.6407 3.02743 64.7198 57.9744 49.5096 40.5021 20.484 7.31727 19.6978 42.1923 17.4723 5.74463 43.7147 13.6532 16.0794 11.0158 9.57608 13.1251 10.79 12.5956
internal_count=1793 1117 1017 537 480 676 193 483 97 392 406 17 340 300 386 195 116 43 131 343 105 35 293 83 99 80 72 83 70 78
is_linear=0
shrinkage=0.00974396


Tree=67
num_leaves=31
num_cat=0
split_feature=59 60 60 34 33 42 38 20 9 54 28 73 74 8 15 46 54 49 54 36 54 60 40 25 40 28 31 54 1 25
split_gain=19.7572 11.5475 13.4771 10.0226 11.8635 8.63206 10.4939 7.59353 7.37181 6.70999 5.6919 5.68107 15.032 5.9483 5.99525 5.57647 5.53153 7.67956 5.4222 5.21313 4.98802 4.83372 4.69516 4.68526 7.06126 4.49725 4.43429 4.70651 4.04516 3.90359
threshold=0.31750000000000006 49.500000000000007 55.500000000000007 12.460000000000003 -3.4149999999999996 96.195000000000007 97.485000000000014 2.4087529157436971 -0.35499999999999993 4.0500000000000016 14.340000000000002 1.0000000180025095e-35 1.0000000180025095e-35 2.4166971954965573 12.530000000000001 99.730000000000004 0.045000000000000005 0.025000000000000005 1.3300000000000003 79.995000000000019 0.42500000000000004 52.500000000000007 79.075000000000003 7.4850000000000012 71.090000000000018 16.045000000000005 0.99808333333333354 0.47500000000000003 14.610000000000001 8.8150000000000013
decision_type=2 2 2 2 2 2 2 2 2 2 2 2 2 2 2 2 2 2 2 2 2 2 2 2 2 2 2 2 2 2
left_child=3 28 9 4 8 6 7 -4 -1 10 11 12 21 -13 -15 19 17 -5 -12 -7 29 -3 23 -23 -25 -11 -21 -28 -2 -6
right_child=1 2 5 16 20 15 -8 -9 -10 25 18 13 -14 14 -16 -17 -18 -19 -20 26 -22 22 -24 24 -26 -27 27 -29 -30 -31
leaf_value=-6.8781403235483777e-06 -0.0010444151525013656 -0.012222778470014899 0.0035397477188324096 0.0077618432821293139 0.0064377884650000427 -0.011510923814411258 0.01420702129173689 -0.0067220757101505392 -0.0104260851740266 -0.0046438073509285603 0.0032347001264882427 0.02007649209631987 0.011870598656587619 0.00081222611559761523 0.0095700473088747798 -0.011267387818763725 -0.0090178693528373127 -0.0061246692735429766 -0.0096173995865038858 0.011202283009624371 0.015611325920622981 -0.002252815249277007 -0.0052566195519455714 -0.0068007188690540768 0.015568774735605329 0.011581032963099411 0.01205297361403267 -0.0055773953792606105 -0.010413231267700815 -0.0082186554151256475
leaf_weight=17.418115720152855 8.7049585953354853 3.1830408722162273 8.5420710891485196 5.1240475401282337 7.6458717808127385 1.461177870631224 2.9629797190427771 33.767281197011471 10.221704162657263 10.688398957252501 13.875004887580873 3.965865045785903 13.130513995885847 9.6217365041375142 33.017236202955246 1.9489564150571812 32.434540264308453 14.071782104671 3.9781687259674063 10.771674126386644 4.425568774342536 5.5864991620183009 7.8492634743452063 1.7824646532535551 5.0711967796087265 1.8715206384658802 2.2180864214897147 3.9224546551704407 8.8479386866092664 2.1841444075107574
leaf_count=112 57 21 46 31 41 10 14 227 84 65 76 18 61 53 149 15 267 108 26 54 20 34 47 11 23 9 11 22 68 13
internal_value=-6.0871e-06 0.00174597 0.00248548 -0.00369282 -0.000147951 -0.00102935 -0.0033985 -0.00464594 -0.00387361 0.00451542 0.00535039 0.00642119 0.00353697 0.00867902 0.00759924 0.00423867 -0.00656462 -0.00240332 0.000349607 0.00591002 0.00705791 -0.00113093 0.00062223 0.00434645 0.00972713 -0.00218877 0.00744482 0.000804854 -0.00578638 0.00314944
internal_weight=290.294 196.768 179.216 93.5258 41.8954 65.5947 45.2723 42.3094 27.6398 113.621 101.061 83.2078 36.603 46.6048 42.639 20.3223 51.6304 19.1958 17.8532 18.3734 14.2556 23.4725 20.2894 12.4402 6.85366 12.5599 16.9122 6.14054 17.5529 9.83002
internal_count=1793 1117 992 676 270 399 287 273 196 593 519 417 197 220 202 112 406 139 102 97 74 136 115 68 34 74 87 33 125 54
is_linear=0
shrinkage=0.00974396


Tree=68
num_leaves=31
num_cat=0
split_feature=59 67 44 9 60 32 17 60 49 54 39 39 71 29 56 66 15 2 49 54 12 44 55 60 67 20 39 66 20 15
split_gain=19.4186 12.5681 12.2312 11.5426 14.1033 9.86901 8.58224 9.96248 8.45687 7.27326 7.96666 7.1996 7.10658 6.41694 6.36191 6.21219 6.18516 6.53253 6.05978 5.41348 5.30426 6.28004 5.23105 8.12109 7.93561 5.42245 5.21645 5.17591 5.02674 4.87988
threshold=0.31750000000000006 1.0000000180025095e-35 6.4905471306943827 -7.9599999999999991 49.500000000000007 3.9192954308070638 26.855000000000004 55.500000000000007 0.58500000000000008 2.0100000000000002 90.015000000000015 65.315000000000012 1.0000000180025095e-35 1.5300000000000002 1.8939394175939699 216.50000000000003 6.1650000000000009 1.8600000000000003 1.155 1.6450000000000002 4.3350000000000009 4.2933670841362863 1.8991666666666667 41.500000000000007 1.0000000180025095e-35 5.5191190948688122 67.865000000000009 50.500000000000007 3.80103465998087 18.520000000000003
decision_type=2 2 2 2 2 2 2 2 2 2 2 2 2 2 2 2 2 2 2 2 2 2 2 2 2 2 2 2 2 2
left_child=2 3 5 -2 -5 13 7 9 16 10 12 -11 14 -1 -6 -14 17 -9 -13 -10 -21 -22 23 24 -4 28 -16 -3 -24 -17
right_child=1 27 22 4 6 -7 -8 8 19 11 -12 18 15 -15 26 29 -18 -19 -20 20 21 -23 25 -25 -26 -27 -28 -29 -30 -31
leaf_value=0.0007263232126128148 -0.0071788836351136497 -0.0051409446757732331 -0.0045896832114070089 -0.0073172406219274601 -0.0042979377604629131 -0.011201002157326173 -0.0071590444025804705 -0.0051653623026681316 -0.00102303063133559 0.010314951431151834 -0.012155807729370137 -0.007611121236718899 0.013373688944518965 0.013929034245621939 0.014378522790906682 0.010214484845927498 -0.0091785751367585468 0.018395619880135983 0.0047124104131456802 0.018841154369683324 0.0099655400052922043 -0.0043874640366657162 0.0081493265382615396 -0.0087828220626867369 0.009454452522888436 0.009586853267991224 0.0039898295242064563 0.0089928071437482184 -0.011720776677069202 -0.011686817404044305
leaf_weight=7.050615921616556 15.906446017324923 2.6791583001613644 17.798495866358284 15.319130428135393 6.185279160737994 3.3585687950253478 8.1198466122150403 2.8695793673396137 17.098856776952747 5.1857559233903912 1.9401420652866352 9.7940296083688718 22.527124315500263 6.944548562169075 6.2614009827375439 2.015732958912849 12.905129648745058 1.7752453386783598 6.1184680834412566 2.8679595440626136 7.0461855232715589 4.8506717085838318 1.7736397683620433 43.673998944461346 4.8210514187812796 4.2192389965057373 17.309880070388317 26.144089579582214 3.5897730067372322 1.7863709852099416
leaf_count=41 108 17 133 112 34 28 55 20 102 23 12 60 100 31 29 11 85 9 31 13 33 31 9 358 29 22 91 129 25 12
internal_value=-6.17449e-06 0.00172939 -0.00366865 0.000707282 0.00153509 0.00370083 0.00253009 0.00314506 -0.000285279 0.00528807 0.00706859 0.000381253 0.00774356 0.00730647 0.00446521 0.0114322 -0.00571228 0.00388751 -0.00286468 0.00270301 0.00701837 0.00410732 -0.00535681 -0.00632942 -0.00158003 0.00135692 0.00677332 0.00766966 -0.00511526 -5.59142e-05
internal_weight=289.936 196.706 93.2299 167.883 151.977 17.3537 136.658 128.538 49.4136 79.1242 58.0259 21.0983 56.0858 13.9952 29.7566 26.3292 17.55 4.64482 15.9125 31.8637 14.7648 11.8969 75.8762 66.2935 22.6195 9.58265 23.5713 28.8232 5.36341 3.8021
internal_count=1793 1117 676 971 863 100 751 696 293 403 289 114 277 72 154 123 114 29 91 179 77 64 576 520 162 56 120 146 34 23
is_linear=0
shrinkage=0.00974396


Tree=69
num_leaves=31
num_cat=0
split_feature=59 67 44 9 60 32 5 60 72 43 44 51 5 35 48 50 38 29 45 25 51 51 5 56 56 29 16 48 37 40
split_gain=19.0872 12.2753 12.0419 11.3582 13.87 9.7024 8.45073 9.48949 8.39364 7.88432 8.0843 7.28503 6.88001 6.41267 6.16507 6.0458 8.00761 5.70322 5.6868 11.2186 10.7131 5.596 5.61885 5.56075 5.07678 4.48498 5.52922 4.4249 7.66455 4.30995
threshold=0.31750000000000006 1.0000000180025095e-35 6.4905471306943827 -7.9599999999999991 49.500000000000007 3.9192954308070638 21.070000000000004 55.500000000000007 1.0000000180025095e-35 90.286583333333354 4.2933670841362863 0.115 6.5850000000000009 4.2475000000000014 0.18500000000000003 9.3850000000000016 88.155000000000015 -0.59499999999999986 63.665000000000006 9.6400000000000023 0.095000000000000015 0.58500000000000008 4.1150000000000011 3.7543648103647773 1.8219424152736883 9.5700000000000021 24.370000000000001 0.075000000000000025 69.950000000000003 79.075000000000003
decision_type=2 2 2 2 2 2 2 2 2 2 2 2 2 2 2 2 2 2 2 2 2 2 2 2 2 2 2 2 2 2
left_child=2 3 5 -2 -5 13 7 8 15 10 -9 -10 21 14 -1 16 27 -18 19 20 29 -11 -23 -22 -3 -26 -27 28 -6 -4
right_child=1 24 18 4 6 -7 -8 9 11 12 -12 -13 -14 -15 -16 -17 17 -19 -20 -21 23 22 -24 -25 25 26 -28 -29 -30 -31
leaf_value=0.013004296838922031 -0.00714080281653674 -0.005112187342112896 0.0033209135377739191 -0.0072811626093054272 0.0088095937094850637 -0.011182003209486776 -0.0066607439890436953 0.010376540395077119 0.006655679678478312 -0.0060945336849338571 -0.0074499074870970072 -0.012214844257743624 0.0131102733989915 0.017022914007241922 -0.003087392744219397 0.019955506093193746 0.0098274317637496358 -0.012034046033603854 -0.0093835141311122174 -0.0087525323705183004 -0.0088948748439439188 0.0075668879911090442 -0.005081875245080132 0.004597392404132033 0.011280556534361321 -0.0072589771251553087 0.010167527506346948 0.0082823945142623534 -0.0041924969452944777 0.015851458515358203
leaf_weight=3.515766419470312 15.835999384522436 2.6800543367862728 11.675636373460295 15.245573803782461 8.7651962190866488 3.3316887989640227 8.8840288594365102 2.7722811698913601 3.317318767309188 7.606972433626658 17.114537104964256 4.5696031749248505 5.2121077328920355 4.3373515456914893 6.1634676158428192 2.9277180880308142 1.5641199946403501 3.8288233503699294 22.877232573926449 22.532358348369598 11.285314925014971 11.765165075659754 4.6047714650630942 3.8586413934826842 19.349989682435993 3.1829161792993537 3.6887805610895157 45.343610487878323 8.3774004131555539 3.3460059538483611
leaf_count=17 108 17 72 112 41 28 59 14 18 48 118 29 25 18 37 13 8 26 186 188 89 62 24 22 92 17 20 221 45 19
internal_value=-6.24582e-06 0.00171303 -0.00364504 0.000700891 0.00152082 0.00366584 0.00250546 0.00314557 0.00524187 -0.000214712 -0.00494358 -0.00426764 0.00300496 0.00722463 0.00277203 0.0063046 0.00570324 -0.00564593 -0.00532592 -0.0035566 0.000326345 0.000785898 0.00399759 -0.0054458 0.00757419 0.00888115 0.00208162 0.00668759 0.00245289 0.00615304
internal_weight=289.56 196.637 92.9235 167.735 151.899 17.3483 136.654 127.77 78.6938 49.0758 19.8868 7.88692 29.189 14.0166 9.67923 70.8069 67.8792 5.39294 75.5752 52.698 30.1656 23.9769 16.3699 15.144 28.9017 26.2217 6.8717 62.4862 17.1426 15.0216
internal_count=1793 1117 676 971 863 100 751 692 401 291 132 47 159 72 54 354 341 34 576 390 202 134 86 111 146 129 37 307 86 91
is_linear=0
shrinkage=0.00974396


Tree=70
num_leaves=31
num_cat=0
split_feature=59 70 67 44 20 61 56 59 36 49 60 60 66 56 20 66 68 44 54 2 16 61 60 67 20 52 56 66 20 6
split_gain=18.763 13.4659 16.3273 11.8566 9.38699 8.34333 7.64064 7.54816 8.5204 7.54228 6.89087 8.31257 7.80021 9.45452 6.38173 6.30483 5.93809 8.18916 5.5171 5.35506 5.33302 5.09671 8.01824 7.76821 5.24181 5.08684 5.08398 4.98339 4.93332 4.93128
threshold=0.31750000000000006 1.0000000180025095e-35 1.0000000180025095e-35 6.4905471306943827 4.1095043983309596 107.20500000000001 2.1276083353817654 0.33250000000000007 92.915000000000006 1.3350000000000002 49.500000000000007 56.500000000000007 192.50000000000003 4.0018098851095631 2.4087529157436971 151.50000000000003 1.0000000180025095e-35 8.992430014836934 0.98000000000000009 20.275000000000002 2.7950000000000004 113.95 41.500000000000007 1.0000000180025095e-35 5.5191190948688122 1.3900000000000001 2.5724755270359867 50.500000000000007 3.80103465998087 14.565000000000003
decision_type=2 2 2 2 2 2 2 2 2 2 2 2 2 2 2 2 2 2 2 2 2 2 2 2 2 2 2 2 2 2
left_child=3 2 5 4 15 6 16 -7 10 -8 -9 12 -12 18 -13 -1 17 20 29 -16 -2 22 23 -5 28 -10 -11 -4 -23 -14
right_child=1 -3 27 21 -6 7 9 8 25 26 11 14 13 -15 19 -17 -18 -19 -20 -21 -22 24 -24 -25 -26 -27 -28 -29 -30 -31
leaf_value=0.0026083658331052901 0.012593875480418624 0.008990074641161732 -0.0051072624968374423 -0.0045398159549534809 -0.0090269482085809701 0.021188266236832967 -0.010207480795054347 -0.010111668390376775 0.00054916647435481142 -0.0072009573761075835 0.007371628720091227 0.0015811081933082042 -0.0033960403649857915 -0.0070245371185839577 -0.011036392105355392 0.016690679767452209 -0.008989020593882768 0.011010499894070698 -0.0056962994212205126 0.010274643405673141 -0.0034722585436534363 0.0080019588604398062 -0.0087230066407068749 0.0093437701239231508 0.0093678773616054749 0.012746671714406799 0.0076407006779167985 0.0087716156515854175 -0.011687466869807164 0.014033725727559709
leaf_weight=8.4622931182384509 2.2101767733693221 21.383152432739735 2.6726598590612438 17.698691397905353 4.1752398312091819 1.7542591392993916 20.122963279485706 6.25124467909336 5.3404581993818274 4.1108890324830991 20.674363821744919 9.7979029119014758 2.0260476022958773 11.62969897687435 11.174122683703898 4.693978324532508 5.543486386537551 7.0181192010641089 3.0013076812028876 1.2080996930599202 15.309638477861879 1.781830832362173 43.152210913598537 4.8388983458280554 4.2497167736291885 8.3447321206331235 4.6045631170272827 26.299896404147148 3.5518795922398567 6.1037836372852325
leaf_count=46 13 100 17 133 34 8 152 45 28 28 97 53 11 77 77 20 34 30 19 7 98 9 358 29 22 38 27 129 25 29
internal_value=-6.32507e-06 0.0016967 0.00080407 -0.00362211 0.00363371 -0.000519764 -0.00335251 0.00139112 0.000974573 -0.00693281 -0.000366959 0.000564727 0.0030441 -0.000886786 -0.00428179 0.00767559 7.99538e-05 0.00214456 0.00551648 -0.0089221 -0.00141562 -0.00529542 -0.00626375 -0.00154273 0.00132727 0.00801058 0.00062475 0.00748196 -0.00507608 0.00967873
internal_weight=289.186 196.582 175.198 92.6047 17.3315 146.226 58.9198 87.306 85.5518 28.8384 71.8666 65.6153 43.4352 22.7608 22.1801 13.1563 30.0814 24.5379 11.1311 12.3822 17.5198 75.2732 65.6898 22.5376 9.58343 13.6852 8.71545 28.9726 5.33371 8.12983
internal_count=1793 1117 1017 676 100 871 382 489 481 207 415 370 233 136 137 66 175 141 59 84 111 576 520 162 56 66 55 146 34 40
is_linear=0
shrinkage=0.00974396


Tree=71
num_leaves=31
num_cat=0
split_feature=73 70 67 18 9 17 55 55 41 47 55 55 44 24 24 34 34 18 28 40 66 4 55 43 25 17 37 34 28 44
split_gain=18.6828 26.6511 18.537 18.2077 9.36858 10.6005 7.88998 8.75832 9.07001 8.63653 6.66928 6.55383 5.85782 5.30353 10.9672 5.14869 6.8323 5.0757 4.86687 5.63874 4.86287 4.8275 4.81752 7.01752 6.26497 6.61729 5.8511 8.4796 4.72798 4.52468
threshold=1.0000000180025095e-35 1.0000000180025095e-35 1.0000000180025095e-35 16.065000000000005 1.6250000000000002 18.355000000000004 1.6820000000000002 2.32525 65.065000000000012 80.855000000000018 1.6891666666666671 1.3499999999999999 4.2391025750465978 2.5500000000000003 4.7750000000000012 8.1200000000000028 22.210000000000004 26.73 3.6950000000000007 97.675000000000011 53.500000000000007 -0.82499999999999984 1.8090833333333336 65.49175000000001 14.805000000000001 26.915000000000003 94.52500000000002 9.1450000000000014 4.7250000000000005 7.7612781714360901
decision_type=2 2 2 2 2 2 2 2 2 2 2 2 2 2 2 2 2 2 2 2 2 2 2 2 2 2 2 2 2 2
left_child=1 2 22 4 10 -6 -5 8 -8 17 13 -3 -9 21 -15 -4 29 -10 19 20 -12 -2 26 -24 -25 -26 -1 -28 -13 -17
right_child=3 11 15 6 5 -7 7 12 9 -11 18 28 -14 14 -16 16 -18 -19 -20 -21 -22 -23 23 24 25 -27 27 -29 -30 -31
leaf_value=-0.0087910247295156056 0.011746224343217463 -0.0046388851004417059 0.0093582162577916708 -0.0081809821026987434 0.011813394347772519 -0.0028799815193374578 -0.011785550900176228 0.0074619506094470373 0.017110631176724359 -0.0022901107204321494 -0.0057911420801045315 0.0013063070002243449 -0.0070066612913777873 0.015617888107661964 -0.0015605874961418665 0.0015297886523080494 0.012538044469145804 0.0029329882022886629 0.012553243819866191 0.019339196091317356 0.0048617993887021 -0.0061199707953057065 0.0082345896062513153 -0.0075629866348284735 0.010507616076671817 -0.011456978193948482 0.008773980048683962 -0.0093886124237773285 0.014584041680520609 -0.010075277913185353
leaf_weight=56.724905885756016 1.555396519601344 2.8431811928749111 8.5910395309329051 15.00579749047756 26.259427040815357 5.6344676688313475 2.6687194108963039 3.1563191711902645 7.3541873022913951 5.67348938435316 5.3078401759266916 3.3569875657558432 15.697384923696516 4.9496400654315975 12.010146945714949 8.0278818309307116 3.3004276603460303 3.6099064946174622 7.8944138437509528 1.9810502380132664 16.933128207921982 14.404664061963556 4.5336752235889461 19.441152088344101 4.2003614604473105 1.8406448811292646 4.6931347548961622 5.0022640824317932 10.90488378703594 5.230452671647071
leaf_count=439 9 22 46 123 109 33 18 16 36 36 30 18 109 27 75 48 17 20 35 9 84 96 25 129 19 13 25 41 49 37
internal_value=-6.35921e-06 -0.00258471 -0.00418798 0.00237528 0.00488844 0.00921328 -0.00220446 0.000148083 0.00475984 0.00744196 0.00276148 0.00878838 -0.00456769 -0.000317386 0.00346875 0.00325517 6.70816e-05 0.0124802 0.00591804 0.00373417 0.00230825 -0.00434737 -0.00613093 -0.00287939 -0.00487094 0.00376477 -0.00759594 -0.0005838 0.0114793 -0.00305433
internal_weight=288.787 138.691 121.586 150.096 96.9302 31.8939 53.1658 38.16 19.3063 16.6376 65.0363 17.1051 18.8537 32.9198 16.9598 25.1498 16.5588 10.9641 32.1164 24.222 22.241 15.9601 96.4361 30.0158 25.4822 6.04101 66.4203 9.6954 14.2619 13.2583
internal_count=1793 928 839 865 507 142 358 235 110 92 365 89 125 207 102 148 102 56 158 123 114 105 691 186 161 32 505 66 67 85
is_linear=0
shrinkage=0.00974396


Tree=72
num_leaves=31
num_cat=0
split_feature=59 70 71 9 71 18 74 31 59 22 32 55 8 5 45 37 12 55 34 18 40 65 32 55 59 59 56 10 59 32
split_gain=18.1594 12.8668 11.0863 10.4559 9.21711 16.6676 9.35629 8.94088 9.45081 7.82582 6.64923 8.74816 4.51981 4.41093 4.27166 4.19254 8.14322 4.15347 5.37849 5.64891 4.00616 4.72703 3.98122 4.70992 3.97241 3.76742 3.74662 3.73581 3.5719 4.48539
threshold=0.31750000000000006 1.0000000180025095e-35 1.0000000180025095e-35 7.6100000000000003 1.0000000180025095e-35 16.065000000000005 1.0000000180025095e-35 2.5081666666666669 0.40250000000000008 12.460000000000003 3.600659300094716 1.5265833333333334 3.345914221371268 2.6600000000000006 77.350000000000009 79.070000000000007 25.025000000000002 1.8991666666666667 12.460000000000003 9.1050000000000022 75.570000000000007 55.500000000000007 2.3164669243100033 2.171250000000001 0.24750000000000003 0.39250000000000007 1.7871308947943856 10.340000000000002 0.60250000000000015 1.8865706158347146
decision_type=2 2 2 2 2 2 2 2 2 2 2 2 2 2 2 2 2 2 2 2 2 2 2 2 2 2 2 2 2 2
left_child=2 4 17 10 9 7 15 8 13 -2 11 12 -4 -6 20 -7 28 18 19 -1 -10 27 23 -11 -13 -3 -14 -22 -17 -30
right_child=1 25 3 -5 5 6 -8 -9 14 22 -12 24 26 -15 -16 16 -18 -19 -20 -21 21 -23 -24 -25 -26 -27 -28 -29 29 -31
leaf_value=-0.0082362582888459591 -0.010333818640212995 -0.0037307749281613183 -0.0030830934530196078 -0.0097673647475906931 0.019337156693540834 -0.0089196746528351061 0.019312560277661438 0.011222592739492294 0.0085057463254064655 0.0119414349078717 -0.0041572091421306573 0.022169239723396472 -0.00047290536725376502 0.0040647795874358449 0.0045093562388857584 -0.008882973641096888 0.02155372272096168 0.0019253972637217356 -0.0094007181968604695 0.0010643993721801892 0.0094121028859264697 -0.011990814904246673 -0.0012058605117523445 -0.0023111086804896452 0.0068357832594393301 0.01009916101884021 0.01885122902190663 -0.0066911105788842393 -0.011356167911881609 0.00366618016748691
leaf_weight=11.681093558669092 8.361162528395651 2.0353778973221806 6.583850935101518 6.3494608029723159 4.186343401670455 10.376180298626428 1.6983996033668507 21.489741772413254 2.1656181216239956 4.976741820573805 6.4077633544802657 4.0246867835521689 1.7016444727778437 3.2088560909032822 11.936928257346151 6.2183813229203286 1.3464291095733631 5.7638889402151099 31.545511521399021 13.106473103165625 2.4776273816823942 5.7461211308836937 72.936544105410576 3.8830381631851196 2.775511771440506 19.442039042711258 2.0857229977846146 2.9582929462194443 2.3831123635172835 8.5169876739382726
leaf_count=92 64 12 39 53 20 76 8 96 11 22 47 17 12 17 59 43 7 31 274 86 12 38 439 24 14 88 11 16 18 47
internal_value=-6.377e-06 0.00166715 -0.0035776 0.00128944 0.000791315 0.00309901 -0.00265241 0.00634347 0.00312195 -0.00137589 0.00428303 0.00744226 0.00178052 0.0127814 0.000276961 -0.00397371 -0.00117503 -0.00592476 -0.00673099 -0.00331919 -0.00350059 -0.00585789 -0.000454337 0.00569709 0.0160014 0.00877836 0.010216 0.000639383 -0.00301337 0.000342454
internal_weight=288.37 196.344 92.0256 29.9286 174.867 84.709 30.5395 54.1695 32.6798 90.1575 23.5792 17.1714 10.3712 7.3952 25.2846 28.8411 18.4649 62.097 56.3331 24.7876 13.3477 11.182 81.7963 8.85978 6.8002 21.4774 3.78737 5.43592 17.1185 10.9001
internal_count=1793 1117 676 193 1017 468 199 269 173 549 140 93 62 37 136 191 115 483 452 178 77 66 485 46 31 100 23 28 108 65
is_linear=0
shrinkage=0.00974396


Tree=73
num_leaves=31
num_cat=0
split_feature=73 18 67 56 39 46 56 7 36 60 2 6 2 18 18 17 56 64 32 39 43 53 42 53 3 54 35 53 53 67
split_gain=18.1733 17.5088 10.9447 10.7678 9.20414 13.6398 10.904 8.95007 8.51361 6.33767 8.9702 6.92615 6.14809 6.01317 9.53998 5.62873 5.59614 5.48189 5.47409 6.60156 6.43788 7.06216 6.0285 5.9164 5.32068 5.91241 4.67891 4.58249 4.93009 4.30798
threshold=1.0000000180025095e-35 16.065000000000005 1.0000000180025095e-35 1.7871308947943856 60.475000000000009 83.230000000000018 3.5166118293784403 6.2312500000000011 80.765000000000015 53.500000000000007 12.270000000000001 12.840000000000002 2.7400000000000007 23.615000000000006 10.650000000000002 18.405000000000005 1.6795468097904664 32.500000000000007 3.5312521793062164 64.355000000000004 80.870583333333343 0.14500000000000005 66.515000000000015 0.03500000000000001 8.9950000000000028 0.42500000000000004 0.22500000000000001 0.055000000000000007 0.6100000000000001 1.0000000180025095e-35
decision_type=2 2 2 2 2 2 2 2 2 2 2 2 2 2 2 2 2 2 2 2 2 2 2 2 2 2 2 2 2 2
left_child=2 3 4 12 5 -1 9 8 26 -6 -11 -12 -2 14 -8 -9 -4 18 20 22 24 23 -20 -22 -3 -26 -5 -18 -29 -14
right_child=1 17 16 7 6 -7 13 15 -10 10 11 -13 29 -15 -16 -17 27 -19 19 -21 21 -23 -24 -25 25 -27 -28 28 -30 -31
leaf_value=-0.011103047176849616 0.0086294720084950094 0.02140164209496655 -0.011357814641071908 -0.011619091865119457 -0.010013175168620686 0.0094470906574151952 0.0099241750107480244 0.010670554951783156 0.0054713365116564388 -0.0064428085671584898 0.011469905019617607 -0.011798332864473836 -0.011480888913676048 0.0041891766004696447 -0.0097373145773236146 0.00054891007466650172 -0.0039455926902048355 -0.0091543759618799882 0.017531580492957277 -0.0097304393957601838 -0.0058165372718711559 -0.0069795588106994584 -0.010921273328407156 0.017907611896822998 0.0081376110782201642 -0.0054329839503059916 0.00089787406641812231 0.011916208148948237 0.0017825072187778702 0.0061126498442080094
leaf_weight=4.3207974061369887 2.6786668598651877 1.8130259364843393 2.2260836064815548 4.7652967125177366 33.873980045318604 10.297266498208044 3.0790901184082058 35.807450540363789 32.187613278627396 29.566843084990978 5.1355455517768851 1.5492338910698888 6.9700434878468496 15.749039649963377 9.3880579397082311 6.1413064599037162 4.6102901175618198 8.8339228481054288 1.8263408392667764 10.181370206177233 1.6829939186573017 11.251821368932722 1.1015794426202772 2.3427887111902237 9.4159385710954648 4.4561346247792235 6.8688337728381157 9.1691800355911273 9.1259878203272802 1.593036964535713
leaf_count=38 15 8 17 35 277 55 14 156 166 208 24 10 54 86 68 33 30 72 9 77 13 76 9 11 53 30 37 50 51 11
internal_value=-6.36521e-06 0.00234203 -0.00255676 0.00480089 -0.00385104 0.00335131 -0.00492381 0.00597665 0.00288905 -0.00698103 -0.00413682 0.00602262 -0.00414843 0.000186968 -0.00485597 0.0091936 0.0032527 -0.0021645 -0.000753943 -0.00602415 0.00147787 -0.0030151 0.00678084 0.00799603 0.005859 0.00376624 -0.00423893 0.00469444 0.00688228 -0.00818062
internal_weight=288.01 149.918 138.091 97.0122 112.96 14.6181 98.3418 85.7705 43.8217 70.1256 36.2516 6.68478 11.2417 28.2162 12.4671 41.9488 25.1315 52.9059 44.072 13.1093 30.9627 15.2776 2.92792 4.02578 15.6851 13.8721 11.6341 22.9055 18.2952 8.56308
internal_count=1793 865 928 507 780 93 687 427 238 519 242 34 80 168 82 189 148 358 286 95 191 100 18 24 91 83 72 131 101 65
is_linear=0
shrinkage=0.00974396


Tree=74
num_leaves=31
num_cat=0
split_feature=59 70 71 41 20 68 61 5 39 4 21 41 20 61 58 52 4 46 63 21 54 61 61 66 59 26 58 5 5 71
split_gain=17.5936 12.4736 10.8824 10.9125 10.3802 10.9439 8.58488 10.635 8.54048 7.62515 8.16598 7.20106 6.40398 7.40543 6.20201 5.73945 7.07797 5.36866 7.64347 4.52251 4.60186 7.1912 5.34925 5.45217 5.16978 4.68072 4.25275 6.57487 6.8609 3.86879
threshold=0.31750000000000006 1.0000000180025095e-35 1.0000000180025095e-35 68.460000000000022 5.6090115256611641 1.0000000180025095e-35 106.98 15.855000000000002 65.045000000000016 -0.39499999999999996 -2.5199999999999991 97.260000000000005 3.7295502348481446 91.594999999999999 10.730000000000002 0.29500000000000004 21.315000000000001 89.575000000000003 3.5000000000000004 -2.7149999999999994 0.40500000000000008 112.935 217.22000000000003 272.50000000000006 1.3775000000000002 1.4300000000000002 8.8900000000000023 4.0750000000000011 6.6700000000000008 1.0000000180025095e-35
decision_type=2 2 2 2 2 2 2 2 2 2 2 2 2 2 2 2 2 2 2 2 2 2 2 2 2 2 2 2 2 2
left_child=2 4 11 -4 6 29 9 19 -5 10 -2 17 13 -10 15 -11 26 18 -1 -8 21 -21 23 -23 -22 -26 27 -17 -29 -6
right_child=1 -3 3 8 5 -7 7 -9 12 14 -12 -13 -14 -15 -16 16 -18 -19 -20 20 24 22 -24 -25 25 -27 -28 28 -30 -31
leaf_value=-0.011058890794604837 -0.0075590251971262325 0.0086301443800057814 -0.0087820570605220919 0.025126473667557454 0.0053175694878991667 -0.0099994475438922766 -0.0057128283484984346 -0.0037755331984531642 9.0737979483648806e-05 -0.0085934380094145283 0.015351799306072861 0.013212827455360685 -0.0028894497692267935 0.016107280968964487 -0.0092704532371328426 0.016713356314235032 0.019479504176097152 -0.0086672454773960503 0.0013107203224677227 0.021209049430870774 -0.00092174876465434203 0.0082793588254596717 -0.011765835776537305 -0.0045185766140990171 -0.00481504781375854 0.01119824942783707 -0.0058597479576981779 -0.011791251992939338 0.0057543532080513013 0.013337032598122573
leaf_weight=6.8889385834336307 2.3211647570133209 21.530625239014626 7.5686316266655949 1.7575463354587579 14.070250272750858 3.3861626833677283 4.5634514540433875 25.57501458376646 5.5708230957388896 8.920308969914915 3.9142096936702719 1.7837140858173359 9.5352472662925702 5.3896557539701462 17.351362943649292 2.5408996045589509 1.7075587362050999 37.972906149923801 14.981200478971003 3.0149797797203091 22.046380020678047 22.3035266250372 1.5834900960326184 3.6431311368942252 2.2071208059787732 7.5834200233221054 9.2404262572526914 3.3882981687784177 5.492290586233139 9.7804443463683128
leaf_count=63 16 100 62 10 66 19 31 169 32 62 19 9 66 23 138 14 8 313 98 13 123 104 11 22 11 34 62 23 28 44
internal_value=-6.47438e-06 0.00163851 -0.00353571 0.00129176 0.000774109 0.00629626 -0.00024678 0.0015632 0.00473274 -0.00329967 0.00680849 -0.00587322 0.00293503 0.00800633 -0.00460232 -0.00200159 0.000631324 -0.00645216 -0.00259204 0.00360562 0.00429237 0.00699345 0.00540526 0.00647357 0.00169169 0.0075707 -0.00095263 0.00301245 -0.000947088 0.00862723
internal_weight=287.613 196.165 91.4487 29.8219 174.634 27.2369 147.397 92.5205 22.2533 54.8765 6.23537 61.6268 20.4957 10.9605 48.6411 31.2898 22.3695 59.843 21.8701 66.9455 62.382 30.5451 27.5301 25.9467 31.8369 9.79054 20.6619 11.4215 8.88059 23.8507
internal_count=1793 1117 676 193 1017 129 888 518 131 370 35 483 121 55 335 197 135 474 161 349 318 150 137 126 168 45 127 65 51 110
is_linear=0
shrinkage=0.00974396


Tree=75
num_leaves=31
num_cat=0
split_feature=73 33 74 56 25 40 41 61 12 60 39 41 5 12 56 41 25 15 39 8 5 41 18 56 45 40 39 23 26 52
split_gain=17.6526 17.6559 17.5604 13.4013 11.9428 7.65903 7.43996 7.10708 7.34224 6.95024 12.2868 6.18287 5.6154 5.45272 4.62944 4.5834 7.90842 7.19651 5.62122 5.2358 5.04937 4.75711 4.48996 4.47316 5.89005 5.43161 4.29936 4.59859 4.16994 4.13427
threshold=1.0000000180025095e-35 3.3350000000000004 1.0000000180025095e-35 1.7871308947943856 3.2550000000000003 95.285000000000011 71.420000000000016 51.160000000000004 9.5950000000000006 50.500000000000007 60.475000000000009 65.065000000000012 21.820000000000004 27.265000000000004 4.5710417691320782 92.385000000000005 14.805000000000001 14.440000000000001 96.120000000000019 2.5887118845568504 4.6550000000000002 71.015000000000015 2.9850000000000008 2.6186995052424913 78.925000000000011 89.585000000000022 81.090000000000018 6.0850000000000009 3.0450000000000004 0.43500000000000005
decision_type=2 2 2 2 2 2 2 2 2 2 2 2 2 2 2 2 2 2 2 2 2 2 2 2 2 2 2 2 2 2
left_child=2 3 9 22 5 23 -6 -4 -9 14 -11 -3 -10 -13 -1 16 -12 18 19 20 29 -18 -2 24 -5 26 -25 -28 -27 -17
right_child=1 11 7 4 6 -7 -8 8 12 10 15 13 -14 -15 -16 17 21 -19 -20 -21 -22 -23 -24 25 -26 28 27 -29 -30 -31
leaf_value=-0.0086439632671629889 0.0094343600618421539 -0.01038685758698008 -0.011166037554611093 -0.0095793507605695018 0.00052434826221716747 0.0099726198100050564 0.0097055837200362167 -0.0086816544547517159 0.0083413996947443916 0.010942070389487643 -0.0079781784778860595 -0.0023825706940763611 -0.011341885369642864 0.013465871064072727 0.010242606401248357 0.0010872775128417252 -0.0052631149968070572 0.01669346754906707 0.0059479816155555932 -0.0096453337500100877 -0.0081824499876301613 0.008615210627220404 -0.0073110727739078831 -0.0045050110031538571 0.0077955243509247344 -0.0081348960658910972 -0.0058154391853581068 0.013358589407920261 0.0073405343279034155 0.022975394167340426
leaf_weight=33.670371390879154 1.719965174794196 9.0527314469218236 2.6453317403793362 8.7609042525291461 10.084090225398539 7.4878801405429831 50.563914053142071 3.0734569802880314 23.426553621888164 5.7621667981147757 33.251694992184639 27.478812746703628 1.4246530160307873 2.1893899366259566 1.2425207197666157 2.1265572011470861 4.3460491746664029 2.0902390927076331 5.9368834123015395 9.5459214225411397 2.6272627413272858 4.9959258437156677 11.161633372306822 2.5307305753231075 2.3079424127936354 6.1381112411618215 1.412055715918539 6.6327102705836296 2.2166864573955536 1.313089460134506
leaf_count=272 10 72 22 63 61 37 228 23 124 28 235 180 11 14 7 13 29 10 33 72 18 24 85 16 13 35 8 32 11 7
internal_value=-6.49831e-06 0.00230744 -0.00252764 0.00428365 0.00551085 0.00118149 0.00818237 0.00397913 0.00543147 -0.00439016 -0.00265505 -0.00335389 0.00719249 -0.0011932 -0.00795788 -0.00384542 -0.00575387 -0.000397768 -0.00208759 -0.00515827 0.00189681 0.00214991 -0.00504442 -0.00101826 -0.00593095 0.00185357 0.00648726 0.00996589 -0.00399929 0.0096375
internal_weight=287.216 149.738 137.479 111.017 98.135 37.487 60.648 30.57 27.9247 106.909 71.9958 38.7209 24.8512 29.6682 34.9129 66.2336 42.5937 23.64 21.5497 15.6128 6.06691 9.34198 12.8816 29.9991 11.0688 18.9303 10.5755 8.04477 8.3548 3.43965
internal_count=1793 865 928 599 504 215 289 180 158 748 469 266 135 194 279 441 288 153 143 110 38 53 95 178 76 102 56 40 46 20
is_linear=0
shrinkage=0.00974396


Tree=76
num_leaves=31
num_cat=0
split_feature=73 30 58 26 55 38 56 55 56 45 54 45 29 38 32 56 38 31 48 48 38 35 45 29 29 45 59 8 30 55
split_gain=17.3354 14.9585 9.69906 10.0626 9.50494 11.5056 8.76884 8.73667 8.40305 7.39205 6.80455 6.45009 6.27589 6.13813 4.92235 4.29472 5.7058 7.27089 7.36261 5.87747 5.15362 4.11708 8.86858 3.88816 6.17744 4.61252 3.85208 3.78035 3.74325 3.49746
threshold=1.0000000180025095e-35 7.5550000000000006 7.3500000000000005 -0.97499999999999987 1.4152500000000001 81.435000000000016 4.5710417691320782 1.6820000000000002 5.081662526061919 42.650000000000006 2.7950000000000004 48.995000000000012 7.4250000000000016 97.040000000000006 4.382370799303362 3.0955909994184281 88.155000000000015 12.647000000000004 0.32500000000000007 4.8700000000000001 85.595000000000013 7.3425000000000002 56.500000000000007 -5.0849999999999991 -1.2649999999999999 61.625000000000007 0.27750000000000008 2.3417535779460077 0.25500000000000006 1.4620000000000002
decision_type=2 2 2 2 2 2 2 2 2 2 2 2 2 2 2 2 2 2 2 2 2 2 2 2 2 2 2 2 2 2
left_child=4 2 27 14 13 9 -7 -3 12 -6 -8 -5 -9 21 -4 -14 17 18 -17 -20 -19 22 28 -13 25 -25 -15 -2 -1 -11
right_child=1 7 3 11 5 6 10 8 -10 29 -12 23 15 26 -16 16 -18 20 19 -21 -22 -23 -24 24 -26 -27 -28 -29 -30 -31
leaf_value=-0.0071334221419337976 0.011413350238927891 -0.0089801106617104168 -0.0056029447215446906 -0.0084991338581376034 -0.01098988838136338 -0.0084459897398045623 -0.007137350224113998 0.016077278509988181 -0.0075844604918894314 0.013147568080663941 0.008895879016491302 0.018050765699669239 0.013575641939118392 -0.0049104748409631036 0.014162558290560515 -0.0039603133889675552 -0.0099452931909708372 -0.009911918694687525 0.017602569284996494 -0.0049476550803879468 0.0095292981857614291 -0.011400544340634294 -0.0077905626599386515 0.012433619247109446 0.0079023669865049533 -0.0031118841390301265 0.016019705991331609 -0.0071401276555706755 0.0078954566697315518 0.0025219338818524817
leaf_weight=2.096332520246504 1.1506345272064198 12.880222618579863 9.8333573713898641 2.5420405343174926 3.7103491052985182 22.839431412518024 4.2028399556875211 3.086165368556979 9.4115540608763677 3.1110451966524115 6.1235442757606506 2.9828991591930381 2.4291105568408993 1.4540110826492303 1.3223046958446492 3.463444568216806 4.3354611396789542 5.287018120288848 5.704852357506752 1.3288678526878355 1.6715351119637487 13.283636607229708 25.349655032157898 2.2341794073581616 62.70450612902642 8.9208444431424123 1.8588908612728117 8.4112589955329877 5.9274900257587433 47.182525299489498
leaf_count=15 6 111 60 16 34 165 31 14 69 16 29 14 12 11 7 22 28 38 28 8 9 115 197 12 295 54 9 62 33 273
internal_value=-6.55954e-06 0.00228545 0.00445341 0.00543983 -0.00250937 -0.000564796 -0.00508007 -0.00208753 0.000333513 0.00220744 0.0023558 0.00665779 0.00307389 -0.00589603 -0.00320908 0.00138943 4.16171e-06 0.00249863 0.0076129 0.0133205 -0.00519757 -0.0068081 -0.0049656 0.00716476 0.00671445 2.14408e-05 0.00684328 -0.00485831 0.00393818 0.00319106
internal_weight=286.84 149.7 100.102 90.5401 137.14 87.1697 33.1658 49.5982 36.718 54.0039 10.3264 79.3845 27.3065 49.97 11.1557 24.2203 21.7912 17.4557 10.4972 7.03372 6.95855 46.6571 33.3735 76.8424 73.8595 11.155 3.3129 9.56189 8.02382 50.2936
internal_count=1793 865 526 458 928 548 225 339 228 323 60 391 159 380 67 145 133 105 58 36 47 360 245 375 361 66 20 68 48 289
is_linear=0
shrinkage=0.00974396


Tree=77
num_leaves=31
num_cat=0
split_feature=59 70 44 8 72 18 68 11 35 45 2 51 55 15 3 56 42 54 44 51 56 51 33 51 1 1 51 33 36 29
split_gain=16.8171 11.9541 10.8941 8.44903 8.41844 8.44374 15.3643 11.7403 6.54694 5.61704 10.0844 8.15398 5.5828 8.2995 5.85439 5.90858 6.03017 5.62704 8.11352 5.54261 5.14165 4.8769 5.62666 4.73641 5.13128 4.6908 4.52814 4.46237 5.72482 4.4148
threshold=0.31750000000000006 1.0000000180025095e-35 6.4905471306943827 3.7917238273044176 1.0000000180025095e-35 16.065000000000005 1.0000000180025095e-35 5.830000000000001 4.2475000000000014 63.665000000000006 15.085000000000003 0.095000000000000015 1.7119166666666668 31.565000000000005 20.300000000000001 5.9337820698960781 77.695000000000007 1.6450000000000002 4.3953855662251522 6.9750000000000005 3.7543648103647773 0.58500000000000008 -11.214999999999998 0.095000000000000015 17.635000000000002 11.205000000000002 2.8850000000000002 -9.0949999999999971 89.295000000000016 4.2400000000000011
decision_type=2 2 2 2 2 2 2 2 2 2 2 2 2 2 2 2 2 2 2 2 2 2 2 2 2 2 2 2 2 2
left_child=2 4 3 8 5 6 7 21 25 10 11 -4 13 -7 15 16 19 -18 -19 -14 -13 29 -23 24 -6 -1 27 -24 -29 -2
right_child=1 -3 9 -5 23 12 -8 -9 -10 -11 -12 20 14 -15 -16 -17 17 18 -20 -21 -22 22 26 -25 -26 -27 -28 28 -30 -31
leaf_value=0.0057346347861186491 -0.0026501716787037544 0.0084295220125458602 0.0050328312621564959 -0.0088286271016271584 -0.011232457973859265 -0.010702448746429109 -0.0083152891870506684 0.0088583421466619083 0.017316362080037943 -0.0092327542156261187 -0.0085107494981341448 -0.008616306547612777 0.004498402665971863 0.010637503770536821 -0.0087462344985518026 -0.011368776409067442 -0.0089281371041678801 0.016991835784633265 -0.0028241273857721335 0.023343078045056042 0.004474283192596358 -0.0035933518777654218 0.023892798155153602 -0.0095142333169435395 0.010741230292375222 -0.012809773332944996 0.0019831900687847992 -0.0031453781529926002 0.012445031127069423 0.015636171902775917
leaf_weight=7.5251791775226611 22.942498162388805 21.60575658082962 16.003386408090595 4.0101244896650305 1.5679834783077229 10.600881330668924 9.9699011445045453 34.628086008131504 4.1608847379684439 22.003262296319008 21.08662062138319 10.46639461815357 19.292703494429592 2.0293380320072165 6.171737313270568 3.1200092956423751 6.5101305097341564 2.6959698349237424 6.8980840593576431 1.5768361687660206 3.8677331060171118 6.8703706115484229 1.9472475498914708 11.01896585524082 2.6722010523080826 1.5234410166740415 11.738652393221853 3.1360533386468941 7.5483688861131668 1.2872684150934208
leaf_count=41 140 100 100 34 12 83 66 158 17 186 182 86 105 13 43 24 44 12 42 9 22 47 9 77 13 8 57 19 37 7
internal_value=-6.62688e-06 0.00159912 -0.00347623 0.0034891 0.0007497 0.00141441 0.00313723 0.00440887 0.00725256 -0.00511237 -0.00334142 0.000253479 -0.00151078 -0.00724226 5.57191e-05 0.00142072 0.00251383 -0.00195757 0.00277544 0.00596767 -0.00507276 0.00162482 0.00416831 -0.0061531 0.00255844 0.00255842 0.00636384 0.0104068 0.00786207 -0.00165074
internal_weight=286.476 195.829 90.647 17.2196 174.223 158.964 100.068 90.0985 13.2095 73.4274 51.4241 30.3375 58.8957 12.6302 46.2655 40.0937 36.9737 16.1042 9.59405 20.8695 14.3341 55.4705 31.2407 15.2592 4.24018 9.04862 24.3703 12.6317 10.6844 24.2298
internal_count=1793 1117 676 100 1017 915 540 474 66 576 390 208 375 96 279 236 212 98 54 114 108 316 169 102 25 49 122 65 56 147
is_linear=0
shrinkage=0.00974396


Tree=78
num_leaves=31
num_cat=0
split_feature=45 56 67 70 26 6 68 29 5 55 56 41 55 32 4 20 30 20 4 63 4 33 20 20 48 46 56 59 24 4
split_gain=16.6366 16.683 16.5154 19.6739 10.5347 18.6909 10.6912 8.45992 8.24114 7.83951 7.94771 7.74536 6.61382 6.15905 6.52187 5.05685 4.57528 4.37607 5.46447 5.07469 4.3516 4.85368 4.64344 4.21396 5.22517 4.09916 3.90568 3.8035 3.65231 3.64889
threshold=42.110000000000007 1.8580277265804159 1.0000000180025095e-35 1.0000000180025095e-35 2.0950000000000002 10.030000000000003 1.0000000180025095e-35 -1.3899999999999999 3.9050000000000007 1.6820000000000002 5.081662526061919 70.905000000000015 1.8090833333333336 3.2519081117337367 0.32500000000000007 4.1095043983309596 -2.6649999999999996 5.6942415951960159 14.800000000000002 53.500000000000007 15.580000000000002 8.4500000000000011 3.0692651896155754 3.7145186132531269 0.075000000000000025 85.405000000000015 1.9229896504856732 0.022500000000000003 -1.0000000180025095e-35 3.0650000000000004
decision_type=2 2 2 2 2 2 2 2 2 2 2 2 2 2 2 2 2 2 2 2 2 2 2 2 2 2 2 2 2 2
left_child=27 8 3 4 12 6 7 28 13 -7 17 -9 26 14 -2 -16 -4 18 19 -11 21 -20 -22 -18 -25 -24 -3 -1 -6 -14
right_child=1 2 16 -5 5 9 -8 11 -10 10 -12 -13 29 -15 15 -17 23 -19 20 -21 22 -23 25 24 -26 -27 -28 -29 -30 -31
leaf_value=0.010428719435441382 0.021359488626484482 0.007458247521826427 0.021032196909228595 0.0089460557387690803 0.0060097452613622725 -0.0088540683629631401 -0.0075588738652945364 -0.0087721037567881684 -0.0077050079423957255 -0.0075504817434185831 -0.0077959334376684186 0.0088238230034704285 -0.0063614509674393841 -0.0090863036997600091 -0.0034469630255081493 0.011458761729765905 0.00031281494572207733 0.015225535201222851 0.026748658386623821 0.0076270811810966932 0.0076748731037998693 0.00098425250962267058 0.014253212418835065 0.014359961780323069 0.0047473880095212674 -0.0033098622242859299 -0.0091001822614292602 -0.010078292593976856 -0.0084751917431635949 0.0028111192681370815
leaf_weight=0.86840787529945629 1.8259495347738255 1.402938768267634 2.4602931365370777 23.699352853000164 2.4846764206886292 14.891897313296793 5.8374695479869834 2.4776713401079169 30.276313647627831 10.610712751746176 11.977368772029875 42.943628802895546 6.2146405726671246 4.187428541481494 6.5470852702856046 3.1761920601129532 6.5301662534475353 1.9793485105037678 1.4422661960124998 2.5627821534872046 7.9377826601266888 1.3334576636552808 1.3589606434106816 10.151219099760057 11.58520372211933 12.93202757835388 22.501621060073376 17.141223698854446 4.7396227791905394 12.015708230435846
leaf_count=7 8 8 12 112 14 123 36 15 242 71 85 198 37 33 41 18 38 10 8 12 40 8 7 48 58 83 173 153 31 64
internal_value=-6.68477e-06 0.0006024 0.0017094 0.000643136 -0.000531596 0.00088303 0.0049077 0.00629685 -0.00473452 -0.00262751 -0.000841405 0.00785473 -0.00474549 0.000977137 0.00465449 0.00143434 0.00833623 0.00123502 0.000492102 -0.00457488 0.00316958 0.014595 0.00171497 0.00720027 0.00925946 -0.0015979 -0.00811288 -0.00906277 -0.00347043 -0.000315408
internal_weight=286.093 268.084 222.071 191.344 167.645 125.51 58.4831 52.6456 46.013 67.0266 52.1347 45.4213 42.1349 15.7367 11.5492 9.72328 30.7269 40.1573 38.178 13.1735 25.0045 2.77572 22.2288 28.2666 21.7364 14.291 23.9046 18.0096 7.2243 18.2303
internal_count=1793 1633 1291 1135 1023 741 294 258 342 447 324 213 282 100 67 59 156 239 229 83 146 16 130 144 106 90 181 160 45 101
is_linear=0
shrinkage=0.00974396


Tree=79
num_leaves=31
num_cat=0
split_feature=73 33 68 26 67 61 17 56 41 59 41 41 28 15 36 59 56 41 47 18 66 18 66 47 47 24 18 61 61 59
split_gain=16.6988 16.6385 20.0145 13.5029 10.531 11.448 10.9407 7.6701 7.65526 7.87506 6.03108 5.6021 7.28841 5.52479 5.41635 5.39533 5.30811 5.95311 5.3058 4.92823 4.86865 4.71581 5.35689 4.54096 5.1126 4.49338 4.47184 4.42767 6.98637 8.23351
threshold=1.0000000180025095e-35 3.3350000000000004 1.0000000180025095e-35 -0.97499999999999987 1.0000000180025095e-35 108.16500000000001 12.645000000000001 1.7871308947943856 91.89500000000001 0.54750000000000021 65.065000000000012 71.420000000000016 3.5150000000000001 13.585000000000003 59.685000000000009 0.52750000000000019 1.6795468097904664 83.760000000000019 94.510000000000005 10.465000000000002 55.500000000000007 23.615000000000006 189.50000000000003 93.492500000000007 94.672500000000014 16.435000000000006 11.275000000000002 102.715 142.20500000000001 0.64750000000000008
decision_type=2 2 2 2 2 2 2 2 2 2 2 2 2 2 2 2 2 2 2 2 2 2 2 2 2 2 2 2 2 2
left_child=4 2 3 23 5 8 -7 13 15 19 -3 -9 20 18 -8 -1 -6 -18 -5 -10 -13 22 -16 -2 -25 27 -22 -12 29 -29
right_child=1 10 -4 7 16 6 14 11 9 -11 25 12 -14 -15 21 -17 17 -19 -20 -21 26 -23 -24 24 -26 -27 -28 28 -30 -31
leaf_value=-0.009303197903028285 -0.0084386019090303566 -0.010318522542868087 -0.0084295099741267272 0.021282197219550755 -0.01126455693819424 -0.0094556527045324325 0.013167399048283337 0.0008271397270628476 0.0067658943245408436 -0.011358335051008629 -0.011082478675597588 -0.0030553437929353475 0.0114286468472676 -0.0092676669642490044 0.007340126999575587 -0.00093086008218911938 0.00047088347863888592 0.010577969528033093 -0.0052054699950683644 -0.0054046173023828926 0.0078594827950478775 0.0045864298085498715 -0.0089282502601412024 0.015963774556486055 -0.0050376086677856001 0.013882031820274518 -0.011214666521836673 0.0013122414677002362 -0.0047844807330699396 0.023632987605422224
leaf_weight=44.653339713811874 7.8996985852718336 8.8621802255511266 10.79095984995365 1.3917727842926972 2.151223503053191 8.1495186388492566 4.415601551532748 9.8679673150181753 9.8084751591086405 4.9282747209072104 4.3672473058104577 5.6350554376840618 39.956519909203053 4.5473399311304092 2.6938272416591662 8.7885746061801893 13.562784664332868 9.3454280197620374 1.4074028581380842 4.6075646802783004 23.908324584364895 16.785169139504433 6.4280778169631958 1.8658550903201101 2.5664323344826698 1.7338566035032261 1.1893723383545864 7.4229820594191569 14.004951655864714 1.9588388204574583
leaf_count=374 53 72 77 8 17 57 21 61 53 39 39 31 175 36 14 53 80 51 9 35 116 90 44 9 15 10 9 43 93 9
internal_value=-6.66533e-06 0.00224303 0.00415448 0.00551314 -0.00247275 -0.00375847 0.00053753 0.00685298 -0.00603004 -0.00076829 -0.00328611 0.00772236 0.00868216 -0.00265359 0.00323587 -0.00793037 0.00322755 0.0046102 0.00802657 0.00286326 0.00509764 0.00152163 -0.00409963 -0.0040189 0.00383447 -0.00115787 0.0069351 -0.0021195 -0.000425238 0.0060617
internal_weight=285.695 149.377 111.027 100.236 136.318 111.258 38.4722 87.9038 72.7862 19.3443 38.3501 80.5572 70.6893 7.34652 30.3227 53.4419 25.0594 22.9082 2.79918 14.416 30.7328 25.9071 9.12191 12.332 4.43229 29.4879 25.0977 27.754 23.3868 9.38182
internal_count=1793 865 599 522 928 780 226 445 554 127 266 392 331 53 169 427 148 131 17 88 156 148 58 77 24 194 125 184 145 52
is_linear=0
shrinkage=0.00974396


Tree=80
num_leaves=31
num_cat=0
split_feature=73 70 17 68 26 30 21 29 21 49 54 55 28 53 51 68 74 25 53 38 32 3 40 32 49 51 14 55 49 40
split_gain=16.4005 24.2422 14.8864 13.363 11.3754 8.33452 6.14934 6.15727 9.08543 6.90819 6.10679 6.05086 5.85255 5.77443 5.66708 5.57466 7.39563 5.88021 5.80783 7.5014 6.00087 5.45539 5.25029 5.12787 4.56298 5.37608 4.48218 4.35758 4.50035 4.24904
threshold=1.0000000180025095e-35 1.0000000180025095e-35 19.690000000000001 1.0000000180025095e-35 -0.97499999999999987 10.425000000000002 5.6350000000000007 -5.0849999999999991 -2.7149999999999994 0.10500000000000002 0.025000000000000005 1.8445833333333337 4.7250000000000005 0.055000000000000007 1.4950000000000003 1.0000000180025095e-35 1.0000000180025095e-35 16.100000000000005 0.34500000000000003 97.570000000000007 2.3930813340229617 7.8650000000000011 95.285000000000011 2.2035192394705452 4.8600000000000003 1.9550000000000003 24.615000000000006 1.8255833333333338 0.26500000000000007 65.020000000000024
decision_type=2 2 2 2 2 2 2 2 2 2 2 2 2 2 2 2 2 2 2 2 2 2 2 2 2 2 2 2 2 2
left_child=1 13 3 4 22 6 7 -6 -9 -10 29 -5 -3 27 -12 16 18 -17 -15 20 23 -7 -2 -20 25 -16 -23 -1 -29 -4
right_child=2 12 10 11 5 21 -8 8 9 -11 14 -13 -14 15 24 17 -18 -19 19 -21 -22 26 -24 -25 -26 -27 -28 28 -30 -31
leaf_value=-0.010023866854229801 -0.0077721083528415127 -0.0014648701223317583 -0.0066731850260162012 -0.010576217302587414 0.019476825722146762 0.013879068232458613 0.01150167542106747 -0.0080452020321799718 -0.00019738535774302326 0.0084679142267385498 -0.0097835652454943932 0.0071866316572447506 0.011622419383154682 0.0011981750930975261 0.0079525715270269536 -0.010412426883993782 0.0052620571153312755 0.012390893124534183 -0.011806625987983915 0.015728722977264357 -0.0073804542921840285 -0.0061970870361902422 0.0065803710883579345 0.008721986639601529 0.013728537368038356 -0.0085136145276025268 0.01223768321466423 0.01077954181857833 -0.005895686630665563 0.0058383191686229435
leaf_weight=21.584419131278995 8.6965090110898 4.2984934374690082 3.5151225328445426 7.965123385190962 2.8320471048355023 1.9345063492655743 24.740932792425156 4.7129992917179981 11.923780642449868 32.319646023213863 14.558233596384527 2.3192485272884369 12.891777165234087 20.49538429826498 2.7144356593489629 12.599083751440046 11.995888806879519 1.1370753794908512 1.5361867919564236 1.5443139821290959 35.739855758845806 9.3518050685524923 3.3058759644627562 4.2932189851999283 1.7672862336039532 5.9056400135159492 1.4057564139366139 2.0406038165092459 5.8440509438514709 9.3150631710886937
leaf_count=181 57 26 26 61 13 9 107 31 69 155 109 13 63 137 16 93 70 7 10 7 263 65 18 23 10 42 7 12 36 57
internal_value=-6.78542e-06 -0.0024546 0.00222242 0.00401353 0.00508973 0.00628815 0.00750064 0.00557982 0.004759 0.0061315 -0.00306004 -0.00654654 0.00834641 -0.00402058 -0.00586821 -0.00278253 -0.00174076 -0.0084869 -0.00306573 -0.00509496 -0.00588511 -0.00101332 -0.00380014 0.00324954 -0.000353 -0.00330171 -0.00374212 -0.00776132 -0.00153329 0.00239112
internal_weight=285.284 136 149.284 111.508 101.224 89.2215 76.5294 51.7885 48.9564 44.2434 37.7758 10.2844 17.1903 118.81 24.9456 89.341 75.6048 13.7362 63.609 43.1136 41.5693 12.6921 12.0024 5.82941 10.3874 8.62008 10.7576 29.4691 7.88465 12.8302
internal_count=1793 928 865 605 531 456 375 268 255 224 260 74 89 839 177 610 510 100 440 303 296 81 75 33 68 58 72 229 48 83
is_linear=0
shrinkage=0.00974396


Tree=81
num_leaves=31
num_cat=0
split_feature=73 70 33 56 25 52 10 32 60 40 40 56 56 44 46 17 50 59 17 13 36 6 52 17 5 52 6 20 30 58
split_gain=16.1062 23.7835 16.0362 12.2122 10.7553 7.20892 7.02227 5.97201 5.52066 6.62661 4.75119 5.03406 4.73609 4.59298 4.59183 4.58228 4.44598 4.36397 4.21471 4.73604 5.10461 4.06312 3.9767 4.156 5.67219 3.80516 3.94554 3.79817 5.28345 3.66551
threshold=1.0000000180025095e-35 1.0000000180025095e-35 3.3350000000000004 1.7871308947943856 3.2550000000000003 0.38500000000000006 18.960000000000004 2.5232848107838666 52.500000000000007 79.075000000000003 95.285000000000011 2.7103077720797493 2.1276083353817654 5.182910254756611 93.655000000000015 5.5900000000000007 1.2750000000000001 0.017500000000000005 20.145000000000007 24.935000000000006 84.125000000000014 15.140000000000002 1.8750000000000002 19.710000000000004 5.6050000000000013 1.4550000000000003 21.625000000000004 5.2691464304564288 15.485000000000001 12.500000000000002
decision_type=2 2 2 2 2 2 2 2 2 2 2 2 2 2 2 2 2 2 2 2 2 2 2 2 2 2 2 2 2 2
left_child=1 8 3 15 5 12 -3 14 25 22 11 -7 -5 -13 16 -2 -4 -17 -6 20 -20 -16 23 24 -10 -1 -27 29 -29 -9
right_child=2 6 7 4 18 10 -8 27 9 -11 -12 13 -14 -15 21 17 -18 -19 19 -21 -22 -23 -24 -25 -26 26 -28 28 -30 -31
leaf_value=-0.0079039703064453307 0.0070539934151780436 -0.0020440433505729966 0.0099477133109937797 0.011140312146746127 0.0088360387766143154 -0.0064460468396717553 0.011986203305028656 0.00072030703372613495 -0.011216199532492992 -0.0043645162794035495 0.011030328876936717 -0.0062654183012058936 -0.0066425067024099942 0.0083520062396439387 0.0048909693440399426 0.0075979988751019049 -0.0024688787101404173 -0.010365534462620334 0.011604088332442617 -0.0072571312582544907 -0.01135573003304083 -0.011432635828154108 0.01172300970688577 -0.005129516192691406 0.0068952669687992922 -0.0048262022345348914 0.0083909000704408421 0.0086120063769330839 -0.011444805568917119 -0.011387995758733831
leaf_weight=38.728519670665264 2.4140378832817069 4.5883000567555454 6.4445084705948847 1.5735913366079319 51.784529462456703 5.1778160482645097 12.641417324542997 2.8853811323642757 1.920520193874842 45.316947460174561 7.0570292845368376 2.5940831974148741 11.987926982343195 9.0244301781058294 2.1978957727551451 1.466462731361388 4.6955918744206429 8.7821925431489927 4.6183042898774129 3.4734990894794464 1.1083202660083769 4.0641753897070885 3.388732634484767 7.8778417631983748 10.078387573361395 8.3047076091170293 2.8458593711256972 3.0531450212001792 2.0520931556820869 12.753602907061575
leaf_count=310 14 29 36 9 234 35 60 19 15 314 33 13 79 46 14 10 29 71 26 21 8 31 18 49 50 62 21 16 15 106
internal_value=-6.79103e-06 -0.00243633 0.00220185 0.00407417 0.00523392 0.00111543 0.0082462 -0.00324467 -0.00399325 -0.00219464 0.00434084 0.00150432 -0.00454468 0.00506773 0.000958056 -0.00491685 0.00471191 -0.00776441 0.00775634 0.00165403 0.00709335 -0.00568799 0.00202662 0.000348129 0.00395985 -0.00646023 -0.00142468 -0.00677182 0.000500483 -0.00914949
internal_weight=284.9 135.691 149.209 111.062 98.3995 37.4149 17.2297 38.1464 118.462 68.5824 23.8534 16.7963 13.5615 11.6185 17.4022 12.6627 11.1401 10.2487 60.9847 9.20012 5.72662 6.26207 23.2655 19.8767 11.9989 49.8791 11.1506 20.7442 5.10524 15.639
internal_count=1793 928 865 599 504 215 89 266 839 446 127 94 88 59 110 95 65 81 289 55 34 45 132 114 65 393 83 156 31 125
is_linear=0
shrinkage=0.00974396


Tree=82
num_leaves=31
num_cat=0
split_feature=72 30 55 56 5 34 58 34 36 49 25 56 41 49 37 36 32 49 17 17 51 55 16 74 38 32 37 5 37 18
split_gain=13.4674 12.3716 17 14.7027 16.2663 11.991 9.07138 8.76627 7.48011 5.78272 5.70637 5.68826 5.65932 8.22513 6.14709 5.63865 5.54042 4.95984 4.44956 7.51335 4.71116 4.62251 4.42649 4.32891 4.12523 5.06335 4.0794 4.05919 4.20987 4.00846
threshold=1.0000000180025095e-35 7.0600000000000014 1.8090833333333336 1.7871308947943856 5.9300000000000006 21.910000000000004 20.940000000000001 7.7300000000000013 93.245000000000019 5.0150000000000015 2.4250000000000003 5.7399340615971921 71.015000000000015 2.4300000000000002 85.055000000000021 87.140000000000015 3.4807467161818946 0.10500000000000002 19.690000000000001 17.915000000000003 10.995000000000003 2.1910000000000003 14.295000000000002 1.0000000180025095e-35 97.815000000000012 2.3109673282021546 94.890000000000015 1.0250000000000001 94.52500000000002 1.9150000000000003
decision_type=2 2 2 2 2 2 2 2 2 2 2 2 2 2 2 2 2 2 2 2 2 2 2 2 2 2 2 2 2 2
left_child=1 3 5 7 6 -3 9 27 11 17 26 15 16 14 -14 18 -6 -5 19 -4 -20 -21 -10 -24 25 -2 -8 -1 -29 -19
right_child=24 2 8 4 12 -7 10 -9 22 -11 -12 -13 13 -15 -16 -17 -18 29 20 21 -22 -23 23 -25 -26 -27 -28 28 -30 -31
leaf_value=0.014475136772560047 0.0043229430112829061 -0.0096548704459561551 -0.0015814185698913377 -0.003812592833188196 0.0090061653098723413 0.0046887926504653602 0.0058955960696213238 -0.0082283022782072019 0.021067219441466441 -0.0088507409315848763 0.014833855190764276 -0.011291961877984761 0.0076190954016714524 0.017013163114835812 -0.0053744386511595035 -0.0070508462009376974 -0.0040410893763142431 -0.0030278722854230238 -0.00038076480008803929 0.024335875080791117 0.019117388154125555 0.0049575830418895628 -0.0034446715843122993 0.013905370323773175 0.010960514559658007 -0.010076905024530469 -0.01243467921167082 -0.011520914124133672 0.0051429075610452324 0.0046978288801888266
leaf_weight=2.3461009860038775 2.6175890266895356 31.94432544708252 3.9865525811910612 20.526372402906418 5.0151547491550428 6.6545117273926726 4.5915533155202848 18.191349916160107 2.3732614666223517 8.3511688858270627 5.8094649016857147 3.9992617890238753 43.765055097639561 8.5027878135442716 3.7152098864316931 7.2763137742876998 7.9095473065972328 9.0509280189871806 27.84139242768288 2.8453130722045898 1.1905993968248356 2.0369882136583328 2.7434867024421692 2.6405114978551865 1.0779768228530873 18.382603228092194 1.4960401058197019 2.1227089315652847 4.273379921913147 21.256001859903336
leaf_count=12 14 289 23 138 26 43 22 148 11 56 25 32 200 37 23 46 52 57 169 12 7 11 14 12 5 144 9 15 24 117
internal_value=-6.87477e-06 0.000607917 -0.0021873 0.00220856 0.00347754 -0.00717654 0.000204817 -0.00437799 0.00119546 -0.00135525 0.0079563 -0.000207511 0.0068497 0.008191 0.00659626 0.000779451 0.00102316 -0.000115725 0.00229159 0.00831725 0.000438082 0.0163763 0.0100641 0.00507817 -0.00730966 -0.00827144 0.00132148 0.00362038 -0.000402459 0.00238551
internal_weight=284.534 262.455 95.5325 166.923 139.989 38.5988 71.0815 26.9335 56.9337 59.1845 11.8971 49.1764 68.9078 55.9831 47.4803 45.1772 12.9247 50.8333 37.9008 8.86885 29.032 4.8823 7.75726 5.384 22.0782 21.0002 6.08759 8.74219 6.39609 30.3069
internal_count=1793 1630 669 961 762 332 424 199 337 368 56 300 338 260 223 268 78 312 222 46 176 23 37 26 163 158 31 51 39 174
is_linear=0
shrinkage=0.00974396


Tree=83
num_leaves=31
num_cat=0
split_feature=45 56 34 20 4 63 74 66 57 54 20 27 32 56 56 36 4 71 56 41 7 42 32 56 62 27 7 5 62 71
split_gain=15.803 15.4613 11.1574 10.7715 6.91456 6.74803 6.05206 7.31216 6.9983 6.83398 6.64687 5.94871 5.8503 7.61542 6.24301 5.82424 6.29195 5.33547 5.33134 5.3295 6.47831 5.19899 5.08177 7.194 4.69599 5.24109 4.57749 5.60444 6.09122 5.91147
threshold=42.110000000000007 1.8580277265804159 7.7300000000000013 5.6708412338240892 0.32500000000000007 2.5000000000000004 1.0000000180025095e-35 285.50000000000006 0.015000000000000001 0.39500000000000007 3.562789769860538 1.9350000000000003 2.1907716642529098 2.7103077720797493 2.3749127354608559 79.995000000000019 23.305000000000003 1.0000000180025095e-35 3.9096794922780318 66.65000000000002 3.0106666666666673 72.085000000000022 3.8706022776874529 2.0546966831282485 1.6891666666666671 11.875000000000002 16.763750000000005 5.9300000000000006 2.1681666666666675 1.0000000180025095e-35
decision_type=2 2 2 2 2 2 2 2 2 2 2 2 2 2 2 2 2 2 2 2 2 2 2 2 2 2 2 2 2 2
left_child=-1 2 4 5 -2 -3 7 9 18 12 21 -6 -7 14 -14 16 -11 -5 -9 -15 -21 -8 23 -17 25 -19 27 29 -29 -25
right_child=1 3 -4 17 11 6 10 8 -10 15 -12 -13 13 19 -16 22 -18 24 -20 20 -22 -23 -24 26 -26 -27 -28 28 -30 -31
leaf_value=-0.0089577570507390139 0.020677242358557456 -0.011132452332934469 -0.0074549345348158148 0.0043692382088548276 -0.0049063648408002071 -0.0076254506524198237 0.005657408596240243 -0.010461736581577123 0.013835631511623201 -0.0058375575248470722 0.0095992852056607236 0.011257971625427583 0.0026698422412966979 -0.0013611111577467652 -0.0090893432607564544 0.020381969695813892 0.0091257407804257937 -0.0044729961273005086 -0.0015837848449029314 -0.011682144963006217 0.008533852745181229 -0.011500344176194334 -0.006903059216414412 -0.011449878143368824 0.02530449964610525 0.014613728739297793 -0.0087865103475360407 0.020624810312792223 0.0039743652287908523 0.0026646851982361375
leaf_weight=17.533824391663074 1.8486241400241841 4.3507868126034728 33.585590347647667 19.981924340128899 6.6677667349576932 4.2039404660463324 3.6751467436552074 11.174583256244665 1.8958195447921742 25.023874320089821 14.769618354737757 3.1518881022930145 14.676438286900522 7.1811098754405966 6.0087883695960036 2.0917569994926444 2.9462119266390792 1.8873717784881607 15.166511341929434 1.5300456285476673 38.112193942070007 3.0160542130470276 5.6697223111987105 3.4791106730699619 2.3271587789058685 4.6921182125806808 3.376658968627452 2.9618771374225599 7.0237834081053734 14.125237360596657
leaf_count=160 8 38 274 89 43 28 17 95 8 173 78 17 86 47 42 9 16 11 94 10 187 23 39 27 10 19 24 13 39 69
internal_value=-6.85844e-06 0.00058252 -0.00460403 0.00164407 0.00358859 0.000809907 0.00108897 0.000460341 -0.00405416 0.00138311 0.00595511 0.000292142 0.00347076 0.00416749 -0.000750144 -0.000860264 -0.00424674 0.00718871 -0.00536441 0.00634155 0.00774007 -0.00207843 0.00158395 0.00304955 0.013455 0.00912493 0.00185142 0.00316814 0.00898454 -0.000135906
internal_weight=284.136 266.602 45.2539 221.348 11.6683 192.459 188.108 166.648 28.2369 138.411 21.4608 9.81965 71.7125 67.5086 20.6852 66.6982 27.9701 28.8886 26.3411 46.8233 39.6422 6.6912 38.7281 33.0584 8.90665 6.57949 30.9667 27.59 9.98566 17.6043
internal_count=1793 1633 342 1291 68 1162 1124 1006 197 809 118 60 400 372 128 409 189 129 189 244 197 40 220 181 40 30 172 148 52 96
is_linear=0
shrinkage=0.00974396


Tree=84
num_leaves=31
num_cat=0
split_feature=59 70 67 71 6 44 43 32 32 22 44 74 59 36 59 36 35 25 35 46 26 67 17 22 25 1 35 37 56 36
split_gain=15.1116 10.7302 14.3245 25.0626 15.6444 10.1213 8.71157 8.32208 7.79995 6.58284 6.40968 5.81866 5.50797 6.71635 5.90008 5.53611 5.23879 5.61074 4.84865 8.61998 5.51284 5.45131 4.80679 4.64041 4.5887 4.27043 3.73837 3.68445 3.91902 3.5555
threshold=0.31750000000000006 1.0000000180025095e-35 1.0000000180025095e-35 1.0000000180025095e-35 11.360000000000001 6.4905471306943827 84.927833333333339 3.9192954308070638 2.3109673282021546 12.460000000000003 4.2933670841362863 1.0000000180025095e-35 0.40250000000000008 93.430000000000021 0.96750000000000014 89.295000000000016 4.2475000000000014 4.8900000000000015 14.100000000000003 89.575000000000003 9.1050000000000022 1.0000000180025095e-35 7.1150000000000011 16.060000000000006 1.2450000000000003 17.425000000000004 15.790000000000001 67.875000000000014 1.8049995508246177 96.52500000000002
decision_type=2 2 2 2 2 2 2 2 2 2 2 2 2 2 2 2 2 2 2 2 2 2 2 2 2 2 2 2 2 2
left_child=5 2 3 8 6 7 -5 16 25 -4 -6 26 15 -14 29 24 17 22 19 20 -7 -22 -1 -21 -8 -2 -12 28 -25 -15
right_child=1 -3 9 4 10 18 12 -9 -10 -11 11 -13 13 14 -16 -17 -18 -19 -20 23 21 -23 -24 27 -26 -27 -28 -29 -30 -31
leaf_value=0.0022810881324167179 -0.0050433387253243141 0.007953393894788446 -0.011277369408130055 0.0105949393479778 0.00908831124227533 0.0059684022687231169 0.010380556742594291 -0.011021980852128367 -0.0066525422866278595 0.0080851105381824565 -0.0065858565911797486 0.015470016216641741 -0.0032131646619243818 -0.011903086705878505 0.012391925186614987 0.020949327301779661 0.01545582139805083 -0.012715959927932523 -0.01100043354790819 0.009345314205719121 -0.0077702022436287616 0.00931076849561519 0.021259253065660504 -0.0086350099148026459 -0.011516955684757803 0.010689696336717481 0.010202528440250505 -0.0087906073756375894 0.0048864171228858956 0.0089496280468776331
leaf_weight=6.3174835965037364 2.6802000999450675 21.763653375208378 1.7372422590851808 22.411939017474651 3.6705567687749889 10.899613320827486 2.6717875152826305 3.0746509507298461 52.933916993439198 27.468855775892735 23.115080192685134 1.262704625725745 16.126540467143062 1.9441124573349937 6.4475216716527939 2.7818233221769333 4.3265641778707495 1.8102652132511137 10.676394306123255 1.6366425901651371 7.9484265074133855 2.2406823113560677 1.5580584257841108 3.7502557262778264 1.3275359869003294 4.0754752606153488 1.2932970076799382 30.206723012030125 4.3539251163601875 1.2361981719732282
leaf_count=37 17 100 13 100 18 66 13 28 367 133 165 6 89 13 28 12 18 10 103 8 64 15 7 32 9 19 9 262 26 6
internal_value=-6.88527e-06 0.00151028 0.000698309 -0.000563542 0.00285613 -0.0033383 0.00592307 0.00339096 -0.00539344 0.00691603 -0.00288315 -0.00461061 0.00269246 0.000624543 0.00705343 0.0104809 0.00658358 0.00256297 -0.0049444 -0.0038769 0.00115669 -0.00398107 0.00613473 -0.00653596 0.00304077 0.00443568 -0.0056768 -0.00722622 -0.00136595 -0.003748
internal_weight=283.748 194.948 173.185 143.979 84.2891 88.7997 54.9475 17.087 59.6896 29.2061 29.3416 25.6711 32.5355 25.7544 9.62783 6.78115 14.0124 9.68581 71.7127 61.0363 21.0887 10.1891 7.87554 39.9475 3.99932 6.75568 24.4084 38.3109 8.10418 3.18031
internal_count=1793 1117 1017 871 468 676 270 100 403 146 198 180 170 136 47 34 72 54 576 473 145 79 44 328 22 36 174 320 58 19
is_linear=0
shrinkage=0.00974396


Tree=85
num_leaves=31
num_cat=0
split_feature=67 71 70 6 32 34 56 51 51 21 56 34 51 21 24 0 24 20 20 42 48 51 16 48 42 32 49 15 48 48
split_gain=14.174 25.7689 39.9999 21.3568 9.66651 8.26865 6.51928 6.18503 6.21625 6.15553 7.05295 7.01128 5.96179 5.81925 5.741 6.15293 5.59461 4.95904 4.89802 6.2133 7.25126 4.288 4.52788 4.12223 4.08725 3.68473 3.67777 3.51822 3.45775 4.11692
threshold=1.0000000180025095e-35 1.0000000180025095e-35 1.0000000180025095e-35 11.360000000000001 2.3109673282021546 11.045000000000002 1.8213785568130347 0.68500000000000016 2.8250000000000006 9.8250000000000011 1.7427482540763781 22.210000000000004 0.20500000000000004 -2.7149999999999994 3.0300000000000007 1.8900000000000001 12.820000000000002 2.4767216803498986 5.6942415951960159 85.02000000000001 1.2850000000000004 9.2800000000000029 0.9900000000000001 0.95500000000000007 86.265000000000015 3.4070999054673754 0.39500000000000007 9.7250000000000032 0.075000000000000025 5.7250000000000005
decision_type=2 2 2 2 2 2 2 2 2 2 2 2 2 2 2 2 2 2 2 2 2 2 2 2 2 2 2 2 2 2
left_child=1 2 4 5 16 7 -4 12 13 10 23 -11 14 -9 15 -3 -1 -6 19 -5 -21 22 25 -2 26 -19 -16 -8 -12 -30
right_child=9 3 6 18 17 -7 27 8 -10 11 28 -13 -14 -15 24 -17 -18 21 -20 20 -22 -23 -24 -25 -26 -27 -28 -29 29 -31
leaf_value=-0.0056233494964253259 -0.0087707933021666743 0.0070591237357345875 -0.0077397077200221289 -0.0058196224660628697 0.0082930053116750634 0.01020044655519251 -0.00056323999358440463 -0.0031677365822010395 0.0015650267366755439 -0.0062738476524828628 0.013718858162219478 0.0092878835385424088 -0.0091337683447157408 0.01403779033084031 -0.011628772337916119 -0.0079499585504942596 0.012143839297689566 0.012020072083951481 0.0097340900590966849 -0.0077575143338874655 0.014554644108982382 0.0055105673992696365 -0.0086957469562487788 0.012250445948353863 0.01491459310100066 -0.010929229764255409 0.01181550405324845 0.0095410267562346385 0.0046986808649163402 0.021000564606517277
leaf_weight=2.9476604759693137 3.5195772051811245 4.2341632917523437 2.7453761473298099 31.954478971660137 1.780119203031062 24.423656232655048 3.8383672535419491 2.2140602469444266 12.424427986145018 7.7396780475974065 10.623864710330965 4.2123769819736481 5.5818706303834906 11.085344016551973 1.3237475678324693 6.5519925504922867 3.8124485164880753 1.8135614842176431 2.5347778648138037 2.3337237462401381 3.2770610526204109 2.1525833755731574 85.854447156190872 1.1401190906763075 4.4024079144001007 0.99657019972801197 1.1528076380491254 21.095456175506115 13.919325686991213 1.6216963157057751
leaf_count=19 27 23 23 240 10 111 21 15 60 56 50 22 34 52 9 42 17 9 16 16 16 15 669 7 20 8 7 98 73 8
internal_value=-6.86177e-06 -0.000926636 -0.00394102 0.00244648 -0.00682713 0.00557045 0.00640959 0.00325265 0.00654124 0.00515828 0.00745795 -0.000766722 -0.000385508 0.011163 0.00238506 -0.00204221 0.00438959 -0.00764884 -0.00326794 -0.00415751 0.00526171 -0.00796602 -0.00829683 -0.00354344 0.0093189 0.00379982 -0.000651428 0.00798192 0.00942433 0.00645443
internal_weight=283.308 240.531 127.037 113.495 99.3574 73.3945 27.6792 48.9708 25.7238 42.7766 30.8246 11.9521 23.247 13.2994 17.6651 10.7862 6.76011 92.5973 40.1 37.5653 5.61078 90.8172 88.6646 4.6597 6.87896 2.81013 2.47656 24.9338 26.1649 15.541
internal_count=1793 1550 889 661 747 373 142 262 127 243 165 78 135 67 101 65 36 711 288 272 32 701 686 34 36 17 16 119 131 81
is_linear=0
shrinkage=0.00974396


Tree=86
num_leaves=31
num_cat=0
split_feature=73 74 41 67 56 56 24 63 55 59 67 24 58 58 59 56 12 15 15 41 3 50 49 8 38 56 34 31 52 59
split_gain=15.1122 15.7623 14.9987 11.4768 8.05384 7.1495 6.88567 6.72551 6.37591 7.21964 6.25084 6.77705 5.99868 9.6397 5.52301 5.34557 6.77153 5.29055 6.5701 5.18516 7.55701 5.09929 8.43373 4.59733 4.65542 4.54015 4.53062 9.86715 4.48353 4.19397
threshold=1.0000000180025095e-35 1.0000000180025095e-35 68.140000000000001 1.0000000180025095e-35 1.7586442418608697 5.2302536910021695 -0.24499999999999997 57.500000000000007 0.85266666666666679 0.76000000000000012 1.0000000180025095e-35 13.075000000000001 20.075000000000003 18.410000000000004 0.12750000000000003 3.331186611792496 23.115000000000006 12.350000000000001 7.8750000000000009 92.385000000000005 6.8750000000000009 1.5150000000000003 1.3250000000000004 4.2215463995241302 97.815000000000012 1.5286615547626476 22.210000000000004 4.1822500000000007 0.72500000000000009 0.43750000000000006
decision_type=2 2 2 2 2 2 2 2 2 2 2 2 2 2 2 2 2 2 2 2 2 2 2 2 2 2 2 2 2 2
left_child=1 3 10 15 25 6 7 -6 -3 -10 -2 -12 13 17 -15 19 23 18 28 -1 29 -19 -23 24 -17 -4 27 -5 -8 -21
right_child=2 8 4 26 5 -7 12 -9 9 -11 11 -13 -14 14 -16 16 -18 21 -20 20 -22 22 -24 -25 -26 -27 -28 -29 -30 -31
leaf_value=-0.0087516774835057192 -0.007489669015817252 -0.011030165386286685 0.0038047653776631424 0.0076006620869461354 -0.0089752807401125116 -0.003921029784536352 -0.00046416372975669747 0.0042301622716904332 0.006568125377211788 -0.011599783607272022 0.019640257336779054 -0.010923849650580676 0.0099548693587662319 0.011547678889464513 -0.0088452057260719821 -0.010218802693580732 0.0067443960163578167 0.0091156675159075624 -0.0042576928050982159 0.00074671478103469362 0.011864493487373094 -0.010457173960392606 0.0093296165235261085 0.0024306091609371644 0.010586342050602493 -0.011211327283664901 0.015965803879266431 -0.0086476179930714599 0.013584857911667084 -0.010304174602518916
leaf_weight=46.797846123576164 18.491345532238487 2.493953853845599 2.9294199496507627 8.9032652229070681 6.3325899019837371 9.7642485871911031 3.8271312862634677 8.5661891028285009 25.797898761928085 2.2195701301097861 1.7552187219262116 1.0819963887333868 23.911663971841335 1.4889657199382762 7.1871320605278015 10.807885929942136 6.5210115835070601 35.181066624820232 9.6691519767045957 5.774066701531412 2.882350541651248 3.6271057054400426 4.5889975354075432 5.5516960099339476 1.0910563021898259 5.3305463120341301 2.2278698533773413 5.8437031581997863 4.8469360023736954 7.3790662586688995
leaf_count=383 143 22 18 51 43 64 22 45 142 16 10 9 114 7 57 78 35 160 57 38 16 23 22 32 5 46 11 43 25 56
internal_value=-6.82702e-06 -0.00237591 0.00213363 -0.00418631 0.00340185 0.00404869 0.00476341 -0.00138257 0.00377528 0.00511071 -0.00541956 0.00794945 0.00573567 0.00429658 -0.00529614 -0.00561943 -0.00169426 0.00564907 0.00125005 -0.00711299 -0.00231344 0.00750283 0.000571169 -0.00486266 -0.00827313 -0.00587729 0.003131 0.00114779 0.00739622 -0.00545494
internal_weight=282.871 134.291 148.58 103.78 127.251 118.991 109.227 14.8988 30.5114 28.0175 21.3286 2.83722 94.3282 70.4165 8.6761 86.805 23.9716 61.7404 18.3432 62.8333 16.0355 43.3972 8.2161 17.4506 11.8989 8.25997 16.9748 14.747 8.67407 13.1531
internal_count=1793 928 865 748 703 639 575 88 180 158 162 19 487 373 64 643 150 309 104 493 110 205 45 115 83 64 105 94 47 94
is_linear=0
shrinkage=0.00974396


Tree=87
num_leaves=31
num_cat=0
split_feature=73 74 66 67 58 55 55 67 71 4 58 5 39 39 16 40 55 24 55 22 16 10 42 23 5 58 40 0 42 48
split_gain=14.8411 15.4947 13.9609 11.3084 8.52889 8.29774 7.2526 5.96747 13.6522 8.4055 6.0324 5.17887 5.58018 6.75528 6.94395 5.12602 5.62259 5.11666 6.56346 5.255 4.99539 4.59563 5.3794 4.58082 5.13845 4.55365 4.40714 4.31856 4.29005 4.65449
threshold=1.0000000180025095e-35 1.0000000180025095e-35 195.50000000000003 1.0000000180025095e-35 7.3500000000000005 1.6820000000000002 2.3309166666666674 1.0000000180025095e-35 1.0000000180025095e-35 3.4000000000000004 9.3150000000000031 19.545000000000005 86.590000000000018 78.295000000000016 26.855000000000004 90.225000000000009 1.4620000000000002 12.820000000000002 1.5937500000000002 27.635000000000002 5.1450000000000005 7.8800000000000008 94.285000000000011 12.177500000000002 20.275000000000002 18.410000000000004 97.040000000000006 5.3850000000000007 73.610000000000014 0.055000000000000007
decision_type=2 2 2 2 2 2 2 2 2 2 2 2 2 2 2 2 2 2 2 2 2 2 2 2 2 2 2 2 2 2
left_child=1 3 4 17 -2 -4 11 8 26 20 -11 12 13 14 -7 16 -3 -1 19 -19 21 22 -10 27 -25 -8 -6 -5 -12 -30
right_child=2 15 5 23 7 6 25 -9 9 10 28 -13 -14 -15 -16 -17 -18 18 -20 -21 -22 -23 -24 24 -26 -27 -28 -29 29 -31
leaf_value=-0.0069851530902310032 -0.0046289999988612818 -0.00079587258352079493 -0.0088554461582862412 0.0019854255976396078 -0.0040312685258957048 -0.012104620056965533 0.0041297643246192162 0.011761640729262338 -0.012151907722004982 0.017740410736249594 -0.0040132491367357824 -0.0080053371203293051 -0.001647413028687206 0.016733169597391382 0.013054503336173254 -0.008470058415863211 0.0083364800281311349 0.012255594150727104 0.0029525840651879955 -0.010350810193883024 -0.0084874871358520069 0.016096465850638429 0.0063413441939452267 -0.0062361230088099013 0.010229156540051586 -0.006844986031937313 0.013819463586039053 0.016364925677158682 0.0011813509080459482 0.009892499012535267
leaf_weight=64.156095668673515 9.2820582017302495 9.9849966764450127 12.743049271404741 4.4896712452173251 18.497697494924072 1.9916167259216324 4.7889048755168941 11.354186750948427 2.2474450096487981 5.9385827928781501 2.9653930887579909 2.6229634508490554 5.1319668740034095 6.6155808642506599 2.1014180779457092 2.9128466323018065 17.645769000053406 1.068267017602923 12.885268799960611 8.3384310007095319 4.5355923622846595 2.2081334963440895 4.273233950138092 6.4908612892031652 2.4445969387888908 13.916636370122431 1.3742594271898259 3.5649817287921906 7.3708487302064887 28.544337123632431
leaf_count=492 68 70 116 26 111 13 25 52 14 25 17 19 32 31 10 23 87 5 74 72 26 11 21 45 15 103 7 19 36 128
internal_value=-6.91357e-06 -0.00235836 0.00211379 -0.00415932 0.00423939 -0.00208241 0.000242811 0.00516408 0.00419632 0.00658099 0.0085961 0.00457369 0.00667863 0.0106725 0.000782705 0.00373415 0.00503507 -0.00558781 -0.00155555 -0.00773153 -0.000223282 0.00407425 -4.61599e-05 0.00309782 -0.00169332 -0.00402582 -0.00276667 0.00841191 0.00718037 0.00811137
internal_weight=282.486 133.982 148.504 103.438 98.5918 49.9121 37.1691 89.3097 77.9555 58.0836 44.8192 18.4635 15.8406 10.7086 4.09303 30.5436 27.6308 86.4481 22.292 9.4067 13.2644 8.72881 6.52068 16.9901 8.93546 18.7055 19.872 8.05465 38.8806 35.9152
internal_count=1793 928 865 748 516 349 233 448 396 278 206 105 86 54 23 180 157 643 151 77 72 46 35 105 60 128 118 45 181 164
is_linear=0
shrinkage=0.00974396


Tree=88
num_leaves=31
num_cat=0
split_feature=45 67 55 30 33 30 74 43 33 12 21 50 10 26 53 45 37 11 3 31 42 47 4 18 50 4 1 66 47 32
split_gain=14.9993 13.8329 13.8205 10.9691 8.93575 8.94477 7.14591 6.59309 6.52915 6.66692 6.49424 6.46708 5.74401 8.79556 7.23108 7.85247 4.66621 6.76633 5.13011 4.18125 4.06736 4.06554 4.44445 3.82184 4.02244 3.75319 4.6747 3.6939 3.78852 3.51852
threshold=42.110000000000007 1.0000000180025095e-35 1.8090833333333336 4.8950000000000005 -3.4149999999999996 4.7500000000000009 1.0000000180025095e-35 71.962083333333354 3.3600000000000008 13.875000000000002 15.025000000000002 0.19500000000000003 8.4500000000000011 -0.35499999999999993 1.3150000000000002 71.190000000000012 86.835000000000008 16.252500000000005 13.405000000000003 15.771166666666668 45.695000000000007 84.81750000000001 3.5200000000000005 6.8600000000000003 0.79500000000000015 3.2200000000000006 3.6950000000000007 50.500000000000007 85.422500000000014 3.4807467161818946
decision_type=2 2 2 2 2 2 2 2 2 2 2 2 2 2 2 2 2 2 2 2 2 2 2 2 2 2 2 2 2 2
left_child=20 2 3 4 5 11 8 -6 9 21 -10 -2 13 -13 25 -16 17 -12 -19 -20 -1 -4 -23 -9 -25 26 -14 -24 -29 -5
right_child=1 -3 6 29 7 -7 -8 23 10 -11 16 12 14 -15 15 -17 -18 18 19 -21 -22 22 27 24 -26 -27 -28 28 -30 -31
leaf_value=0.0054268987695780683 -0.0082760467001373513 0.0057681429313291305 -0.007964432215829341 -0.0042309126989167611 -0.0054671340247096547 0.016794236193491935 0.010604229940313818 0.015150486595538044 -0.006600305445279073 0.008523489269843405 0.017327262970754317 -0.0052187106561350114 -0.011338193813231381 0.017974760313561433 0.011723615866059092 -0.008284054579703666 -0.011741767784461161 0.012323207799563449 -0.0040720562121604456 0.0085903705307982352 -0.010420967925925638 -0.0026886645958354946 0.01413023569740725 0.0057294064568620719 -0.0068328096356636029 -0.0093963884722266192 0.0048461854430108461 0.015582873285799544 0.0017075018977533709 -0.010611465541425891
leaf_weight=1.6735663786530519 20.007072702050209 40.950182028114796 4.000178024172782 16.753354296088219 6.3138069882988956 2.0254836380481711 8.8111699372529966 3.439954578876498 15.194586001336573 17.578310206532478 2.6966462656855645 2.8721051812171936 2.5424855202436509 3.2913752496242514 5.2086772322654706 2.8477916717529297 2.2080333754420272 3.0477095693349865 11.989975333213804 3.0773809403181067 15.393805600702761 11.153606683015822 3.3915012031793621 18.497643917799 2.7425020337104788 13.004032529890535 4.8941544443368912 2.0536578595638302 18.050024352967739 16.38542914390564
leaf_count=13 159 224 25 130 49 9 41 15 102 81 13 20 20 16 27 21 15 13 81 18 147 63 14 82 15 102 28 9 94 147
internal_value=-6.91179e-06 0.000563322 -0.00038809 -0.00262521 -0.000817607 -0.003118 0.00222854 0.00338476 0.00144186 0.00355377 -0.00166264 -0.0038691 -0.00131541 0.00718007 -0.00316435 0.00462992 0.00159645 0.00303628 0.000870456 -0.0014625 -0.00885102 0.00128407 0.00236295 0.00565934 0.0040922 -0.00624547 -0.00069905 0.00476694 0.00315763 -0.00739805
internal_weight=282.096 265.029 224.079 120.826 87.6871 56.6932 103.253 30.9939 94.4416 56.2273 38.2143 54.6677 34.6606 6.16348 28.4971 8.05647 23.0197 20.8117 18.1151 15.0674 17.0674 38.649 34.6488 24.6801 21.2401 20.4407 7.43664 23.4952 20.1037 33.1388
internal_count=1793 1633 1409 840 563 402 569 161 528 286 242 393 234 36 198 48 140 125 112 99 160 205 180 112 97 150 48 117 103 277
is_linear=0
shrinkage=0.00974396


Tree=89
num_leaves=31
num_cat=0
split_feature=45 56 67 71 66 26 16 5 71 60 41 44 26 16 40 56 16 8 53 56 51 32 54 5 51 66 54 20 40 56
split_gain=14.8044 14.3292 14.1299 12.9005 13.1672 10.6513 10.602 7.72059 8.3156 7.42954 6.6944 5.91113 6.30145 5.61792 5.60259 5.7421 5.17328 5.07716 4.84725 5.33083 4.6566 4.25949 4.14794 4.08686 5.19659 4.78184 4.89754 4.01227 4.68368 4.34446
threshold=42.110000000000007 1.8580277265804159 1.0000000180025095e-35 1.0000000180025095e-35 215.50000000000003 2.0950000000000002 12.310000000000002 3.9050000000000007 1.0000000180025095e-35 50.500000000000007 70.000000000000014 4.2933670841362863 6.7150000000000007 5.910000000000001 88.735000000000014 2.7382932187860631 0.9900000000000001 3.1560568248066256 0.015000000000000001 3.8558276925792572 0.015000000000000001 3.1212773194245016 1.6450000000000002 5.4800000000000013 0.69500000000000006 87.500000000000014 2.4650000000000003 3.7932963691142931 89.995000000000019 2.8202129931088318
decision_type=2 2 2 2 2 2 2 2 2 2 2 2 2 2 2 2 2 2 2 2 2 2 2 2 2 2 2 2 2 2
left_child=-1 7 3 6 5 23 16 8 21 -8 -7 22 18 -10 -12 -16 -3 -15 -13 -20 -11 -2 -6 24 -5 26 -26 29 -29 -4
right_child=1 2 27 4 11 10 9 -9 13 20 14 12 -14 17 15 -17 -18 -19 19 -21 -22 -23 -24 -25 25 -27 -28 28 -30 -31
leaf_value=-0.008824688033038413 0.0011745118609616113 0.0054335850428390434 -0.0066037752885530375 -0.0084612583066792525 -0.0036722739317547005 -0.0029342620246149719 -0.0047252750773700523 -0.0074573112589752756 0.024561786518148131 0.010915398957462906 0.011285689176449391 -0.011218168749340942 -0.0077093986896077556 -0.011617953539905882 -0.0071365455986182689 0.0076006968795368822 -0.0078775467934291826 0.015413113171200886 -0.003942411369463961 0.015358780262594289 0.0013575927495661211 -0.011277216664577878 0.014752212974226154 0.010171185784639727 -0.012350984912979354 0.014867498364501255 0.0046076918809250323 0.0080713345063240221 0.02180160386066235 0.0079388698685723784
leaf_weight=16.95202499628067 6.9081777557730657 3.0309841260314014 3.4144877195358303 7.5667008459568086 1.8971225321292902 4.8733530715107909 18.838647939264774 28.927529774606228 1.930474281311034 5.5541949421167365 31.034375436604023 1.6687285676598573 16.745015114545822 1.2167616039514544 3.4317357763648024 9.0169156789779645 28.627994440495968 1.3518194109201429 2.2537474930286407 3.3035364896059036 36.524101927876472 4.1323104873299599 2.8634763658046722 2.7811205834150305 2.4987502545118314 2.1877408772706985 4.4145619422197342 20.658701799809936 2.6652395576238623 4.4383671879768372
leaf_count=160 41 17 22 49 11 31 136 242 9 27 138 13 125 8 21 40 215 8 16 18 205 34 13 14 15 10 21 98 13 23
internal_value=-6.92094e-06 0.000558356 0.00157737 0.000574016 0.00306616 0.00540838 -0.00202356 -0.00448405 0.00104722 0.000352334 0.00785619 -0.00245677 -0.00443053 0.0121631 0.00906995 0.00351859 -0.00659421 0.00257626 0.00315065 0.0075344 0.00263082 -0.00349686 0.007412 -0.000674547 -0.00251065 0.00243718 -0.00153703 0.00765146 0.00967824 0.00159807
internal_weight=281.709 264.757 220.29 189.113 96.5369 67.8053 92.5759 44.4671 15.5395 60.9169 48.3564 28.7316 23.971 4.49906 43.483 12.4487 31.659 2.56858 7.22601 5.55728 42.0783 11.0405 4.7606 19.4489 16.6678 9.10105 6.91331 31.1768 23.3239 7.85285
internal_count=1793 1633 1291 1135 535 339 600 342 100 368 230 196 172 25 199 61 232 16 47 34 232 75 24 109 95 46 36 156 111 45
is_linear=0
shrinkage=0.00974396


Tree=90
num_leaves=31
num_cat=0
split_feature=45 68 20 35 52 42 9 39 49 49 52 20 42 17 41 49 7 0 14 39 11 71 49 60 41 1 52 42 39 52
split_gain=14.6103 13.5783 10.203 9.97511 9.60174 7.44234 8.91742 7.18089 7.11112 7.99714 6.61643 10.0098 5.40559 6.58653 6.1036 5.39683 5.36271 7.30397 6.22264 11.0076 6.19685 4.6231 6.18561 6.01508 11.2269 4.12844 4.08035 4.05828 4.05443 4.49004
threshold=42.110000000000007 1.0000000180025095e-35 5.5191190948688122 11.940000000000003 0.68500000000000016 96.195000000000007 -2.7749999999999995 88.460000000000022 0.23500000000000001 3.5900000000000003 0.10500000000000002 4.6445718175187034 88.345000000000013 5.4750000000000005 82.615000000000023 0.23500000000000001 12.381 21.455000000000002 16.820000000000004 78.88000000000001 20.590000000000007 1.0000000180025095e-35 0.13500000000000004 54.500000000000007 83.415000000000006 3.6750000000000003 4.4900000000000011 45.695000000000007 80.665000000000006 9.0550000000000015
decision_type=2 2 2 2 2 2 2 2 2 2 2 2 2 2 2 2 2 2 2 2 2 2 2 2 2 2 2 2 2 2
left_child=27 2 4 -3 10 6 -6 -4 -5 -10 11 12 14 -14 15 -2 18 20 19 -8 28 -12 -23 24 -24 -16 -9 -1 -18 -30
right_child=1 3 7 8 5 -7 16 26 9 -11 21 -13 13 -15 25 -17 17 -19 -20 -21 -22 22 23 -25 -26 -27 -28 -29 29 -31
leaf_value=0.0054712434775129075 -0.0065215687294139018 -0.0083123943589139444 0.0076058817975048149 0.016463662973399837 -0.0083179006575491241 0.0092552452850191581 -0.010351577503221592 -0.011170700784029571 -0.012739800799230514 0.016427739897441732 -0.0079502887992963008 -0.0091862783393715629 0.0051026193739704268 -0.010327709638804599 -0.0059756273861075893 0.0040418134618250227 -0.010507937016631878 0.007173857898044104 0.010581265746553943 0.004926614049068731 0.010497718108295672 -0.010054516523425906 -0.0075652610475078989 -0.0035075480815627042 0.019969324858707723 0.0097273306153750974 0.010043508515160541 -0.010385764540419269 -0.0047192918414444528 0.0090843494102157037
leaf_weight=1.6698140427470232 7.1475066319108036 24.781214624643329 32.845191963016987 2.887926757335662 7.8831301853060713 13.718331933021544 5.2923646569252005 3.246076487004756 2.7620303928852081 1.2715891674160955 20.703597329556942 8.6791787892580015 4.4558898136019689 6.2738410085439682 1.7339412495493913 12.682902701199053 8.0340711250901276 8.5964470729231817 12.355880811810492 27.88762853294611 2.7002843767404547 5.3820267319679287 2.2251529023051244 7.4893850609660149 3.6850445866584778 15.606599949300287 1.1281609013676641 15.170177437365053 10.1872596219182 2.8237591832876197
leaf_count=13 54 190 150 17 56 68 36 28 17 7 161 70 25 47 14 79 59 49 59 146 13 39 16 47 17 77 6 147 70 16
internal_value=-6.93035e-06 0.000553477 0.00136896 -0.00542441 0.000477751 0.00259959 0.00152988 0.00604262 0.00488617 -0.00344679 -0.00171832 0.000416176 0.00216455 -0.00391241 0.00392432 0.00022288 0.00253188 -0.000498519 0.00468566 0.00247689 -0.00328843 -0.00477765 -0.00126469 0.00227449 0.00959889 0.00814028 -0.0056315 -0.00879719 -0.00507891 -0.00169622
internal_weight=281.306 264.466 232.764 31.7028 195.544 99.4792 85.7608 37.2194 6.92155 4.03362 96.0651 56.5799 47.9007 10.7297 37.171 19.8304 77.8777 32.3418 45.5359 33.18 23.7454 39.4852 18.7816 13.3996 5.9102 17.3405 4.37424 16.84 21.0451 13.011
internal_count=1793 1633 1402 231 1218 572 504 184 41 24 646 366 296 72 224 133 448 207 241 182 158 280 119 80 33 91 34 160 145 86
is_linear=0
shrinkage=0.00974396


Tree=91
num_leaves=31
num_cat=0
split_feature=45 56 70 34 56 55 49 5 8 26 41 66 66 36 28 8 13 60 54 27 14 27 28 5 56 27 15 15 60 74
split_gain=14.4202 13.8952 12.7419 10.4589 9.46471 8.61319 7.86282 5.96662 5.88957 5.8109 8.86543 5.69228 6.07621 7.75066 5.98901 4.3555 4.23998 3.81376 3.65224 3.6692 3.54109 5.96395 3.53109 3.70222 3.87153 3.24697 4.54264 3.1836 3.09533 3.67754
threshold=42.110000000000007 1.8580277265804159 1.0000000180025095e-35 7.7300000000000013 1.9127284509485396 1.8090833333333336 1.3350000000000002 15.855000000000002 4.7585574487503477 3.0850000000000004 64.25500000000001 261.50000000000006 105.50000000000001 81.585000000000022 10.555000000000001 4.0888262591008546 26.100000000000005 34.500000000000007 0.03500000000000001 11.530000000000003 4.8600000000000003 1.9350000000000003 13.845000000000001 -0.32499999999999996 2.5994775140489974 -3.4349999999999996 1.8700000000000003 9.7250000000000032 51.500000000000007 1.0000000180025095e-35
decision_type=2 2 2 2 2 2 2 2 2 2 2 2 2 2 2 2 2 2 2 2 2 2 2 2 2 2 2 2 2 2
left_child=17 3 4 20 -3 6 11 16 18 -8 -11 12 -6 14 -14 -12 22 -1 19 -9 -2 -22 23 -7 -25 -26 -27 -4 29 -29
right_child=1 2 27 -5 5 7 9 8 -10 10 15 -13 13 -15 -16 -17 -18 -19 -20 -21 21 -23 -24 24 25 26 -28 28 -30 -31
leaf_value=0.010914768122404196 0.0092625231260603496 0.0076449166661851243 -5.249279828153419e-05 -0.0072731270086884249 -0.0075135439409043641 -0.0081441369337578173 -0.004840321853576285 -0.0031207256118798306 0.010412598142597202 -0.011399710667513609 0.012121477712545608 -0.010310336857538925 0.0014250456237933893 0.013466160007260267 -0.0090977469328112279 -0.0032521358423076982 0.015682423143311797 -0.0098564181558979426 -0.0054223164361360239 0.010108528466597322 -0.0091775854460500548 0.010061064588087804 -0.011522336006753333 -0.0062803037596593485 -0.011248074025953446 0.021390593243515069 0.0042073179312364043 -0.0012405574656297307 0.012310150597881157 0.014551050297279492
leaf_weight=0.85015647858381527 5.3607161194086057 17.111556261777878 3.6752102896571186 32.519246652722359 15.719488024711607 2.5369258001446715 6.6897413134574917 4.7889086157083565 3.3752197921276084 2.2662156298756591 9.9897482916712743 11.953902386128901 16.046837575733669 3.5373486727476111 7.4994164034724227 2.0877859741449347 2.5584236532449713 15.8760704472661 19.616958640515804 3.3437788262963295 3.7854473292827606 2.5108515545725822 1.5192081779241551 3.4122755005955687 1.2076013237237848 1.467151865363127 59.345580071210861 4.1832886114716556 14.020101293921469 2.053897351026535
leaf_count=7 27 74 20 274 121 17 47 26 15 18 52 110 95 15 60 13 13 153 138 19 27 14 11 24 9 6 296 21 60 11
internal_value=-7.03624e-06 0.000548519 0.00155044 -0.00443542 0.000729749 6.63766e-05 -0.00242629 0.00189895 -0.001662 0.00263045 0.00612715 -0.00437151 -0.00270238 9.18623e-05 -0.00193015 0.00945152 0.00343914 -0.00877099 -0.00314731 0.0023243 0.00346784 -0.00147123 0.00297832 0.00331048 0.00376096 0.00431894 0.0046369 0.00825717 0.00976837 0.0039951
internal_weight=280.909 264.183 220.007 44.1763 196.074 178.963 75.7905 103.172 31.1249 21.0335 14.3437 54.757 42.8031 27.0836 23.5463 12.0775 72.0472 16.7262 27.7496 8.13269 11.657 6.2963 69.4887 67.9695 65.4326 62.0203 60.8127 23.9325 20.2573 6.23719
internal_count=1793 1633 1291 342 1179 1105 531 574 198 130 83 401 291 170 155 65 376 160 183 45 68 41 363 352 335 311 302 112 92 32
is_linear=0
shrinkage=0.00974396


Tree=92
num_leaves=31
num_cat=0
split_feature=55 66 56 5 34 34 21 65 36 20 36 41 66 56 56 8 19 6 31 31 50 48 48 42 48 50 55 4 55 42
split_gain=11.395 20.6544 9.97338 15.5279 7.86206 7.70152 7.48035 6.64135 6.35489 6.33979 5.53645 7.17209 9.93228 6.68405 5.24736 4.69422 4.68895 4.58473 4.45148 4.36426 3.92515 3.82649 3.64767 3.77181 3.43479 3.94003 5.08999 3.88403 3.42501 3.17399
threshold=1.8090833333333336 180.50000000000003 1.7871308947943856 6.4350000000000014 7.7300000000000013 21.910000000000004 10.225000000000001 49.500000000000007 82.035000000000011 3.4792386884211424 93.245000000000019 90.030000000000015 190.50000000000003 4.0173727160825488 2.5481827725851773 2.7155352320488402 20.096333333333337 21.250000000000004 0.99808333333333354 1.0382500000000001 0.40500000000000008 0.045000000000000005 1.2450000000000003 74.085000000000008 5.8050000000000006 0.055000000000000007 1.2889166666666669 4.1000000000000005 1.8594166666666669 84.565000000000012
decision_type=2 2 2 2 2 2 2 2 2 2 2 2 2 2 2 2 2 2 2 2 2 2 2 2 2 2 2 2 2 2
left_child=1 2 4 9 18 7 8 -3 -5 14 11 12 21 22 19 16 -15 -7 -1 -4 29 -2 23 -14 25 -11 -27 -28 -22 -13
right_child=10 5 3 6 -6 17 -8 -9 -10 24 -12 20 13 15 -16 -17 -18 -19 -20 -21 28 -23 -24 -25 -26 26 27 -29 -30 -31
leaf_value=0.0061091596435069173 -0.00064348228887132109 -0.0097975644251553935 -0.0099911298386215451 0.0060907193706019698 -0.008190190066235694 -0.011242682621403944 -0.006655591665736431 0.0076103205299414859 0.017492288852670589 -0.0064029043517248446 0.0074166250741959355 0.012734336999753675 0.0074241587320229814 -0.01119630730417674 0.0079731731530457393 -0.0065736019570673898 0.0043369494252213543 0.0056470538788943826 -0.011219409238227689 0.0082090482515930832 0.0043852422553955087 0.008770171454675027 -0.0040783763766471109 -0.0022580190436696586 0.012931665517356044 0.012501299785162377 0.0036446022740021441 -0.0060231897630353961 -0.011152335651420245 -0.003014910218448933
leaf_weight=7.4221702516078967 4.9058609530329731 37.405047036707401 13.936060324311256 32.967883504927158 18.529970146715641 1.9787876233458499 3.7386043518781653 2.1682422980666152 5.4072317332029334 6.6199287846684518 17.221762448549271 1.6847881674766529 17.187709219753749 2.2300950065255192 2.0853995680809012 16.312237352132797 9.8313535898923856 6.2193444818258286 1.6951993182301519 1.3381909132003791 1.5873313173651675 24.022057741880417 4.7694370076060286 4.8658749163150778 2.1017672419548026 3.7030625492334392 10.197283729910852 6.3825424015521994 7.9181065559387207 4.0722716897726059
leaf_count=41 25 357 116 150 158 16 29 12 24 46 83 8 82 18 10 116 57 39 13 7 9 108 32 32 10 20 56 44 51 24
internal_value=-7.08494e-06 -0.00166393 0.000554082 0.00215138 -0.00454901 -0.00705448 0.00643244 -0.00883425 0.00771609 -0.00173651 0.00232035 0.00143352 0.00254965 0.000122356 -0.00638821 -0.00317004 0.00142857 0.00152222 0.00284053 -0.00837205 -0.00470124 0.00717054 0.00360941 0.0052819 0.00104785 9.79848e-05 0.00223394 -7.4595e-05 -0.00853725 0.00162458
internal_weight=280.506 163.897 116.125 88.478 27.6473 47.7714 42.1137 39.5733 38.3751 46.3642 116.609 99.3871 84.1246 55.1967 17.3597 28.3737 12.0614 8.19813 9.11737 15.2743 15.2625 28.9279 26.823 22.0536 29.0046 26.9028 20.2829 16.5798 9.50544 5.75706
internal_count=1793 1148 724 512 212 424 203 369 174 309 645 562 470 337 133 191 75 55 54 123 92 133 146 114 176 166 120 100 60 32
is_linear=0
shrinkage=0.00974396


Tree=93
num_leaves=31
num_cat=0
split_feature=45 56 67 70 73 34 41 26 33 24 26 63 53 46 18 49 38 53 26 47 16 53 48 8 53 52 52 20 34 40
split_gain=14.061 13.4623 13.5951 16.6928 22.1984 10.1704 9.06111 6.09325 9.06532 5.71237 6.28928 5.51432 5.29065 5.20359 5.12132 4.80236 4.7536 4.70016 4.38316 5.3547 4.21788 4.20637 5.46279 4.04368 4.03819 3.91754 3.74627 3.74266 4.68547 4.60188
threshold=42.110000000000007 1.8580277265804159 1.0000000180025095e-35 1.0000000180025095e-35 1.0000000180025095e-35 7.7300000000000013 68.140000000000001 1.1650000000000003 3.3350000000000004 12.765000000000002 16.165000000000003 3.5000000000000004 6.2400000000000011 92.310000000000016 3.3900000000000001 0.21500000000000002 96.675000000000026 0.14500000000000005 3.7300000000000009 90.057500000000019 0.9900000000000001 1.0000000180025095e-35 0.71500000000000008 2.958139262699726 1.8050000000000004 0.055000000000000007 1.155 3.7932963691142931 6.910000000000001 89.995000000000019
decision_type=2 2 2 2 2 2 2 2 2 2 2 2 2 2 2 2 2 2 2 2 2 2 2 2 2 2 2 2 2 2
left_child=-1 5 3 4 9 24 -6 16 14 20 11 -11 -13 15 18 -10 -8 -15 -9 -20 -3 23 -23 -16 26 -24 -2 28 -4 -29
right_child=1 2 27 -5 6 -7 7 8 13 10 -12 12 -14 17 21 -17 -18 -19 19 -21 -22 22 25 -25 -26 -27 -28 29 -30 -31
leaf_value=-0.0087200844166604105 0.00044667345892324887 0.0053828721295505833 0.01071253066648953 0.0081249567647478111 -0.0072575527348999304 -0.0072104731082679677 -0.0033180266646664958 -0.006920450205507884 0.01463040413780034 -0.011202789338578925 -0.0081078803260039526 0.008978204747515749 -0.01168209480098051 0.007638068618291932 0.0075893241968462673 -0.0001858571248442326 0.014320889154091998 -0.0079388049409720059 -0.0068794626970319532 0.016271615154792803 -0.0076602106004256846 0.0054587879065894369 0.0010675012735370216 -0.0092797692886495836 -0.011365884463801183 0.01457150616543788 0.012386162248099394 0.0078278246966057112 -0.0045679977240691769 0.021386191020282597
leaf_weight=16.511054962873459 5.8282604962587339 2.4545020163059226 3.1611559391021755 23.974632643163204 8.5780456960201246 32.19245445728302 16.898888386785988 4.4351300522685033 3.0129353851079959 1.9883481264114404 6.8045557960867873 9.1633741036057454 1.3115610107779492 2.2168181687593451 2.940254032611846 6.4545015469193459 1.5476916506886471 9.9093409404158574 1.5289041548967364 2.3684665709733963 42.530072681605816 19.079652145504951 2.3582693710923222 2.4292229190468788 1.492950290441512 16.449401542544365 4.3601774796843529 20.743806868791584 4.6659387797117233 2.6860176697373381
leaf_count=160 35 14 16 112 64 274 102 26 18 17 46 48 9 12 13 38 7 73 8 10 329 90 12 14 11 73 22 98 29 13
internal_value=-7.14228e-06 0.000539358 0.00152403 0.000535464 -0.000571739 -0.00438542 0.00229373 0.00319189 0.00445347 -0.00504142 -0.000593098 0.00351152 0.00634674 -0.000841249 0.00667114 0.00455496 -0.00180514 -0.00506588 -0.000308206 0.00717815 -0.00694181 0.00801762 0.00916045 -3.02637e-05 0.00338731 0.0128905 0.0055954 0.00747182 0.0016088 0.0094193
internal_weight=280.076 263.565 219.691 188.435 164.46 43.8738 100.208 91.6295 73.1829 64.2524 19.2678 12.4633 10.4749 21.5936 51.5893 9.46744 18.4466 12.1262 8.3325 3.89737 44.9846 43.2568 37.8873 5.36948 11.6814 18.8077 10.1884 31.2569 7.82709 23.4298
internal_count=1793 1633 1291 1135 1023 342 560 496 387 463 120 74 57 141 246 56 109 85 44 18 343 202 175 27 68 85 57 156 45 111
is_linear=0
shrinkage=0.00974396


Tree=94
num_leaves=31
num_cat=0
split_feature=60 70 67 13 55 30 30 28 8 51 10 28 67 63 56 30 5 48 30 20 27 60 57 12 50 20 20 27 15 12
split_gain=12.7416 11.9836 9.83809 9.81643 9.49379 8.84376 8.71637 7.19012 8.03675 7.10671 6.08456 7.54449 5.40226 7.16008 5.34195 5.10677 5.99034 4.83883 4.82729 4.54714 4.99643 4.42561 5.11908 5.41015 4.49874 5.89968 4.21748 5.63366 6.12917 4.20712
threshold=49.500000000000007 1.0000000180025095e-35 1.0000000180025095e-35 23.045000000000005 1.8090833333333336 4.8950000000000005 2.8250000000000006 14.340000000000002 4.7585574487503477 8.6750000000000025 14.295000000000002 -0.17999999999999997 1.0000000180025095e-35 41.500000000000007 1.8345013440598543 -0.94499999999999984 17.935000000000006 2.6750000000000003 -2.6649999999999996 5.5191190948688122 7.9800000000000013 56.500000000000007 1.0000000180025095e-35 6.5850000000000009 0.045000000000000005 2.642041856895728 3.0270012416644394 13.305000000000001 12.350000000000001 9.7150000000000016
decision_type=2 2 2 2 2 2 2 2 2 2 2 2 2 2 2 2 2 2 2 2 2 2 2 2 2 2 2 2 2 2
left_child=3 2 4 12 5 6 10 8 21 -7 11 -2 13 19 17 -14 -17 -4 -16 -1 -21 26 24 -24 -23 -26 -6 28 -28 -3
right_child=1 29 14 -5 7 9 -8 -9 -10 -11 -12 -13 15 -15 18 16 -18 -19 -20 20 -22 22 23 -25 25 -27 27 -29 -30 -31
leaf_value=-0.0055485086585697766 -0.00035557824749504703 -0.0017733536571590573 -0.0091669449245851149 -0.009203527824743922 0.0087407344523671073 -0.0098318542356791994 0.0048861264911129309 -0.0062999521319762912 0.020410736466097479 0.017727080796932644 0.0029484949787787541 -0.011564726502368233 -0.007330918443955105 0.0065899999900302436 0.019111816826917406 0.013739739112464608 -0.010742584214808708 0.011126441471508626 0.0057335429904758596 -0.011354785241846787 0.0090871536635179512 0.0092101488041685369 -0.0015411975039149855 0.013880059353420285 -2.1894304729089805e-05 -0.01064151763897544 -0.0064675975892734576 -0.0091805492954299354 0.0064880356056441126 0.009830378203776963
leaf_weight=34.225310295820236 10.358899824321274 3.4884635284543064 3.8690728843212154 20.305216871201992 13.322209753096102 19.735111705958847 16.004791609942913 9.5065129771828634 2.3172774463891974 0.89354252070188422 8.8194410204887372 12.714262068271637 2.1583958640694618 6.7998581752181044 2.8716072142124238 5.7262530922889692 1.1009311079978941 1.5219283699989317 22.936683788895603 1.4977651461958874 4.3043069764971733 2.4955309927463594 4.5157181322574598 4.0683543086051941 11.681990727782251 8.6345695331692678 4.3075876310467782 3.6448415964841834 17.056627705693245 18.768405608832836
leaf_count=280 69 21 30 191 64 175 87 62 10 5 44 99 16 34 14 31 10 8 110 11 24 13 22 17 67 64 24 25 83 83
internal_value=-7.16779e-06 0.00126434 0.000434417 -0.0034077 -0.000600175 -0.00327342 -0.000970905 0.00164501 0.00269787 -0.00860194 -0.00391645 -0.00654655 -0.00129207 -0.00262243 0.00540994 0.00560886 0.00973606 -0.00337711 0.00725261 -0.00419533 0.00374929 0.00209673 -0.000612049 0.00578134 -0.00302898 -0.00455282 0.00431718 0.00194612 0.00386311 0.00800599
internal_weight=279.651 203.533 181.277 76.118 150.077 68.526 47.8974 81.5512 72.0447 20.6287 31.8926 23.0732 55.8128 46.8272 31.1993 8.98558 6.82718 5.391 25.8083 40.0274 5.80207 69.7274 31.3962 8.58407 22.8121 20.3166 38.3313 25.0091 21.3642 22.2569
internal_count=1793 1196 1092 597 930 479 299 451 389 180 212 168 406 349 162 57 41 38 124 315 35 379 183 39 144 131 196 132 107 104
is_linear=0
shrinkage=0.00974396


Tree=95
num_leaves=31
num_cat=0
split_feature=73 70 41 68 31 7 16 10 53 71 58 20 54 61 34 25 40 7 60 39 25 54 61 61 58 14 66 50 39 54
split_gain=13.6226 20.7994 13.2515 7.37276 10.5476 10.413 7.75254 5.99601 5.2724 5.78326 6.28775 8.11486 5.4379 5.15696 4.59329 5.63929 6.13623 4.42636 4.37504 4.15355 4.14141 4.10538 4.06761 3.94464 3.91471 3.86175 3.58654 5.50655 5.40623 4.18358
threshold=1.0000000180025095e-35 1.0000000180025095e-35 68.140000000000001 1.0000000180025095e-35 12.076416666666669 19.102250000000002 19.220000000000002 18.960000000000004 0.055000000000000007 1.0000000180025095e-35 9.3150000000000031 5.6942415951960159 0.39500000000000007 63.110000000000007 16.035000000000004 3.2550000000000003 95.975000000000009 16.397583333333337 35.500000000000007 89.070000000000007 3.6750000000000003 1.8650000000000004 109.53500000000003 119.51000000000001 12.500000000000002 15.545000000000002 271.50000000000006 0.6150000000000001 97.140000000000015 1.4550000000000003
decision_type=2 2 2 2 2 2 2 2 2 2 2 2 2 2 2 2 2 2 2 2 2 2 2 2 2 2 2 2 2 2
left_child=1 8 24 4 6 23 13 -3 22 26 12 -12 -11 18 15 16 -15 -16 -4 21 -21 -17 -1 -5 -2 -23 27 29 -28 -10
right_child=2 7 3 5 -6 -7 -8 -9 9 10 11 -13 -14 14 17 19 -18 -19 -20 20 -22 25 -24 -25 -26 -27 28 -29 -30 -31
leaf_value=-0.0097912635078381983 -0.00033645286860973101 -0.0019442526003866823 0.011312455962787561 -0.010743827730829649 -0.0040359615585242462 0.016992325423030905 0.0097222945819238019 0.011076314386646621 0.0019629853083098898 -0.0012282471266294476 -0.0033801526891000747 0.022204801269131144 0.021232204098370986 -2.7336658406521818e-05 -0.011628491271858167 0.011864033517548174 0.010565451648276672 0.010740192206326556 -0.0095859862087942782 0.013097469196383413 -0.0021225215516262061 0.0091929342256431359 -0.0014700394479473726 0.0038356565287123823 -0.0088975981531494528 -0.0088945567253602593 -0.01007194657806979 -0.0064336443269255254 0.0081778184620765349 -0.0061588719686550206
leaf_weight=20.06884250044823 8.9880522638559359 4.5168313756585148 1.1573224365711201 8.3421016708016378 13.655479207634924 1.878310166299342 25.475042320787907 12.766152225434778 23.807459101080898 1.6405329033732439 12.168256141245363 1.2647610828280438 2.621845468878746 26.609409540891647 3.072738751769065 19.054121576249603 6.4062498882412902 1.1121988967061041 4.6088062897324562 2.2776393294334394 6.30286505818367 2.5927087962627402 7.7921160086989394 2.1954574286937705 11.704142414033411 1.9125700443983076 13.641089729964731 21.896292880177498 1.7007494717836369 8.0178340226411802
leaf_count=181 63 29 6 65 95 11 120 60 151 10 89 6 12 152 22 84 31 6 37 10 31 12 48 12 99 9 116 160 10 56
internal_value=-7.20267e-06 -0.00228195 0.00202834 0.00321024 0.00398591 -0.00390693 0.00507737 0.00766922 -0.00378558 -0.00259702 0.00236475 -0.000906658 0.0126224 0.00349612 0.00423385 0.004871 0.00203384 -0.00561088 -0.00532344 0.00777573 0.0019421 0.0098885 -0.00747368 -0.00769133 -0.0051924 0.0014763 -0.00387077 -0.0026771 -0.00802552 -8.40042e-05
internal_weight=279.248 131.903 147.345 126.653 114.237 12.4159 100.582 17.283 114.62 86.7588 17.6954 13.433 4.26238 75.1066 69.3405 65.1556 33.0157 4.18494 5.76613 32.1399 8.5805 23.5594 27.861 10.5376 20.6922 4.50528 69.0634 53.7216 15.3418 31.8253
internal_count=1793 928 865 703 615 88 520 89 839 610 117 95 22 400 357 329 183 28 43 146 41 105 229 77 162 21 493 367 126 207
is_linear=0
shrinkage=0.00974396


Tree=96
num_leaves=31
num_cat=0
split_feature=73 70 33 68 56 1 36 10 41 0 41 74 71 35 36 66 52 41 34 21 61 58 21 15 58 71 52 61 63 66
split_gain=13.3797 20.4132 13.1585 16.8855 7.9073 7.57968 7.15357 5.85644 5.47582 5.48057 4.77831 4.65514 5.27166 4.27403 5.02503 4.52585 4.35176 4.12388 5.14711 4.85115 4.77309 4.10818 3.98009 3.77792 3.74151 3.73337 3.63782 3.5532 3.36326 6.77837
threshold=1.0000000180025095e-35 1.0000000180025095e-35 3.3350000000000004 1.0000000180025095e-35 1.7586442418608697 7.7500000000000009 80.835000000000022 18.960000000000004 65.065000000000012 21.180000000000003 71.420000000000016 1.0000000180025095e-35 1.0000000180025095e-35 1.6675000000000002 83.580000000000013 103.50000000000001 0.93000000000000005 92.385000000000005 22.745000000000005 -1.3899999999999999 106.98 5.7750000000000012 15.910000000000002 7.6350000000000007 13.9 1.0000000180025095e-35 1.3350000000000002 74.175000000000011 5.5000000000000009 129.50000000000003
decision_type=2 2 2 2 2 2 2 2 2 2 2 2 2 2 2 2 2 2 2 2 2 2 2 2 2 2 2 2 2 2
left_child=1 11 3 4 21 6 -6 -3 -4 22 27 17 -13 14 -8 16 -16 18 20 -19 -1 -2 -10 24 -15 -21 -24 -7 -14 -30
right_child=2 7 8 -5 5 10 13 -9 9 -11 -12 12 28 23 15 -17 -18 19 -20 25 -22 -23 26 -25 -26 -27 -28 -29 29 -31
leaf_value=-0.0085474766752464595 0.011265926871559109 -0.0019274845604696437 -0.01006035233262376 -0.0081868780022860341 -0.0056109900533125459 0.010692390253291908 0.022311550272974798 0.010941138559933762 -0.004664735151738467 0.012672104557648228 0.0094363497391873347 -0.0022030158063346553 -0.0038923564187410701 0.013446802442748101 -0.0017227192931802821 0.01932007549403526 0.0077039325165265847 -0.0083633782427642057 0.002477025217205994 -0.00037270725677507045 -0.003099771491638119 -0.0083213592855931572 -0.0027344691103579725 -0.0094488990901312967 -0.0033164765027797775 0.011668811082570884 0.011120596228225785 -0.0020467238831959667 -0.0035263113010035449 0.025211285052686171
leaf_weight=42.351523093879223 1.1879258453845967 4.5120798200368908 8.1486028209328634 10.261314868927 8.2591943666338903 2.9567188397049886 1.7815305143594802 12.798250325024126 19.062288142740734 2.492856726050376 43.74175189435482 15.378746479749681 1.2272544652223576 2.1715891063213331 7.7422217130661073 1.9711119383573521 11.489573508501051 5.9295807480812099 6.5087563022971144 12.485549703240393 24.103910237550735 5.89925666898489 3.7478215247392646 3.3014723882079124 2.9095682576298714 2.9962594956159583 3.3837088271975517 6.7393390312790871 1.2016938775777819 2.1011143624782562
leaf_count=369 7 29 72 77 52 21 8 60 138 15 193 100 9 9 45 8 54 47 44 83 152 47 24 21 18 17 17 39 9 9
internal_value=-7.20031e-06 -0.00226511 0.00200988 0.00369257 0.0049136 0.00566997 0.00243281 0.00758254 -0.00302908 -0.00101683 0.00806468 -0.00375982 0.00051532 0.00455905 0.00672928 0.00537692 0.00390641 -0.00466288 -0.00576612 -0.000893848 -0.00657634 -0.00497826 -0.00234073 -0.00137983 0.00386887 0.00197206 0.00384531 0.00185104 0.0097139 0.0147949
internal_weight=278.843 131.595 147.248 110.413 100.151 93.0641 39.6263 17.3103 36.8353 28.6867 53.4378 114.284 19.9088 31.3671 22.9844 21.2029 19.2318 94.3756 72.9642 21.4114 66.4554 7.08718 26.1938 8.38263 5.08116 15.4818 7.13153 9.69606 4.53006 3.30281
internal_count=1793 928 865 599 522 468 215 89 266 194 253 839 127 163 115 107 99 712 565 147 521 54 179 48 27 100 41 60 27 18
is_linear=0
shrinkage=0.00974396


Tree=97
num_leaves=31
num_cat=0
split_feature=45 56 68 56 49 11 42 53 71 48 26 33 26 24 52 26 18 12 44 60 44 35 42 8 66 26 52 48 66 53
split_gain=13.5031 12.7112 9.46858 10.1019 8.78891 8.48713 8.24301 5.83731 5.75261 5.42742 5.18751 6.33693 6.84185 5.97988 5.06815 5.97038 5.93398 5.35346 5.06751 5.03735 4.79055 4.67249 4.08582 4.05243 4.3519 4.93668 3.89354 5.05654 3.69166 3.55473
threshold=42.110000000000007 1.8580277265804159 1.0000000180025095e-35 1.9229896504856732 0.13500000000000004 17.972500000000004 92.920000000000002 0.045000000000000005 1.0000000180025095e-35 0.025000000000000005 -1.0549999999999999 1.2000000000000004 3.1700000000000004 12.775 0.38500000000000006 1.8700000000000003 4.2900000000000009 7.0650000000000004 4.2933670841362863 40.500000000000007 11.26371189783287 14.025000000000002 45.695000000000007 2.8108390720570884 285.50000000000006 15.820000000000002 0.62500000000000011 1.2150000000000001 53.500000000000007 0.88500000000000012
decision_type=2 2 2 2 2 2 2 2 2 2 2 2 2 2 2 2 2 2 2 2 2 2 2 2 2 2 2 2 2 2
left_child=22 6 3 -3 7 -4 19 -5 -8 -6 26 12 14 18 -12 17 -17 -16 -13 -2 -20 -7 -1 -9 25 28 -11 -28 -25 -14
right_child=1 2 5 4 9 21 8 23 -10 10 11 13 29 -15 15 16 -18 -19 20 -21 -22 -23 -24 24 -26 -27 27 -29 -30 -31
leaf_value=0.0057853818335031398 -0.00026353541240293956 0.008323697361966545 -0.0074896948999528127 -0.0079718063139166892 -0.0069035622156294824 0.014083609231617979 -0.0010513746445449986 -0.0042222155931068749 0.015156740243858654 -0.011428269736430042 -0.0078280349743921687 0.0067328669347217138 0.0061072935818811064 0.004889927431458981 6.2491900220161417e-05 -0.0099060889526606886 0.0087807481639927357 0.01470789699044261 -0.0071968832474734786 -0.009087502471555528 0.0050926416175100736 -0.0038256310468662547 -0.01028821126772954 -0.011173020559569204 -0.0069394209013351462 -0.011294146097359443 0.016221256559976256 -0.0056588227834397245 0.0063661477714214657 0.012183618856868425
leaf_weight=1.6394443735480333 8.3213517367839795 22.522340446710587 18.366211131215099 11.750257208943365 5.1468550935387603 3.107954502105712 8.5426712259650213 14.941912986338137 2.7036676853895178 3.7592294514179212 4.5339495241642025 4.556457087397578 29.33377618342638 19.628568060696125 4.0694744661450404 4.4285072088241568 2.4854167178273201 5.696605384349823 14.732671633362772 23.776168324053288 3.7414133995771399 2.4297995045781136 14.525046892464159 1.1743637844920254 4.157080151140689 1.8198252245783795 1.5132305622100828 2.7946783602237701 18.747681982815266 13.490629151463507
leaf_count=13 60 96 132 89 34 17 58 101 15 30 32 21 142 108 21 31 13 28 112 209 22 17 147 9 35 14 8 17 101 61
internal_value=-7.1762e-06 0.000525586 0.00148062 0.00219064 0.00138752 -0.00430123 -0.00429243 -0.00193118 0.00287121 0.00284425 0.00328464 0.0038551 0.00579276 0.00094081 0.00125734 0.00374658 -0.00315903 0.00864185 -0.0024219 -0.00680682 -0.0046958 0.00622976 -0.00864048 -0.000184391 0.00214296 0.00389436 -0.00422746 0.00207118 0.0053068 0.00803344
internal_weight=278.437 262.273 218.929 195.025 172.503 23.904 43.3439 52.5911 11.2463 119.911 114.765 106.697 64.0384 42.6591 21.214 16.68 6.91392 9.76608 23.0305 32.0975 18.4741 5.53775 16.1645 40.8409 25.899 21.7419 8.06714 4.30791 19.922 42.8244
internal_count=1793 1633 1291 1125 1029 166 342 349 73 680 646 591 328 263 125 93 44 49 155 269 134 34 160 260 159 124 55 25 110 203
is_linear=0
shrinkage=0.00974396


Tree=98
num_leaves=31
num_cat=0
split_feature=73 33 68 26 60 24 58 72 51 51 40 55 64 66 68 21 37 24 58 55 13 12 11 16 56 27 28 15 63 4
split_gain=13.0691 12.773 16.386 10.9379 8.45792 9.78144 6.84489 6.33011 5.89846 4.84803 4.83443 4.7759 4.79525 4.6917 4.49266 4.36713 5.30076 4.55402 4.2646 4.14632 3.66923 4.53315 4.60963 3.42895 3.3942 3.38532 3.25008 3.16805 3.98477 3.1528
threshold=1.0000000180025095e-35 3.3350000000000004 1.0000000180025095e-35 -0.97499999999999987 50.500000000000007 12.765000000000002 7.3500000000000005 1.0000000180025095e-35 0.58500000000000008 2.2550000000000003 95.285000000000011 1.7119166666666668 32.500000000000007 302.50000000000006 1.0000000180025095e-35 15.190000000000001 87.815000000000012 15.755000000000001 8.9600000000000026 1.7830000000000001 19.785000000000004 19.005000000000006 14.262500000000001 1.6900000000000002 5.6676324509105287 8.5050000000000008 7.9200000000000008 13.585000000000003 45.500000000000007 16.470000000000002
decision_type=2 2 2 2 2 2 2 2 2 2 2 2 2 2 2 2 2 2 2 2 2 2 2 2 2 2 2 2 2 2
left_child=4 2 3 10 19 7 27 8 24 -7 -2 -3 15 -8 18 17 -17 20 -10 29 21 22 -13 -9 -6 -21 -15 28 -5 -1
right_child=1 11 -4 6 5 9 13 23 14 -11 -12 12 -14 26 -16 16 -18 -19 -20 25 -22 -23 -24 -25 -26 -27 -28 -29 -30 -31
leaf_value=-0.0049744426228155204 -0.0077025087703487104 -0.0097329253803068137 -0.0081190695944942555 0.015419745198378635 -0.0062195130186631321 0.0059169075977250612 0.0072966623124145974 0.0043159523052103427 0.0076113572332283004 -0.0082836637568877419 0.0060605601209798403 0.0070703376345124342 -0.011137405350831922 -0.011472170178451912 -0.0087971826674817719 0.0082702534901619319 -0.011587821005239252 0.01390237248870874 -0.00041297986762394096 -0.0038167209936190599 -0.011763252336226054 0.012605877394775209 -0.0097269570624016598 -0.011304257745733156 0.0047276850562068175 0.0095527657589297484 0.0059324089049426132 -0.011095891615518948 -0.0066449781349582635 -0.011125234533534829
leaf_weight=20.726091504096985 8.6670897677540761 7.8111838847398749 10.163746267557142 1.3334004729986182 20.360702440142635 23.20468678325415 78.070817619562149 1.5109344124793995 11.422180369496351 2.4912847504019728 3.3161447048187247 2.2109704464674049 3.9055800661444655 2.1696285754442206 3.3078863918781272 8.6406823843717557 1.4577808901667584 1.3451093360781659 13.86405126750469 5.798296704888342 4.5321542620658866 1.8063863739371298 4.9499487355351448 9.7897594422101957 3.0558602362871161 2.5607429295778275 1.8494021371006963 2.9578705504536629 1.7519359290599823 13.018310107290743
leaf_count=174 59 77 77 7 156 115 374 9 61 17 18 11 34 17 25 48 10 7 89 39 33 9 37 84 15 15 10 26 11 129
internal_value=-7.26767e-06 0.00198751 0.00364414 0.00484221 -0.00224378 -0.000539305 0.00603022 -0.00259826 -0.00115642 0.0045251 -0.00387617 -0.00299113 -0.001151 0.00676758 0.00180909 0.00042192 0.00535873 -0.00293295 0.00321259 -0.00584034 -0.00465375 -0.00101233 -0.00451313 -0.00919715 -0.00478018 0.000288087 -0.00345094 -0.00394496 0.00292052 -0.00736087
internal_weight=278.051 146.94 110.28 100.116 131.111 89.0073 88.1331 63.3114 52.0107 25.696 11.9832 36.6598 28.8486 82.0898 28.5941 24.943 10.0985 14.8446 25.2862 42.1034 13.4995 8.96731 7.16092 11.3007 23.4166 8.35904 4.01903 6.04321 3.08534 33.7444
internal_count=1793 865 599 522 928 571 445 439 346 132 77 266 189 401 175 155 58 97 150 357 90 57 48 93 171 54 27 44 18 303
is_linear=0
shrinkage=0.00974396


Tree=99
num_leaves=31
num_cat=0
split_feature=45 72 68 5 66 62 24 27 44 37 5 44 62 7 44 8 21 52 51 42 29 21 62 42 21 48 53 53 42 45
split_gain=13.1528 12.4979 14.8949 9.62679 7.76368 8.60961 8.21799 8.05794 6.4152 9.17176 8.01694 8.51877 7.81982 6.21589 5.77519 5.19537 5.12722 4.8862 5.81216 5.07501 4.8757 7.40297 5.37153 4.42161 5.34413 4.49545 4.11267 8.31813 4.06493 3.96734
threshold=42.110000000000007 1.0000000180025095e-35 1.0000000180025095e-35 15.385000000000003 218.50000000000003 1.939416666666667 15.655000000000003 4.6300000000000017 8.9773740282462686 61.32500000000001 6.4350000000000014 7.2376315264024331 0.96041666666666659 4.9962500000000007 6.8179409388554708 4.5889684005400051 14.610000000000001 1.3600000000000003 0.52500000000000013 97.395000000000024 14.770000000000001 15.775 1.9358333333333335 96.195000000000007 1.925 0.97500000000000009 1.0300000000000002 1.7200000000000002 45.695000000000007 60.670000000000009
decision_type=2 2 2 2 2 2 2 2 2 2 2 2 2 2 2 2 2 2 2 2 2 2 2 2 2 2 2 2 2 2
left_child=28 2 4 -4 8 6 13 -7 9 -2 11 14 -12 -6 17 16 -9 18 -11 -20 21 22 -5 24 -19 -25 -3 -28 -1 -13
right_child=1 26 3 20 5 7 -8 15 -10 10 12 29 -14 -15 -16 -17 -18 23 19 -21 -22 -23 -24 25 -26 -27 27 -29 -30 -31
leaf_value=0.0057942919731899245 -0.0079476242877188508 -0.010671499676030174 -0.0090024441207776397 -0.0084868518157672958 0.0084532342186366318 0.01050045904297308 0.0072971201144556618 -0.0068716224358181689 0.0076616436113834474 -0.005927196348103304 -0.0046460104043102033 0.0096835750282224624 0.0077635604415448598 -0.010553077691309734 0.016821090690117016 0.014556788721571597 0.0019010362086477077 -0.0014902678180145732 0.0044000984487012106 -0.012113643598812359 -0.0083903748315518039 0.02021109988952666 0.0124949748808681 0.016173095980553723 0.0099814227450917906 0.0035632609082050589 0.007765568426932999 -0.011475866162933569 -0.010255304942893069 -0.0080839057641105359
leaf_weight=1.6382764279842366 7.7408662512898436 11.503235928714277 20.678832404315475 2.9485753402113897 1.7835187464952529 8.0126515030860883 3.6809294298291197 10.746266797184949 25.458079017698765 12.513153642416002 5.4581455066800109 1.2942882403731335 39.188888542354107 16.000929549336433 2.5305166617035857 1.9654629379510868 15.237420506775377 13.230088941752916 16.643856152892116 1.9368534088134755 2.7377617359161377 2.5043517053127289 1.8547931015491483 5.2087319642305356 5.392378941178321 5.6187572181224823 4.2945568561553937 4.1616087853908539 14.308328382670878 11.390782833099363
leaf_count=13 64 95 166 22 12 36 21 74 114 77 42 8 194 147 12 9 92 78 88 13 19 13 10 24 24 27 24 34 147 94
internal_value=-7.43636e-06 0.000516096 0.00112874 -0.00520476 0.0020522 -0.00100223 -0.00588163 0.00190978 0.00319493 0.00230459 0.00296703 0.00103377 0.00624099 -0.00862608 0.00250104 -0.000559248 -0.0017269 0.00189037 -0.000800065 0.00265091 0.00260459 0.00676294 -0.000324408 0.00473272 0.00183804 0.00967606 -0.00688629 -0.0016977 -0.00858873 -0.0062378
internal_weight=277.663 261.716 241.757 30.7243 211.033 57.4272 21.4654 35.9618 153.605 128.147 120.406 75.7594 44.647 17.7844 63.0743 27.9492 25.9837 60.5438 31.0939 18.5807 10.0455 7.30772 4.80337 29.45 18.6225 10.8275 19.9594 8.45617 15.9466 12.6851
internal_count=1793 1633 1480 230 1250 391 180 211 859 745 681 445 236 159 343 175 166 331 178 101 64 45 32 153 102 51 153 58 160 102
is_linear=0
shrinkage=0.00974396


Tree=100
num_leaves=31
num_cat=0
split_feature=68 6 61 56 5 61 34 52 61 36 58 12 74 5 17 20 27 1 61 34 58 17 36 36 34 17 59 17 7 8
split_gain=12.6303 11.6531 14.3933 11.7412 12.0619 10.8001 7.05088 6.42872 6.41239 11.9928 5.3792 5.19591 4.96097 4.73296 6.52641 4.57538 4.5297 4.50543 6.61631 4.50159 4.23356 4.33921 4.09173 6.82652 4.23677 4.03172 3.9776 3.85012 3.69248 3.5158
threshold=1.0000000180025095e-35 12.055000000000001 113.85000000000001 1.7871308947943856 5.9300000000000006 131.46000000000001 7.7300000000000013 1.3600000000000003 110.67500000000003 66.77500000000002 20.940000000000001 7.7350000000000012 1.0000000180025095e-35 16.200000000000006 17.480000000000004 4.5277430468589861 -1.6549999999999996 18.190000000000001 95.27500000000002 22.745000000000005 18.410000000000004 19.260000000000002 93.065000000000012 94.565000000000012 6.910000000000001 3.3950000000000005 0.25750000000000006 5.7350000000000012 21.069916666666668 3.9311731667818282
decision_type=2 2 2 2 2 2 2 2 2 2 2 2 2 2 2 2 2 2 2 2 2 2 2 2 2 2 2 2 2 2
left_child=1 3 17 6 10 12 7 16 19 -10 15 -12 13 14 -4 22 -1 -3 -19 -2 21 -7 24 -24 25 -5 -17 -27 -22 -11
right_child=8 2 5 4 -6 20 -8 -9 9 29 11 -13 -14 -15 -16 26 -18 18 -20 -21 28 -23 23 -25 -26 27 -28 -29 -30 -31
leaf_value=0.011264437104827701 -0.0096608855935396924 -0.009711447769514811 -0.0023331013769413637 -0.0094938575111196168 0.0065152105701793243 -0.0032353204658036577 -0.0076673771697572685 0.0145934613843051 0.0232378557788139 -0.0091022003101967168 0.0010910200635230658 0.013922407756030193 0.012280051943638499 -0.0032471579241296869 0.012977519508248998 0.017152203419863798 -0.0089951069214372365 -0.0086525660611814822 0.0045756338570039018 0.0087409027805025307 -0.0069146836467331996 0.014676627240758241 0.017441598400119093 -0.0027234170852450494 -0.0077321474566637112 0.0067326457102730997 0.0020281906686918688 -0.0029072107810327306 0.003355009663640063 0.0033376425707248338
leaf_weight=1.4254904538393018 21.265639401972297 21.177295364439487 4.347705423831945 3.982165880501273 64.498301737010479 2.8238437473773983 15.889801673591135 3.0402314364910126 1.8012037575244892 5.3077584132552129 7.278045825660227 5.092820480465889 7.588942661881446 7.1649691462516776 6.6180666089057922 1.8868116140365589 3.641614571213724 7.8380807936191541 6.5516188889741898 1.3060461282730091 17.818964831531051 2.2882977277040482 2.4467607587575904 4.4026765003800392 14.367400325834749 7.1149312034249297 11.966488175094126 8.6884624361991865 4.0420908704400054 3.5714400187134743
leaf_count=7 186 203 24 28 313 16 137 15 9 34 38 22 32 45 29 10 26 77 40 8 132 11 13 25 107 38 69 53 25 21
internal_value=-7.46227e-06 0.000760151 -0.00206712 0.00236352 0.00350601 0.00116388 -0.00389822 0.00347464 -0.00563806 0.00057093 0.000615019 0.00640984 0.00567916 0.00288957 0.00690829 -0.000692965 -0.00322972 -0.00685365 -0.00262468 -0.00857773 -0.00313874 0.00480609 -0.00233059 0.00451712 -0.0037111 -0.000775639 0.00413801 0.00143039 -0.0050075 -0.00409125
internal_weight=277.234 243.982 88.2599 155.722 131.725 52.6929 23.9971 8.10734 33.2521 10.6804 67.2266 12.3709 25.7197 18.1307 10.9658 54.8557 5.06711 35.567 14.3897 22.5717 26.9732 5.11214 41.0024 6.84944 34.153 19.7856 13.8533 15.8034 21.8611 8.8792
internal_count=1793 1535 634 901 716 314 185 48 258 64 403 60 130 98 53 343 33 320 117 194 184 27 264 38 226 119 79 91 157 55
is_linear=0
shrinkage=0.00974396


Tree=101
num_leaves=31
num_cat=0
split_feature=45 67 73 74 59 33 24 24 18 40 21 56 0 28 21 29 12 42 21 45 56 29 56 59 15 18 15 28 55 50
split_gain=12.8472 12.4561 12.6105 15.3415 6.77987 8.23858 7.65929 6.62639 5.98613 5.43486 4.7111 4.70257 4.59473 4.39557 4.36556 5.14147 4.16823 4.03301 3.92015 4.37955 4.22826 3.91921 3.91797 4.49787 5.19089 4.42461 4.64264 3.97514 3.81535 3.71673
threshold=42.110000000000007 1.0000000180025095e-35 1.0000000180025095e-35 1.0000000180025095e-35 0.072500000000000023 3.3350000000000004 2.0950000000000002 12.820000000000002 13.575000000000001 95.285000000000011 15.025000000000002 1.7427482540763781 21.180000000000003 16.515000000000004 18.405000000000005 14.885000000000002 23.430000000000003 45.695000000000007 10.225000000000001 45.480000000000011 2.8640323541026382 15.730000000000002 1.7871308947943856 0.33750000000000008 18.610000000000003 3.3900000000000001 5.0050000000000008 1.4850000000000001 1.4302500000000002 0.18500000000000003
decision_type=2 2 2 2 2 2 2 2 2 2 2 2 2 2 2 2 2 2 2 2 2 2 2 2 2 2 2 2 2 2
left_child=17 2 3 7 -4 6 9 -2 28 -6 -7 -3 16 14 15 29 -9 -1 -13 -20 -21 -10 -8 24 -24 26 -25 -27 -5 -12
right_child=1 11 4 8 5 10 22 12 21 -11 13 18 -14 -15 -16 -17 -18 -19 19 20 -22 -23 23 25 -26 27 -28 -29 -30 -31
leaf_value=0.0057692034488608934 -0.0066755818278136508 -0.0036258674196701754 -0.0070516153928887309 -0.010933361160573246 -0.0018524676654508095 -0.0068313329298091635 -0.007018325968932892 -0.0033566762996179978 0.010288185088830235 0.0084816951105040391 0.013293760195911572 0.0085733526792803518 -0.0064130562140929312 -0.011439864199504227 0.017212120036175692 -0.011197208033503717 0.0082832534852717975 -0.010225179186798229 0.013845967297428145 -0.011862084723623522 0.0032303873866286466 -0.0063060299031792002 0.015159727199557946 0.0066256525306541232 -0.0012271794217891352 -0.0042467263045931443 -0.013026993150234562 0.0071171585676784175 0.0027019481460169941 -0.0001749851950362473
leaf_weight=1.639063425362109 57.939294077455997 4.7596519514918318 7.8464843928813925 2.9800090715289134 26.709375105798244 12.345584854483606 2.0751256197690955 4.8542205616831797 11.599039845168589 5.8595726788043967 3.0373821258544904 26.520238734781742 6.7899259701371184 2.1454384699463835 1.8474843502044667 2.440919116139411 7.1928864568471909 14.112681053578852 2.0452313572168332 2.6809480339288712 4.9609028995037079 1.4936177730560292 9.1870062351226789 2.0602156370878211 2.2668968588113776 3.1661076471209517 2.460446409881115 33.121566414833069 5.4456463903188705 5.2427234426140785
leaf_count=13 457 37 61 28 165 91 17 32 61 31 15 131 49 16 10 20 37 147 10 20 26 9 44 9 14 17 14 147 32 33
internal_value=-7.4285e-06 0.000508225 -0.000409738 -0.00300596 0.00168448 0.0022892 0.00375129 -0.00504428 0.00425683 1.04758e-05 -0.00240053 0.00543923 -1.66074e-05 0.00131633 0.0035315 0.00111035 0.00358666 -0.00854302 0.00663693 0.00130985 -0.00207984 0.00837277 0.00598957 0.00651316 0.011912 0.00498518 -0.00406176 0.00611878 -0.00213259 0.00478802
internal_weight=276.826 261.074 220.107 98.2946 121.812 113.966 86.9063 76.7763 21.5183 32.5689 27.0595 40.967 18.837 14.7139 12.5685 10.721 12.0471 15.7517 36.2073 9.68708 7.64185 13.0927 54.3374 52.2622 11.4539 40.8083 4.52066 36.2877 8.42566 8.28011
internal_count=1793 1633 1409 705 704 643 458 575 130 196 185 224 118 94 78 68 69 160 187 56 46 70 262 245 58 187 23 164 60 48
is_linear=0
shrinkage=0.00974396


Tree=102
num_leaves=31
num_cat=0
split_feature=45 67 70 62 36 36 49 68 66 33 65 62 62 65 59 5 33 20 33 66 42 32 9 36 39 66 39 0 36 39
split_gain=12.68 12.1976 13.7814 11.6507 6.05603 6.9654 6.01203 6.37739 6.38375 8.21618 6.34463 5.5926 5.5788 4.82485 4.36353 4.31162 8.48029 5.70016 4.86752 4.26947 4.12417 4.11903 7.18261 4.59596 4.34321 4.06432 5.10534 5.68007 4.32235 4.4876
threshold=42.110000000000007 1.0000000180025095e-35 1.0000000180025095e-35 1.8090833333333336 93.430000000000021 86.935000000000016 6.7650000000000006 1.0000000180025095e-35 176.50000000000003 -3.4149999999999996 49.500000000000007 0.96041666666666659 1.1952499999999999 57.500000000000007 0.96750000000000014 21.070000000000004 10.395000000000001 5.6841443047290969 8.7750000000000021 83.500000000000014 85.645000000000024 3.8459861161254705 -7.0699999999999994 86.715000000000018 93.405000000000015 295.50000000000006 85.440000000000012 11.585000000000003 82.245000000000019 78.930000000000021
decision_type=2 2 2 2 2 2 2 2 2 2 2 2 2 2 2 2 2 2 2 2 2 2 2 2 2 2 2 2 2 2
left_child=-1 2 3 6 5 15 7 8 9 21 -10 -11 -4 -7 -6 17 -17 18 19 -5 -13 22 -2 -24 -25 26 27 -21 29 -29
right_child=1 -3 12 4 14 13 -8 -9 10 11 -12 20 -14 -15 -16 16 -18 -19 -20 25 -22 -23 23 24 -26 -27 -28 28 -30 -31
leaf_value=-0.0085173626095733004 0.019127637440065116 0.0053787684742610141 -0.0045901185720870598 -0.0057695106058507006 0.0011108338376735719 -0.0066245714244877974 0.0066500548212118692 -0.0093847666285767489 -0.0095347190804634142 -0.011102356270854555 0.0084078544684778218 0.0013994212089821602 0.0078817935096760407 0.0083596500602387807 0.012310873957943716 -0.011584158945321249 0.015361639545096929 0.021488346347457856 -0.0064451196845438565 -0.0047480359261713899 0.010791099636395496 -0.0089918523824626638 -0.0060126072133986396 0.0087782595767120428 -0.0062897265207040214 -0.011351358462279389 0.010944084222462208 0.0054084431121598281 0.011956821917318654 -0.0063330401714836023
leaf_weight=15.645724214613436 1.4194681867957069 41.023590676486492 3.9469259679317501 4.4771208614110938 6.0929283499717695 17.394887037575248 5.0895972549915305 18.077643491327763 17.984671920537952 2.1311034262180355 2.0513833910226813 10.382156297564508 23.335963986814022 2.2711843103170386 7.2664862722158432 5.0309616997838011 1.3814510032534597 1.4592999070882786 5.4988910257816306 7.1489381939172771 7.7837505042552939 11.077725596725939 16.635248109698306 4.7706919834017745 2.8763577789068222 1.4966403692960728 9.6959909498691541 12.551214829087263 6.3979431167244902 4.0535418465733519
leaf_count=160 7 224 31 30 35 105 32 155 170 19 11 53 107 11 31 38 9 6 40 44 34 88 132 27 19 11 44 64 31 25
internal_value=-7.51847e-06 0.000503651 -0.000406506 -0.00132596 0.00117257 0.000141852 -0.00362446 -0.00417756 -0.0029512 -0.00128536 -0.00767903 0.00368363 0.00606902 -0.00487498 0.00722973 0.00181284 -0.00570375 0.00273189 0.00218076 0.00322313 0.00544454 -0.00403196 -0.00187925 -0.0031401 0.00309092 0.00420437 0.00480196 0.00281143 0.00517027 0.00252663
internal_weight=276.449 260.804 219.78 192.497 92.2175 78.8581 100.28 95.1902 77.1126 57.0765 20.0361 20.297 27.2829 19.6661 13.3594 59.192 6.41241 52.7796 51.3203 45.8214 18.1659 36.7795 25.7018 24.2823 7.64705 41.3443 39.8476 30.1516 23.0027 16.6048
internal_count=1793 1633 1409 1271 524 458 747 715 560 379 181 106 138 116 66 342 47 295 289 249 87 273 185 178 46 219 208 164 120 89
is_linear=0
shrinkage=0.00974396


Tree=103
num_leaves=31
num_cat=0
split_feature=73 70 33 33 53 71 29 43 39 20 47 46 54 55 53 59 71 53 5 55 30 6 52 55 59 59 21 21 39 15
split_gain=12.3009 19.0499 11.9209 7.81579 5.02382 5.55723 4.77155 4.74466 5.00088 4.60223 6.5357 4.44108 4.36699 4.35668 4.29471 6.02907 4.01968 4.69609 4.55755 3.90363 3.82822 6.26815 3.8127 3.79403 4.42391 4.58048 5.91493 5.72803 3.92061 3.68674
threshold=1.0000000180025095e-35 1.0000000180025095e-35 3.3350000000000004 -3.2699999999999996 0.055000000000000007 1.0000000180025095e-35 -10.294999999999998 71.962083333333354 88.745000000000019 3.1289538997820325 81.115000000000023 87.765000000000015 1.6450000000000002 1.3499999999999999 1.3900000000000003 0.76750000000000018 1.0000000180025095e-35 1.0000000180025095e-35 14.595000000000001 1.8255833333333338 11.885000000000003 6.3800000000000008 0.31500000000000006 1.7867500000000003 0.030000000000000006 0.28250000000000008 -2.5199999999999991 -1.3899999999999999 96.570000000000007 23.135000000000002
decision_type=2 2 2 2 2 2 2 2 2 2 2 2 2 2 2 2 2 2 2 2 2 2 2 2 2 2 2 2 2 2
left_child=1 4 3 6 19 -6 -2 11 16 10 -4 29 -12 -3 15 20 18 -18 -9 -1 21 -7 -10 24 -8 -26 -27 -28 -25 -5
right_child=2 13 9 7 5 14 23 8 22 -11 12 -13 -14 -15 -16 -17 17 -19 -20 -21 -22 -23 -24 28 25 26 27 -29 -30 -31
leaf_value=-0.0096652493384856691 0.014369852816049411 -0.0041195598068600875 0.01121244659612943 -0.0058509235766251817 -0.0037578843442415957 0.0027126537385998421 0.0072492259299632459 0.0065469759979466203 -0.0091394752031257777 -0.005561680903879547 -0.0087257777807912048 -0.011591239762887767 0.0052043795565550376 0.0093819891032897781 -0.0037650488525630471 -0.011099985493077478 0.0018104159124138059 0.012798261987585401 -0.0090777986306148049 -0.0014506829216114809 -0.00097917832680434057 0.021587529092666813 0.0041497667918090723 0.0017226387600404007 -0.010048356653246382 -0.0096758651227067446 0.017369396693276199 -0.00038058890082812928 0.015778404607330838 0.012758853494758351
leaf_weight=19.272872716188434 2.2575932145118704 2.6463503614068058 4.4552241265773764 1.7688565030693997 67.914530672132969 3.110302463173868 3.8622403442859676 14.334846779704096 2.5685072019696227 22.903755441308022 5.3488963991403562 2.64488136023283 3.4979299083352089 14.677854135632513 6.6413007229566565 1.6009729877114285 4.5331049188971546 20.927011676132679 1.9822649583220471 7.7508426010608664 2.5413137823343277 3.6462591141462326 9.5322751477360708 17.697794705629352 7.7838084772229221 4.9778435975313213 2.1103341430425671 8.719422534108153 2.0783199667930594 2.2514376118779182
leaf_count=181 10 22 23 14 493 19 24 61 16 181 41 21 21 67 47 13 21 91 10 48 19 19 46 88 70 38 10 56 9 14
internal_value=-7.54216e-06 -0.00219093 0.00192967 0.00352581 -0.00365702 -0.00249473 0.000649539 0.00587287 0.0068323 -0.00291614 0.00163226 -0.00185847 -0.00320485 0.00730776 0.00238646 0.00614667 0.00842938 0.0108525 0.00462454 -0.00731918 0.00916267 0.0129804 0.00129895 -1.44686e-05 -0.00235986 -0.00394742 -0.00091852 0.00311448 0.00323331 0.00456098
internal_weight=276.039 129.803 146.236 110.031 112.478 85.4547 49.4874 60.5432 53.878 36.2058 13.3021 6.66518 8.84683 17.3242 17.5401 10.8988 41.7772 25.4601 16.3171 27.0237 9.29788 6.75656 12.1008 47.2298 27.4536 23.5914 15.8076 10.8298 19.7761 4.02029
internal_count=1793 928 865 599 839 610 305 294 245 266 85 49 62 89 117 70 183 112 71 229 57 38 62 295 198 174 104 66 97 28
is_linear=0
shrinkage=0.00974396


Tree=104
num_leaves=31
num_cat=0
split_feature=68 72 30 62 9 41 8 62 32 59 62 13 46 59 63 54 5 30 30 22 63 9 16 17 67 30 38 32 38 13
split_gain=12.0668 13.8037 12.2003 12.7679 7.91776 7.36488 7.39142 7.28887 7.8499 6.88254 6.29151 8.50367 6.15756 5.46705 4.91174 6.27846 4.50268 4.06464 5.75425 4.05394 4.39221 3.90487 3.85498 3.6292 4.13639 4.68443 3.60245 4.75575 3.58486 3.47133
threshold=1.0000000180025095e-35 1.0000000180025095e-35 7.0600000000000014 1.939416666666667 1.6250000000000002 71.015000000000015 3.345914221371268 2.1910000000000003 4.3370270138773277 0.17750000000000002 1.8445833333333337 24.590000000000003 99.730000000000004 0.030000000000000006 52.500000000000007 2.1650000000000005 6.4350000000000014 16.085000000000004 17.320000000000004 13.020000000000001 51.500000000000007 15.555000000000001 13.325000000000001 14.985000000000001 1.0000000180025095e-35 -1.0000000180025095e-35 97.815000000000012 2.257582844088613 88.390000000000015 20.820000000000004
decision_type=2 2 2 2 2 2 2 2 2 2 2 2 2 2 2 2 2 2 2 2 2 2 2 2 2 2 2 2 2 2
left_child=1 2 4 17 9 6 -6 -5 14 13 -2 28 16 23 21 -16 22 -4 -19 -18 -21 -9 -11 24 25 -1 27 -3 -12 -7
right_child=10 26 3 7 5 29 -8 8 -10 12 11 -13 -14 -15 15 -17 19 18 -20 20 -22 -23 -24 -25 -26 -27 -28 -29 -30 -31
leaf_value=0.013650821950557217 -0.0085006358055452601 0.0045714163546308412 -0.0089060055466262389 0.0061591002893709315 0.0094044895144882769 0.012413461126293768 -0.0067600632563246527 -0.0070208699708253714 0.022154308725394024 0.0029473608910047721 -0.0079009410883897138 0.016160002215790246 -0.0078944175183276958 -0.0088859037536320167 -0.0072174877654472931 0.017156101776214423 0.021576048737723615 0.0070265873892973426 -0.0078791785605883541 0.0083272319616923222 -0.0072673972915671837 0.0038459495403414812 -0.0050613188878994662 -0.0072125946538383074 0.021757193959208596 -0.010989142521635201 0.010039268011707504 -0.0097743639876594016 0.0070638072847076846 0.0061517837747716297
leaf_weight=1.4141735881567001 22.181801557540894 2.4877237528562608 21.275200068950657 19.111641563475132 4.3186008483171445 13.343111187219618 6.9635421484708786 16.47378570586444 1.1989789754152287 55.236090749502182 6.1560265645384771 2.5074769258499137 4.905389390885829 9.7546801045536977 1.7147761806845654 2.3103359937667847 1.8080292344093312 4.342458747327326 5.5626233816146851 12.089676752686499 1.9587767496705044 3.8347837328910819 6.3187612220644942 2.2634077370166779 1.3536951839923856 1.439656130969527 1.0859453305602063 16.782603234052658 1.9734122976660726 23.483944803476334
leaf_count=8 194 13 204 95 21 57 52 126 5 300 38 13 39 83 10 10 8 29 51 58 13 21 41 17 7 12 5 144 13 106
internal_value=-7.53729e-06 0.000741746 0.00144532 -0.00172639 0.00308611 0.00632579 -0.000550615 0.00161283 -0.00178917 0.00150137 -0.00555005 0.00059926 0.00264575 -0.00428919 -0.00300644 0.00677023 0.0033188 -0.0065078 -0.00132967 0.00794623 0.00613024 -0.00495934 0.00212059 0.0026318 0.00797457 0.0011953 -0.00692995 -0.00791048 -0.00423686 0.00843429
internal_weight=275.651 242.832 222.476 75.8246 146.652 48.1092 11.2821 44.6443 25.5327 98.5423 32.8187 10.6369 82.3167 16.2256 24.3337 4.02511 77.4113 31.1803 9.90508 15.8565 14.0485 20.3086 61.5549 6.47093 4.20752 2.85383 20.3563 19.2703 8.12944 36.8271
internal_count=1793 1535 1373 551 822 236 73 267 172 586 258 64 459 127 167 20 420 284 80 79 71 147 341 44 27 20 162 157 51 163
is_linear=0
shrinkage=0.00974396


Tree=105
num_leaves=31
num_cat=0
split_feature=67 70 62 49 66 36 21 59 36 49 28 4 28 29 36 21 62 22 52 35 12 52 10 17 8 29 40 16 8 52
split_gain=11.6099 14.0955 12.53 8.14947 7.14687 6.39918 6.32541 9.43876 6.12034 5.6432 5.63997 5.41558 7.20722 7.65756 5.27605 5.11888 5.05772 4.56813 4.24952 3.81488 3.78215 5.68585 3.74135 3.5295 3.5024 4.00264 3.45533 4.57591 3.55847 3.45201
threshold=1.0000000180025095e-35 1.0000000180025095e-35 1.8090833333333336 9.7050000000000018 176.50000000000003 93.430000000000021 -2.5199999999999991 0.087500000000000008 87.540000000000006 1.5150000000000003 16.790000000000003 0.32500000000000007 3.0450000000000004 8.1550000000000029 82.590000000000018 9.8250000000000011 1.1952499999999999 12.460000000000003 1.3900000000000001 12.695000000000002 3.8050000000000002 1.2550000000000001 29.470000000000002 12.645000000000001 2.4053298557435987 2.6950000000000007 80.765000000000015 15.795000000000002 5.0989012279908676 7.2550000000000008
decision_type=2 2 2 2 2 2 2 2 2 2 2 2 2 2 2 2 2 2 2 2 2 2 2 2 2 2 2 2 2 2
left_child=1 2 3 4 6 8 -1 -8 10 -6 -4 -9 -13 14 26 17 -3 -2 23 -17 -11 -22 -21 -7 25 -10 27 -14 -29 -26
right_child=15 16 5 -5 9 18 7 11 24 20 -12 12 13 -15 -16 19 -18 -19 -20 22 21 -23 -24 -25 29 -27 -28 28 -30 -31
leaf_value=-0.0091239534387948188 -0.0068950379768648023 -0.0045552129199524964 0.0018528114170349021 0.015795863138546598 -0.0099771915313652294 -0.0067096215796673712 -0.0081510878584528986 0.013305061757933185 0.012668999715343578 0.011732420843958882 -0.011436295617172522 -0.0045255478140710454 0.017779473281950311 -0.007693659570657773 0.016058991288557457 -0.008125652591070915 0.0073291702253269171 0.0077421974058935038 0.011600470475479888 0.006782615830959582 -0.010901625095483345 0.0077442092706759835 -0.010475074175319676 0.0089412054818840143 -0.010133247518434944 -0.0048741802812717313 -0.0069305289539888593 -0.0059191324721717562 0.0065521073230375418 0.0064793640876160477
leaf_weight=11.622290931642054 2.1388859972357777 3.9243393614888218 61.231210328638554 1.9019819721579541 27.908138446509838 2.9629660397768003 14.354092121124266 3.0758579447865477 1.8452810347080255 1.7480513453483562 3.1509902328252783 18.703610874712467 2.357205852866179 4.5831724852323523 4.0831196755170813 4.276021480560301 23.848186671733856 28.924033842980862 7.9431633502244949 5.9988682866096497 4.2898814678192139 2.3813463449478149 1.4466360136866567 2.4757712557911873 10.566692419350145 3.5437252819538116 2.4425598978996268 3.0747972130775434 7.1251257807016373 1.3019545003771771
leaf_count=92 16 31 356 11 282 17 125 16 8 9 25 133 11 30 19 31 111 149 36 31 44 17 16 13 68 21 15 23 31 6
internal_value=-7.49493e-06 -0.000866733 -0.00175133 -0.0039953 -0.00435121 0.000837323 -0.00255655 -0.00127309 -0.000186049 -0.00786983 0.00119415 0.000901468 -6.9351e-06 0.00356031 0.00627969 0.00465439 0.0056414 0.00672312 0.00707327 -0.000821001 -0.000855998 -0.00422071 0.00337674 0.000403897 -0.00533392 0.00115535 0.00357572 0.00564405 0.00277222 -0.00828549
internal_weight=275.23 232.446 204.673 109.651 107.749 95.0218 71.4218 59.7995 81.6399 36.3274 64.3822 45.4454 42.3696 23.666 19.0828 42.7844 27.7725 31.0629 13.3819 11.7215 8.41928 6.67123 7.4455 5.43874 17.2577 5.38901 14.9997 12.5571 10.1999 11.8686
internal_count=1793 1550 1408 858 847 550 495 403 484 352 381 278 262 129 99 243 142 165 66 78 70 61 47 30 103 29 80 65 54 74
is_linear=0
shrinkage=0.00974396


Tree=106
num_leaves=31
num_cat=0
split_feature=45 68 5 59 8 59 52 52 58 42 1 25 59 9 41 25 22 0 1 47 22 65 71 37 15 42 42 45 32 50
split_gain=12.1637 11.2171 8.99155 7.55678 6.5707 8.4173 6.83089 6.91471 7.28341 6.22528 5.58294 7.96499 5.28713 7.95623 4.5138 5.53225 5.80043 5.05631 4.17539 4.14958 4.56143 4.09159 4.06629 4.50923 5.57357 4.29422 4.03369 3.74737 3.71113 3.66907
threshold=42.110000000000007 1.0000000180025095e-35 15.385000000000003 0.42250000000000004 5.0028758499615451 0.37250000000000005 0.68500000000000016 0.10500000000000002 20.075000000000003 96.195000000000007 21.195000000000004 13.600000000000001 0.56500000000000017 -1.2999999999999996 95.140000000000015 5.1800000000000006 26.900000000000002 17.775000000000002 10.355000000000002 92.220000000000013 9.9150000000000009 28.500000000000004 1.0000000180025095e-35 86.835000000000008 17.925000000000004 94.965000000000018 45.695000000000007 81.030000000000015 2.3878742762437883 0.18500000000000003
decision_type=2 2 2 2 2 2 2 2 2 2 2 2 2 2 2 2 2 2 2 2 2 2 2 2 2 2 2 2 2 2
left_child=26 4 -3 -4 6 -6 7 8 -2 12 11 -5 14 -14 15 -8 -17 18 -18 -11 -21 -15 28 24 25 -24 -1 -22 -9 -10
right_child=1 2 3 10 5 -7 9 22 29 19 -12 -13 13 21 -16 16 17 -19 -20 20 27 -23 23 -25 -26 -27 -28 -29 -30 -31
leaf_value=0.0059263769677009295 -0.001277812768225672 -0.0088625000548857389 -0.0073951269455596992 0.018762856105103295 -0.010895593039160731 0.0077212400290906829 -0.0026198775887860039 0.0021329093170768666 -0.0046833843059728162 0.017705091609015119 0.023831275814579566 -0.0084687503691264661 -0.010742381137552017 -0.0028666488866034429 0.013179778748933221 0.0092375846793823057 0.0068894274581965485 0.0050328385757106948 -0.0096841063346472505 0.011899908277911911 -0.011557912802858568 0.0043245759872500029 0.012780347854335232 -0.0077869338219754593 -0.0052560965594366403 -0.0034879154462436521 -0.0101600074231545 0.005265950479546133 -0.0092053875191762721 0.0078618806867380622
leaf_weight=1.623791530728339 43.740670450031757 20.064203739166263 4.2929022535681707 1.7439443841576574 2.5226002335548428 23.120791338384151 13.691597767174242 3.2291389256715801 2.5430990457534817 3.4481342881917945 1.7695928066968916 2.3445121496915817 6.929095707833766 14.619502909481527 4.1409672498702994 14.981911718845366 1.9341996014118219 11.997095264494417 5.3316055089235306 5.1007349640130979 1.9583388045430181 15.357597783207892 5.0305499359965342 6.3145890012383452 5.3085596486926079 2.1781826317310333 13.690595649182795 3.3528919517993927 17.03781421482563 15.466912962496279
leaf_count=13 308 166 32 10 24 98 94 19 18 15 9 14 50 90 20 72 12 70 43 22 15 74 26 42 39 14 147 16 145 76
internal_value=-7.53893e-06 0.000490405 -0.00508576 0.00237188 0.00122634 0.00587165 0.000639926 -0.00116095 0.000867673 0.0024069 0.00955254 0.00318095 0.00145725 -0.00136091 0.00345641 0.00260416 0.00469711 0.00114801 -0.00524191 0.00847424 0.00535247 0.000814036 -0.00436588 -0.00109422 0.00228504 0.00785449 -0.00843573 -0.000950923 -0.00739196 0.0060773
internal_weight=274.866 259.552 30.2152 10.151 229.337 25.6434 203.693 100.85 61.7507 102.844 5.85805 4.08846 88.9836 36.9062 52.0774 47.9364 34.2448 19.2629 7.26581 13.8601 10.412 29.9771 39.0988 18.8319 12.5173 7.20873 15.3144 5.31123 20.267 18.01
internal_count=1793 1633 231 65 1402 122 1280 687 402 593 33 24 525 214 311 291 197 125 55 68 53 164 285 121 79 40 160 31 164 94
is_linear=0
shrinkage=0.00974396


Tree=107
num_leaves=31
num_cat=0
split_feature=45 72 56 67 34 46 34 57 46 66 59 53 36 54 53 47 53 53 59 21 6 25 6 56 7 47 40 1 37 54
split_gain=12.0054 11.6834 9.95564 9.34694 7.93243 6.91187 8.4277 7.68092 6.35752 7.15273 7.21802 4.81646 4.63436 4.26323 4.21497 4.16534 4.00441 8.00202 3.84982 3.76423 4.29511 4.2177 3.66666 3.98789 6.46779 3.89257 3.64487 3.62799 3.53421 5.38846
threshold=42.110000000000007 1.0000000180025095e-35 1.7871308947943856 1.0000000180025095e-35 7.7300000000000013 96.675000000000011 9.1450000000000014 0.015000000000000001 83.230000000000018 213.50000000000003 0.067500000000000018 0.97500000000000009 92.515000000000015 0.84500000000000008 0.33500000000000008 81.327500000000015 1.0300000000000002 1.7200000000000002 0.022500000000000003 10.225000000000001 21.905000000000005 14.255000000000001 24.430000000000003 5.6719063801119693 20.418750000000006 84.055000000000021 83.790000000000006 17.635000000000002 80.870000000000019 0.12500000000000003
decision_type=2 2 2 2 2 2 2 2 2 2 2 2 2 2 2 2 2 2 2 2 2 2 2 2 2 2 2 2 2 2
left_child=18 2 4 5 -2 8 12 -8 -4 10 -10 22 -7 15 -14 26 -3 27 -1 -5 21 -21 23 24 25 -11 -13 -18 29 -12
right_child=1 16 3 19 -6 6 7 -9 9 11 28 13 14 -15 -16 -17 17 -19 -20 20 -22 -23 -24 -25 -26 -27 -28 -29 -30 -31
leaf_value=0.011612969609284485 0.0033977765593631195 -0.010583491453025678 -0.010859826525286394 0.0084183331288725551 -0.0077569652532539441 -0.0016657349160343624 -0.011211496456263282 0.010897967105656966 -0.0055125481517029357 0.00088401985475397636 0.0080520696322263618 -0.0006022964715099834 -0.0060119803763913331 -0.01005531616241314 0.0075776196221206422 -0.01142732857926893 -0.0008642685805002199 -0.011418223360714356 -0.009594513334645326 -0.010156024002545127 0.010427803495258322 0.0055971184134511213 -0.011101112887610424 -0.01115851989080551 0.018882993541108752 0.01256279397474812 0.013782169762034707 0.016945992474318061 0.0094945210518688865 0.00084242840666869611
leaf_weight=0.82498341053724189 8.6872927770018595 11.129903368651869 3.3237693384289733 25.031655140221119 19.692318506538868 35.960418730974197 11.93049372732639 1.668206229805947 5.7350807115435591 17.585388422012343 18.756267853081226 8.6240354701876658 2.644639588892459 6.7333926111459723 11.19395989179611 2.6362938657402983 2.2576098293066007 4.0433095395565033 14.386585414409636 3.6672030836343747 3.1972733363509178 2.815936766564846 1.7050450891256321 1.6052465960383404 2.6129363030195227 3.1743082925677291 2.0324288308620444 2.0261110961437225 18.018768720328808 20.778748422861099
leaf_count=7 51 95 33 120 182 222 112 7 43 112 89 50 15 54 54 20 15 34 153 25 17 14 14 13 14 16 10 9 85 108
internal_value=-7.56032e-06 0.000486087 0.0010761 0.00180404 -0.00433791 0.00089459 -0.00167999 -0.00846736 0.00233614 0.00273961 0.00487327 -0.000150276 0.000175857 -0.00376075 0.00496213 -0.000543353 -0.00676743 -0.00162702 -0.00841024 0.00642442 0.00124281 -0.00330124 0.00255616 0.00350878 0.00453786 0.00269537 0.0021679 0.00760398 0.00591333 0.00427046
internal_weight=274.48 259.268 239.811 211.431 28.3796 176.719 63.3977 13.5987 113.322 109.998 63.2889 46.7091 49.799 20.0262 13.8386 13.2928 19.4569 8.32703 15.2116 34.7121 9.68041 6.48314 26.6829 24.9779 23.3726 20.7597 10.6565 4.28372 57.5538 39.535
internal_count=1793 1633 1480 1247 233 1071 410 119 661 628 325 303 291 134 69 80 153 58 160 176 56 39 169 155 142 128 60 24 282 197
is_linear=0
shrinkage=0.00974396


Tree=108
num_leaves=31
num_cat=0
split_feature=45 72 67 71 70 30 33 61 26 5 48 61 10 53 52 3 48 30 5 38 26 26 58 53 34 48 61 34 30 1
split_gain=11.8473 11.511 8.88559 14.4859 28.3974 11.0864 9.25372 5.14023 4.80705 4.95785 4.72202 4.52312 5.62277 4.84642 4.50094 4.87319 4.29426 4.13751 5.87051 4.40285 4.08206 4.4659 4.07151 4.04414 3.91197 3.82444 3.70076 3.68045 3.68551 3.6807
threshold=42.110000000000007 1.0000000180025095e-35 1.0000000180025095e-35 1.0000000180025095e-35 1.0000000180025095e-35 11.870000000000003 5.6400000000000015 71.715000000000003 2.0950000000000002 21.070000000000004 0.055000000000000007 122.03000000000002 8.0700000000000021 1.2450000000000003 0.38500000000000006 -0.40999999999999998 14.210000000000003 14.955000000000002 15.505000000000001 97.815000000000012 1.655 1.4300000000000002 6.8200000000000012 2.3500000000000001 5.7750000000000012 1.2850000000000004 102.715 6.910000000000001 -2.4449999999999998 9.0850000000000026
decision_type=2 2 2 2 2 2 2 2 2 2 2 2 2 2 2 2 2 2 2 2 2 2 2 2 2 2 2 2 2 2
left_child=-1 2 3 4 6 8 11 -6 14 16 26 12 13 -2 15 -5 -10 19 -19 -3 21 23 -4 24 -16 -13 -8 28 -24 -29
right_child=1 17 22 5 7 -7 10 -9 9 -11 -12 25 -14 -15 20 -17 -18 18 -20 -21 -22 -23 27 -25 -26 -27 -28 29 -30 -31
leaf_value=-0.0083836301155226119 -0.011433622131146055 -0.010208376430152493 -0.0054811242221376099 0.0084341016719374044 -0.0044974441264120472 -0.0042620072085263454 -0.0032854122915143167 0.0075362957826754003 0.0056510415840210007 -0.011087532908579341 -0.002656406887917804 -0.0054555087628452561 -0.0097715567724331754 0.011032671098718361 -0.0066632412510947963 -0.010141710862036265 0.021500878744619381 0.014135882668180109 -0.011409662205286213 0.0097910559983351922 -0.012249049592060184 0.017522461827926168 0.025031705946245167 -0.0050551611959836745 0.0090412914324232811 0.0086061395267146932 0.016501280264911333 -0.00071515243807453133 0.0081966626553978301 0.0067225967503933464
leaf_weight=15.111318729817866 1.4260759577155107 14.865838952362539 3.0991828292608252 1.7140880748629568 3.8954386040568378 17.844558499753475 1.2776283100247363 23.441801272332668 57.731492958962917 1.5978922620415676 7.3772725537419319 5.7692573517560941 43.413148529827595 2.3743525817990303 1.8155141025781683 5.6692912653088596 1.6448488831520069 1.9166816174983972 1.4777068197727201 1.0883548036217678 1.4442141503095616 2.1744227558374396 1.6958325505256651 4.4458030313253394 7.9846273437142372 2.6459145694971085 2.8227445781230927 8.6543405652046221 4.6818342357873908 22.993547789752483
leaf_count=160 10 128 24 9 31 130 12 107 299 13 46 38 374 14 12 40 7 9 11 5 9 9 8 24 42 16 14 55 22 115
internal_value=-7.63145e-06 0.000481745 0.00106629 0.000211249 -0.00255055 0.00271891 -0.0059609 0.00581306 0.00416639 0.00564636 0.00199082 -0.00760407 -0.00877663 0.00253975 0.000584091 -0.00579119 0.00610556 -0.00673946 0.00297453 -0.00881631 0.00323273 0.00462696 0.00518657 0.00260888 0.00610466 -0.00100053 0.0103312 0.00606392 0.0128132 0.00468622
internal_weight=274.095 258.984 239.635 198.51 94.4436 104.067 67.1064 27.3372 86.2222 60.9742 11.4776 55.6287 47.2136 3.80043 25.248 7.38338 59.3763 19.3486 3.39439 15.9542 17.8646 16.4204 41.1247 14.2459 9.80014 8.41517 4.10037 38.0256 6.37767 31.6479
internal_count=1793 1633 1480 1256 662 594 524 138 464 319 72 452 398 24 145 49 306 153 20 133 96 87 224 78 54 54 26 200 30 170
is_linear=0
shrinkage=0.00974396


Tree=109
num_leaves=31
num_cat=0
split_feature=45 72 68 23 20 8 49 9 55 11 74 73 9 8 44 4 14 10 30 39 2 52 55 52 6 55 52 44 20 2
split_gain=11.691 11.341 13.0477 8.62835 7.26649 8.45777 7.55189 7.6063 5.91726 4.91713 4.466 6.06048 7.0756 5.76055 5.66505 4.80775 4.55864 4.45146 4.09045 4.31631 4.23853 4.07884 3.71109 3.5543 5.43521 4.42747 4.29771 3.43936 3.4331 3.34631
threshold=42.110000000000007 1.0000000180025095e-35 1.0000000180025095e-35 23.210000000000004 5.5191190948688122 4.345033441705457 0.56500000000000006 -7.9599999999999991 2.111333333333334 11.375000000000002 1.0000000180025095e-35 1.0000000180025095e-35 7.6100000000000003 4.2623406275447708 9.6856390151355498 5.3800000000000008 18.135000000000005 14.105000000000002 14.955000000000002 98.660000000000011 15.480000000000002 0.41500000000000004 2.32525 0.095000000000000015 3.6100000000000008 1.6222500000000002 0.03500000000000001 9.6856390151355498 4.7499261937946775 6.8100000000000014
decision_type=2 2 2 2 2 2 2 2 2 2 2 2 2 2 2 2 2 2 2 2 2 2 2 2 2 2 2 2 2 2
left_child=-1 2 4 8 5 6 10 -8 -4 17 11 14 13 29 15 -2 -12 -6 19 -3 -20 23 -5 25 -25 26 -9 28 -23 -13
right_child=1 18 3 22 9 -7 7 21 -10 -11 16 12 -14 -15 -16 -17 -18 -19 20 -21 -22 27 -24 24 -26 -27 -28 -29 -30 -31
leaf_value=-0.0083565782682736827 -0.00095407382919479599 -0.010180534721405255 -0.0091390606923180805 0.011227237634276544 0.005667157577057773 -0.0092253731235798515 -0.0090758071861777624 -0.0075300453431730316 0.0064666632089436715 0.0083672057555360339 -0.005309316321011285 -0.0017744052107148208 -0.0069008456949098624 0.018580263179591428 0.0058110839883051962 -0.01098057948477478 0.0087819502110540893 -0.0076411945704593174 0.011053683449350545 0.0095613827859477168 -0.011370690201132226 0.0057549010415233678 -0.005922400032227053 0.0059139767498662295 -0.008103266483443056 0.0072756037572986702 0.0076144613989904035 -0.0048761753858390742 0.016706288071469875 0.0044094273022741541
leaf_weight=15.013117872178553 6.9693487808108392 14.754214480519297 21.671779409050949 3.8437804579734793 5.7559500485658628 7.1648241505026808 4.2957213446497908 4.8894150480628076 2.5446203276514998 24.351017162203789 2.9176739677786818 15.219379156827925 9.4885424301028234 1.9739823192358006 3.5145155787467948 13.192758865654467 8.2454975321888906 4.0194022729992867 2.1758127585053439 1.0963831841945637 1.2139610797166822 47.043135903775692 1.6940282210707662 4.0913859158754331 7.163557268679142 12.923605181276796 2.7431818544864655 2.6676634252071372 2.8766043558716765 18.166518427431583
leaf_count=160 52 128 180 22 29 57 35 42 16 104 23 91 73 9 23 110 44 32 11 5 9 244 12 22 50 63 16 18 14 99
internal_value=-7.67096e-06 0.000477547 0.00105675 -0.00497641 0.00191424 0.00111293 0.00155555 0.00351114 -0.0074865 0.00602673 -0.00062007 -0.00155313 0.000550409 0.0025587 -0.00553762 -0.00752929 0.00508211 0.000173751 -0.00671148 -0.0087876 0.00294913 0.00415705 0.00595365 0.00139533 -0.00299369 0.00380569 -0.00205978 0.00582305 0.00640059 0.0015878
internal_weight=273.681 258.668 239.428 29.7542 209.674 175.547 168.382 88.6943 24.2164 34.1264 79.6882 68.525 44.8484 35.3599 23.6766 20.1621 11.1632 9.77535 19.2404 15.8506 3.38977 84.3985 5.53781 31.8111 11.2549 20.5562 7.6326 52.5874 49.9197 33.3859
internal_count=1793 1633 1480 230 1250 1085 1028 504 196 165 524 457 272 199 185 162 67 61 153 133 20 469 34 193 72 121 58 276 258 190
is_linear=0
shrinkage=0.00974396


Tree=110
num_leaves=31
num_cat=0
split_feature=45 67 71 30 61 3 41 45 49 26 61 59 12 15 30 63 59 38 25 52 59 15 49 30 30 40 45 60 59 38
split_gain=11.5367 11.0543 19.9588 10.8211 10.7974 6.3902 5.88436 6.73749 6.25662 5.1847 4.94234 4.59715 4.48988 4.19448 4.19165 4.17796 4.08092 4.10655 4.01152 3.94516 3.84342 3.64241 3.57018 4.24871 3.40769 3.4987 5.99668 3.36962 5.0089 3.35521
threshold=42.110000000000007 1.0000000180025095e-35 1.0000000180025095e-35 11.870000000000003 113.85000000000001 17.885000000000002 70.000000000000014 63.730000000000011 0.32500000000000007 13.850000000000001 128.97 0.7200000000000002 21.175000000000001 23.470000000000002 13.700000000000001 5.5000000000000009 0.27750000000000008 97.570000000000007 17.73 0.62500000000000011 0.022500000000000003 17.855000000000004 1.3600000000000003 3.8250000000000006 -2.4249999999999994 91.845000000000013 77.350000000000009 39.500000000000007 0.23250000000000001 82.820000000000007
decision_type=2 2 2 2 2 2 2 2 2 2 2 2 2 2 2 2 2 2 2 2 2 2 2 2 2 2 2 2 2 2
left_child=20 2 4 6 5 16 12 -8 -9 -7 11 -6 -4 -12 -15 -14 -2 19 -11 -18 -1 -5 23 -21 25 26 29 -3 -29 -10
right_child=1 27 3 21 10 9 7 8 24 18 13 -13 15 14 -16 -17 17 -19 -20 22 -22 -23 -24 -25 -26 -27 -28 28 -30 -31
leaf_value=0.011702028779379967 -0.010185989411603404 0.014846180951764472 -0.011805952352814222 0.00038129440850599434 0.0056395797976915487 0.004440628431488975 0.010282707211295665 -0.0012138694118936976 0.0045179744952125872 -0.010621192501044954 -0.006897316803721648 -0.011086618845857784 -0.010770845246291974 -0.0069032065901616785 0.011264724951841682 0.011461222529847551 -0.0092036983653353919 0.0066003955213779653 0.0013445698345522293 0.0029202448869306602 -0.0095347688468465971 -0.008423945952167099 -0.011258941424532836 -0.010918911499842072 0.0067705091883501576 -0.012063396745410822 0.017346405954524767 -0.0039478719967584773 0.0058020494869355805 -0.012773873320818568
leaf_weight=0.82193504273891349 22.405421927571297 3.0922359973192206 3.6732599809765807 8.4644031822681445 19.111338250339035 9.9513180851936358 17.089003250002861 19.393504254519939 2.3276435583829871 5.9468785002827627 9.5421599522232992 1.6593155041337002 1.2024908587336542 1.9515899941325177 3.0158369690179825 2.2304725646972656 16.146340571343899 2.707985393702983 4.7444551065564156 10.013209387660025 14.09373704344034 9.3223902061581594 3.3386476263403884 2.6271342486143103 34.704938866198063 1.8098138272762296 1.9169346839189527 5.8780167400836936 32.206999987363815 1.8963664099574087
leaf_count=7 224 17 28 55 93 57 85 113 12 44 66 14 11 14 16 12 134 15 25 60 153 75 28 25 172 12 8 45 162 11
internal_value=-7.73022e-06 0.000473331 -0.000403971 0.00267554 -0.00323609 -0.00526142 0.00410336 0.00486695 0.00336803 -0.000605375 0.00123207 0.00427965 -0.00436341 -0.00312159 0.00410317 0.00360476 -0.00693686 -0.00483459 -0.00531313 -0.00580904 -0.00832955 -0.00423454 -0.00235733 1.0084e-05 0.00545343 -0.000284407 0.00321846 0.0051 0.0042915 -0.00325928
internal_weight=273.286 258.37 217.193 104.031 113.162 77.8814 86.2444 79.1382 62.0492 20.6427 35.2802 20.7707 7.10622 14.5096 4.96743 3.43296 57.2387 34.8333 10.6913 32.1253 14.9157 17.7868 15.979 12.6403 42.6557 7.95076 6.14094 41.1773 38.085 4.22401
internal_count=1793 1633 1409 594 815 612 464 413 328 126 203 107 51 96 30 23 486 262 69 247 160 130 113 85 215 43 31 224 207 23
is_linear=0
shrinkage=0.00974396


Tree=111
num_leaves=31
num_cat=0
split_feature=45 72 68 5 30 55 9 55 11 60 42 48 40 42 29 9 42 30 5 38 38 55 14 22 42 13 3 67 3 67
split_gain=11.3844 11.0806 12.6651 8.97053 5.7713 9.57113 7.42823 6.29234 5.94499 5.53849 5.61658 5.4452 8.2992 4.94379 4.63489 5.93053 4.09758 4.01872 5.65239 4.2699 3.86295 3.74891 6.40023 5.78689 5.20409 4.86126 4.09695 3.90687 3.84011 4.00349
threshold=42.110000000000007 1.0000000180025095e-35 1.0000000180025095e-35 15.385000000000003 7.0600000000000014 1.939416666666667 1.6250000000000002 2.1910000000000003 20.237500000000004 59.500000000000007 69.830000000000013 14.210000000000003 60.215000000000011 73.700000000000017 14.770000000000001 10.345000000000001 45.695000000000007 14.955000000000002 15.505000000000001 97.815000000000012 61.205000000000005 1.3828333333333334 4.8600000000000003 20.910000000000004 84.565000000000012 11.425000000000002 15.035000000000002 1.0000000180025095e-35 14.335000000000003 1.0000000180025095e-35
decision_type=2 2 2 2 2 2 2 2 2 2 2 2 2 2 2 2 2 2 2 2 2 2 2 2 2 2 2 2 2 2
left_child=16 2 4 -4 6 8 13 -7 -6 10 -9 12 -8 -2 15 -5 -1 19 -19 -3 -17 22 -15 -24 26 -25 -23 -26 29 -27
right_child=1 17 3 14 5 7 11 9 -10 -11 -12 -13 -14 21 -16 20 -18 18 -20 -21 -22 24 23 25 27 28 -28 -29 -30 -31
leaf_value=0.0062814310444610846 -0.011302114539760042 -0.010144941188700398 -0.0087503278350942511 -0.0018522218057523616 -0.0084349118509450902 0.0063348080478060204 -0.0076963190671523653 0.0045162824955116299 0.0043079707079777523 0.015441933449064632 -0.0060865790589802356 0.022088296805014097 0.0067148652836974366 0.0069307231992537877 -0.0082846576883369664 0.0022346426511795706 -0.010085520175659621 0.0137561415233449 -0.011368573196208272 0.0095328220154406451 0.023452243209589132 0.0059700008588842056 -0.0084074069978188337 -0.011185861052349982 0.0004770192632199071 0.0021798467682533924 0.02028689930998518 0.0084198495726923693 -0.011077520898041437 0.016654682073978272
leaf_weight=1.5956359803676594 2.7808291465044013 14.592200316488745 19.59055253863335 3.7664948627352697 17.13292267173529 18.711245723068714 4.1332808658480635 7.0106173753738465 4.3188533857464781 1.7057277411222447 14.434935808181761 1.9109545201063145 41.804264776408672 7.3608733266592052 2.6749387979507446 1.3167295381426813 13.222005672752855 1.9295701906085008 1.4576961696147916 1.0920730307698239 2.2003580927848816 12.993561320006846 11.483462408185007 2.3836616873741141 42.351851098239422 6.0398981943726522 2.2140161097049704 6.7996554076671591 1.3124927431344975 2.5807480216026306
leaf_count=13 23 128 166 26 160 91 31 42 26 7 104 8 195 41 19 9 147 9 11 5 10 62 93 20 236 43 9 34 11 14
internal_value=-7.86283e-06 0.000469037 0.00104019 -0.00492657 0.00188326 -0.000572176 0.00294774 0.00213747 -0.00586042 -0.00125414 -0.00261269 0.00609573 0.0054102 0.0014124 0.00258739 0.00661966 -0.00830304 -0.00667017 0.00290041 -0.00874721 0.0156521 0.00178818 -0.000982125 -0.0034418 0.00313127 0.00118896 0.0081075 0.00158402 0.00420227 0.00658128
internal_weight=272.902 258.084 239.013 29.5491 209.464 63.3143 146.15 41.8625 21.4518 23.1513 21.4456 47.8485 45.9375 98.301 9.95852 7.28358 14.8176 19.0715 3.38727 15.6843 3.51709 95.5202 31.1611 23.8003 64.3591 12.3168 15.2076 49.1515 9.93314 8.62065
internal_count=1793 1633 1480 230 1250 430 820 244 186 153 146 234 226 586 64 45 160 153 20 133 19 563 222 181 341 88 71 270 68 57
is_linear=0
shrinkage=0.00974396


Tree=112
num_leaves=31
num_cat=0
split_feature=45 73 38 55 36 68 11 18 26 58 55 55 38 32 59 2 25 58 20 32 6 36 63 36 53 32 21 59 48 41
split_gain=11.2362 10.4337 9.03418 9.29073 8.4474 6.61149 9.56123 8.48647 7.60841 6.0692 5.71298 6.16956 5.60056 5.03621 6.46704 4.90363 4.60799 4.33844 4.18233 4.26672 3.97205 3.93267 3.72248 3.53116 3.47353 3.33925 5.53262 3.32672 3.22298 3.21729
threshold=42.110000000000007 1.0000000180025095e-35 81.435000000000016 1.3499999999999999 92.950000000000017 1.0000000180025095e-35 17.177500000000006 16.065000000000005 -0.97499999999999987 7.3500000000000005 1.6820000000000002 2.2420000000000004 87.100000000000009 3.9103349010689041 0.4275000000000001 -0.58999999999999986 13.600000000000001 20.075000000000003 4.7499261937946775 3.4575025344951689 27.995000000000001 94.180000000000021 52.500000000000007 63.170000000000009 5.1450000000000005 3.319344777699996 3.7600000000000002 1.4650000000000001 0.14500000000000005 71.420000000000016
decision_type=2 2 2 2 2 2 2 2 2 2 2 2 2 2 2 2 2 2 2 2 2 2 2 2 2 2 2 2 2 2
left_child=20 2 3 25 -4 7 21 8 15 -10 -9 12 17 14 28 -3 -8 -12 19 -5 24 -7 -13 -21 -1 26 -2 -24 -6 -11
right_child=1 5 4 18 13 6 16 10 9 29 11 22 -14 -15 -16 -17 -18 -19 -20 23 -22 -23 27 -25 -26 -27 -28 -29 -30 -31
leaf_value=-0.010800594777363786 -0.010841962162873135 0.0071615250575443124 -0.0085895177380021556 0.0023453296854276341 0.013261717609550808 -0.010636857677817378 0.020665857491706598 -0.0087294436161917503 -0.0037857023510381826 -0.00010094881116065175 0.002121493369446181 -0.0060190788563035044 -0.005806901938800786 -0.0090743196436513188 -0.011308344415594185 -0.0073289344502778684 -0.0038113001748658901 0.015169190858728835 0.0069118796668111541 0.0054918204577088731 0.013393390345502897 0.005927024324450224 -0.0066356706207602572 -0.0114881372569824 0.0076956917147022186 -0.0084593829514871006 0.0056775401970203003 0.011673633895334729 0.0022365584215946867 0.0071057997752066717
leaf_weight=12.986042149364943 2.992873281240465 3.0931600853800774 26.470614559948444 30.510349623858929 3.2788841575384202 9.42338167876005 1.8458676934242242 7.2188526913523665 5.9012015610933295 6.4216384440660468 4.3540930747985858 11.400748774409292 2.9250242188572875 4.8635632321238509 2.7826749309897414 7.5384889021515828 1.1633319258689878 5.5211578905582428 15.723323434591292 1.5722841098904599 0.72586527466774065 1.5543086677789677 1.4583007916808122 4.1502426862716675 1.0067103877663619 11.635486871004103 5.2368403673171997 2.5006244033575058 10.719468779861925 65.511203937232494
leaf_count=146 30 17 226 180 16 78 9 65 44 37 25 85 20 48 23 48 8 25 79 10 5 11 8 34 9 100 33 12 62 300
internal_value=-7.82926e-06 0.000465021 -0.00163563 0.000551871 -0.00490144 0.00229381 -0.00404488 0.00301174 0.00462449 0.00568097 -0.00101801 0.000963274 0.00595383 -0.000378097 0.0021493 -0.00309076 0.0112308 0.00945902 0.00272035 0.000892632 -0.00827768 -0.00826781 -0.00319177 -0.00679526 -0.00944376 -0.00510765 -0.000336516 0.00489829 0.00485666 0.00646094
internal_weight=272.487 257.768 119.937 71.8214 48.1152 137.831 13.9869 123.844 88.4657 77.834 35.3788 28.1599 12.8003 21.6446 16.781 10.6316 3.0092 9.87525 51.9562 36.2329 14.7186 10.9777 15.3597 5.72253 13.9928 19.8652 8.22971 3.95893 13.9984 71.9328
internal_count=1793 1633 841 466 375 792 106 686 446 381 240 175 70 149 101 65 17 50 303 224 160 89 105 44 155 163 63 20 78 337
is_linear=0
shrinkage=0.00974396


Tree=113
num_leaves=31
num_cat=0
split_feature=73 74 41 67 67 56 56 47 43 51 68 56 47 44 55 44 56 41 9 0 27 71 56 40 2 2 50 67 55 55
split_gain=10.9653 12.479 10.7451 9.57607 5.72552 5.61925 5.76906 5.09377 6.33258 4.90833 5.03659 5.18219 4.74302 4.68615 5.83338 4.66072 4.36269 4.86489 6.35171 4.75859 4.46337 6.60246 4.22865 4.08472 3.97769 5.18376 4.47446 3.92341 4.34583 4.42352
threshold=1.0000000180025095e-35 1.0000000180025095e-35 68.140000000000001 1.0000000180025095e-35 1.0000000180025095e-35 1.7586442418608697 5.6940168119842083 80.91500000000002 83.142250000000004 2.02 1.0000000180025095e-35 1.8806760418264024 83.08750000000002 9.8498825182179157 1.9823333333333337 8.8994886138634364 3.331186611792496 92.385000000000005 -5.5049999999999999 16.790000000000003 3.7150000000000003 1.0000000180025095e-35 1.5286615547626476 93.77000000000001 10.075000000000001 6.9150000000000009 9.3850000000000016 1.0000000180025095e-35 1.3185833333333339 1.7113333333333336
decision_type=2 2 2 2 2 2 2 2 2 2 2 2 2 2 2 2 2 2 2 2 2 2 2 2 2 2 2 2 2 2
left_child=1 3 4 16 -2 22 7 13 -9 10 11 -3 -10 -7 -15 -6 17 -1 -19 -18 21 -20 -4 -8 25 26 27 28 -14 -30
right_child=2 9 5 -5 15 6 23 8 12 -11 -12 -13 24 14 -16 -17 19 18 20 -21 -22 -23 -24 -25 -26 -27 -28 -29 29 -31
leaf_value=-0.0083492277565452976 -0.0069941550450492813 -0.0071911909328660154 0.0039752181812479281 0.0028667050846085283 0.016253579736387937 0.00790740351937959 -0.009811855825021764 -0.0045307315470256163 0.012734010620189038 -0.011236927192295812 -0.0053867678053222774 0.0076930148322251358 0.012606835082287104 -0.0076963272399551167 0.010348265948389486 -0.010637172966546499 -0.0051041030790758514 -0.01121945236623512 -0.0078653324633059397 0.0039568684542480867 0.013298892072568156 0.010920911470890356 -0.010965663020757714 0.0079170160793402347 -0.0033824329145884335 0.0098171294231608249 0.011074485755740136 0.013699317535871291 -0.0089265666564179134 0.00071754428057072982
leaf_weight=42.003060914576054 16.907876089215282 2.4380456060171225 2.8741788640618315 16.881721355021 1.9390144720673554 36.789354629814625 4.9587091132998458 10.941083580255507 4.8549794331192961 1.9943857267498959 4.174284264445304 21.490667641162872 2.158833444118506 4.3686304539442053 2.7316810041666031 0.84987820684909809 14.279208585619928 4.7121449410915366 5.0762732252478582 8.891270235180853 2.6121677309274673 2.6821908503770828 4.6575848758220673 1.5994613170623777 8.5218006893992406 10.529435917735098 4.3660980090498915 1.9495001658797253 5.9980009421706226 17.838243722915649
leaf_count=383 143 22 18 105 11 171 38 81 21 17 31 110 12 37 14 8 101 42 39 49 14 15 46 7 44 47 19 9 43 96
internal_value=-7.90356e-06 -0.00209512 0.00182488 -0.00379407 -0.00485614 0.00287864 0.00340218 0.00392767 0.00223569 0.00338183 0.00443741 0.00616228 0.003557 0.00650964 -0.000718286 0.00798135 -0.00519742 -0.00664487 -0.00188112 -0.00162083 0.00237483 -0.00133303 -0.00525577 -0.00544818 0.00267841 0.00388892 0.00194394 0.000499871 -0.000503416 -0.00171409
internal_weight=272.07 127.235 144.834 97.138 19.6968 125.138 117.606 111.048 67.158 30.0974 28.103 23.9287 56.2169 43.8897 7.10031 2.78889 80.2563 57.0858 15.0828 23.1705 10.3706 7.75846 7.53176 6.55817 51.3619 42.8401 32.3107 27.9446 25.9951 23.8362
internal_count=1793 928 865 748 162 703 639 594 372 180 163 132 291 222 51 19 643 493 110 150 68 54 64 45 270 226 179 160 151 139
is_linear=0
shrinkage=0.00974396


Tree=114
num_leaves=31
num_cat=0
split_feature=45 73 70 18 61 61 39 19 28 41 66 39 74 71 28 41 20 52 52 61 45 59 6 44 61 61 39 46 59 39
split_gain=10.9844 10.0454 16.7793 5.81921 7.56542 5.89791 6.78964 5.14384 4.9243 6.21983 5.38806 4.86203 4.67677 5.74649 4.63987 4.45434 4.41093 4.28604 4.25009 4.16786 4.07824 3.95985 3.93284 3.82287 3.71018 3.69575 3.53384 4.21455 3.36986 5.82353
threshold=42.110000000000007 1.0000000180025095e-35 1.0000000180025095e-35 16.065000000000005 100.92 139.85500000000005 86.590000000000018 26.203916666666672 3.5150000000000001 76.170000000000016 53.500000000000007 73.835000000000022 1.0000000180025095e-35 1.0000000180025095e-35 4.7250000000000005 92.385000000000005 3.9309202858591736 0.34500000000000003 0.23500000000000001 119.51000000000001 78.925000000000011 0.54750000000000021 27.995000000000001 4.2391025750465978 99.715000000000018 116.15000000000002 56.32500000000001 85.405000000000015 0.40250000000000008 83.125000000000014
decision_type=2 2 2 2 2 2 2 2 2 2 2 2 2 2 2 2 2 2 2 2 2 2 2 2 2 2 2 2 2 2
left_child=22 2 7 8 -5 6 19 12 10 11 20 25 15 -14 -4 26 -15 -12 -13 -6 -3 24 -1 -7 -17 -10 27 -2 -19 -30
right_child=1 3 14 4 5 23 -8 -9 9 -11 17 18 13 16 -16 21 -18 28 -20 -21 -22 -23 -24 -25 -26 -27 -28 -29 29 -31
leaf_value=-0.0094105033084544345 -0.010794017455465559 -0.011614335435155883 -0.0014407039287295592 -0.009020639548589544 0.0027582158459487196 0.006287163417890331 -0.0054645794237222177 0.0072310908027940612 -0.010262363352514528 0.00773134278889419 -0.00084588361501490344 0.018945655809944353 -0.0021015651458721626 0.00072208114929024072 0.010319477888478904 0.004469176696960799 0.020691042444026066 0.012245050983549931 -0.00010911604105358075 0.013600819603442685 0.00061942464815017094 -0.0063591906182840418 0.013282167926930369 -0.0056115878017399309 -0.01089246452728292 0.0082922297120693184 -0.0064982243376616325 0.011795517383403944 -0.0096242390349333094 0.0060451228662238496
leaf_weight=13.820128604769703 1.1787604019045823 4.610198959708212 4.2152175754308727 8.4101346507668477 6.4519420638680476 3.202296867966651 4.3374848216772071 4.3462106212973586 4.8475303724408132 36.529076814651489 15.546840518712996 1.6830941215157507 13.869131065905096 2.0927616432309142 12.670673757791517 11.645097404718401 2.1047950983047485 5.7158403322100666 3.1004544571042061 7.1365776732563972 5.7857951372861862 7.4116343036293975 0.72859660536050874 12.17648136615753 1.6716955825686444 1.2499900013208387 56.089917004108429 2.1631166934967041 2.6339090615510967 14.232356682419775
leaf_count=155 11 35 26 79 37 16 30 28 38 165 98 8 89 14 59 71 10 30 16 33 29 61 5 91 15 6 447 10 15 66
internal_value=-7.92217e-06 0.000458197 -0.00160838 0.00225254 -0.000782728 0.00130148 0.00509729 -0.0030914 0.00357347 0.00580657 0.00138625 -0.000647767 -0.00355202 0.000919055 0.00737955 -0.00456127 0.0108599 0.00308366 0.006664 0.0084838 -0.00481574 -0.000663402 -0.00823408 -0.00311637 0.00250605 -0.00641041 -0.00591733 0.00375846 0.00579155 0.00357465
internal_weight=271.658 257.109 119.459 137.65 41.7149 33.3048 17.926 102.573 95.9351 47.4101 48.5249 10.8811 98.2269 18.0667 16.8859 80.1602 4.19756 38.1289 4.78355 13.5885 10.396 20.7284 14.5487 15.3788 13.3168 6.09752 59.4318 3.34188 22.5821 16.8663
internal_count=1793 1633 841 792 286 207 100 756 506 233 273 68 728 113 85 615 24 209 24 70 64 147 160 107 86 44 468 21 111 81
is_linear=0
shrinkage=0.00974396


Tree=115
num_leaves=31
num_cat=0
split_feature=59 71 64 60 60 36 50 34 60 51 37 49 55 50 51 50 55 59 7 16 52 37 55 60 46 48 71 34 19 37
split_gain=9.38666 7.9314 6.26371 6.19669 7.22189 5.97551 5.8785 5.24426 7.18385 5.02094 5.17389 4.38479 5.17534 6.10813 5.26927 5.50889 4.36578 3.9418 5.43341 3.93709 3.8081 5.21083 4.99827 6.70843 4.191 3.55182 4.41597 3.43568 3.42234 3.1756
threshold=0.31750000000000006 1.0000000180025095e-35 9.5000000000000018 49.500000000000007 55.500000000000007 86.310000000000016 9.3850000000000016 9.1450000000000014 58.500000000000007 3.0850000000000004 89.420000000000016 7.6300000000000008 1.5265833333333334 1.0350000000000004 1.0000000180025095e-35 0.065000000000000016 2.0955833333333342 0.89000000000000012 16.653333333333336 13.425000000000002 1.6950000000000001 95.800000000000011 1.8991666666666667 40.500000000000007 87.765000000000015 0.21500000000000002 1.0000000180025095e-35 12.415000000000001 27.126750000000005 82.715000000000018
decision_type=2 2 2 2 2 2 2 2 2 2 2 2 2 2 2 2 2 2 2 2 2 2 2 2 2 2 2 2 2 2
left_child=1 20 11 19 6 16 9 -7 -9 10 29 12 14 -14 15 -3 -6 18 -18 -2 22 24 23 -1 -22 -11 -27 -16 -21 -5
right_child=3 2 -4 4 5 7 -8 8 -10 25 -12 -13 13 -15 27 -17 17 -19 -20 28 21 -23 -24 -25 -26 26 -28 -29 -30 -31
leaf_value=-0.00061392490141253062 0.0032437279483676015 -0.0026057874393157904 -0.0060302908083037822 0.0033335135328600649 -0.009723440244842849 0.0033005521536118776 0.015828115201052893 -0.0091015377014734642 0.0060904872536756754 -0.012247847887000748 -0.004349134394546283 0.01862100081825081 0.014499348657593598 -0.0055401399316829083 -0.010504190143535999 0.021663357593287094 0.012877504246840565 -0.0071473060461752589 -0.010967682833376794 -0.0093951673542730218 0.0032682099468960956 0.013707837972102217 0.0022991801203741391 -0.010209249980220566 -0.0092399816538571954 -0.0066794158518597019 0.0068147715937527083 0.0036402914077091476 0.010422503270847027 0.008280582818626531
leaf_weight=9.4060111343860608 4.1806169897317877 1.9358314946293922 7.6561824902892104 75.19326389580965 10.473418630659582 29.809248119592667 3.3451493084430686 8.8565459623932821 4.384305238723754 3.0021576210856429 7.3090326637029639 1.8115230798721302 5.3737883269786826 1.936055541038513 5.0971477776765823 1.5798416212201116 3.13893975317478 4.1022206321358681 1.2319671884179113 10.208478324115273 4.9604046121239644 2.0831137150526038 5.4291250035166732 26.476486474275589 5.1296356171369553 4.6759317889809591 4.4636081606149673 2.3496730551123619 0.86339715868234712 14.794597260653971
leaf_count=73 25 14 75 386 85 158 15 78 22 21 46 8 25 11 34 8 16 30 10 93 35 11 29 286 49 32 21 18 7 72
internal_value=-7.90641e-06 -0.00278012 0.00144302 0.00117665 0.00169724 -0.000972309 0.00316565 0.0010326 -0.00405854 0.00277215 0.00351007 0.00430421 0.00284263 0.00917319 -0.00138387 0.0083776 -0.00552761 -0.000306243 0.00609147 -0.00477012 -0.00497232 -0.000170784 -0.00638264 -0.00770082 -0.00308882 -0.00312321 -7.42195e-05 -0.00602827 -0.0078083 0.00415137
internal_weight=271.258 81.2248 27.74 190.033 174.78 61.9966 112.784 43.0501 13.2409 109.439 97.2969 20.0839 18.2723 7.30984 10.9625 3.51567 18.9465 8.47313 4.37091 15.2525 53.4848 12.1732 41.3116 35.8825 10.09 12.1417 9.13954 7.44682 11.0719 89.9879
internal_count=1793 676 193 1117 992 399 593 258 100 578 504 118 110 36 74 22 141 56 26 125 483 95 388 359 84 74 53 52 100 458
is_linear=0
shrinkage=0.00974396


Tree=116
num_leaves=31
num_cat=0
split_feature=73 70 17 26 58 54 51 10 53 38 38 24 53 36 54 42 44 40 12 62 44 38 43 53 51 36 43 52 43 52
split_gain=10.48 16.7931 9.39 7.44745 5.64981 5.36242 5.31085 4.84384 4.71594 4.09101 6.11838 5.86015 4.41118 3.99064 8.43351 5.42939 3.94868 3.87762 3.8491 3.63861 3.63232 3.58837 3.55644 4.28696 3.54378 3.53837 6.57963 3.43938 3.7824 3.32095
threshold=1.0000000180025095e-35 1.0000000180025095e-35 19.690000000000001 -0.97499999999999987 7.3500000000000005 0.025000000000000005 1.4950000000000003 18.960000000000004 0.055000000000000007 81.565000000000012 97.040000000000006 -0.73499999999999988 0.085000000000000006 86.935000000000016 5.4900000000000011 83.240000000000023 7.2607512349975751 95.285000000000011 21.175000000000001 1.8255833333333338 11.189224869437238 76.215000000000018 74.957416666666674 5.1450000000000005 2.2200000000000006 79.995000000000019 80.414500000000018 0.87500000000000011 92.589500000000029 10.920000000000002
decision_type=2 2 2 2 2 2 2 2 2 2 2 2 2 2 2 2 2 2 2 2 2 2 2 2 2 2 2 2 2 2
left_child=1 8 3 17 16 22 29 -3 19 12 -11 -12 18 14 25 20 -5 -2 -10 -1 -15 -14 23 -4 -8 26 -6 28 -17 -7
right_child=2 7 5 4 13 6 24 -9 9 10 11 -13 21 15 -16 27 -18 -19 -20 -21 -22 -23 -24 -25 -26 -27 -28 -29 -30 -31
leaf_value=-0.0094895534394736965 -0.0069721627787767944 -0.0018920967336515245 -0.0040494428235918374 0.0032188272487236489 0.0071802438012295985 -0.010823664286301087 0.0076672961102633884 0.0098691419204892591 0.0018449949449875027 -0.0065759934734240764 0.010998316649702987 -0.010812904397649953 -0.0034742909204481232 -0.0081642520531000785 -0.007663373233830542 0.0035369019680354017 -0.010946164952273116 0.00507345934713729 0.017895863890260291 -0.00146869237063308 0.010089969661875675 0.0028993240913025003 0.011064858904309654 0.01256879804540767 -0.0044275042145270815 0.0099564827882083727 -0.003745924436031888 0.0071757031537842859 -0.01241431228556493 0.0078711044256450525
leaf_weight=18.13151349872351 9.4477438032627088 4.4406368210911777 7.1394936814904195 3.6090068072080603 26.63481455296278 12.10280954092741 3.6093066185712797 12.871388316154478 4.5748075842857352 30.025297679007053 3.9058516919612885 1.6235451772809018 29.486460693180561 6.4260909035801914 3.8686461225152007 4.4915507882833507 3.7857467457652092 3.4209271445870391 2.0396352261304855 7.7019510194659224 1.1934816390275953 11.661596208810804 3.3627227991819373 1.8163830563426016 6.1903839781880379 24.354563802480698 6.4681753888726226 13.557932987809179 2.010482020676136 0.94020791351795274
leaf_count=181 68 29 56 21 124 103 23 60 29 249 19 16 212 52 26 24 37 19 11 48 6 74 17 10 45 118 38 60 12 6
internal_value=-7.91541e-06 -0.00205623 0.00178476 0.00319442 0.00412449 -0.00259108 -0.00538422 0.00684738 -0.00347143 -0.00233942 -0.00484048 0.00454144 -0.000472598 0.0048052 0.00619163 0.00172463 -0.00403438 -0.00375469 0.00688664 -0.00710876 -0.00525293 -0.00166387 0.00257858 -0.000626457 2.63602e-05 0.0071311 0.00503964 0.00438619 -0.00141869 -0.00944758
internal_weight=270.893 126.463 144.43 109.269 96.4005 35.1613 22.8427 17.312 109.151 83.3172 35.5547 5.5294 47.7625 89.0057 61.3262 27.6795 7.39475 12.8687 6.61444 25.8335 7.61957 41.1481 12.3186 8.95588 9.79969 57.4576 33.103 20.06 6.50203 13.043
internal_count=1793 928 865 605 518 260 177 89 839 610 284 35 326 460 306 154 58 87 40 229 58 286 83 66 68 280 162 96 36 109
is_linear=0
shrinkage=0.00974396


Tree=117
num_leaves=31
num_cat=0
split_feature=45 68 23 20 32 49 62 62 34 0 17 11 52 20 21 49 41 39 53 35 30 32 60 53 52 32 41 49 45 24
split_gain=10.656 9.93071 8.28753 7.24855 7.51837 9.6596 5.92107 5.48696 4.55547 4.18677 4.08909 4.16947 5.54061 4.1345 4.09806 4.14454 4.18846 3.91675 5.52338 3.89513 3.88434 3.89681 3.82955 3.73635 6.08416 5.15502 4.32399 3.89615 3.78653 3.67955
threshold=42.110000000000007 1.0000000180025095e-35 23.210000000000004 5.5191190948688122 3.9699296875333352 0.56500000000000006 2.111333333333334 1.1939166666666667 5.4700000000000006 17.825000000000003 18.355000000000004 20.487500000000004 6.7300000000000013 4.1095043983309596 -2.7149999999999994 0.79000000000000015 71.840000000000018 81.160000000000011 0.97500000000000009 14.025000000000002 5.4450000000000012 3.7354013578209737 34.500000000000007 0.65500000000000014 0.83500000000000008 2.2365258740080729 73.990000000000023 0.19500000000000003 48.370000000000012 11.555000000000001
decision_type=2 2 2 2 2 2 2 2 2 2 2 2 2 2 2 2 2 2 2 2 2 2 2 2 2 2 2 2 2 2
left_child=22 3 6 4 5 23 -3 -5 -6 -10 13 12 17 14 -7 -16 -17 -12 29 -4 -15 -22 -1 24 25 -2 -25 28 -26 -19
right_child=1 2 19 7 8 10 -8 -9 9 -11 11 -13 -14 20 15 16 -18 18 -20 -21 21 -23 -24 26 27 -27 -28 -29 -30 -31
leaf_value=0.011868604309406634 0.00955964654096054 -0.0090688004931854197 0.012813242977253716 -0.010637473298129781 0.0039590738009740549 -0.0084194150100004427 0.0066194578124849288 0.0059831176326964504 -0.0099688568756537248 0.00050471299056957617 -0.0093910377155890651 0.0087843098509751034 0.0084181759615938583 0.012041110681215259 0.013189753934787243 -0.011494481130320084 0.0035375172426109699 0.00032423210277118033 -0.011218650622078073 -0.0035913000795718525 -0.010881035383687376 0.0068367876886223436 -0.0094251826939252305 -0.011211243901309464 0.0070678411866604693 -0.0083055218217187466 0.0014958241302763181 0.0083906859896700457 -0.005327678775613966 0.016845544040462533
leaf_weight=0.81587779521942039 1.6224149912595773 21.226956978440292 3.1718541756272307 1.954497419297694 4.3705073893070248 2.7285460680723181 2.5223214179277411 34.943453297019005 13.082642406225206 4.9703015089035025 7.7184473574161627 4.1777232363820067 3.9775002151727668 11.313769169151785 4.0227236449718466 1.8081316500902165 37.010632738471031 4.3285569921135885 2.7799447625875473 2.3633690625429153 1.5310443341732014 4.6826896369457245 13.508898757398127 2.6830170676112166 3.132181569933894 20.11984558403492 38.605960488319397 4.6616302505135527 8.8647294044494611 1.7905708551406858
leaf_count=7 9 181 17 21 26 21 16 163 114 32 58 22 20 58 17 16 192 28 23 17 14 22 153 23 18 172 236 27 61 9
internal_value=-7.92483e-06 0.000449445 -0.00488612 0.00113938 0.000370709 0.00108073 -0.00738943 0.00508935 -0.00492223 -0.00708316 0.0033085 -4.12587e-05 -0.00185044 0.00462491 0.00306925 0.00381066 0.00282364 -0.00432939 6.74195e-05 0.00580903 0.00864705 0.00241164 -0.00817566 -0.00137452 -0.00356129 -0.00695239 0.000657585 0.000862687 -0.00206887 0.00525259
internal_weight=270.491 256.166 29.2845 226.881 189.984 167.56 23.7493 36.898 22.4235 18.0529 87.8703 24.7727 20.595 63.0975 45.57 42.8415 38.8188 16.6175 8.89907 5.53522 17.5275 6.21373 14.3248 79.6898 38.4008 21.7423 41.289 16.6585 11.9969 6.11913
internal_count=1793 1633 231 1402 1218 1046 197 184 172 146 500 160 138 340 246 225 208 118 60 34 94 36 160 546 287 181 259 106 79 37
is_linear=0
shrinkage=0.00974396


Tree=118
num_leaves=31
num_cat=0
split_feature=67 70 55 18 49 29 55 29 55 53 29 13 13 51 32 50 32 49 52 18 55 16 32 4 49 50 17 49 48 53
split_gain=10.1282 12.1719 10.9035 7.93558 7.84585 6.0874 5.65582 4.75839 4.48468 5.69363 4.12151 4.06752 6.03691 4.42641 3.99972 6.26315 7.42436 3.94697 5.17537 3.90301 4.61631 3.56883 4.50961 4.32728 4.02606 3.56443 3.50678 5.15279 3.39075 3.38381
threshold=1.0000000180025095e-35 1.0000000180025095e-35 1.8090833333333336 13.635000000000003 9.7050000000000018 3.0950000000000002 0.87450000000000017 10.830000000000002 1.3499999999999999 0.7350000000000001 8.3300000000000018 15.370000000000003 17.585000000000004 0.045000000000000005 3.7646773628819679 0.22500000000000003 2.2820550073595549 4.8600000000000003 1.3050000000000004 17.275000000000002 1.5218333333333336 23.885000000000002 4.3215736885932294 14.800000000000002 0.45500000000000007 0.66500000000000015 4.6500000000000012 0.13500000000000004 12.955000000000002 1.0500000000000003
decision_type=2 2 2 2 2 2 2 2 2 2 2 2 2 2 2 2 2 2 2 2 2 2 2 2 2 2 2 2 2 2
left_child=1 2 3 4 5 14 -7 11 9 -3 -8 13 -13 29 15 16 -1 28 -19 -2 -21 22 23 -9 -25 -22 27 -17 -5 -4
right_child=19 8 7 17 -6 6 10 21 -10 -11 -12 12 -14 -15 -16 26 -18 18 -20 20 25 -23 -24 24 -26 -27 -28 -29 -30 -31
leaf_value=0.01641103996409396 0.0063434980700917201 -0.011927799273688372 -0.01260184316818682 -0.0090093538828833353 0.022332047956556873 -0.010778255417219822 0.0047697566679627519 -0.0076152874347043074 0.0076282788515711032 0.0053642697473936778 -0.011602605509678697 0.0156326284921274 0.0029714121163342145 0.0019288957810795111 -0.0088447996687773273 -0.010743985150883029 -0.0094110542083838521 -0.010459129647546328 0.013942036071858703 -0.01096400985687016 0.0073704304950021346 -0.006830625360332224 0.016205557626367471 0.009399954145011916 -0.0019247714973115091 -0.0041532035868399458 -0.0016968043659001981 0.012137056311180013 0.010900994939117873 0.0017995645735644147
leaf_weight=1.113954216241839 29.208323009312153 2.8583540096879032 3.835742659866809 32.246895186603069 1.2098165750503529 2.9744058921933201 18.980294272303585 6.6133010163903334 20.10198974609375 4.7687325328588486 1.5418177172541607 4.6329728886485126 15.537712797522543 35.526015058159828 13.576190911233423 1.1297620534896875 12.904784455895422 1.491303384304046 1.7525083050131796 2.8322878181934348 6.599230729043482 10.871863216161726 1.4821212887763966 4.5463471487164488 8.4606964960694295 4.0911515429615974 11.240189477801321 4.658676415681839 0.79699475318193336 2.5441209599375725
leaf_count=5 155 25 24 328 5 31 107 49 93 24 11 21 77 187 111 10 110 17 11 30 33 82 7 27 58 25 82 24 6 18
internal_value=-7.94033e-06 -0.000826478 -0.00166729 -0.00381564 -0.00187903 -0.00232294 0.00168553 0.000744466 0.00521744 -0.00112614 0.00351457 0.00231802 0.00590948 0.000582551 -0.00443611 -0.00249586 -0.00731179 -0.00750637 0.00269361 0.00434191 3.57156e-06 -0.00230566 2.75064e-05 -0.00121666 0.0020394 0.00294938 0.0014687 0.00760889 -0.00851346 -0.00686206
internal_weight=270.129 227.398 199.668 105.618 69.3299 68.1201 23.4965 94.0509 27.7291 7.62709 20.5221 62.0766 20.1707 41.9059 44.6236 31.0474 14.0187 36.2877 3.24381 42.731 13.5227 31.9743 21.1025 19.6203 13.007 10.6904 17.0286 5.78844 33.0439 6.37986
internal_count=1793 1550 1408 858 496 491 149 550 142 49 118 327 98 229 342 231 115 362 28 243 88 223 141 134 85 58 116 34 334 42
is_linear=0
shrinkage=0.00974396


Tree=119
num_leaves=31
num_cat=0
split_feature=45 72 68 23 56 20 29 34 70 6 29 22 61 61 52 52 0 29 52 12 6 56 34 56 66 61 52 37 45 21
split_gain=10.4022 10.3965 11.6449 8.0848 7.22113 7.69401 6.94443 6.7276 6.10042 7.43909 5.95883 6.69981 5.79774 5.55773 5.06546 4.41381 4.3375 4.32853 3.9814 4.95378 3.89414 3.74463 4.48669 5.61684 4.54629 4.01774 3.94096 3.78395 4.10861 3.58423
threshold=42.110000000000007 1.0000000180025095e-35 1.0000000180025095e-35 23.210000000000004 1.7871308947943856 5.6708412338240892 14.885000000000002 7.7300000000000013 1.0000000180025095e-35 12.055000000000001 2.1050000000000004 26.970000000000002 126.68000000000001 95.27500000000002 1.3600000000000003 0.90000000000000013 22.190000000000005 -0.44499999999999995 0.30500000000000005 24.560000000000002 27.995000000000001 3.1563912019780238 6.3550000000000013 2.1276083353817654 53.500000000000007 121.22500000000001 0.9850000000000001 81.845000000000013 61.625000000000007 4.9000000000000012
decision_type=2 2 2 2 2 2 2 2 2 2 2 2 2 2 2 2 2 2 2 2 2 2 2 2 2 2 2 2 2 2
left_child=20 2 4 12 7 8 15 14 9 10 21 29 -4 -11 17 -5 -13 -2 19 -3 -1 22 24 27 -6 -23 -27 28 -24 -12
right_child=1 18 3 6 5 -7 -8 -9 -10 13 11 16 -14 -15 -16 -17 -18 -19 -20 -21 -22 25 23 -25 -26 26 -28 -29 -30 -31
leaf_value=-0.009332819830648988 0.0073076550045548146 -0.0066927487059305511 -0.0089957207518605118 0.0034423065302443094 -0.0083872175578797118 0.0075511751347968701 -0.0074527472296316601 -0.0072832199282317741 0.0066771335839407439 -0.0097637245110500908 0.0049132906796860278 -0.01203749908311004 0.0065158501424179257 -0.0006926072027917088 0.013434449375488256 0.025998269622625532 0.0062319485368456115 -0.011462336017708278 -0.011368285393153222 0.0084158626130438688 0.013277394792018397 0.012843100558597586 0.0089054661540223755 -0.010554002384748153 0.0047026216383358145 -0.007440058830255768 0.005284732391535347 0.0070985130038005535 -0.011556426143453114 0.011858355118967635
leaf_weight=13.42360250651836 2.177987739443779 7.076347768306734 20.85003116726876 1.6990767344832414 3.0860294699668911 24.207343451678753 2.2251238971948624 14.696717858314512 20.118325427174568 7.5077774673700324 28.340980395674706 3.2151646465063086 2.5323992893099776 43.05820919573307 3.1209428757429123 1.6143282502889631 1.947898708283901 2.4210058748722103 8.6862152516841871 2.8596532791852951 0.72766076028347093 3.8594352453947058 1.2691383138299004 8.6042584553360921 12.924293376505373 3.3407609015703184 7.2600366473197937 4.2370704039931297 3.2024354189634323 9.4762551560997945
leaf_count=155 12 60 180 11 23 104 16 136 98 77 141 23 16 283 15 7 11 18 77 16 5 18 7 71 72 18 31 24 25 43
internal_value=-7.96222e-06 0.000442267 0.000993954 -0.00479439 0.00179984 0.00243108 0.00574955 -0.00341776 0.00166101 0.000944479 0.00261332 0.00524425 -0.00730256 -0.0020482 0.0039242 0.0146379 -0.00512506 -0.00255848 -0.00655974 -0.00231627 -0.00812918 0.000241915 -0.00155222 -0.00498778 0.00215786 0.0043786 0.00125051 0.000518768 -0.00569475 0.00666699
internal_weight=269.767 255.615 236.993 28.921 208.072 185.655 5.53853 22.4167 161.448 141.33 90.7638 42.9803 23.3824 50.566 7.71994 3.3134 5.16306 4.59899 18.6222 9.936 14.1513 47.7835 33.3232 17.3129 16.0103 14.4602 10.6008 8.70864 4.47157 37.8172
internal_count=1793 1633 1480 230 1250 1069 34 181 965 867 507 218 196 360 45 18 34 30 153 76 160 289 222 127 95 67 49 56 32 184
is_linear=0
shrinkage=0.00974396


Tree=120
num_leaves=31
num_cat=0
split_feature=45 67 71 61 30 20 8 3 20 48 61 42 42 7 17 56 48 2 38 21 61 36 2 56 56 51 28 53 18 8
split_gain=10.2664 10.1338 18.2185 9.89737 9.82901 6.01653 7.1005 5.89717 5.45447 4.94451 4.55028 5.64909 4.07833 4.02874 4.00175 3.81001 3.84528 3.78875 3.95521 3.76307 3.68406 3.52742 3.49093 4.65185 5.85117 4.20494 3.35977 4.24934 3.32286 3.54288
threshold=42.110000000000007 1.0000000180025095e-35 1.0000000180025095e-35 113.85000000000001 11.870000000000003 5.6090115256611641 4.1798701892245047 17.885000000000002 2.447907095030982 0.015000000000000001 128.97 89.27500000000002 45.695000000000007 21.155250000000002 26.055000000000003 1.7427482540763781 0.95500000000000007 19.395000000000003 60.625000000000007 -2.7149999999999994 101.35000000000002 75.710000000000022 11.220000000000002 3.3452469926339736 4.144782740436054 3.9750000000000005 -3.6999999999999997 1.0300000000000002 19.630000000000006 2.3224730924434378
decision_type=2 2 2 2 2 2 2 2 2 2 2 2 2 2 2 2 2 2 2 2 2 2 2 2 2 2 2 2 2 2
left_child=12 2 3 7 5 6 9 8 -2 -4 11 -5 -1 -12 19 16 -3 -9 -19 -11 21 -7 23 -6 -25 -24 27 -10 29 -21
right_child=1 15 4 10 22 20 -8 17 26 14 13 -13 -14 -15 -16 -17 -18 18 -20 28 -22 -23 25 24 -26 -27 -28 -29 -30 -31
leaf_value=0.0065191619689881951 0.011220169764318128 -0.008544303988307949 -0.0031960259598224567 0.0057443089890466537 -0.010931593825304587 0.010992134187799778 -0.0085818099249082014 0.0044969015635963607 -0.010822955582004041 -0.0036025314822733371 -0.0054735750452019425 -0.011099773888612469 -0.0099690010625079119 0.0079971539495336495 -0.01103970724773562 0.0059193759902855039 0.01176667377256653 -0.00049366098047655491 -0.012644310428283054 0.0008514882023272594 0.02085508763785068 -0.0056227877646434993 -0.0097015836701299495 0.020248690316956936 -0.0032611059516247068 0.0060718572235209612 -0.0079869625656214666 0.0096164089285416671 -0.0026466613223381117 0.0075342008163737711
leaf_weight=1.5714421868324269 1.5152091085910786 3.4755657836794844 8.5645467117428762 18.642898216843609 1.754742838442328 5.4058301597833616 4.7009619176387778 8.1144908741116542 1.5830983966588967 4.3808979690074841 11.841657534241675 2.0639179348945609 12.485122390091417 2.5216773152351371 1.4629136845469464 36.539869874715805 1.1436209231615064 8.7117376551032049 3.5708988010883322 9.158814370632177 2.6641885787248611 1.5244338586926458 9.8688972517847997 1.8791103437542918 2.0786344259977341 1.8778181001543988 49.905132263898849 2.3484007641673088 4.1327999979257575 43.842102125287056
leaf_count=13 8 30 53 89 16 22 32 49 15 31 83 18 147 13 12 187 7 53 24 46 11 11 80 9 14 11 451 12 31 215
internal_value=-7.9739e-06 0.000438465 -0.000412429 -0.00315655 0.00253037 0.00388663 0.00296591 -0.00513746 -0.00678716 0.00373058 0.00111935 0.00404221 -0.00810421 -0.00308507 0.00467593 0.0048644 -0.003434 -0.000650177 -0.00406429 0.00505825 0.0111499 0.00730845 -0.00412434 0.00209742 0.00795446 -0.00715791 -0.0073038 0.00132938 0.0057265 0.00638322
internal_weight=269.331 255.275 214.116 110.819 103.297 85.8375 76.243 75.749 55.3518 71.5421 35.0702 20.7068 14.0566 14.3633 62.9775 41.1591 4.61919 20.3971 12.2826 61.5146 9.59445 6.93026 17.4592 5.71249 3.95774 11.7467 53.8366 3.9315 57.1337 53.0009
internal_count=1793 1633 1409 815 594 464 420 612 486 388 203 107 160 96 335 224 37 126 77 323 44 33 130 39 23 91 478 27 292 261
is_linear=0
shrinkage=0.00974396


Tree=121
num_leaves=31
num_cat=0
split_feature=68 72 47 66 55 55 47 7 55 39 66 39 29 60 15 15 47 48 48 60 25 38 66 0 67 60 55 6 60 48
split_gain=9.97776 11.7062 9.6267 6.70739 8.21259 6.38675 5.84727 5.91097 5.7249 6.90412 5.53807 5.27174 5.44778 4.71856 4.29378 4.20954 3.7663 3.52748 8.06869 3.24313 9.52254 3.18181 6.14636 3.15267 3.03269 4.34055 4.64337 3.24167 4.92874 3.59979
threshold=1.0000000180025095e-35 1.0000000180025095e-35 63.01250000000001 218.50000000000003 1.939416666666667 2.171250000000001 63.802500000000009 4.9962500000000007 1.8445833333333337 67.865000000000009 158.50000000000003 77.710000000000022 3.6600000000000006 58.500000000000007 31.565000000000005 18.610000000000003 82.920000000000016 0.10500000000000002 0.055000000000000007 49.500000000000007 9.2650000000000023 95.520000000000024 35.500000000000007 19.270000000000003 1.0000000180025095e-35 37.500000000000007 1.3415833333333336 2.5500000000000003 40.500000000000007 2.9150000000000005
decision_type=2 2 2 2 2 2 2 2 2 2 2 2 2 2 2 2 2 2 2 2 2 2 2 2 2 2 2 2 2 2
left_child=1 2 14 10 6 -6 -5 -8 -2 -10 11 24 21 -7 -1 -12 -14 18 -3 20 -17 22 -13 -11 27 -26 -27 28 -4 -30
right_child=8 17 3 4 5 13 7 -9 9 23 15 12 16 -15 -16 19 -18 -19 -20 -21 -22 -23 -24 -25 25 26 -28 -29 29 -31
leaf_value=-0.0093446558592536443 -0.0081897378207849824 -0.011164928056021359 0.0154293350330917 0.010350286588061183 0.0060287303043297484 -0.0045650694789468272 0.0084980086486766172 -0.010301564986995575 0.01576289262310417 -0.0059175784734745154 0.013754062819440954 -0.011559845362603058 0.019600565637776433 0.0070439155168845651 0.0045114165344072241 0.0113121390746384 0.0059987063818170124 -0.010416853623353648 0.0076427929224715321 0.0057133381445925134 -0.011492578438012747 0.0069728728239804513 0.001722265040503044 0.011043661136484672 0.015272236366101394 -0.011110780360017329 0.013790553323870797 -0.007557951333953641 -0.0069209486960093818 0.011122352665832662
leaf_weight=10.87219627946615 20.535844743251804 4.3950722590088862 1.64002644270659 1.7369183599948907 16.593753829598427 15.853490412235262 1.7454099282622362 14.590618595480917 2.2192867025732985 7.1051008403301221 5.3068793416023246 3.4898621737956992 2.5177339613437644 4.1616406962275496 2.5987310931086531 3.0531820505857459 8.4237585514783841 10.508979618549345 4.1934473291039467 37.17648259550333 3.9331883564591408 9.5310817360877973 52.847367905080318 1.1783267036080358 2.0157683938741675 2.117329984903336 1.0220664441585539 11.092895552515982 5.1900373473763466 1.274046406149864
leaf_count=113 194 42 9 13 81 119 12 151 11 46 23 26 11 20 19 15 41 96 24 172 37 47 296 7 11 18 5 90 38 6
internal_value=-8.04211e-06 0.000669714 0.00130919 0.00183361 -0.00108722 0.0015636 -0.00645594 -0.00827027 -0.00520107 0.000638852 0.00289478 0.00158545 0.00283839 -0.00213624 -0.00665706 0.00556645 0.00919651 -0.00663779 -0.00197371 0.00456885 -0.00150108 0.00177566 0.000890084 -0.00345057 -0.00235953 0.00424215 -0.00289655 -0.00414381 0.000527041 -0.00330139
internal_weight=268.921 237.882 218.784 205.314 54.6818 36.6089 18.0729 16.336 31.0386 10.5027 150.632 101.162 76.8098 20.0151 13.4709 49.4697 10.9415 19.0975 8.58852 44.1629 6.98637 65.8683 56.3372 8.28343 24.3522 5.15516 3.1394 19.197 8.10411 6.46408
internal_count=1793 1535 1373 1241 396 220 176 163 258 64 845 598 421 139 132 247 52 162 66 224 52 369 322 53 177 34 23 143 53 44
is_linear=0
shrinkage=0.00974396


Tree=122
num_leaves=31
num_cat=0
split_feature=45 72 68 35 61 20 32 49 29 49 49 37 2 0 61 37 49 42 32 41 6 29 41 54 33 2 37 25 36 32
split_gain=10.0077 10.0118 11.1214 7.7675 6.54184 6.14583 6.8239 9.27737 7.2515 5.98459 6.92112 4.96094 5.7864 4.86445 4.45829 6.15936 4.27294 4.0502 3.84687 3.80604 3.66191 5.57159 3.442 3.39362 3.14379 5.38295 5.02269 4.36727 3.99951 3.93339
threshold=42.110000000000007 1.0000000180025095e-35 1.0000000180025095e-35 11.940000000000003 133.10500000000005 5.5191190948688122 3.9699296875333352 0.56500000000000006 -2.5999999999999992 0.23500000000000001 3.5900000000000003 67.875000000000014 18.525000000000002 17.825000000000003 115.98500000000003 86.515000000000015 0.20500000000000004 45.695000000000007 3.2173827654477281 81.105000000000004 19.770000000000003 9.9200000000000017 79.780000000000015 0.68500000000000016 2.5350000000000006 12.270000000000001 86.515000000000015 8.6650000000000009 74.165000000000006 3.1836253984939251
decision_type=2 2 2 2 2 2 2 2 2 2 2 2 2 2 2 2 2 2 2 2 2 2 2 2 2 2 2 2 2 2
left_child=17 2 5 4 -4 6 7 11 16 18 -11 12 -2 -10 15 -7 -8 -1 -5 -14 -3 -22 -13 -15 25 28 29 -28 -9 -26
right_child=1 20 3 9 -6 14 8 24 13 10 -12 22 19 23 -16 -17 -18 -19 -20 -21 21 -23 -24 -25 26 -27 27 -29 -30 -31
leaf_value=0.0065005204645163127 0.0056729208128891064 -0.0085797166312235346 -0.0087608093924436362 0.024094655668067098 0.01666582116358048 0.0052286034349336152 0.015034316419558809 -0.0080404565393593797 -0.010547941796714087 -0.012634729452345813 0.014431132640136382 -0.0078485470898644102 -0.01122903496340605 0.0066871954018825602 0.012632325880259528 -0.010917297043346621 -0.0056449949384100324 -0.0099388825788524742 0.0017204587836837978 0.0072730619834984961 0.01337944891108904 -0.011284182687952751 -0.0013132457645768179 -0.011163174840457986 0.0061632553448592213 0.012786462651946499 0.0041415508587956985 -0.011373978320404231 0.0046448357380389754 -0.0057972695083096954
leaf_weight=1.5725542008876789 17.167789041996006 14.919264473021032 20.7075793594122 1.6884717792272561 0.97024140506982703 24.816759161651138 2.5240823403000863 2.4426396265625945 11.616123184561731 2.6493692547082905 1.3077596575021742 9.4776000678539258 3.7250313013792029 3.2521835118532172 6.7351531684398642 2.4263393059372893 1.4701552018523214 12.306338801980017 1.2970481738448141 1.4287813380360601 1.9352262839674943 1.5155960470438001 39.592893071472645 1.4208463281393049 13.845807678997522 7.6665019094943991 2.6790412813425055 4.6620533391833305 47.512233808636665 3.1731382533907881
leaf_count=13 100 132 183 8 6 112 12 17 101 17 7 77 33 17 29 24 10 147 9 9 9 12 258 12 76 39 16 39 245 24
internal_value=-7.96583e-06 0.000431248 0.000970858 -0.00471831 -0.00759008 0.00175638 0.00101336 0.0017166 -0.00429124 0.00422286 -0.00360645 -0.000849859 0.00295267 -0.00717861 0.00554475 0.00377289 0.00740948 -0.00805453 0.0145585 -0.00605963 -0.00648951 0.00250571 -0.00258312 0.00118695 0.00395247 0.00519306 0.00100927 -0.00570218 0.00401644 0.00391791
internal_weight=268.505 254.626 236.256 28.6205 21.6778 207.635 173.657 153.374 20.2834 6.94265 3.95713 71.3921 22.3216 16.2892 33.9783 27.2431 3.99424 13.8789 2.98552 5.15381 18.3701 3.45082 49.0705 4.67303 81.9814 57.6214 24.36 7.34109 49.9549 17.0189
internal_count=1793 1633 1480 230 189 1250 1085 933 152 41 24 477 142 130 165 136 22 160 17 42 153 21 335 29 456 301 155 55 262 100
is_linear=0
shrinkage=0.00974396


Tree=123
num_leaves=31
num_cat=0
split_feature=45 72 68 23 56 20 55 30 9 74 59 11 49 9 24 31 52 12 55 59 59 27 59 36 55 52 36 56 51 16
split_gain=9.8768 9.86017 10.9316 7.72079 6.85619 7.24098 5.69056 5.3402 7.69558 5.30721 5.25272 5.21677 5.05327 4.34871 4.27748 4.0325 3.9373 4.76378 3.9168 3.90413 3.85954 3.69509 4.1228 3.42603 3.33715 3.73001 4.463 6.93626 5.92869 4.45714
threshold=42.110000000000007 1.0000000180025095e-35 1.0000000180025095e-35 23.210000000000004 1.7871308947943856 5.6708412338240892 2.111333333333334 0.69000000000000006 -1.1949999999999996 1.0000000180025095e-35 0.52750000000000019 3.4475000000000002 4.3500000000000005 -7.3199999999999994 3.7450000000000006 0.33541666666666686 0.30500000000000005 24.560000000000002 1.8255833333333338 0.022500000000000003 0.022500000000000003 4.0700000000000012 0.51250000000000007 93.245000000000019 3.5680000000000001 0.68500000000000016 86.870000000000019 3.7905550792608111 1.8450000000000004 5.1450000000000005
decision_type=2 2 2 2 2 2 2 2 2 2 2 2 2 2 2 2 2 2 2 2 2 2 2 2 2 2 2 2 2 2
left_child=20 2 4 6 11 7 -4 8 14 12 -5 13 24 -2 21 -10 17 -3 -11 -13 -1 22 -6 -24 25 26 27 -9 -29 -27
right_child=1 16 3 10 5 -7 -8 9 15 18 -12 19 -14 -15 -16 -17 -18 -19 -20 -21 -22 -23 23 -25 -26 29 -28 28 -30 -31
leaf_value=0.012219484895399466 -0.010779431294462457 -0.0065811221768449077 -0.008895787083542727 -0.0070281357283386268 0.0035302220425954926 0.0073206104698155935 0.006484686342754971 -0.0052624842356801512 -0.010695577810575002 -0.00037358281130496474 0.012605100541066432 0.00064730031143120359 0.0047810253870289371 0.0071664934289123287 -0.012448818262675954 0.0082905029690749817 -0.011313334665236142 0.0082803204706890666 0.010292228596357993 -0.010102126061923728 -0.0093245822198946698 0.010732461961684698 -0.0091176249573072105 0.0032737330223030314 -0.01164065886202733 0.013313554316218223 -0.0082024230817974303 0.0013830257356939016 0.019564560588026813 0.00015081166040940456
leaf_weight=0.80384950339794059 1.5994998738169668 6.9492640569806117 20.422945596277721 1.9779632315039624 13.387476094067106 24.202003851532936 2.5339691564440718 15.194963485002519 1.0677962601184869 5.4504654332995406 3.5707123205065727 4.6497685462236396 14.142434619367121 5.846358314156535 2.2234958186745635 27.546766109764576 8.4726172983646375 2.8560266122221947 8.0373378396034223 10.124474585056303 12.983073465526102 3.5322407931089392 6.1582404449582082 3.1763976365327835 2.9564771130681029 2.6035935133695594 11.870744720101355 8.915355481207369 2.0751206874847403 32.794352188706398
leaf_count=7 15 60 180 15 77 104 16 121 10 38 19 35 79 31 14 128 77 16 35 100 153 16 43 18 23 13 93 51 10 196
internal_value=-8.00227e-06 0.000427434 0.000962124 -0.00469087 0.00173983 0.00235352 -0.00718474 0.00160515 0.00399887 0.000289393 0.00558326 -0.00336851 -0.000559469 0.00325962 0.000406432 0.00756448 -0.006459 -0.00222433 0.0059836 -0.00671735 -0.00802947 0.00151621 6.25743e-05 -0.00489122 -0.00155144 -0.00113789 -0.003255 -0.000998763 0.00488233 0.00113563
internal_weight=268.126 254.339 236.061 28.5056 207.555 185.335 22.9569 161.133 57.0924 104.041 5.54868 22.2201 90.553 7.44586 28.4779 28.6146 18.2779 9.80529 13.4878 14.7742 13.7869 26.2544 22.7221 9.33464 76.4106 73.4541 38.0562 26.1854 10.9905 35.3979
internal_count=1793 1633 1480 230 1250 1069 196 965 306 659 34 181 586 46 168 138 153 76 73 135 160 154 138 61 507 484 275 182 61 209
is_linear=0
shrinkage=0.00974396


Tree=124
num_leaves=31
num_cat=0
split_feature=73 74 33 56 8 32 51 62 13 28 30 30 66 62 66 52 8 66 62 40 44 62 37 40 47 52 52 9 66 36
split_gain=9.69471 11.3588 9.3482 6.8032 5.32893 4.72429 4.6231 4.48514 4.86448 4.26487 3.80278 5.45315 4.35946 3.73466 3.72188 4.62169 3.66662 4.54078 3.66448 3.62654 3.54938 3.4547 3.38064 5.76169 6.06633 4.69381 5.84693 4.41576 4.00278 3.8849
threshold=1.0000000180025095e-35 1.0000000180025095e-35 3.3350000000000004 1.7586442418608697 2.3290167939472868 2.5232848107838666 2.02 0.85266666666666679 6.7200000000000006 3.5150000000000001 15.865000000000002 10.165000000000001 238.50000000000003 2.2959166666666668 53.500000000000007 0.055000000000000007 3.234416343912089 159.50000000000003 1.3251666666666668 59.435000000000009 8.9884816384356725 1.1245833333333335 80.670000000000016 80.090000000000018 92.912500000000009 1.8750000000000002 5.2600000000000007 -5.5049999999999999 281.50000000000006 89.295000000000016
decision_type=2 2 2 2 2 2 2 2 2 2 2 2 2 2 2 2 2 2 2 2 2 2 2 2 2 2 2 2 2 2
left_child=1 13 3 4 -2 10 7 -3 -9 14 11 -4 -12 22 18 21 -11 -18 -5 -19 -15 -16 25 28 -25 -1 -27 -26 -24 -29
right_child=2 6 5 9 -6 -7 -8 8 -10 16 12 -13 -14 20 15 -17 17 19 -20 -21 -22 -23 23 24 27 26 -28 29 -30 -31
leaf_value=-0.0081011493308975682 0.0162735018419141 -0.010603523171049066 0.0069906825225009321 0.0090490786969509972 -0.007731375440754089 -0.0061162963584004042 -0.011197040789037448 -0.010875744753588901 0.0063564407323085529 0.0097376089731728982 -0.00019625303415052504 -0.0058637599812913152 0.022687720563128465 -0.00098858675897071252 0.0078717713343829428 0.0048302608113846793 -0.0029805728638266533 -0.0079231366066638536 -0.0068046878608369983 0.0064175205760310262 0.013634892279171995 -0.0075428724961431977 0.0048946032322490594 -0.0085843954970258405 -0.0089552424159267223 0.0078516491303360185 -0.011022728450110235 -0.0078870414035077819 -0.010959312325365577 0.0051133363007158737
leaf_weight=30.49267240613699 0.94988802075385859 1.7669531255960524 4.8920389562845257 1.6554401069879512 7.8440860360860825 18.106271035969257 1.9293669089674939 1.6216188296675706 24.569569304585457 15.278884239494799 1.6379846408963197 8.5506707355380041 1.4693414717912672 6.7862708121538144 1.7852748855948437 28.447593562304974 7.0212149843573561 1.7319610938429821 7.5038327798247337 30.672121949493885 2.0084636509418488 5.6202819496393204 11.705433972179888 18.045998550951481 4.354105398058894 4.2126175463199607 2.421501487493515 2.7313210368156424 1.6957725584506977 10.21570412814617
leaf_count=270 5 19 29 9 72 156 17 15 129 69 11 63 7 45 10 146 41 11 47 151 11 38 69 158 40 31 23 22 16 63
internal_value=-8.03738e-06 -0.0019961 0.00172078 0.00312824 -0.00506591 -0.00268097 0.00323573 0.00424995 0.00527062 0.0038538 0.00107502 -0.00116989 0.0107256 -0.00364978 0.00162633 0.00304433 0.00568192 0.00409919 -0.00390018 0.00563882 0.00238023 -0.00378872 -0.00426959 -0.00257492 -0.00463764 -0.00648644 0.000919974 -0.000503935 0.00285398 0.00234606
internal_weight=267.724 124.557 143.167 108.511 8.79397 34.6563 29.8875 27.9581 26.1912 99.7166 16.55 13.4427 3.10733 94.6699 45.0124 35.8532 54.7042 39.4253 9.15927 32.4041 8.79473 7.40556 85.8751 48.7483 35.3471 37.1268 6.63412 17.3011 13.4012 12.947
internal_count=1793 928 865 599 77 266 180 163 144 522 110 92 18 748 250 194 272 203 56 162 56 48 692 368 283 324 54 125 85 85
is_linear=0
shrinkage=0.00974396


Tree=125
num_leaves=31
num_cat=0
split_feature=45 68 5 59 49 70 18 9 41 55 27 55 59 60 5 36 59 60 55 49 29 36 59 36 49 18 38 35 1 64
split_gain=9.69001 8.92129 8.04302 6.63778 11.4657 5.67295 7.02946 6.33085 6.25598 5.04219 4.90789 4.34762 4.31682 5.37649 5.06532 4.40803 5.67423 6.08584 5.30402 4.38076 3.93004 3.81466 3.78254 3.60957 3.59937 3.41428 6.89919 5.08891 6.11401 4.1724
threshold=42.110000000000007 1.0000000180025095e-35 15.385000000000003 0.42250000000000004 0.28500000000000009 1.0000000180025095e-35 15.925000000000002 1.6250000000000002 71.015000000000015 1.5879166666666671 14.340000000000002 1.3499999999999999 0.17750000000000002 40.500000000000007 6.4350000000000014 77.230000000000004 0.54750000000000021 52.500000000000007 2.0338333333333334 1.6150000000000004 -2.6649999999999996 66.460000000000022 0.022500000000000003 65.095000000000013 0.41500000000000004 23.195000000000004 88.745000000000019 11.582500000000001 7.3750000000000009 7.5000000000000009
decision_type=2 2 2 2 2 2 2 2 2 2 2 2 2 2 2 2 2 2 2 2 2 2 2 2 2 2 2 2 2 2
left_child=22 5 -3 -4 -5 6 7 12 -9 -8 -6 21 13 -2 15 -14 17 -17 20 -16 24 -7 -1 -13 -18 27 -27 28 -11 -30
right_child=1 2 3 4 10 11 9 8 -10 25 -12 23 14 -15 19 16 18 -19 -20 -21 -22 -23 -24 -25 -26 26 -28 -29 29 -31
leaf_value=0.011923579490209536 0.0022440383372300471 -0.0085056750609644911 -0.0071423141863111118 0.025256427125784062 -0.012090300254394401 0.0035878060251689106 -0.0072798484087189096 -0.0058335007572970065 0.0068808116401569827 -0.011192343280177281 0.010889093900547198 0.017046160013416668 -0.0064822906068342677 -0.0095449776312771031 0.0027671137663416979 0.014073319735855135 0.0074764926664083907 0.0021048350229844149 0.00158203938453024 0.013332570903946012 -0.011357616916892296 -0.011342660250613911 -0.009296108985675719 0.0057532241982340389 -0.010830887246301154 0.0038724242765815868 -0.0093554841450819402 -0.0072271414579871147 0.012809908162793846 -0.00065453110713593594
leaf_weight=0.8136315792798986 6.5589812099933615 18.521038189530376 4.1092895790934545 2.381792925298214 2.0215305909514432 5.1386819481849697 13.963401988148687 4.1334628015756598 30.695812933146954 2.6898844242095974 1.5045703351497648 3.212735369801524 8.3040795624256116 8.2351059764623624 12.211820662021639 4.8532125651836422 2.6088775321841204 23.381945699453354 16.130740329623222 5.3710496872663489 7.3171990960836464 2.328284427523613 12.840909905731676 16.618597932159901 1.6204678714275358 22.754312761127952 4.4391446113586417 13.881172277033327 3.9848728924989683 4.7394548654556274
leaf_count=7 46 166 32 12 13 26 138 32 139 25 8 14 59 76 71 22 14 141 78 24 63 22 153 76 15 133 35 104 19 30
internal_value=-8.12452e-06 0.000422238 -0.00470576 0.00231281 0.00891447 0.0010734 0.000497786 0.00180409 0.00536359 -0.00208333 -0.00223783 0.00523471 0.000517713 -0.00431722 0.00139529 0.000123345 0.00111038 0.0041825 -0.00202047 0.00602331 -0.0070531 -0.00108406 -0.00799317 0.00761786 0.000398549 -0.000694277 0.00169846 -0.00327031 0.00153847 0.00550932
internal_weight=267.366 253.712 28.5382 10.0172 5.90789 225.173 197.875 131.423 34.8293 66.4522 3.5261 27.2983 96.5935 14.7941 81.7994 64.2165 55.9124 28.2352 27.6773 17.5829 11.5465 7.46697 13.6545 19.8313 4.22935 52.4888 27.1935 25.2954 11.4142 8.72433
internal_count=1793 1633 231 65 33 1402 1264 780 171 484 21 138 609 122 487 392 333 163 170 95 92 48 160 90 29 346 168 178 74 49
is_linear=0
shrinkage=0.00974396


Tree=126
num_leaves=31
num_cat=0
split_feature=72 52 41 2 61 33 61 42 42 42 53 29 52 53 53 39 24 33 42 23 61 38 20 61 50 48 38 15 61 61
split_gain=9.26398 8.14864 7.40328 7.54399 5.90733 6.48282 4.96105 4.46674 4.39955 4.33628 4.53591 3.84369 3.70723 6.30411 4.87031 3.51403 3.2691 3.8411 7.35735 5.30101 4.91323 5.25029 4.07344 3.56838 5.23933 3.50505 4.32724 3.71301 4.01228 3.38135
threshold=1.0000000180025095e-35 0.65500000000000014 66.65000000000002 5.4800000000000013 63.655000000000008 3.3350000000000004 110.67500000000003 96.810000000000016 98.41500000000002 59.960000000000001 0.055000000000000007 9.4800000000000022 0.30500000000000005 1.0300000000000002 1.7200000000000002 59.165000000000006 -4.4249999999999998 -4.2649999999999988 96.195000000000007 16.477500000000003 95.27500000000002 87.265000000000015 4.6994026411696375 174.35500000000002 4.785000000000001 0.065000000000000016 75.570000000000007 5.0050000000000008 71.715000000000003 82.970000000000013
decision_type=2 2 2 2 2 2 2 2 2 2 2 2 2 2 2 2 2 2 2 2 2 2 2 2 2 2 2 2 2 2
left_child=1 2 -1 -4 -5 7 -7 9 15 -6 -11 -12 13 -2 -15 -3 -17 18 22 25 -21 23 -18 24 -22 26 -19 -27 -29 -24
right_child=12 8 3 4 5 6 -8 -9 -10 10 11 -13 -14 14 -16 16 17 19 -20 20 21 -23 29 -25 -26 27 -28 28 -30 -31
leaf_value=-0.0070245498705711028 -0.0095575403299930778 0.0075257121059827325 -0.0051411773938767266 -0.0055248474042185114 0.019510422284408076 -0.010743327205676919 0.00013680001684371294 -0.012331345237641077 0.01681464175129985 -0.0025302573182899497 0.0057535527594449569 -0.011173407785523205 -0.011262263479434284 0.011758773507437696 -0.01052742587403317 0.012096564109272767 -0.0099483964490467702 0.0059641399781482241 0.0055822725715811324 -0.010722477284320693 0.0023885734479746211 -0.0092928233812203942 -0.0079202361977720737 -0.0068698479033227431 0.019667725938008099 -0.0030682694169010512 -0.0075155384865961128 0.020212650109998297 0.0059168642466221055 0.0060985721123131276
leaf_weight=17.864831037819386 5.554056219756605 10.242707580327986 23.676455996930599 11.2202136144042 1.7108792364597309 5.0898477435112026 17.663789190351963 1.5218638703227032 1.9220169335603703 8.6527732238173467 39.780200377106667 1.2771082445979107 8.6643780916929227 3.4095471352338791 1.2371531948447225 2.6889569610357276 9.5609682872891479 4.3064142987132055 7.8333182185888282 4.0015880763530722 20.542044997215282 4.2214559838175765 2.8510728999972335 3.3878698050975791 1.7813749462366093 4.0399767458438864 4.6729321852326393 1.9610778614878643 31.89585842192173 3.7224355041980743
leaf_count=177 52 61 179 105 10 58 106 10 8 59 198 11 81 17 13 16 76 19 40 45 127 32 26 25 8 26 25 10 153 20
internal_value=-8.15911e-06 0.000492294 -0.00121108 -0.000268778 0.00105866 0.00203845 -0.00230508 0.00390792 0.00232221 0.00439966 0.00386271 0.00521421 -0.00658416 -0.00257146 0.00576116 0.00207921 0.00155647 0.00128053 -0.00214004 0.00229715 -0.000632571 0.000723769 -0.0059014 0.00238446 0.00380381 0.00441954 -0.00103871 0.00571594 0.00677013 0
internal_weight=266.955 248.09 128.458 110.593 86.9167 75.6965 22.7536 52.9428 119.632 51.421 49.7101 41.0573 18.8651 10.2008 4.6467 117.71 107.467 104.778 23.9678 80.8106 33.9343 29.9327 16.1345 25.7113 22.3234 46.8763 8.97935 37.8969 33.8569 6.57351
internal_count=1793 1630 913 736 557 452 164 288 717 278 268 209 163 82 30 709 648 632 162 470 237 192 122 160 135 233 44 189 163 46
is_linear=0
shrinkage=0.00974396


Tree=127
num_leaves=31
num_cat=0
split_feature=45 72 52 2 73 70 2 46 49 41 12 50 44 52 53 53 6 41 48 53 10 51 50 73 70 52 27 25 55 52
split_gain=9.4928 9.45241 5.83826 6.38105 5.5816 6.27959 5.50012 5.00409 5.55469 4.97835 4.22055 5.41064 4.09388 3.86829 6.3814 4.28842 3.75443 3.72053 3.56773 3.52822 3.4081 3.53396 3.16832 3.26967 4.64983 3.19301 4.39748 4.98099 4.38397 3.54038
threshold=42.110000000000007 1.0000000180025095e-35 0.65500000000000014 5.4800000000000013 1.0000000180025095e-35 1.0000000180025095e-35 6.2650000000000015 99.730000000000004 0.10500000000000002 66.65000000000002 27.265000000000004 0.045000000000000005 8.9003242859571294 0.30500000000000005 1.0300000000000002 1.7200000000000002 27.995000000000001 72.540000000000006 17.165000000000003 5.1450000000000005 9.4800000000000022 0.58500000000000008 2.2850000000000006 1.0000000180025095e-35 1.0000000180025095e-35 3.9100000000000006 10.320000000000002 8.0450000000000017 0.89275000000000027 3.4900000000000007
decision_type=2 2 2 2 2 2 2 2 2 2 2 2 2 2 2 2 2 2 2 2 2 2 2 2 2 2 2 2 2 2
left_child=16 2 3 20 5 6 -5 8 10 -6 11 17 -7 14 -3 -16 19 -4 -8 -1 21 -2 25 24 -24 28 27 -27 -10 -30
right_child=1 13 7 4 9 12 18 -9 22 -11 -12 -13 -14 -15 15 -17 -18 -19 -20 -21 -22 -23 23 -25 -26 26 -28 -29 29 -31
leaf_value=-0.010679626784795424 -0.0076320208942084787 -0.0094727072201643368 -0.010820729131210929 0.0084421876814553716 -0.0070798192234084404 0.0001884901415457895 -0.0057342204518220207 -0.0086667045009331412 -0.0043299084310576049 0.0034565324082094862 0.0048321580791277257 -0.0085108749543835373 0.015812833742063929 -0.011266246240714052 0.011617834846788041 -0.010477581688392792 0.012921431382923532 0.0039356334966954747 0.012488108000441756 0.008281706773639385 -0.01004645517348329 0.0018290756300876098 -0.0063111875656668972 0.0040374939914435901 0.0098408857691745857 0.0015256887799468292 -0.0083960430172214384 0.014821186943617047 0.0072628913452869827 0.018783821939824325
leaf_weight=11.800678811967368 6.6280515342950848 5.2261709868907946 1.9172073230147422 3.0859339758753768 4.6079570949077597 3.9971532225608817 29.978483222424988 3.64964635670185 2.8172315955162039 50.448714733123779 9.0209557041525823 9.5695353224873525 2.6286070421338081 8.2772985622286779 3.4176983013749123 1.0614221990108488 0.73557479679584581 9.4554307833313924 1.0174718350172032 0.97651031613349992 8.4716084674000722 8.5048276558518392 8.02220666408539 17.284338854253292 2.1017974615097037 12.752627514302736 3.0237302854657164 3.361822858452796 29.98630778491497 2.7702554464340201
leaf_count=146 50 48 19 20 40 23 238 34 28 288 53 69 12 77 17 11 5 50 5 9 82 47 56 87 9 68 23 15 151 13
internal_value=-8.22341e-06 0.000416654 0.000938293 -0.00057273 0.000545062 -0.00218786 -0.00387813 0.00249757 0.00286502 0.00256816 -0.000721823 -0.00312468 0.00646035 -0.00638386 -0.00217939 0.00631004 -0.00795444 0.00140941 -0.00511757 -0.00920052 -0.00510674 -0.00231499 0.00417503 0.0014619 -0.00292141 0.00552993 0.00230466 0.0043353 0.00725723 0.00826149
internal_weight=266.597 253.084 235.102 119.369 95.7643 40.7076 34.0819 115.733 112.083 55.0567 29.9631 20.9422 6.62576 17.9826 9.70529 4.47912 13.5128 11.3726 30.996 12.7772 23.6045 15.1329 82.1203 27.4083 10.124 54.712 19.1382 16.1145 35.5738 32.7566
internal_count=1793 1633 1480 805 626 298 263 675 641 328 191 138 35 153 76 28 160 69 243 155 179 97 450 152 65 298 106 83 192 164
is_linear=0
shrinkage=0.00974396


Tree=128
num_leaves=31
num_cat=0
split_feature=73 41 26 55 56 58 0 26 43 46 11 42 29 39 26 4 28 56 44 44 0 46 51 0 13 28 1 13 42 58
split_gain=9.17074 8.97481 6.00149 5.71861 5.45708 4.69756 4.62334 5.48976 6.05107 4.84116 4.52119 4.36385 4.65366 4.05781 5.68015 3.89426 3.88574 5.49817 3.64556 3.63005 3.5129 5.26822 3.50914 3.47641 5.44927 3.2627 3.1434 4.82264 3.10888 3.07512
threshold=1.0000000180025095e-35 68.140000000000001 -0.97499999999999987 1.3499999999999999 5.2302536910021695 7.3500000000000005 17.775000000000002 6.6450000000000005 82.469000000000008 83.230000000000018 4.3825000000000012 46.510000000000005 14.980000000000002 61.085000000000008 12.210000000000003 27.485000000000003 -3.6999999999999997 2.1276083353817654 8.9206796543619635 7.2607512349975751 2.6050000000000004 98.300000000000026 1.2600000000000002 7.0000000000000009 2.4700000000000006 3.0150000000000001 12.165000000000001 20.345000000000002 46.510000000000005 20.075000000000003
decision_type=2 2 2 2 2 2 2 2 2 2 2 2 2 2 2 2 2 2 2 2 2 2 2 2 2 2 2 2 2 2
left_child=3 18 20 10 5 19 7 8 -5 -8 23 -7 29 14 -12 28 -10 -18 26 25 21 -3 -11 24 -1 -4 -2 -28 -9 -13
right_child=1 2 4 6 -6 11 9 15 16 22 13 12 -14 -15 -16 -17 17 -19 -20 -21 -22 -23 -24 -25 -26 -27 27 -29 -30 -31
leaf_value=0.0052380477621421905 -0.011040425400317534 -0.010978809534642782 -0.0065766544436117805 0.0042115687416412508 -0.0045081275311514117 0.028808335730032397 -0.010633516147460097 0.0086226276764961168 0.0067375012043010508 0.0051436807931180516 0.005345022363049832 0.0036938913458426331 -0.0066615269920623542 -0.0099551111334153022 -0.011403161786864674 0.0073079825188359909 0.0019002835231973153 -0.0082584931099404547 -0.0097145558458859305 -0.010868386883638998 -0.010170774101723151 0.0059320829475459497 -0.0058275185095850255 0.014301047169666225 -0.0091307580823928643 0.011729371909276736 0.011220382680265189 -0.0036845405017220051 -0.0099132788053309939 0.0077778803947975428
leaf_weight=4.9043286442756635 2.3102292940020588 2.5743812620639783 1.7183074057102197 16.739530369639397 7.7493258044123641 0.66217757761478324 2.3561502397060421 0.88345302641391477 3.1484325453639057 23.126832433044914 4.635334566235545 68.490225546061993 3.4831219986081114 17.935931950807571 3.2260904163122177 1.5660926997661597 7.6767120957374599 14.624741680920122 7.7039066553115836 3.4175446256995201 4.8679710552096367 5.2544614970684052 3.1015345454215995 1.3736949563026417 5.0391165837645531 1.9089782536029813 3.1641029044985753 5.7371107041835785 13.167998567223547 23.696400985121727
leaf_count=28 21 25 11 91 55 4 27 6 19 123 27 360 27 192 33 7 46 127 80 35 34 29 23 8 49 10 19 42 122 113
internal_value=-8.22884e-06 0.00167326 0.00262905 -0.00195252 0.00335486 0.00394694 -0.000575825 -0.00216174 -0.000329707 0.00262555 -0.00514978 0.00450936 0.00432862 -0.00739955 -0.00153324 -0.00708999 -0.00332352 -0.00475855 -0.00456953 -0.00370882 -0.00370459 0.00032915 0.00383499 -2.69975e-06 -0.00203788 0.00304405 -0.00100218 0.00162423 -0.00871896 0.00474779
internal_weight=266.244 142.738 123.823 123.506 111.126 103.377 86.3915 57.807 42.1894 28.5845 37.1145 96.3319 95.6697 25.7974 7.86142 15.6175 25.4499 22.3015 18.9153 7.04483 12.6968 7.82884 26.2284 11.3171 9.94345 3.62729 11.2114 8.90121 14.0515 92.1866
internal_count=1793 865 703 928 615 560 591 418 283 173 337 504 500 252 60 135 192 173 162 56 88 54 146 85 77 21 82 61 128 473
is_linear=0
shrinkage=0.00974396


Tree=129
num_leaves=31
num_cat=0
split_feature=67 62 6 73 38 36 41 66 54 29 62 38 41 56 41 41 66 37 45 50 62 39 19 21 27 56 6 37 51 39
split_gain=9.30038 9.83723 10.6353 6.87371 5.88133 5.46484 7.17422 6.68914 5.83453 5.63269 5.39784 5.20068 5.4718 4.56201 6.38342 4.32328 4.27336 5.16972 4.35591 4.23948 4.17885 6.08669 5.59822 4.16506 3.98535 3.96157 3.53818 3.42364 3.35943 3.18371
threshold=1.0000000180025095e-35 1.8027500000000001 7.6850000000000014 1.0000000180025095e-35 97.570000000000007 93.245000000000019 89.870000000000019 295.50000000000006 0.45000000000000007 10.830000000000002 2.8780000000000006 74.965000000000018 66.240000000000023 2.7500440041428003 70.220000000000013 71.420000000000016 105.50000000000001 77.515000000000015 78.925000000000011 0.85500000000000009 1.3535000000000001 59.380000000000003 12.518916666666668 9.8250000000000011 14.425000000000002 1.7427482540763781 21.905000000000005 95.020000000000024 0.18500000000000003 68.545000000000002
decision_type=2 2 2 2 2 2 2 2 2 2 2 2 2 2 2 2 2 2 2 2 2 2 2 2 2 2 2 2 2 2
left_child=1 2 3 4 20 6 7 8 10 19 24 12 -4 28 -15 -5 18 29 27 -10 21 -1 -22 25 -3 -2 -25 -17 -14 -18
right_child=23 5 11 15 -6 -7 -8 -9 9 -11 -12 -13 13 14 -16 16 17 -19 -20 -21 22 -23 -24 26 -26 -27 -28 -29 -30 -31
leaf_value=0.0093247368818503255 -0.0027226724145975384 0.0065342679589080578 -0.0080336724817927762 -0.005579610708456053 0.0094145830385400624 0.0066827945869492346 -0.005791835105131404 -0.009923052977862605 0.0089692080173561645 -0.0058324607478634632 -0.0081872930855176849 -0.01012050028976632 0.0023573608515068253 0.026678512833742098 -0.00069011346848170548 -0.0064373633902546174 0.0069274735416426777 0.013654061632726932 0.0078086011117475844 -0.0019912013951927641 -0.0043416278871791876 -0.010565024019275447 0.010048696763676158 -0.004693691387833359 -0.002872467364272567 0.007387814240818657 0.0067666920972712695 0.011791648860079976 -0.010915392051709166 -0.002049328455858319
leaf_weight=1.5935142859816576 4.2218387350440052 36.664726816117764 11.425856932997705 5.7878322824835768 2.9146122857928267 15.566079027950762 14.658179320394991 4.4187203198671332 6.295426622033121 12.923535063862799 2.9160391986370078 20.653653278946877 4.9270459040999395 1.3932777866721155 1.8378567546606062 8.5013126581907255 8.752362325787546 6.2104923650622359 3.9025480821728697 7.0614737048745155 12.515414863824843 14.087747447192667 3.1867872178554526 7.6156181842088682 4.7985896170139304 26.898087695240974 3.8008142113685608 1.0657391846179951 2.8067786321043968 6.4898755922913542
leaf_count=8 34 181 120 45 15 76 92 32 32 101 24 225 29 8 19 65 39 29 20 36 95 140 15 54 33 131 24 5 28 38
internal_value=-8.31345e-06 -0.000804235 -0.00273552 -0.000517269 -0.00373014 0.00135988 0.000432719 0.00165197 0.00238251 -0.0012512 0.00453642 -0.00659422 -0.00332434 0.00158198 0.0112429 0.00218736 0.00348288 0.00618072 -0.000809692 0.0031758 -0.00496475 -0.00851829 -0.00139599 0.00416504 0.00544093 0.00601046 -0.000857423 -0.0043553 -0.00247259 0.00310129
internal_weight=265.892 223.355 118.053 75.0082 34.2981 105.303 89.7367 75.0785 70.6598 26.2804 44.3794 43.0445 22.3908 10.965 3.23113 40.7102 34.9223 21.4527 13.4696 13.3569 31.3835 15.6813 15.7022 42.5364 41.4633 31.1199 11.4164 9.56705 7.73382 15.2422
internal_count=1793 1550 943 514 273 607 531 439 407 169 238 429 204 84 27 241 196 106 90 68 258 148 110 243 214 165 78 70 57 77
is_linear=0
shrinkage=0.00974396


Tree=130
num_leaves=31
num_cat=0
split_feature=73 74 33 33 55 38 20 47 44 54 63 29 53 55 53 39 38 53 38 44 38 37 50 20 48 48 44 44 38 38
split_gain=8.89144 10.7937 8.76473 5.64164 4.47699 4.28425 3.92511 5.61421 6.42454 4.27656 3.89175 3.86781 3.86405 3.64349 4.47678 3.61365 6.46447 3.5254 5.52782 3.3723 3.2986 7.18765 4.20794 3.22277 2.78401 2.6924 2.68407 3.41957 3.02362 2.93988
threshold=1.0000000180025095e-35 1.0000000180025095e-35 3.3350000000000004 -3.2699999999999996 0.85266666666666679 88.745000000000019 3.1289538997820325 81.115000000000023 4.2933670841362863 1.6450000000000002 4.5000000000000009 -10.294999999999998 1.0000000180025095e-35 2.2959166666666668 0.045000000000000005 88.745000000000019 79.545000000000016 0.38500000000000006 97.570000000000007 8.9884816384356725 81.090000000000018 80.670000000000016 0.68500000000000016 3.3333601395356083 0.055000000000000007 5.410000000000001 10.76945465431351 3.589186377319233 80.545000000000016 76.055000000000021
decision_type=2 2 2 2 2 2 2 2 2 2 2 2 2 2 2 2 2 2 2 2 2 2 2 2 2 2 2 2 2 2
left_child=1 13 3 11 -3 10 7 -4 9 -9 -6 -2 23 14 -1 16 -14 26 20 -15 21 -19 -23 -5 -18 -17 27 -16 -29 -28
right_child=2 4 6 12 5 -7 -8 8 -10 -11 -12 -13 15 19 17 25 24 18 -20 -21 -22 22 -24 -25 -26 -27 29 28 -30 -31
leaf_value=-0.00838438674937147 0.012746714119611358 -0.010661915975962803 0.010358852117475378 0.011727039269594191 -0.0053709141708052641 -0.0080727383150021818 -0.005200246438239799 -0.0047035445152118207 -0.011004169534166126 0.015418527847488844 0.0067453005424038702 -8.6731710397955583e-05 0.004479843814941477 -0.00089993849449867267 0.0072597379352524376 -0.0011746429430109155 0.0019618346877915407 -0.0065420539949402889 0.0127105913212043 0.013352039542565234 -0.0087005572969340861 -0.0010522210732917031 0.015155078363170493 -0.0047622159238938366 0.014415665414961653 0.011309795396501031 0.013118725085280497 0.0003103054976882504 -0.0076723814216530795 -0.004394263098986613
leaf_weight=18.719707496464252 2.3046363890171042 2.0260915383696583 4.4850692600011817 1.3488691896200169 2.7933908328414025 2.4196342304348937 21.38446944206953 1.8607234209775909 4.5010590776801109 2.0862469524145126 22.503937922418118 46.089070610702038 27.287836045026779 6.7367694079875928 3.4947785511612954 9.2844495102763158 2.0286087542772284 15.176935203373434 1.6070222705602635 2.0135456249117851 17.19176022708416 3.5015421062707892 2.627441018819809 5.9076180905103683 12.003831118345259 1.9507014006376255 2.6269704699516292 10.157417334616186 8.0126700177788717 1.3453628718852995
leaf_count=182 10 22 23 6 22 21 181 10 43 9 115 295 134 45 20 48 10 127 7 11 153 22 12 36 52 8 12 69 75 13
internal_value=-8.3369e-06 -0.0019284 0.00164728 0.00300843 0.00317735 0.00420664 -0.00263942 0.00158777 -0.00307894 0.00594528 0.00539639 0.000531186 0.00500904 -0.00355959 -0.00418014 0.00592935 0.00726117 -0.00297697 -0.0047798 0.00240803 -0.00552488 -0.00294565 0.00592488 -0.00163507 0.0126344 0.00101203 -0.000148925 -0.00150681 -0.00321144 0.00716986
internal_weight=265.478 122.955 142.523 108.206 29.7431 27.717 34.3176 12.9331 8.44803 3.94697 25.2973 48.3937 59.8119 93.2119 84.4616 52.5554 41.3203 65.7419 40.1047 8.75032 38.4977 21.3059 6.12898 7.25649 14.0324 11.2352 25.6372 21.6649 18.1701 3.97233
internal_count=1793 928 865 599 180 158 266 85 62 19 137 305 294 748 692 252 196 510 321 56 314 161 34 42 62 56 189 164 144 25
is_linear=0
shrinkage=0.00974396


Tree=131
num_leaves=31
num_cat=0
split_feature=68 72 47 56 30 5 61 34 61 43 5 49 46 5 5 14 8 14 15 61 73 50 56 4 56 51 34 41 5 24
split_gain=9.21293 10.538 8.61347 6.26385 6.17002 8.74976 8.15809 6.15642 5.81404 5.69951 5.62442 4.99351 5.10282 4.74457 4.70658 7.85914 4.8102 4.67044 4.17878 3.57248 3.4438 5.05253 5.90168 4.07215 3.30657 4.32496 3.49726 3.2237 3.20349 3.5443
threshold=1.0000000180025095e-35 1.0000000180025095e-35 63.01250000000001 1.7871308947943856 8.0150000000000023 5.9300000000000006 116.36500000000002 7.7300000000000013 131.46000000000001 62.753000000000007 15.385000000000003 0.075000000000000025 93.715000000000018 12.660000000000002 19.070000000000004 30.465000000000007 4.8148567712636101 4.9700000000000006 31.565000000000005 110.67500000000003 1.0000000180025095e-35 0.7350000000000001 2.314034966479531 1.5950000000000004 3.5166118293784403 0.055000000000000007 10.700000000000001 68.140000000000001 2.1550000000000007 -1.3999999999999997
decision_type=2 2 2 2 2 2 2 2 2 2 2 2 2 2 2 2 2 2 2 2 2 2 2 2 2 2 2 2 2 2
left_child=1 2 18 7 5 20 9 17 -8 -6 -2 -10 -13 -14 16 -16 19 -4 -1 27 21 22 -5 -22 -3 -26 -27 -12 -25 -30
right_child=10 24 3 4 6 -7 8 -9 11 -11 14 12 13 -15 15 -17 -18 -19 -20 -21 23 -23 -24 28 25 26 -28 -29 29 -31
leaf_value=-0.0092112447432298912 -0.0084681322246849874 -0.0096190461104437141 0.0099443722987777126 0.006750470839407113 0.0088033913870204841 0.0060329947298022896 0.0058086735415170572 -0.0070409849946947512 -0.011330744700595023 -0.0093446355638350416 -0.010755854529678529 0.0045326037922518167 0.0055585534602538116 -0.011347425016748984 -0.0114427037392506 0.020876561635970455 -0.011544942813541811 -0.0054761325099400484 0.0046012181811651435 0.016403834062571763 -0.0048627468396284356 -0.0082672490175001272 -0.0063857571955674378 0.0076826445803371592 0.010108314893010574 0.0084636968794211034 -0.011176249562962627 0.012244351190445323 -0.0092089254764869937 0.0029853494704722627
leaf_weight=10.357820853590963 18.249734573066238 11.518900424242021 4.622147515416148 7.9930993616580981 1.8667244240641583 64.288400165736675 18.622266374528408 14.032310470938681 4.0145345777273205 11.943841829895971 1.1685611754655822 11.746584899723532 2.2906492650508872 4.8349833711981773 4.6520173475146294 0.8051607459783553 1.2129717469215391 3.0665202736854553 2.5614380389451972 3.087957464158535 5.9252014011144629 8.1575143262743932 5.4092555865645409 12.950437292456625 2.193269044160842 1.1010465323925016 3.4872778132557869 1.0741460993885992 2.5221608802676192 19.337652757763866
leaf_count=113 166 114 23 44 14 307 90 136 33 126 11 72 12 40 44 5 9 22 19 16 36 64 45 65 11 5 32 7 15 97
internal_value=-8.26854e-06 0.000643454 0.00124436 0.00173474 0.00232578 0.00351193 -0.000386625 -0.00320455 0.00177005 -0.00686521 -0.00506654 -0.0015146 0.000585075 -0.00589423 0.000105928 -0.00654109 0.00567443 0.00378084 -0.00645746 0.00966971 0.000906093 -0.00223738 0.00143609 0.00257349 -0.00644792 -0.00101957 -0.00640527 0.000224245 0.00384678 0.00155919
internal_weight=265.095 234.844 216.544 203.624 181.903 126.584 55.3196 21.721 41.509 13.8106 30.2505 22.8868 18.8722 7.12563 12.0008 5.45718 6.54364 7.68867 12.9193 5.33066 62.2953 21.5599 13.4024 40.7355 18.3005 6.78159 4.58832 2.24271 34.8103 21.8598
internal_count=1793 1535 1373 1241 1060 673 387 181 247 140 258 157 124 52 92 49 43 45 132 34 366 153 89 213 162 48 37 18 177 112
is_linear=0
shrinkage=0.00974396


Tree=132
num_leaves=31
num_cat=0
split_feature=45 72 56 46 39 23 56 21 52 48 48 73 38 56 18 62 47 43 26 52 45 39 59 48 43 20 32 49 18 52
split_gain=9.0292 8.99854 7.08458 5.58892 6.18273 5.28956 4.26924 4.15944 3.80618 4.71142 5.33605 3.79945 7.83161 5.55465 3.79762 6.97543 5.04132 7.59914 4.41621 4.79417 3.90051 3.69255 3.65843 3.65524 4.05564 3.61369 4.95131 3.19132 4.4356 3.20902
threshold=42.110000000000007 1.0000000180025095e-35 1.7871308947943856 83.230000000000018 61.195000000000007 5.7900000000000018 1.2473224995502856 -2.5199999999999991 0.30500000000000005 0.10500000000000002 0.055000000000000007 1.0000000180025095e-35 81.435000000000016 4.5710417691320782 16.065000000000005 1.6820000000000002 81.115000000000023 74.794500000000014 -0.97499999999999987 0.68500000000000016 44.615000000000002 97.140000000000015 0.022500000000000003 2.2350000000000008 93.448250000000016 4.7499261937946775 3.4575025344951689 0.13500000000000004 1.9150000000000003 0.18500000000000003
decision_type=2 2 2 2 2 2 2 2 2 2 2 2 2 2 2 2 2 2 2 2 2 2 2 2 2 2 2 2 2 2
left_child=22 2 5 -4 -5 7 -7 -2 9 10 -3 12 25 21 18 -16 17 20 19 -13 -17 -14 -1 24 -21 26 -6 -20 29 -29
right_child=1 8 3 4 11 6 -8 -9 -10 -11 -12 14 13 -15 15 16 -18 -19 27 23 -22 -23 -24 -25 -26 -27 -28 28 -30 -31
leaf_value=0.011567759828484511 -0.010678619685137556 -0.010820280882548003 -0.010757114511697903 0.0059324371463131357 0.0015395256413527842 0.018233207498709575 -0.0074511096152176815 0.0068599436615416846 -0.011219638749558065 -0.0091457560393236759 0.011089775191548482 -0.0097495040369470071 -0.0082160714556645878 0.0026087397291780492 -0.010984646894795806 0.0092059433113872748 -0.0031063027327767226 0.012263464117282907 0.00058333370972158251 0.00079795231142934921 -0.0042648033474413901 0.0054527369952514712 -0.0092024311017767906 -0.0075009260571791319 0.021970392201449983 0.0058621032523493702 -0.011392930553362827 -0.011663931274353152 0.0071322619340703983 0.0027161726004182561
leaf_weight=0.82449387758970161 1.5992558076977728 1.472908996045591 3.4249754175543776 28.484117642045021 20.457782939076427 0.59821754693985241 18.257117107510567 5.8871725425124195 8.0664266198873502 4.6270533129572868 3.4566116183996201 4.6051852628588659 20.217814736068256 7.7317642495036116 5.0226704254746428 2.7513413727283531 13.612644761800764 7.4150516092777243 14.991493470966814 2.1251799240708356 7.5602437034249306 2.0307587534189215 12.342039555311201 1.7754436209797857 1.4229168146848676 15.095399260520933 3.2195932939648619 1.9527890086174 38.019249141216278 5.6199425160884857
leaf_count=7 16 15 37 129 129 4 182 31 77 44 17 34 178 45 52 13 95 35 83 13 54 14 153 10 6 76 27 14 175 28
internal_value=-8.36939e-06 0.000403435 0.000910213 0.00151499 0.00172348 -0.00384513 -0.0065949 0.00306181 -0.00630253 -0.0021112 0.00448519 0.001039 -0.000746238 -0.00448459 0.00218852 -0.000365955 0.0013429 0.00476607 0.00350712 -0.00250077 -0.00063785 -0.00695563 -0.00786296 0.00377032 0.00946548 0.00214262 -0.000228841 0.00449477 0.00577659 -0.00101444
internal_weight=264.668 251.501 233.878 207.536 204.111 26.3418 18.8553 7.48643 17.623 9.55657 4.92952 175.627 68.7531 29.9803 106.874 36.362 31.3393 17.7266 70.5122 9.92873 10.3116 22.2486 13.1665 5.32354 3.5481 38.7728 23.6774 60.5835 45.592 7.57273
internal_count=1793 1633 1480 1247 1210 233 186 47 153 76 32 1081 469 237 612 249 197 102 363 63 67 192 160 29 19 232 156 300 217 42
is_linear=0
shrinkage=0.00974396


Tree=133
num_leaves=31
num_cat=0
split_feature=68 72 45 5 63 39 8 5 32 25 61 61 50 32 30 9 61 61 67 32 4 51 23 41 28 67 12 51 4 39
split_gain=9.04499 10.2441 8.2041 5.54968 4.83998 5.95921 4.78457 4.60285 5.40302 3.93824 4.56519 3.55084 5.91511 6.31568 4.05221 5.66098 5.13322 6.09341 4.07487 3.63548 5.7649 3.39527 3.37586 3.35961 3.20939 3.13304 4.21642 3.12264 5.66906 4.13272
threshold=1.0000000180025095e-35 1.0000000180025095e-35 42.650000000000006 15.385000000000003 2.5000000000000004 61.195000000000007 5.0989012279908676 19.070000000000004 4.3370270138773277 12.485000000000001 116.15000000000002 81 0.22500000000000003 3.9103349010689041 4.6000000000000005 -1.1949999999999996 116.36500000000002 131.46000000000001 1.0000000180025095e-35 2.8911426209212348 8.6050000000000022 0.52500000000000013 5.5525000000000011 70.000000000000014 -0.38999999999999996 1.0000000180025095e-35 20.580000000000002 0.095000000000000015 16.590000000000003 98.660000000000011
decision_type=2 2 2 2 2 2 2 2 2 2 2 2 2 2 2 2 2 2 2 2 2 2 2 2 2 2 2 2 2 2
left_child=1 2 6 -2 -4 -6 -1 8 9 10 -5 12 25 19 15 18 -16 -18 21 24 -21 22 -13 -17 -14 -7 -27 28 -3 -29
right_child=3 27 4 7 5 11 -8 -9 -10 -11 -12 14 13 -15 16 23 17 -19 -20 20 -22 -23 -24 -25 -26 26 -28 29 -30 -31
leaf_value=-0.0089309298023729968 -0.0084323637605316758 -0.01073184974804064 -0.010747964047873395 -0.01078146937120545 0.0060665427632070048 -0.0083048420346781594 0.011735789752411647 -0.0065071013835087911 -0.01151478220186374 0.018973283848115124 0.014037109322135628 0.0003413125125389384 -0.011425649850568454 -0.0049331513555535876 -0.0049636838052578656 -0.0039547628212001119 0.0057775452263012714 -0.0013740459511640299 0.0083678082973994688 0.015124713134646462 -0.0033714789090037904 0.0019306808029730185 -0.0097768159218581466 0.006741652222278985 0.0048354299011257517 -0.0036082450705582762 0.020093971474344812 -0.0111702964454786 0.007776304333373763 0.0084152825451343297
leaf_weight=10.244036257266997 18.11075679957867 2.8909057453274754 2.8943660035729399 1.3293510973453506 27.553070813417435 12.291144818067552 1.1487909853458393 5.4126732349395752 1.3488242924213407 2.4590974897146225 1.4103903695940969 6.2449351400136965 1.6387646719813345 7.9145046919584265 14.668783493340014 2.9750666916370383 19.530262403190136 26.737231969833374 5.3920170143246642 5.8783278018236143 2.1624245941638947 17.74474148452282 6.1889067590236664 37.048586055636406 3.6474954560399082 3.2996109873056403 0.86773058027029026 10.754868432879446 3.3506165146827698 1.0952919796109188
leaf_count=121 166 32 31 13 132 114 8 49 10 12 8 38 13 65 125 17 95 172 27 33 17 101 40 169 22 27 6 106 19 5
internal_value=-8.43651e-06 0.000637383 0.00122798 -0.00503618 0.00167685 0.00185767 -0.00680417 0.000106056 0.00559821 0.0101132 0.00196587 0.00119018 -0.00145402 0.00193807 0.00192145 0.00342806 4.93805e-05 0.00164423 0.000594322 0.00603063 0.0101421 -0.000798999 -0.00469896 0.00594041 -0.000226532 -0.00583408 0.00143183 -0.00639706 -0.000788712 -0.00932845
internal_weight=264.234 234.162 216.071 30.0711 204.678 201.784 11.3928 11.9603 6.54766 5.19884 2.73974 174.231 37.7 21.2415 136.531 75.5943 60.9363 46.2675 35.5706 13.327 8.04075 30.1786 12.4338 40.0237 5.28626 16.4585 4.16734 18.0917 6.24152 11.8502
internal_count=1793 1535 1373 258 1244 1213 129 92 43 33 21 1081 297 150 784 392 392 267 206 85 50 179 78 186 35 147 33 162 51 111
is_linear=0
shrinkage=0.00974396


Tree=134
num_leaves=31
num_cat=0
split_feature=72 52 43 13 20 55 9 27 35 21 24 49 46 38 8 2 2 52 48 48 55 23 38 14 2 43 55 63 46 56
split_gain=8.48045 7.45598 7.03721 6.51654 6.00655 6.27755 6.67106 5.56242 5.10984 5.61679 5.57103 4.74686 6.90523 4.05833 4.62386 3.83186 3.77642 3.59338 4.39934 5.6971 3.09702 2.79875 5.31448 4.42524 3.33365 3.14096 3.09991 2.88649 3.9306 3.67423
threshold=1.0000000180025095e-35 0.65500000000000014 63.041666666666671 8.1350000000000033 5.6253320062334611 1.6925833333333336 -0.35499999999999993 14.735000000000001 -0.40999999999999998 -2.5199999999999991 -0.73499999999999988 0.10500000000000002 99.730000000000004 76.420000000000016 2.3507855518373115 24.975000000000005 5.4800000000000013 0.30500000000000005 0.10500000000000002 0.055000000000000007 1.9330833333333339 16.090000000000003 87.570000000000007 16.655000000000005 10.075000000000001 76.818333333333342 2.8195833333333336 13.500000000000002 86.370000000000019 3.6866577281980777
decision_type=2 2 2 2 2 2 2 2 2 2 2 2 2 2 2 2 2 2 2 2 2 2 2 2 2 2 2 2 2 2
left_child=1 2 -1 8 5 6 16 -7 9 -4 -11 13 15 -3 -15 21 -5 18 19 -2 -6 23 26 24 -13 -25 27 28 -23 -30
right_child=17 11 3 4 20 7 -8 -9 -10 10 -12 12 -14 14 -16 -17 -18 -19 -20 -21 -22 22 -24 25 -26 -27 -28 -29 29 -31
leaf_value=-0.0090074247512452969 -0.010767959752689718 0.0014921897478542092 -0.01114702033074383 -0.011080318977030934 0.003645479848145239 0.0031635596981233059 -0.0069026689665561587 -0.0090186807558845818 -0.0091725517257694681 0.016066207457969404 -0.0062473677339177705 0.0047503200091009654 -0.010895513497113646 0.0047415516744873298 -0.0096852270951323736 0.020296616623013051 0.0037793106034082723 -0.011170030585325516 -0.0091532114135548983 0.010905896584586109 0.014787492770999821 0.0074711637512372836 -0.0078156813295434894 0.0016327529844182406 -0.0032911601270048181 0.014840951797650751 -0.004987885323442659 0.010565094404659549 -0.010832078755320032 0.0025638349100112544
leaf_weight=10.000455997884272 1.6763676255941407 20.73105522245169 2.2420380935072899 1.8449285253882397 18.82204327732325 35.337462037801743 22.741447523236275 3.916191302239894 12.974141165614126 2.7646906524896622 1.6747294589877153 38.390712507069111 3.0615083128213874 2.8305123373866063 7.9214686080813408 1.3009873554110516 11.703534096479414 8.2468705400824529 4.7707278355956078 3.4630517512559891 2.6950662285089484 7.6135566309094562 5.0399902686476699 2.3708011582493764 5.5627866685390464 6.4088346064090729 3.780219890177249 5.5560273826122275 2.9642317518591863 5.4623767212033272
leaf_count=119 18 134 19 16 85 195 217 32 112 13 13 200 30 14 62 7 80 81 47 17 12 39 43 14 26 28 27 31 33 29
internal_value=-8.50178e-06 0.000466255 -0.00117777 -0.000503137 0.000532381 -0.00076033 -0.00368098 0.00193748 -0.00561436 0.00128858 0.00763824 0.00221785 0.0033851 -0.0010228 -0.00587218 0.00390892 0.00172143 -0.00642794 -0.00244167 0.00378487 0.00507027 0.00364194 0.0012803 0.00499984 0.00372774 0.0113109 0.00310074 0.00452868 0.00241006 -0.00216046
internal_weight=263.869 245.712 126.717 116.716 97.0607 75.5436 36.2899 39.2537 19.6556 6.68146 4.43942 118.995 87.512 31.483 10.752 84.4505 13.5485 18.157 9.91015 5.13942 21.5171 83.1495 30.4164 52.7331 43.9535 8.77964 25.3764 21.5962 16.0402 8.42661
internal_count=1793 1630 913 794 637 540 313 227 157 45 26 717 507 210 76 477 96 163 82 35 97 470 202 268 226 42 159 132 101 62
is_linear=0
shrinkage=0.00974396


Tree=135
num_leaves=31
num_cat=0
split_feature=68 72 9 60 56 24 12 61 13 29 19 18 18 27 24 13 30 27 24 16 12 13 27 56 61 8 13 3 18 56
split_gain=8.89813 9.95967 7.94465 7.95855 7.64251 6.78957 5.90235 5.28315 6.53588 5.10592 4.99513 3.85491 3.78502 4.15906 3.60579 3.95715 3.49407 5.25641 4.8544 3.55964 5.10199 3.39189 4.63236 3.22304 3.70085 3.25854 3.16086 4.22048 5.27249 3.09019
threshold=1.0000000180025095e-35 1.0000000180025095e-35 8.3500000000000014 50.500000000000007 1.7871308947943856 2.0950000000000002 17.075000000000006 110.67500000000003 24.590000000000003 1.8450000000000004 8.7069166666666682 3.3900000000000001 27.930000000000003 13.195000000000002 15.040000000000001 22.420000000000005 0.69000000000000006 9.0900000000000016 2.7350000000000003 13.935000000000002 21.995000000000005 7.1750000000000007 5.3750000000000009 3.5166118293784403 122.03000000000002 3.6450741906808743 19.215000000000003 7.4400000000000004 27.930000000000003 1.9214999009819427
decision_type=2 2 2 2 2 2 2 2 2 2 2 2 2 2 2 2 2 2 2 2 2 2 2 2 2 2 2 2 2 2
left_child=1 2 4 12 9 10 -5 -2 26 -1 29 -7 -4 -14 15 -8 -13 18 -18 -19 -21 -20 -23 -3 25 -25 27 -9 -29 -6
right_child=7 23 3 6 5 11 14 8 -10 -11 -12 16 13 -15 -16 -17 17 19 21 20 -22 22 -24 24 -26 -27 -28 28 -30 -31
leaf_value=0.0012836893520168844 -0.0080016650963817982 -0.0095331388903085144 -0.010780178149357783 -0.011251161833750174 0.011807607524548602 -0.0020327159447402301 0.0025922739913836934 -0.011400420838722142 0.013845785284860759 -0.0082308215144944064 -0.0067430829826084174 0.0077799011243578475 -0.007264033499730654 0.0073891855245105656 0.006572143278375667 -0.0066710033604469206 0.020531574552289031 -0.0072257859701313166 -0.012162564043920342 0.013265810613985221 0.0044527728549004766 0.0044483418961790231 -0.0036878147316510056 0.010986810038713464 -0.010996841097793393 -0.0059539313184996147 -0.012511966615196119 0.017721553873255011 -0.006382464041623708 0.00070269558059598983
leaf_weight=11.501213096082212 19.480920761823658 11.206103615462782 11.071333736181261 3.4636928811669341 2.5396561399102202 7.7929201722145072 13.668380253016954 1.7952861562371234 2.6038713306188583 9.9387741759419423 8.614798888564108 30.470846079289913 4.9970068931579581 2.8559689968824387 10.976698555052279 6.3941376581788054 1.1062454059720064 1.6270033121109033 1.9678855910897279 9.4486455917358416 18.612580701708794 15.510878868401052 11.554358363151549 2.654145546257495 2.2646360397338867 1.7567587494850156 2.6219774857163429 1.8750938922166827 1.5305507108569143 31.610839664936066
leaf_count=83 194 114 131 29 13 44 82 14 13 97 74 143 49 23 56 44 6 10 14 46 84 82 79 12 20 16 17 11 9 184
internal_value=-8.57927e-06 0.000631864 0.00121199 -0.00204485 0.00228513 0.00311053 0.000737992 -0.0050098 0.000576482 -0.0031276 -0.000126589 0.00452264 -0.00711671 -0.00190896 0.00209195 -0.000360608 0.0050904 0.00371446 0.00084105 0.0066225 0.00743855 6.08742e-05 0.000969941 -0.00634746 -0.000957314 0.00421766 -0.00386895 0.000522277 0.00690016 0.00154431
internal_weight=263.513 233.606 215.724 53.4272 162.297 140.857 34.5029 29.9077 10.4268 21.44 42.7653 98.0914 18.9243 7.85298 31.0392 20.0625 90.2984 59.8276 30.1394 29.6882 28.0612 29.0331 27.0652 17.8816 6.67554 4.4109 7.82291 5.20093 3.40564 34.1505
internal_count=1793 1535 1373 414 959 779 211 258 64 180 271 508 203 72 182 126 464 321 181 140 130 175 161 162 48 28 51 34 20 197
is_linear=0
shrinkage=0.00974396


Tree=136
num_leaves=31
num_cat=0
split_feature=67 71 70 35 62 15 41 73 50 62 62 21 34 48 30 40 15 62 22 1 16 40 34 21 21 34 27 62 34 40
split_gain=8.70098 16.3608 25.4574 10.2716 7.31029 5.24133 5.57435 5.17754 4.82626 4.16865 3.93263 3.90091 4.88119 3.77843 5.22635 4.85002 5.11694 3.88237 3.55936 3.27649 3.23997 3.64316 3.21764 3.3456 3.14171 3.04292 4.74687 4.6599 3.00519 2.92785
threshold=1.0000000180025095e-35 1.0000000180025095e-35 1.0000000180025095e-35 11.480000000000002 1.9823333333333337 24.585000000000004 70.000000000000014 1.0000000180025095e-35 2.5950000000000002 1.9918333333333333 1.3499999999999999 9.8250000000000011 22.210000000000004 0.065000000000000016 2.1850000000000005 88.515000000000015 2.5050000000000003 1.0643333333333336 12.460000000000003 15.720000000000001 0.9900000000000001 96.02500000000002 14.590000000000002 -3.4399999999999995 -2.5199999999999991 21.910000000000004 12.345000000000001 2.0545833333333339 22.745000000000005 87.13000000000001
decision_type=2 2 2 2 2 2 2 2 2 2 2 2 2 2 2 2 2 2 2 2 2 2 2 2 2 2 2 2 2 2
left_child=1 2 4 5 20 6 -3 9 29 -6 -4 18 -13 14 -8 17 -17 -15 -2 25 21 -1 23 -18 -19 26 27 -5 -22 -9
right_child=11 3 10 19 7 -7 13 8 -10 -11 -12 12 -14 15 -16 16 22 24 -20 -21 28 -23 -24 -25 -26 -27 -28 -29 -30 -31
leaf_value=-0.010907823570545944 -0.0065481345997614208 -0.006739505870710801 -0.0012925701919435492 -0.010643149973515299 0.0055462071656748411 0.011405521577649297 0.002854710926872419 0.014484718342918644 -0.011326703981647503 -0.007249207911065962 0.0069769800681314812 -0.0060158399156269556 0.0070303965837935538 -0.010838064589341376 -0.0099265183925297835 0.012725809683939311 -0.01138510663293936 -0.0053516285849312464 0.0066831750059675264 -0.0065692134643881104 -0.0087618809700340024 0.011257283420009714 -0.011551123729683289 0.0023686037138537144 0.0090100807256595829 0.016561821301667806 -0.01101757428958077 0.0085390708620325384 -0.00096255862951115856 -0.0010704888627185915
leaf_weight=1.1297366097569459 2.0284203961491611 5.3719037622213355 7.4409488216042545 1.5694422274827955 3.0812991783022907 7.3367090299725524 10.289982765913008 3.8832811787724486 1.2012756615877149 10.664323776960371 20.117725782096386 6.8576896041631681 4.4592380821704865 1.0182005837559724 4.2632906585931769 3.4990474134683636 1.7887846753001273 1.4968758895993293 29.09151616692543 14.470821030437945 56.438716240227222 1.7316258698701856 1.996488794684409 20.604036726057529 25.769107274711128 0.9854798838496216 3.0615875050425529 4.7203210070729256 5.1668159812688819 1.59712528437376
leaf_count=10 16 42 49 17 14 34 57 20 9 80 93 56 22 9 31 17 14 11 149 128 557 8 15 102 122 7 28 27 40 9
internal_value=-8.66509e-06 -0.000786292 -0.00338905 0.00191677 -0.00603063 0.00355402 0.00279012 -0.000941711 0.00606542 -0.00436435 0.00474081 0.00402954 -0.000857699 0.00351892 -0.000896596 0.00466501 0.00177191 0.007507 0.0058098 -0.00358162 -0.00763966 0.00243396 0.000178033 0.00124704 0.00821069 0.000597106 -0.00113112 0.00369775 -0.00811081 0.00995191
internal_weight=263.132 220.695 112.453 108.242 84.8942 83.4344 76.0977 20.4273 6.68168 13.7456 27.5587 42.4369 11.3169 70.7258 14.5533 56.1725 27.8884 28.2842 31.1199 24.8077 64.4669 2.86136 24.3893 22.3928 27.266 10.3368 9.35135 6.28976 61.6055 5.48041
internal_count=1793 1550 889 661 747 454 420 132 38 94 142 243 78 378 88 290 148 142 165 207 615 18 131 116 133 79 72 44 597 29
is_linear=0
shrinkage=0.00974396


Tree=137
num_leaves=31
num_cat=0
split_feature=45 67 71 30 61 59 41 45 48 16 59 33 60 12 16 34 14 16 59 61 12 60 59 61 16 7 48 16 1 25
split_gain=8.54743 8.64391 15.7172 8.68006 8.65762 4.79557 4.78107 6.71173 4.23978 4.23748 4.18112 4.38306 3.80786 3.80692 4.14583 3.46256 3.43973 4.35469 3.37812 3.32074 3.28893 3.21288 3.95489 3.04315 4.66131 3.84945 2.99032 2.94759 2.92786 2.83344
threshold=42.650000000000006 1.0000000180025095e-35 1.0000000180025095e-35 11.870000000000003 113.85000000000001 0.38250000000000006 70.000000000000014 63.730000000000011 0.065000000000000016 12.310000000000002 0.12250000000000001 -11.214999999999998 56.500000000000007 21.175000000000001 25.420000000000005 6.2500000000000009 17.250000000000004 15.445000000000002 0.022500000000000003 128.97 6.7650000000000006 39.500000000000007 0.23250000000000001 133.10500000000005 18.495000000000001 21.155250000000002 0.26500000000000007 0.9900000000000001 12.165000000000001 -1.4949999999999999
decision_type=2 2 2 2 2 2 2 2 2 2 2 2 2 2 2 2 2 2 2 2 2 2 2 2 2 2 2 2 2 2
left_child=18 2 4 6 5 15 13 -8 -9 20 -10 -12 -13 -4 -15 -2 27 -18 -1 -11 -6 28 -23 -21 -25 -26 -19 -7 -3 -14
right_child=1 21 3 -5 9 16 7 8 10 19 11 12 29 14 -16 -17 17 26 -20 23 -22 22 -24 24 25 -27 -28 -29 -30 -31
leaf_value=0.011034395194694421 0.0044082439059370693 0.0044244099769100605 -0.011697545184487014 -0.0039949568281380078 0.0029259494225983601 0.0045945365068697482 0.009760829963226721 -0.0023225699377450223 -0.01203239600247576 0.0052086626133715517 -0.0062356100275429835 0.0084418302962481415 0.0092610029157890166 0.013320495610997154 -0.010625921465989964 -0.0084059468379427595 0.010946605336293529 0.002469341563738531 -0.0086938584539942455 -0.011566858592321932 -0.011434472292198308 -0.0038108614206077188 0.0050060133624453785 0.018472027913724771 -0.0074877763221382013 0.0074816224093835091 -0.0061667329890875986 -0.0067212988939946679 0.023332065917567309 0.00096403041372694609
leaf_weight=0.84277860075235267 2.1008730605244628 1.6088985949754708 3.2947204858064643 16.968760006129742 2.3695344105362883 2.4519565701484707 16.688333906233311 12.270739026367663 1.4458224922418583 17.670146107673649 3.2758122980594626 20.600501507520676 4.9154244437813714 1.6662715747952463 1.1100015640258787 31.718332149088383 3.1022541746497181 7.9134185537695867 12.983675904572008 2.2801264822483054 4.0392189919948578 5.6344062387943259 32.26549631357193 1.2046036645770053 4.4195110946893692 2.5308664888143539 7.250302717089653 17.712376303970814 1.5469522327184675 18.802730061113841
leaf_count=7 12 9 27 130 14 14 83 74 10 86 24 95 24 9 11 339 15 42 159 17 33 45 162 7 33 13 47 143 8 101
internal_value=-8.77891e-06 0.000405506 -0.000401358 0.00235213 -0.00300832 -0.00492563 0.00363595 0.00428537 0.00278786 0.00100256 0.00406998 0.00457091 0.00537715 -0.00466186 0.00368686 -0.00760214 -0.00256182 0.000495054 -0.00745553 0.00263699 -0.00611897 0.00448918 0.00368941 -0.00170858 0.00107251 -0.00200772 -0.00165648 -0.00533301 0.0138978 0.0027008
internal_weight=262.685 248.858 207.803 101.039 106.764 72.2495 84.0704 77.9994 61.311 34.514 49.0403 47.5945 44.3187 6.07099 2.77627 33.8192 38.4303 18.266 13.8265 28.1053 6.40875 41.0558 37.8999 10.4351 8.15498 6.95038 15.1637 20.1643 3.15585 23.7182
internal_count=1793 1627 1403 588 815 612 458 411 328 203 254 244 220 47 20 351 261 104 166 156 47 224 207 70 53 46 89 157 17 125
is_linear=0
shrinkage=0.00974396


Tree=138
num_leaves=31
num_cat=0
split_feature=67 71 6 55 34 16 51 51 51 6 21 34 21 56 58 4 40 48 16 18 51 51 60 2 37 16 21 1 16 18
split_gain=8.35964 15.8299 10.6605 9.95675 5.17739 5.1629 4.93062 5.15049 4.83029 3.98222 3.77226 4.76102 3.74043 3.59459 3.5764 3.40045 4.78784 3.37995 3.31579 4.8835 3.62735 4.23323 3.23573 3.40765 3.52241 3.23547 3.16333 4.08621 3.72892 3.46328
threshold=1.0000000180025095e-35 1.0000000180025095e-35 11.360000000000001 1.7113333333333336 11.655000000000003 12.310000000000002 0.68500000000000016 3.0850000000000004 0.20500000000000004 6.3800000000000008 9.8250000000000011 22.210000000000004 -2.7149999999999994 1.7427482540763781 8.0300000000000011 -0.39499999999999996 96.02500000000002 0.95500000000000007 25.065000000000001 32.555000000000007 0.27500000000000008 0.045000000000000005 51.500000000000007 12.270000000000001 95.020000000000024 15.445000000000002 2.1300000000000003 1.2400000000000002 9.2950000000000017 5.0400000000000009
decision_type=2 2 2 2 2 2 2 2 2 2 2 2 2 2 2 2 2 2 2 2 2 2 2 2 2 2 2 2 2 2
left_child=1 3 4 14 6 -5 8 12 9 26 13 -12 -8 17 22 16 -16 -2 19 20 21 -4 -1 24 -24 -25 27 -3 -29 -28
right_child=10 2 18 5 -6 -7 7 -9 -10 -11 11 -13 -14 -15 15 -17 -18 -19 -20 -21 -22 -23 23 25 -26 -27 29 28 -30 -31
leaf_value=-0.0083674247146957349 -0.0081010076032346622 0.010433377168285098 -0.0040565734549256943 -0.005475094443979229 0.0080308598358327255 0.0020506850264731214 -0.0029569279741180295 0.0003737216048154431 -0.0091185694451563336 -0.011664723850435611 -0.0059846848217922181 0.006895467730881507 0.01074463390486448 0.0069909390074131376 -0.010724334742151481 -0.0085119600488615232 0.014036838876330187 0.011224363478839108 -0.0078422231587223466 0.017973694960982972 -0.0046089590688659339 0.0085527370764630767 -0.0065161675412583591 0.013160717810314845 0.0084914032018760677 -0.00018836719826605621 0.017626035334488054 -0.010237025323149532 0.0047450821749230442 0.0029672605218327352
leaf_weight=7.7980435788631466 3.0241683274507549 2.2674098461866432 4.5854697525501305 11.544670604169367 21.569603078067303 34.196668647229671 2.1707833856344232 12.355764403939245 5.319058082997798 1.9178785458207119 6.8277276009321195 4.4771718382835388 13.330254212021828 27.024047441780567 1.3586654216051095 35.596704244613647 1.5405848771333692 1.1548559814691541 8.3275568112730962 1.2139226719737042 16.020538903772831 5.5276272967457771 10.002261303365232 2.451637551188468 1.7026325687766064 5.5445230752229691 2.3224583640694609 4.1529269739985466 2.4874470457434654 4.4875092655420303
leaf_count=71 27 11 36 91 100 197 16 58 34 14 56 22 62 131 14 383 7 7 82 8 127 35 77 11 10 28 11 27 14 26
internal_value=-8.76192e-06 -0.000774404 0.00188366 -0.00334583 0.00403232 0.00014553 0.00232774 0.00508109 -0.00101088 0.0014414 0.00394427 -0.00086645 0.00881512 0.00569024 -0.00576635 -0.00768523 0.0024008 -0.00267788 -0.00247182 -0.000823324 -0.00172584 0.00282898 -0.00306867 -0.000952932 -0.00430209 0.0039309 0.00307267 -0.00073925 -0.00461054 0.00805427
internal_weight=262.301 219.793 108.056 111.736 72.3811 45.7413 50.8115 27.8568 22.9547 17.6356 42.508 11.3049 15.501 31.2031 65.9951 38.496 2.89925 4.17902 35.6751 27.3476 26.1336 10.1131 27.4991 19.7011 11.7049 7.99616 15.7178 8.90778 6.64037 6.80997
internal_count=1793 1550 661 889 373 288 273 136 137 103 243 78 78 165 601 404 21 34 288 206 198 71 197 126 87 39 89 52 41 37
is_linear=0
shrinkage=0.00974396


Tree=139
num_leaves=31
num_cat=0
split_feature=68 33 73 26 55 53 6 55 36 67 53 12 39 19 39 34 26 25 12 30 8 1 25 34 53 37 59 48 55 34
split_gain=8.44311 7.7641 10.6934 7.7945 7.4861 6.62891 5.12659 5.08242 8.87242 4.70693 4.68897 4.50714 3.98493 3.96087 3.92739 3.7419 3.72847 3.64169 3.79756 4.45197 3.331 3.15613 4.10097 3.84898 3.35489 3.0956 3.94795 3.88762 3.083 3.07289
threshold=1.0000000180025095e-35 3.3350000000000004 1.0000000180025095e-35 -0.97499999999999987 1.5879166666666671 0.055000000000000007 21.215000000000003 1.8445833333333337 66.77500000000002 1.0000000180025095e-35 0.6100000000000001 17.075000000000006 92.120000000000019 20.096333333333337 59.105000000000011 22.745000000000005 15.845000000000001 13.110000000000001 21.995000000000005 7.5550000000000006 3.9311731667818282 0.80000000000000016 0.27500000000000008 6.4450000000000012 1.0000000180025095e-35 92.925000000000011 0.4275000000000001 17.165000000000003 1.8090833333333336 20.155000000000005
decision_type=2 2 2 2 2 2 2 2 2 2 2 2 2 2 2 2 2 2 2 2 2 2 2 2 2 2 2 2 2 2
left_child=1 2 5 12 -3 6 -1 15 -9 14 -11 -6 -4 -13 -7 -2 17 18 -15 -20 -10 -5 23 -23 -24 27 -27 -16 -14 -22
right_child=7 4 3 21 11 9 -8 8 20 10 -12 13 28 16 25 -17 -18 -19 19 -21 29 22 24 -25 -26 26 -28 -29 -30 -31
leaf_value=-0.0096844604165022587 -0.0090714057451277679 -0.009205889960464838 -0.0099996127323006209 0.017746907509398609 -0.0072156551538512846 0.0085072358296933957 0.0056154245256394833 0.019094162177052895 -0.0088782371411787811 0.010219017941117214 -0.00060787613933633916 -0.0073101442025143674 -0.007341797709995837 0.0038712497914744682 -0.0050235173408441974 0.0078552137209714368 -0.0045522410670555766 0.0065841290543144576 0.0062599300206292461 -0.011223220055341477 0.014632481470377323 0.0034772426193645247 -0.00019106789883076709 -0.0095873871331596926 0.0059849475608069703 0.0054486451795972167 -0.0078527085766218092 0.012080038615658695 0.0067914915014342329 -0.0038507805412821392
leaf_weight=12.031073890626429 17.78157817572356 11.997512586414812 5.2413978874683362 1.7162989377975453 8.3320496901869756 3.4316394105553618 2.4750479608774176 1.949283942580222 4.9716828912496549 7.7751916497945768 7.341908685863018 5.2450392395257941 2.298265665769577 9.2575104609131831 24.789679192006592 1.2965398058295239 7.2886912599205962 15.113042294979094 1.9588832706212986 4.4551706537604332 1.3750445097684862 5.2713763713836652 9.4860527142882329 3.5450378134846687 67.24618735909462 8.1425489783287031 2.8179008811712256 1.2902674376964558 3.8843961656093597 2.1141655668616295
leaf_count=118 186 149 39 8 70 19 11 9 34 40 41 41 20 59 194 8 54 81 9 40 8 26 59 24 328 55 26 6 18 13
internal_value=-8.73255e-06 0.000614167 0.00170814 0.00377487 -0.00228416 -0.00120031 -0.00705744 -0.00491741 0.00054737 0.000329558 0.0049638 -0.000668377 -0.00377785 0.000593159 -0.00140126 -0.00790124 0.00169141 0.00317756 -0.000107329 -0.00585862 -0.00377593 0.00476627 0.0044967 -0.0017799 0.00522005 -0.00233036 0.00200217 -0.00415632 0.00150462 0.00347507
internal_weight=261.92 232.432 168.784 98.689 63.6479 70.0953 14.5061 29.4883 10.4102 55.5891 15.1171 51.6504 11.4241 43.3183 40.472 19.0781 38.0733 30.7846 15.6716 6.41405 8.46089 87.265 85.5487 8.81641 76.7322 37.0404 10.9604 26.0799 6.18266 3.48921
internal_count=1793 1535 1032 522 503 510 129 258 64 381 81 354 77 284 300 194 243 189 108 49 55 445 437 50 387 281 81 200 38 21
is_linear=0
shrinkage=0.00974396


Tree=140
num_leaves=31
num_cat=0
split_feature=45 72 67 71 61 30 39 20 8 8 16 16 59 59 39 59 17 36 10 32 8 15 11 21 3 39 3 30 30 4
split_gain=8.2961 8.27336 6.40615 10.7082 8.9123 8.32902 5.41396 4.50604 5.18708 4.28173 4.10888 4.19807 3.95996 3.92094 4.71903 4.4163 5.46268 4.37149 3.78605 3.78179 3.65221 3.358 3.7287 3.3133 4.20637 3.21035 3.19533 3.00361 4.29536 3.2665
threshold=42.650000000000006 1.0000000180025095e-35 1.0000000180025095e-35 1.0000000180025095e-35 100.92 11.870000000000003 61.195000000000007 5.6090115256611641 4.1798701892245047 5.0989012279908676 25.355000000000004 19.095000000000002 0.40250000000000008 0.40250000000000008 78.785000000000011 0.17750000000000002 8.3500000000000014 81.145000000000024 8.4500000000000011 2.2183964625447445 3.7611067363825819 17.855000000000004 20.785000000000007 -2.7149999999999994 1.6000000000000003 98.660000000000011 7.0150000000000006 0.69000000000000006 -2.5299999999999998 14.800000000000002
decision_type=2 2 2 2 2 2 2 2 2 2 2 2 2 2 2 2 2 2 2 2 2 2 2 2 2 2 2 2 2 2
left_child=9 2 3 4 12 7 -6 8 10 -1 11 13 18 15 -15 16 -5 -17 -2 -3 23 -7 -23 -16 -25 -21 -8 28 -26 -29
right_child=1 19 -4 5 6 21 26 -9 -10 -11 -12 -13 -14 14 20 17 -18 -19 -20 25 -22 22 -24 24 27 -27 -28 29 -30 -31
leaf_value=-0.0091671419798684834 0.0053465013303055295 0.0058207056757215991 0.0043659548038631375 0.010330981820100177 0.010531994185788455 0.00054110976761532895 -0.0051777757011012117 0.0099682390802542445 -0.0080388038430251382 0.0093014332187984182 -0.010936636402922285 0.010112210869796927 -0.0020044215046698087 -0.0096157355862836261 -0.0087045967977506314 0.00065175814591938324 -0.0081481244800483757 0.01162066674914089 -0.0085371757187623614 -0.0091898700147330942 0.011789760909187234 -0.010154813984057546 0.011652236532992362 0.016832698600133846 -0.005195104248485129 0.0078875442798923209 0.0015582770042848117 -0.0039166615424129437 0.0078684872100789147 0.011668388360843329
leaf_weight=12.347279682755468 1.9748728200793291 2.1470180377364185 41.137652061879635 2.439837999641898 5.0438811480998984 8.1564740836620349 9.1054469943046552 9.2377858683466894 3.9593034461140624 1.2818470522761334 1.8176023513078678 8.5999311059713346 22.39536976069212 3.640643708407878 2.9987780302762941 4.840061970055106 3.8839706853032112 12.234544992446898 25.60089573264122 13.752590797841547 3.2357278689742079 7.9253237992525083 0.784749075770378 1.6705461591482258 3.1898211240768424 1.0946492254734028 24.826027356088161 11.69126285612583 9.1359664499759692 1.393348641693591
leaf_count=157 11 11 224 14 23 55 69 43 28 9 17 48 142 25 24 26 26 59 271 137 14 69 6 7 16 5 146 64 40 7
internal_value=-8.75378e-06 0.000398125 0.000881859 0.000125251 -0.00233791 0.00229931 0.00115145 0.00355517 0.00275611 -0.00740003 0.00336577 0.00375037 -0.00506083 0.00283603 0.000853909 0.00595483 -0.000979591 0.00852707 -0.00753234 -0.00615487 0.00201137 -0.00393932 -0.00813393 0.000941875 0.00202534 -0.00790551 -0.000249287 0.00102347 0.00447189 -0.00221871
internal_weight=261.543 247.914 230.92 189.782 88.9465 100.836 38.9754 83.9691 74.7313 13.6291 70.772 68.9544 49.9711 60.3545 36.9561 23.3984 6.32381 17.0746 27.5758 16.9943 33.3155 16.8665 8.71007 30.0797 27.0809 14.8472 33.9315 25.4104 12.3258 13.0846
internal_count=1793 1627 1474 1250 662 588 238 458 415 166 387 370 424 322 197 125 40 85 282 153 172 130 75 158 134 142 215 127 56 71
is_linear=0
shrinkage=0.00974396


Tree=141
num_leaves=31
num_cat=0
split_feature=68 72 33 24 34 55 55 38 41 5 48 45 24 60 49 41 5 49 39 38 66 36 44 43 52 48 48 52 49 49
split_gain=8.23561 9.34646 8.30671 6.67089 7.02651 6.11823 5.96447 5.62993 5.36821 5.33994 4.83489 4.79892 4.70538 4.69279 5.52204 4.53089 4.78007 4.34685 3.99167 3.88239 7.38529 4.58355 3.78275 3.6563 3.64781 4.06006 5.33542 3.54674 3.5595 4.19446
threshold=1.0000000180025095e-35 1.0000000180025095e-35 3.3350000000000004 2.0950000000000002 7.7300000000000013 1.5879166666666671 1.0518333333333334 88.095000000000013 66.240000000000023 15.385000000000003 14.210000000000003 42.650000000000006 15.040000000000001 48.500000000000007 0.28500000000000009 83.250000000000014 6.4350000000000014 7.0850000000000009 68.010000000000005 95.520000000000024 44.000000000000007 77.615000000000023 9.091471456262008 65.935250000000011 0.30500000000000005 0.10500000000000002 0.055000000000000007 0.075000000000000025 0.9850000000000001 1.6450000000000002
decision_type=2 2 2 2 2 2 2 2 2 2 2 2 2 2 2 2 2 2 2 2 2 2 2 2 2 2 2 2 2 2
left_child=1 2 3 4 15 17 22 11 -8 -2 -10 -7 27 -11 18 -1 19 -4 -15 20 -17 -22 -5 -16 25 26 -3 -13 -29 -30
right_child=9 24 5 6 -6 7 8 -9 10 13 -12 12 -14 14 23 16 -18 -19 -20 -21 21 -23 -24 -25 -26 -27 -28 28 29 -31
leaf_value=-0.0091069433950211019 -0.0082852699955555786 -0.010691643737247394 -0.010623597449786739 -0.0048803966813285417 -0.0064804048976522229 -0.0087750656394296675 -0.005694242294924586 -0.0097565822593444727 0.0046889706417862099 -0.0086852790894052911 0.017738603452842561 0.0052536949540343591 0.0069547162847772943 0.026705961881306226 0.0090463304443196731 -0.011482104233190736 0.016675592289004403 0.014267029801859041 0.0050240781721758035 0.0080686651164328781 -0.0072882324234735847 0.0043131976081657612 0.011641748985053076 -0.0089029364967114864 -0.011107358439435177 -0.0089091815983443085 0.010604688070799676 -0.0073065476132556408 0.0087964256527465791 -0.0044795594438691161
leaf_weight=3.3866997435688964 17.492664918303493 1.6025808528065697 9.4282017424702609 10.299870453774927 13.758622549474238 4.4732972234487525 4.5559653043746939 5.5036720260977736 85.495537720620632 3.7911117747426024 2.7601499855518332 7.1460386812686947 11.720865875482557 1.3347277641296371 1.6353695169091222 4.3974638208746937 2.123891904950141 0.6803704500198372 2.0541774779558182 7.1564247608184806 3.8774523735046413 18.43866241723299 1.4680171012878407 2.980244055390358 7.9407386258244506 4.4405850097537041 3.4549123272299767 8.6793878003954905 4.0185571536421758 5.0555729568004608
leaf_count=27 166 18 122 97 127 52 34 45 424 42 12 42 61 6 9 34 10 5 14 33 27 95 7 21 81 46 17 62 21 36
internal_value=-8.69483e-06 0.000606061 0.00116484 0.00231506 -0.00049392 -0.00203148 0.00374326 -0.000535124 0.00457228 -0.00487438 0.0051059 0.000704564 0.00187381 0.000183321 0.00442049 0.00159854 0.00261781 -0.00888917 0.0137996 0.00171505 0 0.00228287 -0.00277804 -0.00249417 -0.00624503 -0.00213886 0.00380236 -0.000519642 -0.00285685 0.0013978
internal_weight=261.152 231.864 214.425 157.719 53.1392 56.706 104.58 46.5974 92.8117 29.2883 88.2557 41.0937 36.6204 11.7956 8.00452 39.3806 35.9939 10.1086 3.38891 33.87 26.7136 22.3161 11.7679 4.61561 17.4388 9.49808 5.05749 24.8996 17.7535 9.07413
internal_count=1793 1535 1373 927 353 446 574 319 470 258 436 274 222 92 50 226 199 127 20 189 156 122 104 30 162 81 35 161 119 57
is_linear=0
shrinkage=0.00974396


Tree=142
num_leaves=31
num_cat=0
split_feature=67 71 33 55 15 15 32 44 21 34 52 58 21 46 56 55 34 58 2 32 2 32 55 31 8 44 15 8 40 28
split_gain=7.8672 14.9918 10.9508 9.55312 4.85163 4.58891 4.53123 4.23141 3.58788 4.57928 3.56437 4.46377 3.5535 3.44623 3.43266 3.16912 3.5179 3.28133 2.88455 5.33791 4.46581 4.16824 6.2835 3.74768 3.38561 2.79709 2.73027 2.71744 2.87972 2.70641
threshold=1.0000000180025095e-35 1.0000000180025095e-35 3.3600000000000008 1.7113333333333336 24.585000000000004 9.7250000000000032 3.7646773628819679 4.2933670841362863 9.8250000000000011 22.210000000000004 0.69500000000000006 8.0300000000000011 3.3950000000000005 97.000000000000014 1.7427482540763781 2.32525 21.910000000000004 9.4300000000000015 10.075000000000001 3.5312521793062164 5.9350000000000014 2.8911426209212348 1.3215833333333338 0.10050000000000002 2.3343209065801296 8.0690279741856923 24.585000000000004 2.3067834088830392 76.395000000000024 16.220000000000002
decision_type=2 2 2 2 2 2 2 2 2 2 2 2 2 2 2 2 2 2 2 2 2 2 2 2 2 2 2 2 2 2
left_child=1 3 4 10 6 -5 12 -4 14 25 -1 -12 18 27 -2 16 17 -8 20 -20 21 24 -23 -24 -3 -10 -13 -14 -29 -7
right_child=8 2 7 5 -6 29 15 -9 9 -11 11 26 13 -15 -16 -17 -18 -19 19 -21 -22 22 23 -25 -26 -27 -28 28 -30 -31
leaf_value=-0.0073793504880013423 -0.0026746723706136968 0.0012761707032848066 0.0057293792833598631 -0.0074512380904850012 0.01121876751268959 0.0022611142595074405 0.0028424867595416678 -0.0051574714022323545 0.001073839820505591 0.0066892996487778744 0.0017502232652906039 -0.0091975966022661438 -0.0054605031013849614 -0.0039385206802339231 0.0067843731026762484 0.0060430896687209829 0.0096124209324974178 -0.010262277857875911 -0.010183395740908376 0.01036724105268581 0.0076213398163485057 0.019238452347704597 -0.011517377969925215 0.0050831649545683205 -0.0088748926686756588 -0.01147044890661009 0.0021470511885819583 0.002846210498246638 0.013213042901568751 -0.0062233921389610028
leaf_weight=41.729494519531727 4.165465064346793 7.6221553385257739 3.933867514133456 6.4428075402975074 7.2435692846775046 35.192553400993347 2.4178944900631887 22.932553142309189 2.9819337800145131 4.5003521740436554 11.369963102042677 9.348325312137602 1.0409056395292307 2.036833979189395 27.113480366766453 3.4040501341223708 1.3791866451501835 6.9090901538729668 3.9123777970671645 1.6841495558619497 15.009357132017611 2.3768927827477437 1.6841517016291616 5.1148815676569939 5.2136891931295395 3.7824582681059837 2.5268436521291724 3.4535980224609366 10.282057322561739 3.9295897856354705
leaf_count=411 34 37 19 54 33 210 16 202 19 22 74 96 5 15 131 16 7 56 21 8 72 11 12 24 35 37 20 21 51 24
internal_value=-8.75539e-06 -0.000756788 0.00183031 -0.00327721 0.00362299 0.000140969 0.00286775 -0.00355287 0.00382191 -0.000881552 -0.00567496 -0.0026028 0.00404656 0.00783952 0.00551892 -0.00208582 -0.00469439 -0.00685362 0.0025416 -0.00394861 0.00352919 0.000724828 0.00573192 0.000911822 -0.00285092 -0.00594634 -0.00677375 0.00947752 0.0106306 0.00140049
internal_weight=260.735 218.191 107.651 110.54 80.7848 45.565 73.5413 26.8664 42.5437 11.2647 64.9746 23.2451 59.4311 16.8134 31.2789 14.1102 10.7062 9.32698 42.6177 5.59653 37.0211 22.0118 9.17593 6.79903 12.8358 6.76439 11.8752 14.7766 13.7357 39.1221
internal_count=1793 1550 661 889 440 288 407 221 243 78 601 190 312 92 165 95 79 72 220 29 191 119 47 36 72 56 116 77 72 234
is_linear=0
shrinkage=0.00974396


Tree=143
num_leaves=31
num_cat=0
split_feature=45 67 71 61 30 59 41 45 36 20 12 61 42 53 34 54 14 41 15 42 11 42 21 39 21 15 30 15 39 26
split_gain=7.98699 7.78788 14.3309 8.11008 8.0429 4.66008 4.44816 6.29155 4.49109 4.15046 3.75985 3.67511 4.70594 3.55417 3.3556 3.62948 3.29894 3.41375 3.29072 4.39048 3.67289 3.56437 3.23832 3.13991 2.99788 2.95061 2.97459 2.92393 4.62198 4.4932
threshold=42.650000000000006 1.0000000180025095e-35 1.0000000180025095e-35 113.85000000000001 11.870000000000003 0.38250000000000006 70.000000000000014 63.730000000000011 80.445000000000007 5.736359304727034 21.175000000000001 128.97 89.27500000000002 10.275 6.2500000000000009 0.015000000000000001 17.250000000000004 79.820000000000007 17.855000000000004 85.02000000000001 20.785000000000007 68.690000000000012 -8.9749999999999979 84.460000000000022 18.405000000000005 23.470000000000002 14.420000000000002 2.5050000000000003 88.745000000000019 1.0000000180025095e-35
decision_type=2 2 2 2 2 2 2 2 2 2 2 2 2 2 2 2 2 2 2 2 2 2 2 2 2 2 2 2 2 2
left_child=9 2 3 5 6 14 10 -8 23 -1 -4 12 -5 25 -2 -16 -7 24 19 21 -20 -6 -10 -9 -18 -13 -27 -24 29 -29
right_child=1 -3 4 11 18 16 7 8 22 -11 -12 13 -14 -15 15 -17 17 -19 20 -21 -22 -23 27 -25 -26 26 -28 28 -30 -31
leaf_value=-0.0091116118401810033 0.0043545569907596426 0.0042533746575824432 -0.011648135124448582 0.0051029941384574647 0.0071998825327256807 -0.0051976084058672576 0.0093964319434198026 -0.0064405390247078273 -0.011359973911143456 0.0089707290521664554 0.0037415689348441867 -0.0082512586494755437 -0.010921073169690819 0.0090921913830261415 -0.0022090171211885906 -0.010139129968297141 -0.0073239520570053595 0.0052153633133980816 -0.01011900183179253 0.011295808053907522 0.011476577056509223 -0.0093356792018208269 0.013076737502762914 0.0037353798751573243 0.0036753649655383381 -0.0067025575773675405 0.010207652677073359 -0.0075917584776358975 -0.00019699148270479138 0.00737781031520686
leaf_weight=12.096183538436888 2.0961251407861701 41.208972126245499 3.2397705465555182 18.58226411044598 1.7603560313582436 19.799966432154179 16.707243472337723 7.6454083621501905 1.2358098924159993 1.3011306524276722 2.7476369589567184 8.0410689711570722 1.8799224719405163 1.9755266308784474 7.2286941260099438 23.53626437485218 6.3178393319249171 8.156651593744753 7.8383502140641195 2.4661015644669533 0.78967811912298191 3.9194705039262772 3.3833130970597258 4.5566872134804726 3.6888599768280983 1.8652195408940309 2.0105845853686333 2.0236148983240154 17.472568452358246 24.792531743645668
leaf_count=157 12 224 27 89 11 157 83 52 9 9 20 60 18 11 67 272 44 38 69 12 6 32 16 24 22 14 11 14 92 121
internal_value=-8.72722e-06 0.000388741 -0.000385277 -0.00289998 0.00224328 -0.00478395 0.00347679 0.00410065 0.00264584 -0.00732583 -0.00458521 0.000981212 0.0036073 -0.00287688 -0.00747077 -0.00828494 -0.0024498 0.000543107 -0.00390587 0.000523435 -0.00808662 -0.00417482 0.00396579 -0.00263025 -0.00325786 -0.00489405 0.00205075 0.00437438 0.00369621 0.00623439
internal_weight=260.364 246.967 205.758 105.179 100.579 70.8244 83.8046 77.8172 61.1099 13.3973 5.98741 34.3546 20.4622 13.8924 32.8611 30.765 37.9633 18.1634 16.774 8.14593 8.62803 5.67983 48.9078 12.2021 10.0067 11.9169 3.8758 47.672 44.2887 26.8161
internal_count=1793 1627 1403 815 588 612 458 411 328 166 47 203 107 96 351 339 261 104 130 55 75 43 252 76 66 85 25 243 227 135
is_linear=0
shrinkage=0.00974396


Tree=144
num_leaves=31
num_cat=0
split_feature=72 52 43 2 21 61 58 46 71 67 6 52 52 26 2 11 59 2 26 44 52 2 17 17 22 43 51 66 66 17
split_gain=7.6507 6.89636 6.42605 5.51714 4.84379 7.0513 6.38433 4.25115 3.63861 8.45737 3.70525 3.52911 3.90772 6.1033 3.22821 3.0943 3.01254 2.94635 3.45651 2.70033 2.9441 3.24516 3.19626 2.928 2.84992 2.68606 4.40653 4.22736 3.64231 5.31591
threshold=1.0000000180025095e-35 0.65500000000000014 61.861583333333336 5.4800000000000013 9.8250000000000011 100.92 7.4150000000000009 99.730000000000004 1.0000000180025095e-35 1.0000000180025095e-35 6.8100000000000014 0.30500000000000005 0.025000000000000005 4.0650000000000004 6.2650000000000015 4.2650000000000015 0.072500000000000023 24.975000000000005 15.845000000000001 11.291755313338163 0.075000000000000025 13.515000000000002 20.780000000000005 18.465000000000003 33.900000000000013 93.448250000000016 3.8550000000000004 321.50000000000006 6.5000000000000009 1.0050000000000001
decision_type=2 2 2 2 2 2 2 2 2 2 2 2 2 2 2 2 2 2 2 2 2 2 2 2 2 2 2 2 2 2
left_child=1 2 -1 15 6 -6 14 17 9 10 -8 12 -2 -14 -5 -4 -10 18 25 20 22 -22 23 -7 -24 27 28 -3 -27 -30
right_child=11 7 3 4 5 19 8 -9 16 -11 -12 -13 13 -15 -16 -17 -18 -19 -20 -21 21 -23 24 -25 -26 26 -28 -29 29 -31
leaf_value=-0.010564379294569368 -0.011076269869018919 0.0023160366359427226 -0.0027897957030571354 0.0051021429803837235 -0.0096671333140628986 0.0012639938549684798 -0.0070368489266863206 -0.0084774547377474158 -0.0042151924996171484 0.0076912739267984099 0.0022075715650245642 -0.011086236365684586 -0.010569370084711502 0.0091385335966069504 -0.0085094933693018911 -0.010985911331971932 0.0077524809625989155 0.015857568534107119 -0.005806944997900354 -0.011106942846648205 0.0066778530192839435 -0.0048259790296783928 -0.0076219913818685271 0.017909401180476899 0.0047988497929551876 -0.0023428856829253806 -0.000740007685953435 -0.010788308886123189 0.0024185138011032555 0.018174871017983894
leaf_weight=6.5003377571701995 3.1479112803936022 89.616664588451385 16.827091880142692 2.1194348335266096 9.3623471781611425 1.7003402337431959 9.8220699802041072 3.4426200091838828 2.1890089809894588 11.325520604848863 7.0147070512175551 7.8254853636026374 2.2797480076551437 4.1440464407205582 7.032025620341301 5.926286704838275 19.29076311737299 1.5018150508403767 4.779025509953498 1.8535549789667118 2.9697764888405791 10.216715656220911 2.5583303645253181 2.4952923730015755 5.3594000265002251 1.8731499463319803 5.5732253566384307 2.3601425662636748 3.215471498668192 5.6497566252946854
leaf_count=88 33 526 116 13 115 9 77 34 15 52 41 81 27 22 71 63 91 10 40 16 16 67 21 12 30 12 26 27 17 25
internal_value=-8.76531e-06 0.000438777 -0.00115956 -0.000637472 0.000391002 -0.0023932 0.00212282 0.00212676 0.00350327 0.00119093 -0.00318142 -0.00624386 -0.00224379 0.00210384 -0.00533524 -0.00494471 0.00652169 0.00244918 0.00226475 0.000119987 0.000962775 -0.00221391 0.00442756 0.0112648 0.000752424 0.00262404 0.006268 0.00197413 0.00990694 0.0125086
internal_weight=259.972 242.575 124.563 118.063 95.3093 36.5158 58.7935 118.012 49.6421 28.1623 16.8368 17.3972 9.57171 6.42379 9.15146 22.7534 21.4798 114.569 113.067 27.1534 25.2999 13.1865 12.1134 4.19563 7.91773 108.288 16.3116 91.9768 10.7384 8.86523
internal_count=1793 1630 913 825 646 286 360 717 276 170 118 163 82 49 84 179 106 683 673 171 155 83 72 21 51 633 80 553 54 42
is_linear=0
shrinkage=0.00974396


Tree=145
num_leaves=31
num_cat=0
split_feature=68 72 47 56 34 17 29 52 50 31 8 74 73 31 11 67 65 26 22 52 29 52 52 26 8 29 52 3 71 60
split_gain=7.89266 8.91773 7.39908 5.44144 5.5216 4.92148 5.15556 6.84342 7.85744 4.76097 4.44999 5.0084 5.1085 5.79252 5.60514 6.03504 7.01972 5.21968 4.1327 4.10013 3.80813 3.61794 3.69001 6.00118 3.59314 4.01905 3.48176 3.43312 3.40178 3.34472
threshold=1.0000000180025095e-35 1.0000000180025095e-35 63.01250000000001 1.7871308947943856 7.7300000000000013 20.560000000000006 14.770000000000001 0.14500000000000005 0.36500000000000005 14.064333333333336 5.063820151110078 1.0000000180025095e-35 1.0000000180025095e-35 12.076416666666669 20.237500000000004 1.0000000180025095e-35 40.500000000000007 -0.97499999999999987 16.060000000000006 1.3600000000000003 -0.44499999999999995 0.30500000000000005 0.025000000000000005 4.0650000000000004 4.2850991642627028 -5.0849999999999991 0.83500000000000008 24.940000000000001 1.0000000180025095e-35 37.500000000000007
decision_type=2 2 2 2 2 2 2 2 2 2 2 2 2 2 2 2 2 2 2 2 2 2 2 2 2 2 2 2 2 2
left_child=1 2 26 4 19 -2 7 -7 9 -9 11 12 14 17 15 -5 -17 -14 -13 20 -4 22 -3 -24 25 -19 -1 -28 -20 -6
right_child=5 21 3 10 29 6 -8 8 -10 -11 -12 18 13 -15 -16 16 -18 24 28 -21 -22 -23 23 -25 -26 -27 27 -29 -30 -31
leaf_value=-0.0098039867220720972 -0.0080399153491423712 -0.01099331364643347 0.0065658369295247361 -0.0054623437322964029 0.00077016693402915683 -0.008195572154712118 -0.0089271752669445922 -0.01122942577940554 0.02343116748515759 0.015825744563316715 0.0063724057195210307 -0.01089891884428636 -0.0039716381545943551 -0.0035027974297997715 0.0094526896478718224 -0.0073787614455031571 0.0094349695617291455 0.017417753852454698 0.0052550997978739588 0.011801573351766398 -0.011307906464075165 -0.01107084446455784 -0.01055663850853855 0.0090311946037835659 -0.0041453799753360509 0.0041076929975308336 -0.0066046953697867002 0.011542800319098438 0.016110186971601253 -0.0099172299653922536
leaf_weight=8.2573289535939676 17.525884471833709 2.9583721645176428 2.1772899404168129 27.48602457344532 3.8707904368638983 2.5060132853686792 3.862599179148674 1.5605100914835932 2.5170997306704521 0.9683779552578925 20.777602210640907 1.2534313425421739 8.7370710074901563 14.691556319594381 3.6735229417681685 3.6631003990769369 6.4468370154500008 2.2000219225883475 16.560574218630794 3.2219618260860443 2.2715838924050358 7.7603780478239051 2.2603965848684311 4.1528429836034775 4.7912767007946959 66.635696120560169 2.2344077154994006 1.7137585580348966 3.2907085418701163 9.5959045514464361
leaf_count=101 166 32 12 225 31 19 39 14 14 6 90 11 57 114 21 25 32 9 84 15 18 81 27 22 28 348 23 8 16 105
internal_value=-8.87213e-06 0.000592647 0.00113615 0.0015836 -0.00308728 -0.00480251 0.000167056 0.00485642 0.0113763 -0.000739626 0.00213271 0.00157801 0.000901546 0.00212302 -0.00196728 -0.00309483 0.00332555 0.0031292 0.00599619 0.00348944 -0.00255019 -0.00616242 -0.00205639 0.00208626 0.00397516 0.0045442 -0.00621688 0.0012749 0.00708793 -0.00684223
internal_weight=259.623 230.682 213.55 201.345 21.1375 28.9405 11.4146 7.552 5.04599 2.52889 180.207 159.43 138.325 97.0556 41.2695 37.596 10.1099 82.3641 21.1047 7.67084 4.44887 17.132 9.37161 6.41324 73.627 68.8357 12.2055 3.94817 19.8513 13.4667
internal_count=1793 1535 1373 1241 181 258 92 53 34 20 1060 970 859 556 303 282 57 442 111 45 30 162 81 49 385 357 132 31 100 136
is_linear=0
shrinkage=0.00974396


Tree=146
num_leaves=31
num_cat=0
split_feature=68 72 33 56 1 55 38 55 39 29 44 29 45 41 32 44 39 53 53 56 32 2 56 21 39 16 38 53 38 39
split_gain=7.76876 8.78769 7.76156 7.22819 6.28191 5.897 5.5178 4.86903 5.79002 4.82103 4.65715 4.95107 4.57854 4.47648 3.65863 3.61414 3.5224 3.34555 6.37647 3.31468 3.26537 3.25682 3.22491 2.86888 2.83235 2.65108 2.60687 3.2848 4.77635 2.56356
threshold=1.0000000180025095e-35 1.0000000180025095e-35 3.3350000000000004 1.7871308947943856 7.6900000000000004 1.5879166666666671 88.095000000000013 1.8445833333333337 67.865000000000009 1.8450000000000004 7.2867124743269294 3.6600000000000006 42.650000000000006 66.240000000000023 4.0488477221289632 6.8179409388554708 76.785000000000011 1.0300000000000002 1.7200000000000002 2.3766492705581417 3.3291519134667111 25.195000000000004 5.9337820698960781 18.405000000000005 75.560000000000016 17.605000000000004 69.645000000000024 0.065000000000000016 79.38000000000001 88.460000000000022
decision_type=2 2 2 2 2 2 2 2 2 2 2 2 2 2 2 2 2 2 2 2 2 2 2 2 2 2 2 2 2 2
left_child=1 2 3 9 10 21 12 23 -9 14 15 -12 -7 19 -1 16 -5 -3 24 -6 -13 -4 25 -2 -19 -14 -27 28 -28 -15
right_child=7 17 5 4 13 6 -8 8 -10 -11 11 20 22 29 -16 -17 -18 18 -20 -21 -22 -23 -24 -25 -26 26 27 -29 -30 -31
leaf_value=0.0037677789866430401 -0.0089373935231754336 -0.010043785159682723 -0.01059221714168581 -0.011898753340028993 0.0095066407578648648 -0.0086904562967773224 -0.0097096379158710042 0.014153585041312615 -0.0033085926705589772 -0.0081154790666643894 -0.011084963244444482 0.012223228999271873 -0.0058971405945312493 0.0063738661374484933 -0.010677958346546303 0.009648918556685579 0.0015584990378498427 0.014816322031781969 -0.010988536871261544 -0.0088007980397251072 -0.010390796892993881 0.0086637674110971452 -0.01072038371400077 0.0047005747468858291 -0.0010904585290861394 -0.0011883748943667595 0.025846357769790485 0.0034244577394411213 0.0036351548155590264 0.00069283955826757279
leaf_weight=9.4120733886957186 16.913382429629571 9.3501691482961196 8.9468878768384421 1.8817844986915577 1.2296113520860661 4.3545127660036078 5.4369742572307578 2.2806290760636321 8.0639126002788526 9.6708491742610914 5.6768411844968778 1.8227747753262522 3.1919361352920523 59.394679710268974 1.9812272116541851 5.0750527381896964 47.942673698067665 2.0487646982073775 3.5047256574034691 3.5699077993631363 0.86030542850494374 0.88392655551433641 1.8040326088666905 1.5672503486275662 2.1286035627126694 8.6176658868789691 1.6152789816260367 19.156303204596043 2.1398512199521065 8.7075715512037259
leaf_count=62 180 100 119 13 7 52 45 11 53 98 55 10 24 281 21 23 275 9 37 29 9 8 18 14 16 54 8 106 12 44
internal_value=-8.92987e-06 0.000587466 0.00112598 0.00223681 0.00305902 -0.00198173 -0.000521245 -0.00477503 0.000566138 -0.003068 0.000809031 -0.0059463 0.000705462 0.00500824 0.00121778 0.00184339 0.00103911 -0.00613897 -0.00134401 -0.00404677 0.00488199 -0.00882154 0.0018369 -0.00776675 0.006743 0.00250389 0.00336444 0.0050816 0.0133841 0.00565015
internal_weight=259.23 230.405 213.373 157.225 136.161 56.1474 46.3166 28.8252 10.3445 21.0641 63.2594 8.35992 40.8796 72.9018 11.3933 54.8995 49.8245 17.0323 7.68209 4.79952 2.68308 9.83081 36.5251 18.4806 4.17737 34.721 31.5291 22.9114 3.75513 68.1023
internal_count=1793 1535 1373 927 746 446 319 258 64 181 385 74 274 361 83 311 288 162 62 36 19 127 222 194 25 204 180 126 20 325
is_linear=0
shrinkage=0.00974396


Tree=147
num_leaves=31
num_cat=0
split_feature=67 71 33 55 16 54 44 50 41 46 42 10 30 30 41 36 47 30 16 21 34 0 28 0 54 34 55 34 39 42
split_gain=7.35006 13.9719 10.2921 9.12864 4.76375 4.47676 5.25018 4.78854 4.38087 5.41397 4.31026 3.87611 3.51958 3.44286 4.53835 3.38718 4.34115 4.46389 4.4196 3.37245 4.39139 3.22823 3.08548 3.06342 2.9051 2.87835 2.83345 2.76962 2.75471 2.74721
threshold=1.0000000180025095e-35 1.0000000180025095e-35 3.3600000000000008 1.7113333333333336 12.310000000000002 0.03500000000000001 4.2933670841362863 0.81500000000000006 70.000000000000014 96.675000000000011 83.240000000000023 26.610000000000003 4.8950000000000005 2.9700000000000002 80.135000000000005 93.335000000000022 92.96250000000002 3.8700000000000006 5.3800000000000008 9.8250000000000011 22.210000000000004 -0.37499999999999994 16.220000000000002 4.1400000000000015 0.015000000000000001 22.745000000000005 1.1152500000000003 8.3900000000000023 96.570000000000007 93.625000000000014
decision_type=2 2 2 2 2 2 2 2 2 2 2 2 2 2 2 2 2 2 2 2 2 2 2 2 2 2 2 2 2 2
left_child=1 3 8 12 27 7 -7 24 11 26 -11 -3 13 -1 -15 16 18 -18 -12 23 -21 -17 -6 28 -4 -14 -10 -5 -2 -20
right_child=19 2 5 4 22 6 -8 -9 9 10 15 -13 25 14 -16 21 17 -19 29 20 -22 -23 -24 -25 -26 -27 -28 -29 -30 -31
leaf_value=-0.0056659115390533523 -0.005560569009728642 -0.0080577806135601893 -0.010713063520684058 -0.001200737782527714 0.003032163606496737 0.0055040337805130155 -0.008090256099435502 0.011760598632252208 -0.0013647917867897412 -0.0087801912824292429 0.014415112014359332 0.011005610962430934 -0.010670544346720394 -0.011756285190212124 0.0034783011854697499 0.019585469886992425 -0.012246291065821096 0.0038395433673098071 0.0046345444831670463 -0.0059033513682577024 0.0064846901389185412 0.0049090145460008155 -0.0061446992665321176 0.0068197964622013279 0.0071232401366220586 -0.00033513076186684175 0.0079547213439542467 -0.010998118675681267 0.0082468392696720336 -0.0035167842559274123
leaf_weight=32.747935153543949 4.0155304446816471 5.0671275630593291 2.3856498673558266 6.5834139809012395 30.118977643549442 3.1859133541584042 16.446894958615303 3.2572242096066475 3.4088487550616255 3.3510333597660056 2.7695584893226686 1.2240416482090948 16.271057002246383 2.2714804261922827 9.4247136265039426 1.6492702811956412 4.1279227510094634 2.6598459929227829 9.1243511214852315 6.6785264164209348 4.5214620381593704 9.8087230026721919 3.8892550170421591 25.28371573984623 1.3094963505864141 3.0677668377757064 30.614554733037949 4.7091479450464249 2.0340436175465584 6.8199263513088217
leaf_count=285 29 42 26 43 173 16 150 20 25 28 13 9 216 22 54 7 27 13 45 56 22 48 24 126 9 24 142 48 10 41
internal_value=-9.02201e-06 -0.00073781 0.00175919 -0.00319286 0.000149389 -0.00349259 -0.00587146 0.00320228 0.0034933 0.00415517 0.00173247 -0.00428528 -0.00556733 -0.00404643 0.000480634 0.00269701 0.000710853 -0.00593772 0.00313625 0.00369146 -0.000885944 0.00708966 0.00197331 0.00533082 -0.00434988 -0.00904143 0.00701676 -0.00532053 -0.000874912 0.00113987
internal_weight=258.827 216.294 107.21 109.084 45.3008 26.5852 19.6328 6.95237 80.6252 74.334 40.3106 6.29117 63.783 44.4441 11.6962 36.9596 25.5016 6.78777 18.7138 42.5333 11.2 11.458 34.0082 31.3333 3.69515 19.3388 34.0234 11.2926 6.04957 15.9443
internal_count=1793 1550 661 889 288 221 166 55 440 389 222 51 601 361 76 194 139 40 99 243 78 55 197 165 35 240 167 91 39 86
is_linear=0
shrinkage=0.00974396


Tree=148
num_leaves=31
num_cat=0
split_feature=72 52 43 2 20 64 55 55 59 46 27 60 6 67 38 52 53 53 20 10 51 70 1 8 55 40 2 38 55 73
split_gain=7.29393 6.60495 6.20666 5.32746 4.94653 4.36309 6.49567 5.43258 4.83194 4.08254 3.79735 3.50179 3.49921 4.58882 5.22096 3.46739 5.43697 3.88377 3.45539 3.13307 3.19013 2.97209 3.06458 2.9171 3.09965 2.91282 2.85921 3.43221 2.83392 6.9747
threshold=1.0000000180025095e-35 0.65500000000000014 61.861583333333336 5.4800000000000013 5.6320346512597679 1.0000000180025095e-35 1.8027500000000001 1.5265833333333334 0.95000000000000018 99.730000000000004 14.735000000000001 41.500000000000007 5.1800000000000006 1.0000000180025095e-35 78.825000000000003 0.30500000000000005 1.0300000000000002 1.7200000000000002 4.5277430468589861 9.4800000000000022 0.58500000000000008 1.0000000180025095e-35 18.440000000000001 2.5887118845568504 1.8918333333333333 79.075000000000003 24.975000000000005 57.210000000000008 1.9330833333333339 1.0000000180025095e-35
decision_type=2 2 2 2 2 2 2 2 2 2 2 2 2 2 2 2 2 2 2 2 2 2 2 2 2 2 2 2 2 2
left_child=1 2 -1 19 5 7 11 12 -9 26 21 -7 18 14 -14 16 -2 -18 -5 20 -4 22 -8 -24 -25 -20 27 -3 29 -6
right_child=15 9 3 4 28 6 10 8 -10 -11 -12 -13 13 -15 -16 -17 17 -19 25 -21 -22 -23 23 24 -26 -27 -28 -29 -30 -31
leaf_value=-0.010532282197668262 -0.0091807725566217038 -0.010656701248203178 -0.0074515654984718752 -0.0090199651598763357 -0.01355945064131622 0.0020530641594830677 -0.0019666983776295962 0.0090279798815759808 -0.005680780462029307 -0.0084065240993171572 -0.0088956801498356938 -0.010143109488042758 -0.011062054610627786 0.017012394104447656 0.0090207909750362227 -0.011039158354053434 0.010673735641539348 -0.010281126685889388 -0.0029169889450057118 -0.0098730956106193712 0.0016787837747838544 0.0093265229636471658 0.017726068927685343 0.011951783411190332 -0.010737390372773072 0.013021041203806295 0.015584205691965081 0.0024337677798338762 0.014005381716217354 0.0056429900122018711
leaf_weight=6.3100836686789981 4.9607754386961478 1.8950174599885929 6.3065887913107899 7.0716415941715258 2.0124113038182303 2.6923152506351462 15.455030739307412 11.803935989737509 2.5448912903666487 3.3829838857054702 3.837286375463008 12.367790445685385 2.3789063394069663 1.861765384674072 2.4618486613035202 7.6182318478822699 3.3971342444419861 1.0729856491088865 4.1693070530891418 7.8034892231225959 8.4405484199523908 3.8264234513044348 1.5779850333929055 1.0928312614560129 1.1183063462376592 1.4295603334903715 1.5054621174931515 110.95700012519956 2.697958566248416 14.3800448179245
leaf_count=88 52 21 50 66 13 21 93 55 18 34 33 148 23 9 14 81 17 13 32 82 47 16 7 6 10 9 10 652 12 61
internal_value=-9.04843e-06 0.000425893 -0.00114618 -0.0006371 0.000374952 -0.000742051 -0.00283919 0.00186438 0.00640236 0.00207767 2.62147e-05 -0.00795463 -0.00149601 0.00417308 -0.000831542 -0.00616185 -0.00218038 0.00557179 -0.0045084 -0.00488997 -0.00222614 0.00152773 -3.14328e-05 0.00777063 0.000431947 0.00118934 0.00239159 0.00220935 0.00480311 0.00325227
internal_weight=258.431 241.381 123.641 117.331 94.7802 75.6898 41.968 33.7219 14.3488 117.74 26.9079 15.0601 19.373 6.70252 4.84076 17.0491 9.4309 4.47012 12.6705 22.5506 14.7471 23.0706 19.2442 3.78912 2.21114 5.59887 114.357 112.852 19.0904 16.3925
internal_count=1793 1630 913 825 646 560 334 226 73 717 165 169 153 46 37 163 82 30 107 179 97 132 116 23 16 41 683 673 86 74
is_linear=0
shrinkage=0.00974396


Tree=149
num_leaves=31
num_cat=0
split_feature=73 41 44 61 20 26 56 52 2 32 5 15 44 48 7 0 13 42 61 61 37 17 13 52 3 48 21 5 21 5
split_gain=7.06045 7.07425 5.19995 4.76817 5.06381 4.73118 4.59861 4.45118 3.98032 3.89602 3.75865 4.83848 4.6754 3.91789 3.65702 3.49512 4.1363 3.24296 2.91694 3.02845 3.20816 3.00681 3.6414 2.90301 2.90266 2.88399 2.87999 6.71871 3.67356 3.1214
threshold=1.0000000180025095e-35 65.065000000000012 8.1676253957854659 81 5.6708412338240892 -0.97499999999999987 5.2302536910021695 1.6950000000000001 -1.5699999999999998 2.8568649666555905 5.3250000000000002 6.1650000000000009 11.291755313338163 1.7250000000000003 20.875250000000001 2.6050000000000004 5.6850000000000014 46.510000000000005 63.110000000000007 45.120000000000012 65.405000000000015 19.690000000000001 25.525000000000002 1.8250000000000004 1.0000000180025095e-35 1.5850000000000002 -2.7149999999999994 -5.1599999999999993 -1.0000000180025095e-35 1.9300000000000002
decision_type=2 2 2 2 2 2 2 2 2 2 2 2 2 2 2 2 2 2 2 2 2 2 2 2 2 2 2 2 2 2
left_child=3 2 -2 7 10 15 17 8 -1 -9 11 24 13 25 -15 16 -3 -7 19 20 -19 26 -23 -11 -5 -12 27 -20 -28 -30
right_child=1 5 -4 4 -6 6 -8 9 -10 23 12 -13 -14 14 -16 -17 -18 18 21 -21 -22 22 -24 -25 -26 -27 28 -29 29 -31
leaf_value=0.0093658973445197337 0.0032109459388334652 -0.0033782739955628763 -0.010934595221239286 -0.010683330668201345 0.0070228095277343411 0.022634843674875806 -0.0041809527932685176 0.011404889820557318 -0.0075873621020687253 0.0062799097538788554 0.0011727777095413229 -0.011167035482090307 -0.0090291839175088429 -0.01136238441680611 0.0022475859459808322 -0.01008659169677863 0.013677752352122123 0.012650001762490357 0.011956322102346206 -0.0088398166537894951 -0.005945041891846161 0.0023013869680141171 -0.0080245490249302442 -0.0084458175038001713 0.0029845088697103843 0.012644277416936411 0.012218592932996684 -0.0081085500660065101 -0.0047566774438475342 0.0047552346674576106
leaf_weight=1.3492744863033319 3.7259401455521566 5.8744830563664419 7.1197577342391014 1.9006161391735057 7.6700389534234992 0.77970622479915519 8.4566949233412725 2.5556690469384185 25.287835080176592 1.9548102617263792 45.583024751394987 7.465791441500186 5.1319373138248912 4.5249917879700652 3.1407004147768021 4.7918903827667236 1.7112775817513464 1.7920856028795236 2.3154571652412415 3.7797904908657074 1.6567686498165128 14.789486952126028 4.1124379411339751 3.4584156647324562 6.1335280388593674 2.1472468450665465 6.018473133444771 4.8067732751369325 3.407806776464013 64.636609643697739
leaf_count=7 28 45 79 20 37 5 62 13 269 13 292 71 60 41 17 35 9 9 10 38 17 93 29 35 42 11 26 37 21 322
internal_value=-9.11502e-06 0.00147293 -0.00606896 -0.00176113 -0.000500855 0.00210993 0.00271898 -0.00480171 -0.00671186 0.0015688 -0.00126464 -0.00554001 -0.000164951 0.000659486 -0.00578587 -0.00360568 0.000500987 0.00326123 0.00311143 -0.00284503 0.00371274 0.0035438 3.66144e-05 -0.00309803 -0.000267624 0.00170104 0.0043584 -0.0015391 0.00492774 0.00427462
internal_weight=258.079 139.775 10.8457 118.304 83.6979 128.93 116.552 34.606 26.6371 7.96889 76.0278 15.4999 60.5279 55.396 7.66569 12.3777 7.58576 108.095 107.316 7.22864 3.44885 100.087 18.9019 5.41323 8.03414 47.7303 81.1851 7.12223 74.0629 68.0444
internal_count=1793 865 107 928 591 758 669 337 276 61 554 133 421 361 58 89 54 607 602 64 26 538 122 48 62 303 416 47 369 343
is_linear=0
shrinkage=0.00974396


Tree=150
num_leaves=31
num_cat=0
split_feature=68 72 33 24 19 62 62 24 62 13 45 41 35 52 53 53 60 9 13 13 41 20 23 23 63 30 62 29 24 8
split_gain=7.51598 8.42446 7.37035 5.92911 6.3601 5.71631 5.23172 5.13165 4.72585 5.90385 4.2424 3.80527 3.79233 3.56529 5.19916 3.80505 3.23415 3.22358 3.11416 4.88167 3.00881 2.99821 3.21959 3.74344 3.3956 3.36433 2.96621 2.95894 2.91892 4.18495
threshold=1.0000000180025095e-35 1.0000000180025095e-35 3.3350000000000004 2.0950000000000002 8.7069166666666682 1.5879166666666671 0.96041666666666659 15.040000000000001 1.8445833333333337 24.590000000000003 42.650000000000006 66.240000000000023 15.502500000000003 0.30500000000000005 1.0300000000000002 1.7200000000000002 40.500000000000007 -1.1949999999999996 19.215000000000003 16.655000000000005 83.250000000000014 5.5191190948688122 23.090000000000007 22.507500000000004 52.500000000000007 9.0750000000000011 1.1152500000000003 0.88500000000000012 3.52 4.6335823966222387
decision_type=2 2 2 2 2 2 2 2 2 2 2 2 2 2 2 2 2 2 2 2 2 2 2 2 2 2 2 2 2 2
left_child=1 2 3 4 20 -4 16 12 -2 18 -9 26 21 14 -3 -16 27 28 19 -10 -1 22 23 24 25 -7 -8 -5 -13 -30
right_child=8 13 5 6 -6 7 11 10 9 -11 -12 17 -14 -15 15 -17 -18 -19 -20 -21 -22 -23 -24 -25 -26 -27 -28 -29 29 -31
leaf_value=-0.0086939231716833803 -0.0077055395105656409 -0.009039045778413109 -0.0087638834023962622 0.0099356410157943002 -0.0073910755609581337 0.0025609395533517662 0.0082020159214484852 -0.010469977716839317 -0.0046588180172855206 0.013041225798815698 0.0065482177992830402 0.0041566928798650992 0.0079595229704813881 -0.011022725149460373 0.010571093465163143 -0.010261546267158809 -0.0090791864032859319 0.0055730961635209299 -0.012448610331860625 0.017438505953946814 0.0018599209555412155 0.0058799438136904426 -0.010074253895318888 0.0052433708902116872 0.0058584493429312467 -0.0094844475115394462 -0.008745374203922008 -0.0037435389833967063 -0.0090246801500684232 0.0098530070909657822
leaf_weight=2.7015854343771926 18.200673673301939 4.7488631680607813 9.6027342751622182 2.4520098417997342 10.160741448402403 2.7856811732053854 1.3118832409381855 1.5358556583523739 3.9320626109838468 2.6293695345520973 11.848954461514948 8.9313563928008062 2.9031793698668471 7.5386568754911414 3.3994995355606079 1.0599014386534689 4.5665936544537544 73.559488482773304 2.567283995449543 1.2095143795013426 39.713693164288998 2.8054758459329596 7.4466538876295081 4.4767381176352492 2.3283024430274954 9.9616903290152532 3.5304305702447891 3.7340299859642982 4.6704916059970847 1.4216146618127821
leaf_count=19 194 51 127 14 97 16 8 18 28 13 62 47 16 81 17 13 51 359 17 6 237 16 70 22 12 87 29 31 29 6
internal_value=-9.11587e-06 0.000577801 0.00110317 0.00218525 -0.000480014 -0.00193946 0.00353126 -0.000508952 -0.0047217 0.000527962 0.00456213 0.00427256 -0.00259092 -0.00606694 -0.00196764 0.00554693 -0.00289018 0.00473322 -0.00376607 0.00060333 0.00117761 -0.0036316 -0.00463145 -0.00253669 -0.00486273 -0.00684238 -0.00410004 0.00168524 0.000608813 -0.00456533
internal_weight=257.735 229.196 212.449 156.754 52.576 55.6953 104.178 46.0925 28.5389 10.3382 13.3848 93.4253 32.7077 16.7469 9.20826 4.4594 10.7526 88.583 7.70886 5.14158 42.4153 29.8045 26.9991 19.5524 15.0757 12.7474 4.84231 6.18604 15.0235 6.09211
internal_count=1793 1535 1373 927 353 446 574 319 258 64 80 478 239 162 81 30 96 441 51 34 256 223 207 137 115 103 37 45 82 35
is_linear=0
shrinkage=0.00974396


Tree=151
num_leaves=31
num_cat=0
split_feature=45 72 56 70 67 73 11 41 36 52 59 67 60 42 29 36 53 59 40 37 52 53 50 25 50 52 5 52 10 5
split_gain=7.3178 7.24288 5.70275 6.05911 7.96777 11.5309 5.13137 5.11356 4.7366 5.44605 4.57142 4.62073 3.84425 3.79023 3.70384 4.16686 6.56364 6.24916 5.11822 3.61946 3.58504 5.39419 3.3451 3.07697 2.96195 4.35459 2.95362 2.93883 2.62296 2.57075
threshold=42.650000000000006 1.0000000180025095e-35 1.7871308947943856 1.0000000180025095e-35 1.0000000180025095e-35 1.0000000180025095e-35 3.4475000000000002 68.140000000000001 61.835000000000008 0.90000000000000013 0.022500000000000003 1.0000000180025095e-35 54.500000000000007 45.695000000000007 -1.7249999999999999 93.430000000000021 0.10500000000000002 0.62750000000000006 95.975000000000009 85.77500000000002 0.30500000000000005 1.0300000000000002 9.3850000000000016 7.2350000000000012 3.0150000000000001 1.5350000000000004 5.4800000000000013 5.2600000000000007 7.3250000000000011 -0.38499999999999995
decision_type=2 2 2 2 2 2 2 2 2 2 2 2 2 2 2 2 2 2 2 2 2 2 2 2 2 2 2 2 2 2
left_child=13 2 6 4 5 8 -2 -7 9 -4 11 -8 22 -1 -14 16 19 -17 28 -16 21 -3 24 -15 -9 -26 27 -19 -18 -6
right_child=1 20 3 -5 29 7 10 12 -10 -11 -12 -13 14 23 15 17 18 26 -20 -21 -22 -23 -24 -25 25 -27 -28 -29 -30 -31
leaf_value=0.0072207387843607022 0.0028515413472010565 -0.0090497943132241895 -0.0055364234288686519 0.0058067560908758595 0.016470189261498781 -0.0062547422869685164 -0.0056976756989510898 0.0043204052900754327 -0.005600357217062344 0.012554330446283924 -0.010023473872122563 0.013070437883205163 -0.0082048083833240054 0.0076976410130323832 0.013806294877328679 -0.0077988591444502972 0.0056890446166723285 0.011926024796627481 0.01028625971222941 -0.0027824864747826874 -0.011026292394510986 0.006020920005769822 0.013406552650767406 -0.010598095058130516 -0.010674375172510171 0.0059083181673680336 0.018895452927047245 -0.003788159459061728 -0.0063644768262246269 0.0042586541338096766
leaf_weight=1.4979542642831791 7.9995715394616154 4.6367412284016627 3.1195702552795401 25.38037470728159 1.6990696191787709 7.2516052499413481 3.5624379962682751 39.871265962719917 39.318682558834553 3.1198649257421494 11.62599255889654 1.865682780742645 4.5812586024403563 0.91728475689887901 3.773644112050536 2.1896927505731565 1.8688032031059325 2.9673152267932892 2.2537815123796454 1.8238332644104955 7.2100658230483523 4.3135626167058945 3.3605231940746298 10.442792959511278 3.2147808000445357 2.7532869279384613 2.6997377127408981 1.7716251611709593 16.746579527854919 33.499853074550629
leaf_count=13 51 48 29 120 7 62 35 215 329 16 136 11 31 6 17 18 9 12 10 11 77 28 15 147 21 13 11 8 118 169
internal_value=-9.19885e-06 0.000367596 0.000814641 0.00135588 0.000719032 -0.000304741 -0.00356694 0.00159139 -0.00434798 0.00350997 -0.00658478 0.000775077 0.00222821 -0.00716363 8.36312e-06 0.00106177 -0.000932456 0.0065391 -0.00345117 0.00839592 -0.00592777 -0.00177748 0.00405949 -0.0090891 0.00336106 -0.00301376 0.0107948 0.00604098 -0.00513856 0.00486864
internal_weight=257.337 244.479 228.319 203.265 177.885 142.686 25.0537 97.1277 45.5581 6.23944 17.0541 5.42812 89.8761 12.858 40.6763 36.095 26.4666 9.62837 20.8692 5.59748 16.1604 8.9503 49.1999 11.3601 45.8393 5.96807 7.43868 4.73894 18.6154 35.1989
internal_count=1793 1627 1474 1241 1121 945 233 571 374 45 182 46 509 166 245 214 165 49 137 28 153 76 264 153 249 34 31 20 127 176
is_linear=0
shrinkage=0.00974396


Tree=152
num_leaves=31
num_cat=0
split_feature=72 10 67 71 62 6 52 21 51 51 73 62 58 2 2 44 6 74 52 52 26 0 26 22 36 21 52 58 58 11
split_gain=6.95202 6.3232 5.65944 8.88153 8.36994 7.62273 4.85989 4.54074 4.49737 6.21342 3.96733 3.8596 4.32287 3.84566 5.73523 3.6218 3.92996 3.54739 3.40787 3.72402 5.66331 3.29931 4.40614 4.67405 5.62814 3.12385 3.09832 2.9354 4.34549 3.88686
threshold=1.0000000180025095e-35 29.325000000000003 1.0000000180025095e-35 1.0000000180025095e-35 1.7113333333333336 11.360000000000001 0.69500000000000006 3.3950000000000005 0.65500000000000014 2.8850000000000002 1.0000000180025095e-35 0.96041666666666659 8.9600000000000026 16.505000000000006 18.570000000000004 4.2933670841362863 26.495000000000005 1.0000000180025095e-35 0.30500000000000005 0.025000000000000005 4.0650000000000004 1.8900000000000001 2.1900000000000008 16.060000000000006 80.835000000000022 -2.7149999999999994 0.77500000000000013 23.355 18.885000000000002 20.820000000000004
decision_type=2 2 2 2 2 2 2 2 2 2 2 2 2 2 2 2 2 2 2 2 2 2 2 2 2 2 2 2 2 2
left_child=1 2 3 4 6 7 -1 8 10 25 -5 -8 -13 -6 -15 -7 17 27 19 -2 -21 -12 -23 -24 -25 -10 -11 28 29 -17
right_child=18 -3 -4 5 13 15 11 -9 9 26 21 12 -14 14 -16 16 -18 -19 -20 20 -22 22 23 24 -26 -27 -28 -29 -30 -31
leaf_value=-0.0073449841631778243 -0.010987987011838261 -0.0090272399350625476 0.00394375615849456 -0.011217214830061342 -0.0013340063319664795 0.0068971099581583064 -0.010750638533844155 0.0071600941662593688 -0.0023673601040063671 -0.0095703781432530371 0.006977665221215461 0.0050840542580890911 -0.0050433716296934732 0.012163762418156445 -0.00010890341430639125 -0.0092622980626567049 0.01599297902963976 0.01103925092507946 -0.010993586109524283 -0.010496101960410786 0.0088013414754025531 -0.010047928346640578 0.010296277471446394 0.0079091999248700577 -0.013291813260136037 0.010574145302319413 0.0020878687384536642 -0.0099973423742718542 0.001831801520600968 0.013779168600239112
leaf_weight=30.534528210759163 3.001664552837612 6.5128505676984778 41.425311185419559 3.2697340846061733 23.002136081457138 3.7750218510627738 3.2512196376919773 23.666300363838673 2.0213431045413026 2.7669671997427931 5.1225787103176144 9.4607489481568354 6.872259870171546 6.1726952642202368 8.6019518896937353 8.6232358962297546 0.93928719311952491 1.3958106637001026 7.4140075705945483 2.1676449477672577 4.1368815526366234 4.4440536648035041 3.5752795264124853 2.0182264894247055 2.7766808569431305 12.826147206127644 9.4263369739055616 7.1777883619070044 9.8222041651606542 0.71864029392600137
leaf_count=296 33 95 227 30 148 19 39 115 15 16 26 50 61 30 52 82 6 7 81 27 22 30 16 10 15 58 42 66 73 6
internal_value=-9.13582e-06 0.000413636 0.000678707 -2.47599e-05 -0.00230696 0.0018962 -0.00491651 0.00366523 0.00194406 0.00457709 -0.00140949 -0.00111686 0.000813249 0.00115321 0.00502767 -0.00201976 -0.0032055 -0.00388094 -0.00607757 -0.00211902 0.00212344 0.000390932 -0.00224489 0.00190918 -0.0043495 0.00880217 -0.000568457 -0.00469095 -0.00268117 -0.00742817
internal_weight=256.92 240.199 233.686 192.261 87.8955 104.366 50.1188 71.9136 48.2473 27.0408 21.2066 19.5842 16.333 37.7768 14.7746 32.452 28.677 27.7377 16.7202 9.30619 6.30453 17.9368 12.8142 8.37019 4.79491 14.8475 12.1933 26.3419 19.1641 9.34188
internal_count=1793 1630 1535 1308 676 632 446 373 258 131 127 150 111 230 82 259 240 234 163 82 49 97 71 41 25 73 58 227 161 88
is_linear=0
shrinkage=0.00974396


Tree=153
num_leaves=31
num_cat=0
split_feature=68 72 33 56 5 55 38 5 59 32 5 30 74 67 12 32 67 67 37 2 22 0 56 22 36 21 46 0 55 41
split_gain=7.2657 8.07351 7.09877 6.62605 6.37489 5.59448 5.0721 5.02585 7.25597 4.51922 4.90008 4.8711 3.50996 4.08939 4.52833 3.88378 3.37273 3.18902 4.12124 3.13089 3.53796 3.96951 3.49315 3.35023 3.12939 3.61694 3.08843 3.06013 3.01921 2.99853
threshold=1.0000000180025095e-35 1.0000000180025095e-35 3.3350000000000004 1.7871308947943856 5.9300000000000006 1.4760000000000002 88.095000000000013 15.385000000000003 0.42250000000000004 3.9784318764763547 0.80000000000000016 0.33500000000000002 1.0000000180025095e-35 1.0000000180025095e-35 17.075000000000006 2.4694342597688772 1.0000000180025095e-35 1.0000000180025095e-35 94.52500000000002 5.9350000000000014 16.060000000000006 9.6200000000000028 1.9229896504856732 10.380000000000001 92.180000000000021 2.9450000000000007 93.715000000000018 10.465000000000002 2.32525 66.240000000000023
decision_type=2 2 2 2 2 2 2 2 2 2 2 2 2 2 2 2 2 2 2 2 2 2 2 2 2 2 2 2 2 2
left_child=1 2 3 9 16 -4 12 -2 -9 10 -1 -12 13 14 -7 26 19 18 -13 22 -21 -22 -5 -24 25 -18 -16 -19 -10 -6
right_child=7 -3 5 4 29 6 -8 8 28 -11 11 17 -14 -15 15 -17 24 27 -20 20 21 -23 23 -25 -26 -27 -28 -29 -30 -31
leaf_value=0.011250770317493351 -0.0080783837574091542 -0.0059960826254308042 -0.010477275227681205 0.0099899078440313562 -0.0030596483266317398 -0.01117470388265529 -0.0096587835291537839 -0.0078986072249579709 0.011234169281277471 -0.010699574108615688 -0.01092148206287989 -0.010934386891255456 0.0061188366258846166 0.006692826781669616 0.0055469029909414264 -0.004400810267409053 0.0058305721771425905 -0.00020310860045770582 0.0065210775770272525 0.0070996970249447011 -0.0064860601778803199 0.0037338876211683481 0.00082072608812919776 -0.0062050981101585377 0.016233105707601492 -0.011407352091564562 -0.0071954779528110796 0.01938661867143042 -0.0048527511644609455 0.0053700929577984282
leaf_weight=2.8071261569857624 16.705760050565008 16.463625688105822 6.3754395283758631 1.9354126155376459 4.2107385173439971 4.6916834786534336 5.4097531586885443 5.4315006919205171 4.7257848456501961 5.3126284703612319 4.550709292292594 2.7902767136692983 8.0248563885688764 5.4958899021148673 9.8567801639437693 13.32558525726199 6.8890538215637189 1.4891242161393168 2.3104197904467583 8.9060624092817324 6.3101237416267386 8.3161214590072614 10.587974883615972 16.280022233724594 2.1031464785337439 1.3475685864686964 2.1676935479044905 1.4747146815061567 1.4071051329374311 68.824152149260044
leaf_count=15 166 162 92 9 31 45 46 57 25 63 47 27 38 33 59 114 34 9 12 45 48 44 52 125 10 10 19 8 10 338
internal_value=-9.18818e-06 0.000567677 0.00107948 0.00214082 0.00292514 -0.00191759 -0.000793474 -0.00466597 0.000262724 -0.00298242 -0.00029628 -0.00290154 0.000311881 -0.00100088 -0.00241922 -0.000779641 0.000642382 0.00163782 -0.00301296 -0.000361283 0.00227057 -0.000671843 -0.00251609 -0.00343437 0.0057178 0.00295597 0.00322397 0.00962196 0.00751548 0.00488102
internal_weight=256.527 228.257 211.793 156.445 135.71 55.3477 48.9722 28.2702 11.5644 20.735 15.4224 12.6152 43.5625 35.5376 30.0417 25.3501 62.6755 8.06454 5.1007 52.3357 23.5323 14.6262 28.8034 26.868 10.3398 8.23662 12.0245 2.96384 6.13289 73.0349
internal_count=1793 1535 1373 927 746 446 354 258 92 181 118 103 308 270 237 192 377 56 39 323 137 92 186 177 54 44 78 17 35 369
is_linear=0
shrinkage=0.00974396


Tree=154
num_leaves=31
num_cat=0
split_feature=45 72 56 70 34 8 46 66 61 36 6 31 34 56 7 52 48 48 28 59 52 13 61 24 60 8 59 36 50 49
split_gain=7.0918 6.92491 5.45557 5.95624 5.60888 4.07216 3.94777 4.11261 6.30895 4.76686 4.95733 4.38715 5.18812 4.192 4.15267 3.55679 4.06239 4.34041 3.48917 3.40313 3.2704 2.71558 3.07133 2.75831 2.59962 3.52772 3.47227 3.42834 3.6151 3.0981
threshold=42.650000000000006 1.0000000180025095e-35 1.7871308947943856 1.0000000180025095e-35 7.7300000000000013 5.0989012279908676 83.230000000000018 278.50000000000006 116.36500000000002 93.430000000000021 18.830000000000002 0.18975000000000009 6.910000000000001 5.6940168119842083 4.9962500000000007 0.30500000000000005 0.10500000000000002 0.055000000000000007 9.6050000000000022 0.022500000000000003 1.155 1.97 85.235000000000014 0.62000000000000011 56.500000000000007 2.4166971954965573 0.30750000000000005 79.995000000000019 0.96500000000000008 5.205000000000001
decision_type=2 2 2 2 2 2 2 2 2 2 2 2 2 2 2 2 2 2 2 2 2 2 2 2 2 2 2 2 2 2
left_child=5 2 4 6 20 -1 -4 11 14 18 -11 12 21 24 -9 16 17 -3 -10 -6 -2 -8 23 -23 25 26 -13 -26 -29 -27
right_child=1 15 3 -5 19 -7 7 8 9 10 -12 13 -14 -15 -16 -17 -18 -19 -20 -21 -22 22 -24 -25 27 29 -28 28 -30 -31
leaf_value=-0.0089707990729903583 -0.004171186025308235 -0.01057153705347267 -0.01057405689946408 0.0057368206187194829 -0.00029890414435879332 0.0091002970992736243 -0.011126387819878493 0.0088686147748330956 -0.00558709981949737 0.018732121499807533 -0.0024879669506621079 0.0017501673896163513 -0.0077377060216398154 -0.0047989507350339172 -0.0099037293756087941 -0.010988915844457095 -0.0087235727424249052 0.010141204388224806 0.0064539258394487884 -0.0098930907733566012 0.007988104419594735 0.01782684472121894 6.0849470502720226e-05 0 -0.011171008833761828 0.0022684710622711012 0.016127785282639702 0.0054101957236626719 -0.0026215112001580312 0.0081054199647863177
leaf_weight=11.381228189915417 3.583460099995138 1.2877902016043643 2.8661159612238398 25.377351544797421 5.1675235852599171 1.2836818546056736 1.4725451245903993 1.2139898687601114 7.4428208470344526 2.5561586320400229 1.7214132249355314 2.7182075083255759 9.7287959754466993 7.4041777178645125 10.601669270545242 7.05750399082899 4.1387334726750851 3.4407437220215797 3.2472534328699112 11.11108388006687 4.9467300847172737 2.0100803449749942 10.906277902424334 1.3892524987459181 2.3639094680547741 74.728271253407001 3.9328482896089554 9.8995208889246005 11.399098709225653 9.7638005688786489
leaf_count=157 25 15 35 120 45 9 12 8 47 11 9 13 97 53 125 77 44 17 17 137 26 10 65 8 21 404 18 53 68 47
internal_value=-9.26235e-06 0.000360485 0.000796054 0.00132443 -0.00351226 -0.00710764 0.000691306 0.0008793 -0.00262952 0.00156526 0.0102155 0.00151687 -0.00215391 0.00228449 -0.00794224 -0.00584269 -0.0017034 0.00443459 -0.00190779 -0.00686301 0.00286927 0.00129115 0.00260401 0.0106365 0.00274386 0.00349073 0.0103137 -0.000128526 0.00110855 0.00294779
internal_weight=256.142 243.477 227.552 202.744 24.8088 12.6649 177.366 174.5 26.7833 14.9676 4.27757 147.717 25.507 122.21 11.8157 15.9248 8.86727 4.72853 10.6901 16.2786 8.53019 15.7782 14.3056 3.39933 114.806 91.1431 6.65106 23.6625 21.2986 84.4921
internal_count=1793 1627 1474 1241 233 166 1121 1086 217 84 20 869 192 677 133 153 76 32 64 182 51 95 83 18 624 482 31 142 121 451
is_linear=0
shrinkage=0.00974396


Tree=155
num_leaves=31
num_cat=0
split_feature=45 67 70 73 55 28 20 26 6 55 55 53 38 38 38 25 2 25 26 20 26 54 55 53 53 28 53 5 66 52
split_gain=6.99561 6.72161 8.67532 13.5466 3.95461 4.16757 3.93652 3.84001 4.54985 5.31576 4.29774 4.08299 3.82822 5.23874 3.78341 6.68794 4.57717 5.35089 4.05005 4.05709 3.48571 3.8894 3.39063 4.71307 3.38514 3.32252 5.01378 4.21426 4.13808 4.10829
threshold=42.650000000000006 1.0000000180025095e-35 1.0000000180025095e-35 1.0000000180025095e-35 0.96041666666666659 16.295000000000005 5.736359304727034 -0.92999999999999983 10.030000000000003 1.6820000000000002 2.370083333333334 0.015000000000000001 97.375000000000014 81.435000000000016 69.645000000000024 7.4850000000000012 13.81 12.865000000000002 15.820000000000002 4.4261262052624586 10.760000000000002 0.18500000000000003 1.3499999999999999 0.7350000000000001 0.27500000000000008 3.5150000000000001 1.0000000180025095e-35 8.8150000000000013 58.500000000000007 0.055000000000000007
decision_type=2 2 2 2 2 2 2 2 2 2 2 2 2 2 2 2 2 2 2 2 2 2 2 2 2 2 2 2 2 2
left_child=6 2 3 12 -5 7 -1 -6 25 -10 11 -11 13 14 -2 -16 -17 -18 19 -19 21 -12 23 -4 -14 28 27 -27 -9 -30
right_child=1 -3 22 4 5 -7 -8 8 9 10 20 -13 24 -15 15 16 17 18 -20 -21 -22 -23 -24 -25 -26 26 -28 -29 29 -31
leaf_value=-0.0089432441226978913 -0.0060480837389639882 0.0039407153277152438 -0.01197350590809652 -0.0075140010987860169 -0.0035890089092204293 -0.011452512333365139 0.0086972653295765267 -0.0039669779565406262 -0.010922256618001119 -0.0074123359125005403 -0.011614168476124394 0.0075443913399900571 -0.005869161929848864 -0.0084040718514071331 -0.0058721394789207279 0.019759332760242287 -0.010734008887996395 0.0048356400397961486 -0.0067170146190712815 0.022577627383860079 -0.0075384228737077003 0.0065693138962366763 0.0068504960033934689 0.0046726682646932678 0.011865054225197505 -0.012763791937441565 0.00816874139711668 0.0060815339870769602 -0.0043698776169623799 0.0065113881475122801
leaf_weight=11.280899848788975 18.28642075881362 41.234701305627823 2.4073219969868687 4.8367487341165534 11.156528525054453 2.2747298628091803 1.306409180164336 8.4762708395719546 4.051901280879977 2.03217635303736 1.4067099094390849 10.557475030422209 1.698315855115651 26.451799113303423 9.9117580056190508 1.6719543039798725 2.2185003906488401 4.1815545782446861 1.710453614592552 1.7268829792737959 7.0052860900759697 4.8665570095181465 19.755806647241116 4.7131073325872421 2.4401445463299751 2.1491908133029964 24.239676646888256 2.2814044505357742 4.1543759703636196 15.273411914706228
leaf_count=157 157 224 24 50 77 19 9 50 46 15 10 59 16 270 89 9 24 21 14 9 57 28 90 24 11 14 112 10 25 73
internal_value=-9.29639e-06 0.000357311 -0.00037437 -0.00116655 0.00105285 0.00147146 -0.00708186 0.0017781 0.00247312 -0.000595848 0.00103018 0.00510517 -0.00447466 -0.00504459 -0.00279758 -1.10731e-05 0.00502804 0.00244586 0.00633409 0.0101523 -0.0028273 0.00242684 0.00477522 -0.000970561 0.00456943 0.00409776 0.00642704 -0.00306173 0.00169453 0.00417407
internal_weight=255.758 243.171 201.936 175.06 104.762 99.9257 12.5873 97.651 86.4944 29.9201 25.8682 12.5897 70.2978 66.1593 39.7075 21.4211 11.5093 9.83739 7.61889 5.90844 13.2786 6.27327 26.8762 7.12043 4.13846 56.5743 28.6703 4.4306 27.9041 19.4278
internal_count=1793 1627 1403 1265 645 595 166 576 499 215 169 74 620 593 323 166 77 68 44 30 95 38 138 48 27 284 136 24 148 98
is_linear=0
shrinkage=0.00974396


Tree=156
num_leaves=31
num_cat=0
split_feature=68 72 47 5 59 49 27 0 9 35 24 10 15 24 52 52 4 13 12 27 49 16 7 38 19 19 13 59 67 5
split_gain=7.0801 7.76433 6.49921 4.97178 7.07414 9.15481 4.52241 4.19992 4.61787 4.68807 4.07551 6.53795 3.86529 3.83847 3.47747 3.48464 5.27773 3.44316 3.11156 3.62537 3.10052 3.03486 5.02339 2.99178 2.77338 3.10696 2.97497 2.75354 6.56527 4.94377
threshold=1.0000000180025095e-35 1.0000000180025095e-35 63.01250000000001 15.385000000000003 0.42250000000000004 0.28500000000000009 14.340000000000002 21.140000000000004 8.3500000000000014 15.502500000000003 2.0950000000000002 9.4800000000000022 31.565000000000005 -5.089999999999999 0.30500000000000005 0.025000000000000005 16.590000000000003 10.610000000000001 17.075000000000006 14.565000000000003 10.600000000000003 25.065000000000001 15.467583333333335 97.815000000000012 20.096333333333337 20.536416666666671 17.785000000000004 0.067500000000000018 1.0000000180025095e-35 2.5150000000000001
decision_type=2 2 2 2 2 2 2 2 2 2 2 2 2 2 2 2 2 2 2 2 2 2 2 2 2 2 2 2 2 2
left_child=1 2 12 -2 -5 -6 -7 8 10 18 11 17 -1 -13 15 -3 23 -4 -10 24 21 22 27 -17 26 -26 -20 28 29 -12
right_child=3 14 7 4 5 6 -8 -9 9 -11 20 13 -14 -15 -16 16 -18 -19 19 -21 -22 -23 -24 -25 25 -27 -28 -29 -30 -31
leaf_value=-0.0088997280597816666 -0.0080429072942652929 -0.010878808802162443 0.0030305229489390141 -0.0078465942270599647 0.021293535694116759 -0.012014024776282129 0.0099516729396078238 0.0055251956209277529 -0.011104390521378226 0.010052746153891406 0.0067965436631934519 0.010206762008185937 0.0047994312914811975 -0.0063963716384730059 -0.010950179293041274 -0.010568587620821872 0.012858063082495033 -0.0080677999354335141 0.0064929722249637365 -0.011237079864908029 0.01143913464130465 -0.0051078598024143843 0.016719407862169428 0.0088605762208163342 0.011020886168414181 -0.00055095426085609376 -0.011247954060529251 0.0032784128330231289 0.0083326450637973993 -0.01119644433431412
leaf_weight=9.1886834949254972 16.5344019420445 2.7728589884936827 30.86470515280962 5.3663872443139535 2.5722223520278931 2.0555365830659871 1.5080785900354383 21.639018006622791 4.3598250634968343 2.5846205651760092 1.8668559491634349 1.3935031518340135 2.4424318708479396 17.126034498214722 7.2179359197616568 2.6940447427332406 2.5521601885557175 2.862364172935485 1.1421179249882758 3.5439937859773627 3.8594419658184043 4.6204352974891654 2.4151458069682112 0.99951857328414906 2.5956757217645636 13.368212532252072 3.7170063257217407 71.423003122210503 4.0030272305011749 6.0386363044381142
leaf_count=113 166 32 167 57 13 14 8 114 41 13 13 9 19 152 81 33 12 25 6 32 17 31 13 4 13 90 36 384 25 60
internal_value=-9.39707e-06 0.000560226 0.00106061 -0.00462643 0.000283846 0.00741988 -0.00267608 0.00147445 0.000979632 -0.00241325 0.00170623 -0.00047426 -0.00600589 -0.00512208 -0.00592378 -0.00185814 0.00216735 0.00207693 -0.00355093 -0.00217922 0.00291633 0.00254633 0.00296231 -0.00524038 -0.000614055 0.00134402 -0.00703413 0.00255473 -0.00177165 -0.00691934
internal_weight=255.328 227.291 211.055 28.0366 11.5022 6.13584 3.56362 199.424 177.785 31.3115 146.473 52.2466 11.6311 18.5195 16.2365 9.01858 6.24572 33.7271 28.7268 24.367 94.2265 90.3671 85.7467 3.69356 20.823 15.9639 4.85912 83.3315 11.9085 7.90549
internal_count=1793 1535 1373 258 92 35 22 1241 1127 231 896 353 132 161 162 81 49 192 218 177 543 526 495 37 145 103 42 482 98 73
is_linear=0
shrinkage=0.00974396


Tree=157
num_leaves=31
num_cat=0
split_feature=45 72 56 34 46 36 8 73 74 7 30 48 31 8 56 52 48 48 4 48 50 8 52 54 52 36 50 50 48 36
split_gain=6.83463 6.66702 5.23228 5.48203 4.62391 5.78856 3.99248 3.79092 4.26886 4.71863 5.5098 5.55243 5.47397 3.6762 3.50684 3.49116 3.94645 4.1715 3.44629 4.17634 3.34672 3.25106 3.19531 4.59085 3.18336 3.12003 3.34225 3.52196 2.85507 3.94936
threshold=42.650000000000006 1.0000000180025095e-35 1.7871308947943856 7.7300000000000013 83.230000000000018 61.835000000000008 5.0989012279908676 1.0000000180025095e-35 1.0000000180025095e-35 20.418750000000006 -2.7949999999999995 17.165000000000003 1.2860833333333335 3.9288106803393714 5.6940168119842083 0.30500000000000005 0.10500000000000002 0.055000000000000007 3.4000000000000004 3.4050000000000007 9.3850000000000016 2.505516605457268 0.27500000000000008 4.785000000000001 1.155 90.055000000000021 3.8850000000000002 0.23500000000000001 0.025000000000000005 68.850000000000009
decision_type=2 2 2 2 2 2 2 2 2 2 2 2 2 2 2 2 2 2 2 2 2 2 2 2 2 2 2 2 2 2
left_child=6 2 3 24 -4 -6 -1 8 9 10 12 18 -7 -10 20 16 17 -3 19 21 22 -12 23 25 -2 26 27 -9 29 -24
right_child=1 15 4 -5 5 7 -8 14 13 -11 11 -13 -14 -15 -16 -17 -18 -19 -20 -21 -22 -23 28 -25 -26 -27 -28 -29 -30 -31
leaf_value=-0.008919251000737146 -0.0041280107296327436 -0.010531709569318263 -0.010585760046027116 -0.0068049620011082475 0.006198502536178944 -0.0027916234457258595 0.0089607616622946525 -0.0021546928054338704 -0.001340234920401965 0.0060092689120514308 0.0084563455549586074 0.013392457918459584 0.016442528084646434 0.0071926028755883113 -0.0051507669328154206 -0.010953210151872561 -0.008667008524904856 0.0099338817720224758 -0.0073950677361487964 0.0079739641543345261 0.0083690464343913057 -0.0083823685930016333 0.0067746593760155778 -0.011636986566279046 0.007877541583438407 -0.0065195267466603935 -0.011101607310800829 0.0060949487314716352 0.0040199700094126533 -0.0067301362792579608
leaf_weight=11.168068662285803 3.5697732567787188 1.2597677893936614 3.0238710567355147 16.083946369588375 21.913924798369408 3.2370971739292136 1.2887493968009938 7.5672043189406528 9.3440118506550807 5.574459880590438 1.3115663155913333 1.4920666143298138 2.4205793887376785 9.7409768104553205 6.0562618672847739 6.9030035138130179 4.0704586990177631 3.4379919841885567 26.6476817317307 3.4286834225058556 8.3189519941806775 5.5709302201867104 3.150164030492304 3.1900471970438948 4.9542865306138992 4.7432919219136229 1.6411701142787922 13.795626096427439 54.321160696446896 5.738462783396244
leaf_count=157 25 15 37 182 103 30 9 53 61 31 8 7 11 48 44 77 44 17 212 18 40 48 16 26 26 35 14 70 292 37
internal_value=-9.41025e-06 0.000352124 0.000777627 -0.00346001 0.00129446 0.0014774 -0.00703786 0.000891939 -0.000896391 -0.00240214 -0.00347228 -0.00479529 0.00546914 0.0030138 0.00202626 -0.00578593 -0.00167402 0.00437883 -0.00554583 -0.000744918 0.00245343 -0.00512659 0.00192624 -0.000635757 0.00283877 0.000638426 0.00212811 0.00316811 0.00318184 -0.00192131
internal_weight=254.964 242.507 226.836 24.608 202.228 199.204 12.4568 177.29 68.7681 49.6831 44.1086 38.4509 5.65768 19.085 108.522 15.6712 8.76822 4.69776 36.9589 10.3112 102.466 6.8825 94.1471 30.9373 8.52406 27.7473 23.004 21.3628 63.2098 8.88863
internal_count=1793 1627 1474 233 1241 1204 166 1101 474 365 334 293 41 109 627 153 76 32 286 74 583 56 543 198 51 172 137 123 345 53
is_linear=0
shrinkage=0.00974396


Tree=158
num_leaves=31
num_cat=0
split_feature=45 72 56 70 67 71 56 23 17 52 42 56 53 74 7 50 59 67 52 52 42 24 53 52 53 51 52 0 27 50
split_gain=6.74175 6.57206 5.1422 5.58759 7.32747 17.0996 7.30368 6.40673 4.88714 4.84038 4.68145 4.3683 4.3402 4.00297 3.93654 4.93151 3.91433 4.94385 3.90032 4.16338 3.75298 5.46575 3.57948 3.46553 5.08199 3.15605 2.95953 2.83541 2.70007 2.61418
threshold=42.650000000000006 1.0000000180025095e-35 1.7871308947943856 1.0000000180025095e-35 1.0000000180025095e-35 1.0000000180025095e-35 2.1276083353817654 19.595000000000002 19.690000000000001 0.18500000000000003 92.920000000000002 2.5994775140489974 6.9200000000000008 1.0000000180025095e-35 16.894666666666669 1.7950000000000002 0.022500000000000003 1.0000000180025095e-35 4.8550000000000013 1.3350000000000002 45.695000000000007 6.1850000000000014 10.275 0.30500000000000005 1.0300000000000002 1.0000000180025095e-35 6.8950000000000005 18.48 -1.4749999999999999 0.57000000000000017
decision_type=2 2 2 2 2 2 2 2 2 2 2 2 2 2 2 2 2 2 2 2 2 2 2 2 2 2 2 2 2 2
left_child=20 2 10 4 5 7 -7 22 -9 -10 16 -8 13 14 -13 -16 17 25 19 -11 -1 -22 -4 24 -3 -2 -14 -26 -6 -21
right_child=1 23 3 -5 28 6 11 8 9 18 -12 12 26 -15 15 -17 -18 -19 -20 29 21 -23 -24 -25 27 -27 -28 -29 -30 -31
leaf_value=0.0073363626451982888 0.010710534960387525 -0.0089110577037022892 -0.0083663633572025418 0.0055523073938772921 0.013496180673196368 0.0093359550095838337 -0.0051158069842503926 0.011567058425317377 -0.010281174087717945 -0.00096735011922277115 0.0039944545044535758 0.0031760686123945242 -0.008275209912409336 0.017872582070763227 -0.011264477753451451 0.0078051069903527035 -0.0086637914437988663 0.014416365187646286 -0.0086415677087930982 0.0046166372297826086 0.020229509054083807 -0.010599441122498884 0.01259222133951967 -0.010939173575014545 -0.001703722270056787 -0.010718508862333942 0.0048191249451502525 0.014041002556739873 0.0038040588078306304 0.022562902416725043
leaf_weight=1.4843116030096997 0.82646150141955077 4.4632382839918119 29.012231614440683 25.409449003636837 2.9681097716093054 11.643970064818857 9.4603222683072072 2.6671497821807888 5.2115069516003159 5.0498254150152189 6.0216057971119872 55.928390495479107 6.0001764595508558 1.5916740000247944 3.998234197497367 1.8514374643564222 13.301999200135468 1.7581634670495985 2.859141305088996 1.6683240905404093 0.53964830935001273 10.356872044503687 0.75806406140327354 6.844844263046979 2.2192083336412907 2.6191698685288429 2.2077761292457581 2.0527063980698586 32.326589204370975 1.4732834324240682
leaf_count=13 7 48 269 120 14 58 73 15 40 37 38 300 41 7 37 13 150 10 22 11 3 150 5 77 19 28 10 9 162 7
internal_value=-9.45803e-06 0.000349019 0.000770739 0.0012827 0.000666878 -0.000324091 0.00213122 -0.00499756 -0.000555885 -0.00257405 -0.00343772 0.00109059 0.00191491 0.00278012 0.0023786 -0.00519592 -0.00586616 0.0012716 0.00107162 0.00450137 -0.00701214 -0.00899682 -0.00781322 -0.00576389 -0.00166456 -0.00548192 -0.00473169 0.00588848 0.00463619 0.0132397
internal_weight=254.574 242.193 226.613 202.086 176.676 141.382 92.682 48.6995 18.9292 16.2621 24.5274 81.038 71.5777 63.3697 61.7781 5.84967 18.5058 5.20379 11.0506 8.19143 12.3808 10.8965 29.7703 15.58 8.73515 3.44563 8.20795 4.27191 35.2947 3.14161
internal_count=1793 1627 1474 1241 1121 945 539 406 132 117 233 481 408 357 350 50 195 45 77 55 166 153 274 153 76 35 51 28 176 18
is_linear=0
shrinkage=0.00974396


Tree=159
num_leaves=31
num_cat=0
split_feature=68 47 17 67 47 41 26 33 32 28 49 12 18 33 16 41 12 54 12 15 39 18 18 54 39 47 41 49 63 17
split_gain=6.85041 7.02877 4.6867 4.03709 4.83818 4.88853 4.80523 5.59594 7.21753 6.03084 4.58157 4.07036 3.85477 3.77117 5.16116 4.72615 3.45983 4.18049 3.38215 3.2897 3.12143 3.08533 3.63144 2.91793 3.01728 5.76191 2.88837 2.72178 5.49168 3.87768
threshold=1.0000000180025095e-35 63.01250000000001 20.560000000000006 1.0000000180025095e-35 63.670000000000009 70.905000000000015 -0.97499999999999987 3.3350000000000004 2.5035829054113985 3.6950000000000007 4.8600000000000003 17.075000000000006 10.745000000000003 8.7750000000000021 18.230000000000004 75.950000000000017 4.3350000000000009 1.1650000000000003 5.0450000000000008 31.565000000000005 69.215000000000018 3.3900000000000001 5.0400000000000009 7.4050000000000002 67.705000000000013 68.555000000000021 91.180000000000021 3.7850000000000006 49.500000000000007 8.2850000000000019
decision_type=2 2 2 2 2 2 2 2 2 2 2 2 2 2 2 2 2 2 2 2 2 2 2 2 2 2 2 2 2 2
left_child=1 19 -2 4 -3 20 -7 9 11 12 18 -9 16 14 -13 -15 -8 27 -11 -1 -6 -19 -23 24 25 -4 -20 29 -29 -18
right_child=2 3 23 -5 5 6 7 8 -10 10 -12 13 -14 15 -16 -17 17 21 26 -21 -22 22 -24 -25 -26 -27 -28 28 -30 -31
leaf_value=-0.0090339044573657361 -0.0078421506518608908 0.010669779237200545 -0.0013414306658377357 0.0037632485482923879 -0.0090817991554161953 -0.0036834537275884562 0.0089552326010092012 -0.01096314374976925 -0.0094210833514388817 -0.011262180000692994 0.011868905134109252 -0.011020050930490535 -0.0089245657203155439 0.0057139540671883558 0.0094504723484763048 -0.011160487430743288 0.0069708556896587864 -0.010147755466722466 0.0034113995657060344 0.0029167237576268081 -0.0015345151469338928 0.010714818181909447 -0.0036728643977065288 0.015875385292175241 -0.0058541036279967035 0.024939914169805868 0.013318888072526182 0.01314863039180356 -0.012165157182944551 -0.0022625001186433471
leaf_weight=10.044679548591374 16.64041326195002 4.154131866991519 3.3281044512987119 39.954072002321482 7.779212053865197 20.075833886861801 4.5116819664835921 2.274013224989182 9.2659479007124883 1.3592906072735775 7.5679065063595763 1.3188724443316449 4.1035006716847411 2.9988671094179145 8.4399028196930868 3.2322027534246445 13.510859165340667 5.0570128932595244 38.366781622171402 2.7542610131204119 15.782648328691719 2.0204032659530631 8.6726385913789255 1.0011959746479977 5.8019626140594482 0.99740267544984806 2.9956664666533461 1.1069861054420465 2.7711142897605896 6.2907190322875968
leaf_count=127 166 26 30 219 73 159 21 22 89 12 35 11 43 15 42 30 75 41 208 22 123 10 54 7 49 6 13 6 19 40
internal_value=-9.36402e-06 0.000550602 -0.00457411 0.000971789 0.000328133 7.16236e-05 0.000737542 0.00144461 -0.00243373 0.0025322 0.00488952 0.00111628 6.02081e-05 0.00286377 0.0066393 -0.00303322 0.000909058 -1.60066e-05 0.00364085 -0.00645123 -0.00404222 -0.00390428 -0.000914522 0.000310984 -0.00126801 0.00485163 0.00414345 0.00256689 -0.00485009 0.00403236
internal_weight=254.178 226.409 27.7691 213.61 173.656 169.502 145.94 125.864 27.5298 98.3346 50.2896 18.2639 48.0449 15.9898 9.75878 6.23107 43.9414 39.4297 42.7217 12.7989 23.5619 15.7501 10.693 11.1287 10.1275 4.32551 41.3624 23.6797 3.8781 19.8016
internal_count=1793 1535 258 1386 1167 1141 945 786 209 577 268 120 309 98 53 45 266 245 233 149 196 105 64 92 85 36 221 140 25 115
is_linear=0
shrinkage=0.00974396


Tree=160
num_leaves=31
num_cat=0
split_feature=68 47 73 70 67 71 9 26 74 51 49 11 29 38 53 6 4 58 66 54 20 63 28 53 51 0 46 28 54 8
split_gain=6.73713 6.92322 4.82388 9.2321 6.23111 8.89999 5.52227 6.16301 4.69797 7.54072 4.47511 4.09864 7.57892 4.27773 5.24924 3.90511 3.69949 3.56234 3.70337 4.03151 3.3468 3.85166 3.631 3.23708 3.76665 3.12051 4.63747 3.02561 3.02059 3.01845
threshold=1.0000000180025095e-35 63.01250000000001 1.0000000180025095e-35 1.0000000180025095e-35 1.0000000180025095e-35 1.0000000180025095e-35 8.3500000000000014 -0.97499999999999987 1.0000000180025095e-35 1.3250000000000004 0.96500000000000008 16.990000000000006 10.830000000000002 96.495000000000019 1.0300000000000002 2.2450000000000006 7.5450000000000008 7.3500000000000005 304.50000000000006 1.5450000000000002 3.125698367135636 33.500000000000007 10.250000000000002 0.64500000000000013 0.69500000000000006 2.6050000000000004 98.480000000000018 4.7250000000000005 2.0750000000000006 4.8130717988910812
decision_type=2 2 2 2 2 2 2 2 2 2 2 2 2 2 2 2 2 2 2 2 2 2 2 2 2 2 2 2 2 2
left_child=1 -1 3 4 5 11 7 25 9 -7 -11 13 -13 -3 -15 -12 -2 28 19 -19 21 -8 -23 24 -21 26 -4 -5 -9 -18
right_child=16 2 6 27 -6 8 20 17 -10 10 15 12 -14 14 -16 -17 29 18 -20 23 -22 22 -24 -25 -26 -27 -28 -29 -30 -31
leaf_value=-0.0064225313286990727 -0.010884028682847262 -0.0100278003724518 -0.01095718199853977 -0.001207014911080321 0.0021447569804592661 -0.0068334269647138375 0.012675366627316468 -0.0073895673610201388 0.010748345757550255 -0.0049811664960807403 -0.0039936918946194442 0.013408952883826158 -0.0073663386730971822 -0.010681555373586324 0.012181700320973175 0.017964110920706038 -0.0010752266698927512 0.0064889713606730197 -0.0042503934545597795 -0.0091616473000905897 -0.0060006433030897269 0.0085043545233456225 -0.0055300356138019381 0.00482678193591486 0.0029465225829991724 -0.0099538300742424649 0.0062302003523786818 0.0085090099354033447 0.0095074301809366431 -0.01193942460433112
leaf_weight=12.731308888643978 6.6191222481429604 24.024201668798927 2.1804440692067129 4.0443541035056105 22.975107319653034 8.7873818576335925 2.3158144280314472 4.2602084949612609 4.0348637923598281 1.9238405823707569 0.97932275384664524 2.4805121868848792 4.8948922678828239 1.8035117611289018 1.9381296411156652 3.2200114279985428 18.289244249463085 55.60888958722353 4.2139550894498816 4.4816451296210307 10.897917527705429 2.4334996491670591 5.9463672786951065 12.659844055771826 5.2495187669992447 4.3904747515916824 4.5027563348412514 11.890725418925284 1.270778454840183 2.7713412791490546
leaf_count=149 76 256 22 26 130 73 12 36 24 14 7 12 43 21 10 18 161 265 34 26 92 10 49 59 27 31 24 57 8 21
internal_value=-9.38205e-06 0.000545757 0.000963118 -0.000702671 -0.00210045 -0.00390634 0.00225052 0.00322633 0.00146968 -0.00105327 0.00721219 -0.00680678 -0.000329422 -0.00851999 0.0011309 0.0128232 -0.00454403 0.00409149 0.00460151 0.00508318 -0.00220698 0.00165396 -0.00141956 0.00158115 -0.00263052 -0.00360816 0.000573822 0.00603802 -0.00344655 -0.00252957
internal_weight=253.82 226.14 213.409 92.9969 77.0618 54.0867 120.412 98.8185 18.9454 14.9106 6.12317 35.1412 7.3754 27.7658 3.74164 4.19933 27.6797 87.7448 82.2139 77.9999 21.5936 10.6957 8.37987 22.391 9.73116 11.0737 6.6832 15.9351 5.53099 21.0606
internal_count=1793 1535 1386 691 608 478 695 532 136 112 39 342 55 287 31 25 258 455 411 377 163 71 59 112 53 77 46 83 44 182
is_linear=0
shrinkage=0.00974396


Tree=161
num_leaves=31
num_cat=0
split_feature=45 72 56 70 67 73 32 41 36 2 22 47 54 22 8 2 36 60 67 61 54 56 61 66 39 54 31 66 23 39
split_gain=6.53188 6.39519 4.99198 5.34167 6.97121 10.4226 4.86689 4.74183 4.5061 4.21797 4.20135 4.13662 5.24976 5.21523 3.91211 3.64339 3.84237 3.45041 3.76974 3.38037 5.15238 3.27181 3.22314 4.32865 2.81707 2.78434 2.72214 2.66911 4.74593 3.09541
threshold=42.650000000000006 1.0000000180025095e-35 1.7871308947943856 1.0000000180025095e-35 1.0000000180025095e-35 1.0000000180025095e-35 3.9784318764763547 68.140000000000001 61.835000000000008 2.7400000000000007 33.900000000000013 80.91500000000002 3.8900000000000001 23.885000000000005 5.0989012279908676 5.9350000000000014 80.445000000000007 40.500000000000007 1.0000000180025095e-35 126.68000000000001 0.065000000000000016 5.6940168119842083 119.51000000000001 274.50000000000006 96.465000000000018 4.5250000000000012 15.2445 269.50000000000006 22.757500000000004 98.660000000000011
decision_type=2 2 2 2 2 2 2 2 2 2 2 2 2 2 2 2 2 2 2 2 2 2 2 2 2 2 2 2 2 2
left_child=14 2 6 4 5 8 9 26 10 24 -4 12 21 15 -1 -13 -17 18 -11 -10 -21 22 23 -9 -2 -22 -7 -3 29 -29
right_child=1 27 3 -5 -6 7 -8 11 19 17 -12 13 -14 -15 -16 16 -18 -19 -20 20 25 -23 -24 -25 -26 -27 -28 28 -30 -31
leaf_value=-0.0088568347711850248 0.010452654642218933 -0.0091126135526086675 0.010967918647183694 0.005435264851176326 0.0045227405908570273 -0.0083682032864175037 -0.010619482524081465 0.0066873156004293921 -0.0070967321435299281 -0.0050438091751152268 -0.0050350929368625213 -0.0005350720370774038 -0.0082553613496199659 -0.0047707731597855093 0.00886469765498284 -0.0031589821367599053 0.0065461025209706796 -0.0093887422504587165 0.012083546145890212 0.013263913518671249 -0.006939961339833451 -0.0062233085758496894 0.012450390697153181 -0.010565097633131895 -0.0023000940602333599 0.008731447254844156 0.009960227040440927 -0.010658882879341837 0.012055885391520206 0.0085116190797656453
leaf_weight=10.914870776236056 4.0135135352611604 9.0529523529112321 3.2893314212560645 25.413044817745686 35.364076778292656 6.2659494504332534 6.4717638380825511 12.447061501443395 28.998926047235727 3.1766401678323728 2.8853906020522118 24.172830432653427 2.4147053547203532 12.920201629400252 1.2885348424315441 4.7175534740090397 20.734376527369022 6.0696234256029129 1.9266242086887357 2.0230438336729986 6.0369007289409637 1.6896268352866162 8.4369019865989667 1.513437196612357 2.7257953658699989 1.2682478055357931 0.83822306990623463 3.4641237035393706 1.8622866570949552 0.99831604957580555
leaf_count=157 21 97 17 120 176 56 84 59 264 32 28 141 18 101 9 27 95 67 11 11 45 12 39 17 18 9 6 44 8 4
internal_value=-9.4604e-06 0.000342393 0.000757296 0.00126197 0.000657677 -0.000314147 -0.00340197 0.00148941 -0.00421175 -0.000770384 0.00348403 0.00210239 0.00532661 0.000731798 -0.00695379 0.00216953 0.00474023 -0.00444375 0.00143835 -0.00545712 -0.000338319 0.0067042 0.00769391 0.00478459 0.0052916 -0.00417114 -0.00614679 -0.00572898 -0.000840541 -0.00630655
internal_weight=253.395 241.191 225.814 201.43 176.017 140.653 24.384 96.1509 44.5018 17.9122 6.17472 89.0467 26.5017 62.545 12.2034 49.6248 25.4519 11.1729 5.10326 38.3271 9.32819 24.087 22.3974 13.9605 6.73931 7.30515 7.10417 15.3777 6.32473 4.46244
internal_count=1793 1627 1474 1241 1121 945 233 571 374 149 45 509 145 364 166 263 122 110 43 329 65 127 115 76 39 54 62 153 56 48
is_linear=0
shrinkage=0.00974396


Tree=162
num_leaves=31
num_cat=0
split_feature=45 72 56 70 42 59 42 46 52 53 1 1 7 30 5 55 1 26 56 46 63 29 23 53 52 27 56 1 26 7
split_gain=6.44303 6.30306 4.90813 5.22988 4.52729 3.82816 3.73382 3.71865 3.39496 4.87389 3.17419 4.68254 3.97366 3.57128 6.30425 5.78164 3.525 3.10736 3.10505 2.68363 3.4819 3.97399 2.71682 2.68513 2.54986 2.54932 2.52208 2.51376 2.50614 2.84713
threshold=42.650000000000006 1.0000000180025095e-35 1.7871308947943856 1.0000000180025095e-35 92.920000000000002 0.022500000000000003 45.695000000000007 83.230000000000018 0.30500000000000005 1.0300000000000002 18.340000000000003 17.585000000000004 20.585166666666669 10.165000000000001 5.9300000000000006 1.939416666666667 16.215000000000003 10.815000000000003 3.2900872813835007 99.245000000000019 49.500000000000007 -3.8299999999999996 6.4225000000000003 2.0700000000000007 0.43500000000000005 -1.8849999999999996 5.6940168119842083 6.1250000000000009 2.0950000000000002 3.378083333333334
decision_type=2 2 2 2 2 2 2 2 2 2 2 2 2 2 2 2 2 2 2 2 2 2 2 2 2 2 2 2 2 2
left_child=6 2 4 7 5 -2 -1 -4 9 -3 11 12 13 14 18 -15 -16 -17 19 20 21 -9 23 27 -6 -7 -12 -22 29 -20
right_child=1 8 3 -5 24 25 -8 10 -10 -11 26 -13 -14 15 16 17 -18 -19 28 -21 22 -23 -24 -25 -26 -27 -28 -29 -30 -31
leaf_value=0.007412014804502663 0.001251991706859861 -0.0088350770951947794 -0.010518500831554657 0.0053778834646331626 -0.0062201050687440591 -0.00010834251798212947 -0.0089446348870345482 0.0043364941785651355 -0.010904292365841574 0.0057593058443171337 0.0039440043643335261 -0.0083098128559452242 0.015816832706775252 -0.0095685803019073881 0.0050188593508652471 0.0018094853444910756 -0.0086054835497451042 -0.0076843253408199119 0.0028044660546160645 -0.0090914807267275157 0.0024127972530895389 -0.0080705934292162503 0.0089082344656594582 -0.011176367032819703 0.0078210308772909305 -0.010789567942897755 -0.0069448655256796974 -0.0066536115060039655 0.0060847026405053094 -0.0095327969966236478
leaf_weight=1.4751513004302967 5.1942853033542695 4.3658504225313646 2.7458031661808482 25.434229299426079 1.6615939661860455 2.6956237666308924 10.654191836714743 3.1480906940996638 6.6770030483603469 4.2451757714152336 35.656345970928669 5.9221426695585242 1.5561146587133396 8.1976476311683673 36.047379452735186 17.476021438837055 1.8579397872090329 3.9880244210362426 5.2635581940412548 4.6649164408445349 15.566536344587812 10.554659634828566 3.4324949011206618 1.9497072622179974 4.3630096986889839 10.378397766500704 2.0990962311625472 3.5267684757709494 9.5397304445505124 2.6292321309447289
leaf_count=13 45 48 35 120 13 24 153 21 77 28 188 39 8 101 193 101 11 33 25 48 87 94 17 17 25 126 17 27 42 17
internal_value=-9.48471e-06 0.000339455 0.000750706 0.0012507 -0.00338182 -0.00579756 -0.00692815 0.00065192 -0.00570653 -0.00163159 0.000832114 0.000133809 0.000523527 0.000331793 0.00122787 -0.00262773 0.00433985 2.92641e-05 -0.000728514 -0.00214051 -0.00127976 -0.00520681 0.000918211 -0.000392569 0.00391286 -0.00860365 0.00332894 0.00072168 0.00273153 -0.00131482
internal_weight=252.967 240.837 225.549 201.256 24.2929 18.2683 12.1293 175.822 15.288 8.61103 173.076 135.321 129.399 127.843 98.181 29.6617 37.9053 21.464 60.2757 42.8432 38.1783 13.7028 24.4755 21.043 6.0246 13.074 37.7554 19.0933 17.4325 7.89279
internal_count=1793 1627 1474 1241 233 195 166 1121 153 76 1086 881 842 834 599 235 204 134 395 311 263 115 148 131 38 150 205 114 84 42
is_linear=0
shrinkage=0.00974396


Tree=163
num_leaves=31
num_cat=0
split_feature=72 47 56 42 20 44 59 71 14 47 61 2 48 48 41 54 61 8 40 36 66 47 49 48 59 47 23 48 41 8
split_gain=6.09258 5.54389 4.5928 4.45912 3.80419 5.92848 3.79383 3.6489 3.40396 3.45154 3.24719 3.08314 3.02416 5.9377 2.69807 2.67794 5.51836 5.33903 5.515 4.71816 4.505 4.4732 4.45594 3.96446 6.54491 3.93434 3.67865 3.33049 3.29492 2.75124
threshold=1.0000000180025095e-35 60.840000000000011 1.7871308947943856 92.920000000000002 5.6708412338240892 11.480003525996281 0.022500000000000003 1.0000000180025095e-35 5.2550000000000017 95.115000000000009 101.35000000000002 19.830000000000002 0.10500000000000002 0.055000000000000007 66.240000000000023 1.175 78.725000000000009 2.3224730924434378 58.460000000000008 95.200000000000017 303.50000000000006 94.235000000000014 1.6850000000000003 3.8550000000000004 1.3775000000000002 63.670000000000009 5.6150000000000011 0.18500000000000003 97.090000000000018 2.2521803563655456
decision_type=2 2 2 2 2 2 2 2 2 2 2 2 2 2 2 2 2 2 2 2 2 2 2 2 2 2 2 2 2 2
left_child=1 14 3 6 5 15 -3 -6 9 -5 11 -9 13 -2 -1 17 -17 19 -19 -4 25 -22 29 27 -25 -20 -26 -24 -27 -18
right_child=12 2 4 8 7 -7 -8 10 -10 -11 -12 -13 -14 -15 -16 16 22 18 20 -21 21 -23 23 24 26 28 -28 -29 -30 -31
leaf_value=-0.010475996054209192 -0.010721699679701725 0.001238850187146271 -0.0089887230381544801 0.01648138684580145 0.0019847432344444059 -0.010722852240950745 -0.0085791304344617573 -0.0054266873483691958 -0.0065290717613034595 -0.0015668444897754305 0.018292080689648067 0.0098112375053021703 -0.0098348814838025191 0.0067322984273101233 0.0055708565847449806 -0.010890202838204546 0.005003818604716272 -0.010926314735962402 0.011482753419263952 0.011339576599297541 -0.009350962870971086 0.010170162324303114 -0.0063504528432726335 -0.011734971820495266 -0.0038812019790654133 0.0030651561883177662 0.014969331019481088 0.008690654980840878 -0.010829866621974184 -0.0029651910428249158
leaf_weight=6.1905931420624247 3.3823164366185656 5.1986127793788972 6.8646254464983922 2.3628769665956488 18.022036992013454 4.2418574728071681 12.984532032161949 1.7091655731201187 1.9680623114109037 1.7008516192436216 2.7862922623753548 4.4793113321065903 8.4321915097534639 3.9911609999835491 1.1482377126812933 4.66254087537527 4.6742583885788909 2.8365006707608691 5.2379552498459807 1.2477615773677824 5.0601081177592269 1.3874312192201612 1.5498569086194063 3.4452479481697074 1.7360981553792956 87.851643357425928 2.1664350032806396 11.668884776532648 1.6109781712293614 32.004533674567938
leaf_count=93 42 45 51 11 81 53 150 11 16 11 12 19 97 24 14 53 23 31 28 6 56 10 10 28 8 500 9 59 16 226
internal_value=-9.62216e-06 0.000381209 0.000648916 -0.00335998 0.00112304 0.000605494 -0.00576835 0.00452984 0.00386992 0.00895096 0.0095969 0.00557488 -0.00586009 -0.00127058 -0.00793241 0.000884639 -0.000740211 0.00178308 0.00237846 -0.00580857 0.00275674 -0.00509603 9.08449e-05 0.00371956 -0.00199887 0.00329453 0.00659382 0.00690451 0.00280908 -0.00194208
internal_weight=252.603 236.797 229.458 24.2149 205.244 178.247 18.1831 26.9968 6.03179 4.06373 8.97477 6.18848 15.8057 7.37348 7.33883 174.005 61.9079 112.097 103.985 8.11239 101.148 6.44754 57.2453 20.5665 7.34778 94.7006 3.90253 13.2187 89.4626 36.6788
internal_count=1793 1630 1523 233 1290 1167 195 123 38 22 42 30 163 66 107 1114 416 698 641 57 610 66 363 114 45 544 17 69 516 249
is_linear=0
shrinkage=0.00974396


Tree=164
num_leaves=31
num_cat=0
split_feature=45 72 67 71 70 30 11 17 61 66 36 44 59 27 25 51 51 27 26 42 21 3 7 45 61 36 36 30 54 15
split_gain=6.28375 6.11857 4.73536 8.31732 18.1887 6.65591 6.14743 4.20637 4.01645 4.14477 3.87283 3.75837 3.93385 4.1881 5.71694 5.93445 5.9155 4.11964 3.97753 3.67043 3.2819 3.23546 3.30355 3.19884 3.17332 3.23044 3.0871 3.01114 3.6175 2.97209
threshold=42.650000000000006 1.0000000180025095e-35 1.0000000180025095e-35 1.0000000180025095e-35 1.0000000180025095e-35 11.870000000000003 16.475000000000005 19.690000000000001 122.03000000000002 29.500000000000004 95.095000000000013 9.091471456262008 0.067500000000000018 12.235000000000001 7.6850000000000014 0.68500000000000016 3.0850000000000004 1.3050000000000004 -0.48499999999999993 45.695000000000007 -2.7149999999999994 18.335000000000004 16.397583333333337 58.110000000000007 81 65.095000000000013 66.460000000000022 14.955000000000002 0.28500000000000009 17.855000000000004
decision_type=2 2 2 2 2 2 2 2 2 2 2 2 2 2 2 2 2 2 2 2 2 2 2 2 2 2 2 2 2 2
left_child=19 2 3 4 6 11 8 -8 9 10 -2 12 -5 14 15 17 20 18 -14 -1 -17 -15 -23 -16 26 -26 -6 -3 -29 -7
right_child=1 27 -4 5 24 29 7 -9 -10 -11 -12 -13 13 21 23 16 -18 -19 -20 -21 -22 22 -24 -25 25 -27 -28 28 -30 -31
leaf_value=0.007291473913206419 0.011231394652105138 -0.0078490269260069311 0.0037179052535663377 -0.0074105448394640033 0.0029221054159595137 0.00049560115737769955 0.014466417538419091 -0.0016703711601060657 -0.00022828546836436712 -0.0095169233585438197 -0.0074979314207089705 0.0094313710984725175 -0.0045203166352899594 -0.012630515570682408 0.019169707859330344 -0.002661913863499813 -0.00022009073832559114 -0.007627442271731252 0.0070072025617457512 -0.0089106013792701472 0.010284180834453031 0.0060747003638413248 -0.010947562514223623 0.0069447456594002007 0.015414775144034885 0.0047040000817828529 -0.011244308580917749 0.010894131644035776 -0.010740815353349592 -0.0078481827103897162
leaf_weight=1.4812292754650105 1.8414893448352803 12.054014366120098 41.295646265149117 3.6316731795668593 5.0562195181846645 7.9601697325706509 1.70122730731964 12.954588431864975 6.9168556183576575 32.480077337473631 2.3307974711060524 8.0373203605413419 5.3126707077026376 2.5989405810832968 2.424003653228282 2.0974667966365805 12.439830794930456 7.6836031302809706 6.0137590989470491 10.511657796800135 14.568431273102766 3.4067686423659325 1.5399025157094 12.8758632466197 3.1876455992460277 16.603297203779221 2.007747333496809 1.9469648376107209 1.1245159357786176 8.1554992944002134
leaf_count=13 11 133 224 30 26 55 9 92 45 349 18 40 37 20 11 16 59 46 31 153 68 17 15 68 14 76 22 9 11 75
internal_value=-9.67751e-06 0.00033389 0.000737811 6.70298e-05 -0.00216465 0.00199124 -0.00522437 0.0002262 -0.00705938 -0.00834348 0.000764525 0.00310929 0.00242198 0.00293064 0.00374835 0.00209172 0.00485619 -0.00213541 0.00159189 -0.00688239 0.00864489 -0.00390939 0.000707517 0.00893205 0.00446252 0.00646147 -0.00112443 -0.00565644 0.00289812 -0.00372736
internal_weight=252.24 240.247 225.121 183.826 85.0799 98.7459 58.225 14.6558 43.5692 36.6524 4.17229 82.6302 74.5929 70.9612 63.4156 48.1158 29.1057 19.01 11.3264 11.9929 16.6659 7.54561 4.94667 15.2999 26.8549 19.7909 7.06397 15.1255 3.07148 16.1157
internal_count=1793 1627 1474 1250 662 588 524 101 423 378 29 458 418 388 336 257 143 114 68 166 84 52 32 79 138 90 48 153 20 130
is_linear=0
shrinkage=0.00974396


Tree=165
num_leaves=31
num_cat=0
split_feature=68 47 56 5 59 48 50 70 66 5 6 62 53 4 17 10 10 62 57 52 51 50 33 59 5 50 50 3 4 33
split_gain=6.41443 6.50795 4.91097 4.74989 6.68608 4.97731 4.95444 4.1652 4.72318 6.67208 5.07439 4.414 3.69467 3.69335 3.51493 3.3311 3.60282 3.17469 3.16307 3.08798 3.05764 3.39986 4.01546 3.97365 3.03662 2.87613 3.16109 3.17313 6.19332 3.80841
threshold=1.0000000180025095e-35 63.01250000000001 1.7871308947943856 15.385000000000003 0.42250000000000004 0.075000000000000025 1.4850000000000001 1.0000000180025095e-35 192.50000000000003 5.9300000000000006 27.415000000000003 1.5879166666666671 1.2550000000000001 8.0800000000000018 20.145000000000007 20.430000000000003 26.610000000000003 2.2022500000000007 0.015000000000000001 0.83500000000000008 0.015000000000000001 0.03500000000000001 10.050000000000002 0.33750000000000008 15.540000000000001 9.3850000000000016 1.5150000000000003 16.035000000000004 12.235000000000001 -4.004999999999999
decision_type=2 2 2 2 2 2 2 2 2 2 2 2 2 2 2 2 2 2 2 2 2 2 2 2 2 2 2 2 2 2
left_child=1 19 13 17 -5 -6 -7 8 9 -4 11 -10 18 -3 25 -16 -17 -2 20 -1 -13 23 24 -22 -23 26 -11 28 29 -28
right_child=3 2 7 4 5 6 -8 -9 10 14 -12 12 -14 -15 15 16 -18 -19 -20 -21 21 22 -24 -25 -26 -27 27 -29 -30 -31
leaf_value=-0.0097133776531085694 -0.0088886192362148432 -0.00032760240316871258 -0.00022945285476222687 -0.0077250971882846468 0.020974950756047311 0.0092875170517540233 -0.012126896740609874 0.0051683208916601378 -0.0092139492964997041 0.0068734834530915319 0.018624855790452043 -0.011135943655012588 -0.0044029590502936526 -0.008604535920463981 0.0080302551985252033 -0.010306314512266464 0.0035076602537400291 0.010624801332637761 0.016378053616173584 0.00055968999617348261 0.02082954946376131 0.0012029093799262279 0.015982044283690194 0.002815153612421148 -0.0064503826753552458 0.017446358900497366 0.006426221566633643 -0.0080250753685709407 0.017192329842740946 -0.011370800976222705
leaf_weight=8.3137541972100717 15.176461298018694 13.718156911432745 56.318839050829411 5.2116576954722387 1.7445881590247152 2.827520564198494 1.5587128251790998 24.711424522101879 6.6608598828315726 29.683049578219652 1.1425438150763501 1.9544333070516611 17.417172268033028 8.1634217090904695 3.0119119584560377 3.9566745795309544 3.2074215412139893 0.79846926778554994 1.2089229822158802 4.1227996163070193 1.6184725537896181 15.157148454338317 1.3206782341003407 4.0253299921751022 7.2335225343704215 1.926251396536826 2.2362008318305016 2.8930825293064117 2.2437005937099457 2.2502135783433896
leaf_count=114 161 112 357 57 8 17 10 117 88 137 6 18 134 94 13 29 17 5 5 35 10 93 8 28 62 8 11 18 10 11
internal_value=-9.68408e-06 0.000532543 0.000935252 -0.00446503 0.000347354 0.00723551 0.00161041 0.00143885 0.000880058 0.00208551 -0.0013667 -0.0017846 -0.000784881 -0.00343077 0.00462238 -0.000493457 -0.00411788 -0.00788271 0.0011519 -0.00630609 0.000541028 0.00133603 -0.000280478 0.00810701 -0.00127051 0.00588735 0.00530155 0.000431783 0.00411035 -0.00249209
internal_weight=251.813 224.496 212.059 27.3174 11.3425 6.13082 4.38623 190.178 165.466 107.727 57.7391 56.5965 49.9357 21.8816 51.4085 10.176 7.1641 15.9749 32.5185 12.4366 31.3096 29.3552 23.7113 5.6438 22.3907 41.2325 39.3062 9.6232 6.73012 4.48641
internal_count=1793 1535 1386 258 92 35 27 1180 1063 611 452 446 358 206 254 59 46 166 224 149 219 201 163 38 155 195 187 50 32 22
is_linear=0
shrinkage=0.00974396


Tree=166
num_leaves=31
num_cat=0
split_feature=68 72 33 56 5 49 47 5 59 49 27 5 74 49 0 48 0 48 41 23 48 48 48 48 74 56 36 58 49 49
split_gain=6.3148 6.9208 6.0981 5.53067 5.55053 4.82001 4.69478 4.6937 6.57248 8.57895 4.30752 3.8898 3.70641 3.88313 4.66188 3.18606 3.55533 3.4956 3.13288 4.22719 3.02217 2.94208 5.83713 2.94019 2.92043 4.62088 2.91161 3.73432 4.10164 3.31617
threshold=1.0000000180025095e-35 1.0000000180025095e-35 3.3350000000000004 1.7871308947943856 5.9300000000000006 4.8600000000000003 71.030000000000015 15.385000000000003 0.42250000000000004 0.28500000000000009 14.340000000000002 0.80000000000000016 1.0000000180025095e-35 0.64500000000000013 12.760000000000002 3.9150000000000005 14.655000000000003 0.15500000000000003 61.260000000000005 19.832500000000003 4.04 0.10500000000000002 0.055000000000000007 0.18500000000000003 1.0000000180025095e-35 5.2302536910021695 96.700000000000003 20.940000000000001 5.0150000000000015 0.10500000000000002
decision_type=2 2 2 2 2 2 2 2 2 2 2 2 2 2 2 2 2 2 2 2 2 2 2 2 2 2 2 2 2 2
left_child=1 2 3 11 26 24 -7 -2 -9 -10 -11 23 13 20 -15 17 -17 -16 -19 -20 -4 22 -3 -1 25 -6 27 28 29 -5
right_child=7 21 12 4 5 6 -8 8 9 10 -12 -13 -14 14 15 16 -18 18 19 -21 -22 -23 -24 -25 -26 -27 -28 -29 -30 -31
leaf_value=0.015313204241461639 -0.0078511978191279138 -0.010702600574901838 -0.0074888830536274454 -0.0026891542174561252 0.0035718819626476064 -0.0052044854796723843 0.015465744615773672 -0.0076923948128994899 0.02044294353462801 -0.011949295432402154 0.0095593450770528211 -0.0047800834535526478 0.0038937950584968929 -0.0079542789212893889 -0.010846495012492938 0.0067734559912804105 -0.011143885771041688 -0.0038142767434986417 -0.0056806530717777946 0.011540877856918912 0.0024937542706592432 -0.0097620271371649907 0.0066781539436852316 -0.0022170440085549762 0.0091339262009108926 -0.0082728060450583969 -0.011074720243072123 0.0060451757288297716 -0.0079314390007554757 0.0028743030659115873
leaf_weight=1.7409846931695967 15.882867176085712 3.3318393863737574 18.315685622394088 16.12853480130434 53.824681635946035 1.2262936085462559 6.123565100133419 5.1831149309873563 2.6056091636419296 2.0221428647637372 1.5085710138082502 16.524677451699972 8.9234444387257081 5.5610721148550537 1.2129935547709489 1.5916412994265545 2.9189673289656639 2.3242015205323687 1.5885347202420224 8.1026101484894735 3.3748822771012774 8.1588186174631101 3.9858745746314526 1.8178279623389242 8.1176696643233281 3.2789871692657462 1.9415490105748165 11.041307732462881 5.7379424944519988 27.355944477021694
leaf_count=9 166 42 191 116 274 10 27 57 13 14 8 158 49 57 12 8 27 20 14 43 25 96 24 14 37 21 18 50 40 153
internal_value=-9.56456e-06 0.000527976 0.000994922 0.00197782 0.00268914 0.00451942 0.0119908 -0.00444026 0.000344648 0.00715942 -0.00271957 -0.00278553 -0.00182534 -0.00296481 -0.000195579 0.00224119 -0.00478964 0.00465496 0.00625937 0.00869384 -0.00592816 -0.00574993 -0.00123234 0.00639352 0.0036691 0.00288452 0.000550375 0.00093368 -0.000214037 0.000807322
internal_weight=251.453 224.251 208.774 154.86 134.776 72.5712 7.34986 27.2023 11.3194 6.13632 3.53071 20.0835 53.914 44.9906 23.3 17.7389 4.51061 13.2283 12.0153 9.69114 21.6906 15.4765 7.31771 3.55881 65.2213 57.1037 62.2053 60.2637 49.2224 43.4845
internal_count=1793 1535 1373 927 746 369 37 258 92 35 22 181 446 397 181 124 35 89 77 57 216 162 66 23 332 295 377 359 309 269
is_linear=0
shrinkage=0.00974396


Tree=167
num_leaves=31
num_cat=0
split_feature=67 71 70 33 62 49 15 49 40 73 42 10 32 43 2 38 62 22 63 10 0 58 63 42 30 40 1 10 5 66
split_gain=5.8443 11.5945 19.9752 8.24319 6.26701 6.42439 4.14 4.07216 3.44242 4.04474 3.21919 4.23946 3.88444 4.95904 5.80265 3.21011 3.01214 2.94331 2.93076 4.11562 3.80953 2.85799 2.7343 3.24144 3.43329 2.56835 2.40922 5.94691 2.376 3.17121
threshold=1.0000000180025095e-35 1.0000000180025095e-35 1.0000000180025095e-35 3.3600000000000008 1.9823333333333337 0.42500000000000004 24.585000000000004 0.32500000000000007 86.295000000000016 1.0000000180025095e-35 73.610000000000014 27.020000000000003 3.9699296875333352 84.500916666666683 9.7900000000000009 97.570000000000007 1.3499999999999999 15.825000000000001 5.5000000000000009 27.020000000000003 20.48 20.940000000000001 52.500000000000007 78.865000000000023 9.6500000000000021 70.260000000000005 21.195000000000004 26.090000000000003 4.1150000000000011 42.500000000000007
decision_type=2 2 2 2 2 2 2 2 2 2 2 2 2 2 2 2 2 2 2 2 2 2 2 2 2 2 2 2 2 2
left_child=1 2 4 6 15 8 7 21 9 -6 11 -9 13 -12 17 26 25 28 -5 20 22 -3 23 24 -20 -4 -1 -28 -15 -30
right_child=-2 3 16 18 5 -7 -8 10 -10 -11 12 -13 -14 14 -16 -17 -18 -19 19 -21 -22 -23 -24 -25 -26 -27 27 -29 29 -31
leaf_value=-0.0084976344649850908 0.0032847347659699178 -0.0023115657684059871 0.0027605317491877224 -0.0092046480842422427 0.0021641585572593556 -0.0068517975786424002 0.010250851624443114 -0.011986929719622123 -0.005019923040492499 0.01658711932984417 0.011772181444074088 0.0091091554305955183 -0.0030441595197800231 0.0056671442320723906 -0.011012264695293676 0.0022526371928054544 0.0061166021085770992 0.010918055016232652 0.0095978679669493951 0.015795539081909088 0.0076091028449349314 0.0056196616887918315 0.0049178512152565895 -0.011294196212960286 -0.0058950104904107467 -0.0096995217237230043 0.018478481605915097 -0.0062601350590336686 0.0094489252390335433 -0.0059737930438961157
leaf_weight=47.276450604200363 42.430842693895102 20.503304921090606 4.8301492333412197 5.934494502842429 4.9620998054742831 8.9114761687815172 7.0711651891469947 2.4503127336502071 2.7266353145241737 2.9389940723776817 10.313479736447333 1.3813271224498747 5.0537042543292037 12.486255787312993 2.2529218941926947 3.2091243565082541 20.046918168663979 6.3301582336425772 1.8566575944423727 1.2010045275092114 2.8969802409410468 5.4191460013389579 2.4178093820810309 6.2648103684186935 4.7453582771122456 2.2777784168720245 1.0658259615302075 5.5718698129057884 1.7137543261051167 4.51152203977108
leaf_count=526 243 134 27 73 29 69 33 21 19 15 51 7 34 61 11 23 93 28 9 8 18 29 13 57 43 22 6 60 8 23
internal_value=-9.63855e-06 -0.000680753 -0.00298867 0.00160446 -0.00553252 -0.000759737 0.00314727 0.00244692 0.00434267 0.00759822 0.00417151 -0.00433406 0.00494156 0.00602003 0.00382869 -0.00716126 0.00418605 0.00518345 -0.00323187 -0.00138232 -0.00255421 -0.000642879 -0.00450277 -0.00629205 -0.00148916 -0.00124442 -0.00772515 -0.00218718 0.00321864 -0.00167652
internal_weight=251.052 208.621 103.817 104.804 76.6625 19.5392 79.4871 72.4159 10.6277 7.90109 46.4934 3.83164 42.6618 37.6081 27.2946 57.1233 27.1548 25.0417 25.3171 19.3826 18.1816 25.9225 15.2846 12.8668 6.60202 7.10793 53.9141 6.6377 18.7115 6.22528
internal_count=1793 1550 889 661 747 132 440 407 63 44 244 28 216 182 131 615 142 120 221 148 140 163 122 109 52 49 592 66 92 31
is_linear=0
shrinkage=0.00974396


Tree=168
num_leaves=31
num_cat=0
split_feature=72 10 67 71 61 31 54 50 16 23 58 51 61 37 48 18 48 49 42 40 15 26 50 36 53 53 8 18 54 15
split_gain=5.74638 5.3964 4.67619 7.68895 7.41652 6.0207 5.61617 4.45283 4.20717 5.77732 3.94765 4.06064 4.19723 3.82726 3.33402 4.15718 4.01185 3.15643 3.14763 3.0989 4.57964 3.69633 4.15144 3.62718 3.05377 5.43187 2.97046 2.87346 2.72448 2.7965
threshold=1.0000000180025095e-35 29.325000000000003 1.0000000180025095e-35 1.0000000180025095e-35 102.68000000000002 11.822333333333335 0.03500000000000001 0.81500000000000006 19.220000000000002 15.955000000000002 10.975000000000003 1.8250000000000004 52.470000000000006 76.14500000000001 0.065000000000000016 7.1650000000000009 0.10500000000000002 1.0000000180025095e-35 86.450000000000003 89.285000000000011 2.5050000000000003 -0.92999999999999983 1.5150000000000003 79.995000000000019 1.0300000000000002 1.7200000000000002 3.1773871983768474 3.9050000000000007 0.22500000000000003 9.7250000000000032
decision_type=2 2 2 2 2 2 2 2 2 2 2 2 2 2 2 2 2 2 2 2 2 2 2 2 2 2 2 2 2 2
left_child=1 2 3 4 10 8 7 -7 9 14 11 12 -1 -6 15 27 -16 -18 -8 21 -21 -19 -23 -24 -2 -26 -22 -5 -15 -30
right_child=24 -3 -4 5 13 6 18 -9 -10 -11 -12 -13 -14 28 16 -17 17 19 -20 20 26 22 23 -25 25 -27 -28 -29 29 -31
leaf_value=-0.0092513517636009495 -0.009748487603241502 -0.0087995284516377281 0.0035645547704556942 -0.0039828460897204975 0.004540829839491764 -0.0030550054613372435 -0.00872729509427881 0.017896032324313756 0.0072105597683058235 -0.0062375313176101137 -0.010594779330254449 -0.010271840933774527 -0.00026468392649460357 -0.0070704624290771545 0.015322926249507164 -0.0079128427094432279 -0.0083585348186202349 -0.011167220100178142 0.0033708692684437502 0.011473002098828797 0.0013138340985673447 0.011355162279642537 -0.011976508655993865 0.0050602428291584645 0.0063098004722759622 -0.010767786285241155 -0.0081964347010734795 0.0084410353814903874 -0.0080397817632236659 0.0027341849785921832
leaf_weight=6.0449157170951358 8.3360829874873144 5.9023457430303088 41.514578629285097 3.0007915049791318 16.544074445962906 1.9965348169207602 10.901536971330641 1.7920674867928026 16.584209635853767 7.6146389991044989 8.896843094378708 6.7217119447886935 26.331299271434546 6.2883237600326565 2.7284899055957785 5.6354424729943275 2.0931805968284598 1.0369753241539026 2.4720244109630576 3.4662501290440586 15.014639355242254 11.128615997731687 1.362899973988531 7.6718562468886375 4.0605352073907843 3.0707129836082458 3.8928567320108405 4.1723713353276253 2.8116639032959929 11.531893976032732
leaf_count=76 101 95 227 20 94 20 105 12 93 61 122 68 180 43 12 38 13 8 15 17 72 54 9 35 25 37 28 20 27 66
internal_value=-9.55528e-06 0.000368712 0.000606718 -4.72572e-05 -0.00221136 0.00174873 -0.00350897 0.00690001 0.00280786 0.00174168 -0.00474098 -0.0033968 -0.00195528 0.00105247 0.0027397 -0.00167011 0.00390985 0.00321314 -0.00647832 0.00377865 0.00123865 0.00644631 0.00737752 0.00243727 -0.00575566 -0.00104383 -0.00064983 0.00323227 -0.00174172 0.000597898
internal_weight=250.62 235.153 229.251 187.736 85.1707 102.565 17.1622 3.7886 85.4032 68.819 47.9948 39.0979 32.3762 37.176 61.2044 12.8086 48.3958 45.6673 13.3736 43.5741 22.3737 21.2003 20.1634 9.03476 15.4673 7.13125 18.9075 7.17316 20.6319 14.3436
internal_count=1793 1630 1535 1308 676 632 152 32 480 387 446 324 256 230 326 78 248 236 120 223 117 106 98 44 163 62 100 40 136 93
is_linear=0
shrinkage=0.00974396


Tree=169
num_leaves=31
num_cat=0
split_feature=73 74 9 32 59 55 49 38 55 47 31 55 54 28 36 32 15 29 59 29 20 58 38 51 55 2 46 16 2 3
split_gain=5.59415 7.89403 4.9336 4.40554 4.10504 3.94598 3.42773 4.54511 3.62118 3.51297 4.18885 5.13932 3.90373 3.37714 3.84997 4.38602 3.70659 3.35672 3.34093 3.07667 3.04796 3.4377 2.90839 3.3165 2.85961 4.40907 3.12204 2.68092 3.59602 3.63862
threshold=1.0000000180025095e-35 1.0000000180025095e-35 8.3500000000000014 2.5249274925264857 0.76000000000000012 0.85266666666666679 1.3050000000000004 81.565000000000012 2.111333333333334 94.557500000000019 12.647000000000004 1.5879166666666671 0.45000000000000007 3.5150000000000001 93.000000000000014 3.5940101593942422 12.135000000000003 1.1300000000000001 0.59250000000000014 -10.294999999999998 5.5351873606280169 12.500000000000002 76.215000000000018 1.3250000000000004 2.370083333333334 16.815000000000001 93.655000000000015 11.660000000000002 5.9350000000000014 4.2100000000000009
decision_type=2 2 2 2 2 2 2 2 2 2 2 2 2 2 2 2 2 2 2 2 2 2 2 2 2 2 2 2 2 2
left_child=1 6 13 24 5 -3 8 22 9 10 -1 -12 18 19 16 -16 17 -15 -11 -2 21 -5 -8 -24 25 -4 -26 28 29 -21
right_child=2 4 3 20 -6 -7 7 -9 -10 12 11 -13 -14 14 15 -17 -18 -19 -20 27 -22 -23 23 -25 26 -27 -28 -29 -30 -31
leaf_value=-0.0088752067038651156 0.011256134541450294 -0.010451466374829852 -0.0059732920132891595 0.0023475827909957333 -0.011221218433862366 0.004718282747991155 -0.00070280249927902804 -0.004732586456039055 0.0020792665921697292 0.011897266516379209 -0.010404929224845167 0.0030368242070310959 -0.010703827352673122 0.0038391287640097498 0.017429689940062755 -0.00093911738948580618 0.0040486406123501689 -0.0094829751558806862 -0.0053120141090725976 0.0014021829944751327 0.00484289786533941 -0.01093665095198428 -0.0014920244808511996 0.011805766807939048 0.0024099649740007834 0.012980868590942839 -0.0086987469749797187 -0.0062768641223218046 0.0041991352894847032 -0.0063215806097122644
leaf_weight=27.011577278375626 2.3146091103553763 1.6999159120023311 1.6638939678669 2.2832347638905039 1.8191247582435597 25.36364196613431 10.888949289917948 14.543122261762617 6.5319774225354186 2.9774990305304518 4.2053610756993276 7.3778284341096878 1.8845156356692312 3.2343827262520781 3.7881968989968291 1.7975333295762537 46.083089523017406 3.9306811951100826 1.6218895167112348 14.4381709843874 1.9345079064369191 9.1339821666479093 2.7251782715320578 4.9755782783031464 6.3602302223443967 3.6615452915430069 3.8016755953431129 5.9102448821067801 16.678903821855783 9.5997808724641782
leaf_count=289 10 22 13 15 16 142 82 121 46 14 66 44 20 16 17 13 247 34 17 90 11 111 24 25 38 20 36 45 88 61
internal_value=-9.67215e-06 -0.00160737 0.00131831 -0.00225702 0.00278705 0.00374758 -0.00310717 -0.000655701 -0.00467686 -0.00565959 -0.00677397 -0.00185013 0.000954854 0.00227666 0.00384931 0.0115289 0.00303378 -0.00346281 0.00580728 0.000382031 -0.00635222 -0.0082699 0.00252998 0.00709894 0.00127205 0.00703459 -0.00175009 -0.00016364 0.000725546 -0.00168211
internal_weight=250.241 113.626 136.615 28.8391 28.8827 27.0636 84.7435 33.1328 51.6106 45.0787 38.5948 11.5832 6.4839 107.776 58.8339 5.58573 53.2482 7.16506 4.59939 48.9417 13.3517 11.4172 18.5897 7.70076 15.4873 5.32544 10.1619 46.6271 40.7169 24.038
internal_count=1793 928 865 244 180 164 748 252 496 450 399 110 51 621 327 30 297 50 31 294 137 126 131 49 107 33 74 284 239 151
is_linear=0
shrinkage=0.00974396


Tree=170
num_leaves=31
num_cat=0
split_feature=45 73 70 38 41 59 38 42 24 42 17 14 45 50 16 16 38 42 12 59 66 22 38 40 40 41 47 2 52 42
split_gain=5.91923 5.10896 10.453 3.78212 5.94039 5.12224 3.94675 3.57442 5.29966 3.38981 3.28343 3.89404 3.82572 3.9649 4.13683 2.9438 2.88413 3.30119 2.83927 2.39702 2.37724 2.51697 2.4263 2.31363 2.44287 2.29743 2.69085 4.19619 3.90766 4.28338
threshold=42.650000000000006 1.0000000180025095e-35 1.0000000180025095e-35 81.435000000000016 95.045000000000016 0.43750000000000006 69.645000000000024 45.695000000000007 6.1850000000000014 65.455000000000013 19.690000000000001 25.235000000000003 58.865000000000002 1.4150000000000003 15.955000000000002 14.655000000000003 72.840000000000018 73.655000000000015 14.685 0.35250000000000004 283.50000000000006 31.950000000000003 76.350000000000009 65.300000000000026 65.990000000000009 71.420000000000016 83.08750000000002 9.6950000000000021 0.87500000000000011 91.730000000000018
decision_type=2 2 2 2 2 2 2 2 2 2 2 2 2 2 2 2 2 2 2 2 2 2 2 2 2 2 2 2 2 2
left_child=7 2 3 6 -5 -6 23 -1 -9 -4 12 18 13 14 -3 -15 -14 -18 -12 -16 21 22 -8 -2 -25 -19 -27 28 29 -28
right_child=1 10 9 4 5 -7 20 8 -10 -11 11 -13 16 15 19 -17 17 25 -20 -21 -22 -23 -24 24 -26 26 27 -29 -30 -31
leaf_value=0.0071920789750683379 -0.0084943087423733528 0.017332080707213583 0.014413424931532122 -0.0073613147222196 0.006238342921255512 -0.0072102146788303231 -0.0024711793900526352 0.019785956244662232 -0.010534335252998749 0.0035716575085706576 -0.0082640642988552476 -0.0088345487239667678 -0.0056116352760502983 0.007380005996511476 -0.0052944957838051889 -0.0089421590652267874 -0.0085648625594534674 -0.0078175421910763234 0.0019090221945284968 0.0065520108151626436 -0.011162562625641224 0.0081276892219881488 0.0039091469818988041 0.0064682855297356207 -0.0034439547553147981 0.0062234355543590416 0.0042693560530758104 -0.0051652162549113744 0.0050348149173279014 -0.0052759433512575213
leaf_weight=1.4793110489845265 6.959055099636319 3.2586422041058603 3.4597122371196773 26.881768237799406 6.9408949092030507 4.3337153531610966 11.252014614641675 0.54346336424350639 9.6402844637632352 13.096036430448292 3.0024854242801728 5.346005715429782 5.3019378818571559 1.6323769092559803 1.7463190741837049 2.7732159867882729 2.7574730403721324 2.052476603537797 18.107858195900917 17.566724203526974 1.2927203662693489 5.3786771558225146 11.292288087308405 2.7765201702713993 14.480762254446743 14.715561997145413 8.2578937448561209 7.6037916243076316 26.348136585205793 9.6154875829815847
leaf_count=13 60 16 15 270 41 44 90 3 150 70 27 43 43 10 22 24 26 15 116 76 13 35 69 15 119 79 52 44 132 61
internal_value=-9.70855e-06 0.000322054 -0.00124205 -0.00253136 -0.00487369 0.00105094 -0.000854047 -0.00677656 -0.00883712 0.00587245 0.0016233 -0.00143594 0.00240578 0.00556056 0.00721068 -0.0028544 0.00129164 0.00180908 0.000443992 0.00546604 0.00155319 0.00216063 0.000720206 -0.00376144 -0.00183122 0.00223243 0.00254857 0.00149891 0.00265108 -0.000858963
internal_weight=249.894 238.231 108.144 91.5884 38.1564 11.2746 53.432 11.6631 10.1837 16.5557 130.086 26.4563 103.63 26.9773 22.5717 4.40559 76.6528 71.3508 21.1103 19.313 29.2157 27.923 22.5443 24.2163 17.2573 68.5933 66.5409 51.8253 44.2215 17.8734
internal_count=1793 1627 841 756 355 85 401 166 153 85 786 186 600 148 114 34 452 409 143 98 207 194 159 194 134 383 368 289 245 113
is_linear=0
shrinkage=0.00974396


Tree=171
num_leaves=31
num_cat=0
split_feature=47 53 56 32 53 14 39 43 39 71 33 26 56 55 53 32 8 39 22 12 56 55 32 4 22 59 27 32 27 32
split_gain=5.07522 6.27831 4.70737 4.57688 4.15553 3.51665 3.41013 3.32266 3.16011 3.3556 4.83992 5.23023 4.28309 3.93735 4.17003 5.2162 5.04863 3.77606 3.72993 3.54156 3.71142 3.7415 3.56565 3.51255 3.50134 4.01074 3.25762 3.18841 3.05872 2.85896
threshold=60.840000000000011 5.1450000000000005 1.7871308947943856 3.9784318764763547 1.7200000000000002 5.2550000000000017 94.910000000000011 72.974750000000014 61.195000000000007 1.0000000180025095e-35 3.3350000000000004 2.0950000000000002 2.0287797588711585 1.0832500000000003 1.0000000180025095e-35 3.9192954308070638 4.7585574487503477 81.090000000000018 22.260000000000002 17.075000000000006 4.7956236082063812 1.9823333333333337 2.9579209934442505 1.5950000000000004 12.460000000000003 0.38250000000000006 1.5150000000000003 2.8480092702676427 2.9400000000000008 2.5249274925264857
decision_type=2 2 2 2 2 2 2 2 2 2 2 2 2 2 2 2 2 2 2 2 2 2 2 2 2 2 2 2 2 2
left_child=1 -1 3 4 5 6 -2 -7 -4 24 11 12 -11 -13 -15 18 -17 -14 26 -12 21 -21 29 -19 -10 27 -16 -26 -20 -23
right_child=2 -3 8 -5 -6 7 -8 -9 9 10 19 13 17 14 15 16 -18 23 28 20 -22 22 -24 -25 25 -27 -28 -29 -30 -31
leaf_value=-0.010431317640602733 0.014289227515519903 0.023505178982457509 0.0035617235746496609 -0.010559666658071742 -0.010850182015434622 0.0044258279358733903 -9.8976376054363141e-05 -0.0076348869509649695 -0.0090041007408231382 0.016988755163983089 -0.010986108896163032 0.021313805929643916 -0.011440139177848221 -0.0029616825221921326 0.011410126943669861 -0.012214998942337048 0.0056161886438530111 -0.0090126066052735893 -0.0034640191802254132 -0.0079387317341959845 -0.0087730280740985038 0.0041055530768083544 0.0172346514378738 0.0020763996035018471 -0.010581309790157084 0.00080896965841952006 0.003099442331476064 -0.0020826457801718695 0.015545319836083361 -0.011827567235636492
leaf_weight=6.9063627608120433 2.8766167685389581 0.52210459113121022 31.306793708354235 6.7845675908029071 3.430159304291009 3.5215606242418271 3.3368164300918579 5.4951641224324703 4.9158643260598174 1.1384650021791483 3.7218877784907844 1.3010009080171574 3.3959936648607281 6.3605370372533789 6.0361961126327577 2.8020317479968062 3.1705270707607269 3.3775036484003094 0.89081444591283698 2.9023806042969253 4.0209630876779547 8.0610847845673543 1.7038094922900189 13.12976925075054 5.0093843676149872 62.898958057165146 17.517531141638756 25.350612167268991 6.4690511152148247 1.1925055980682362
leaf_count=111 14 4 162 94 39 30 23 58 53 5 37 6 28 35 28 20 17 25 6 33 40 49 9 68 71 388 82 219 30 9
internal_value=-9.7108e-06 -0.00792293 0.000233737 -0.00372706 -0.00121981 0.000962108 0.0065876 -0.00291153 0.000700023 0.000215396 0.00160674 0.00292477 -0.00107268 0.00481511 0.00429779 0.00555478 -0.00275208 -0.0021422 0.0071652 -0.00238726 -0.000571029 0.00181656 0.00443042 -0.000200045 -0.00101914 -0.000593413 0.00524942 -0.00350045 0.0132213 0.00199906
internal_weight=249.547 7.42847 242.119 25.4449 18.6603 15.2302 6.21343 9.01672 216.674 185.367 87.1921 65.5894 21.0417 44.5477 43.2467 36.8862 5.97256 19.9033 30.9136 21.6026 17.8807 13.8598 10.9574 16.5073 98.1748 93.259 23.5537 30.36 7.35987 9.25359
internal_count=1793 115 1678 258 164 125 37 88 1420 1258 527 350 126 224 218 183 37 121 146 177 140 100 67 93 731 678 110 290 36 58
is_linear=0
shrinkage=0.00974396


Tree=172
num_leaves=31
num_cat=0
split_feature=68 72 33 56 61 28 34 0 18 59 49 8 34 49 13 0 49 12 54 59 67 18 13 67 7 56 61 18 56 46
split_gain=5.99109 6.49151 5.66767 5.18202 5.02715 4.64721 4.57689 4.3859 4.29997 5.80588 5.63297 5.41652 3.82564 4.54789 3.90874 3.60434 3.3167 4.1546 3.70845 3.1951 6.36135 3.0834 2.98667 2.90094 2.89267 3.56107 2.6321 3.64839 3.58368 3.46822
threshold=1.0000000180025095e-35 1.0000000180025095e-35 3.3350000000000004 1.7871308947943856 88.560000000000016 4.6150000000000011 7.7300000000000013 21.180000000000003 20.850000000000005 0.42250000000000004 0.16500000000000004 3.3034496873368071 8.1200000000000028 0.65500000000000014 15.370000000000003 3.6750000000000003 1.3250000000000004 23.745000000000001 5.2350000000000003 0.017500000000000005 1.0000000180025095e-35 7.6000000000000005 13.265000000000002 1.0000000180025095e-35 17.486000000000001 2.8221445937601275 116.66000000000004 23.555000000000003 2.5994775140489974 93.715000000000018
decision_type=2 2 2 2 2 2 2 2 2 2 2 2 2 2 2 2 2 2 2 2 2 2 2 2 2 2 2 2 2 2
left_child=1 2 3 6 -4 12 -1 26 -2 -10 -11 -12 14 -14 23 -7 18 22 -17 20 -8 -15 -18 -5 -9 -26 28 -28 -6 -29
right_child=8 -3 4 5 7 15 19 24 9 10 11 -13 13 21 -16 16 17 -19 -20 -21 -22 -23 -24 -25 25 -27 27 29 -30 -31
leaf_value=0.0032085316995995039 -0.0076630482244389999 -0.0056383127528021916 -0.01038269443392739 0.00017208319558643137 0.0048762350473372336 -0.0061785237371466094 -0.010677855019085056 0.018700164015240904 -0.007613179388415413 0.017793355666118206 -0.012340571795158449 0.010750839471089194 -0.0098964733857864699 -0.0070673752324724136 0.010969728909249944 0.0040421635862764515 0.0051207068167981864 -0.0023409243141822404 -0.0093522414671095028 -0.009679893739864465 0.014517426358194174 0.0048870126966906015 0.013450682071061759 0.0063457977961882753 0.0080283061469713472 -0.004340303878545451 -0.0047471743662673002 0.0037047134402261755 -0.010709851983212091 -0.010975973954021103
leaf_weight=7.5744919478893307 15.589316301047804 15.129205361008642 5.7109319344162932 40.496301576495171 1.7682902067899693 2.8498851284384719 1.9984795078635207 1.2309446483850468 4.9419625215232355 2.4712284579873085 1.9292626082897188 1.8534817099571226 6.1683220714330664 3.0313333794474584 4.2661377042531958 40.35264028608799 7.0663885697722497 2.9868135750293723 2.0225837081670752 8.5343947671353799 1.7473423779010773 6.1115255616605282 10.106821730732916 8.771680071949957 5.3190410956740362 3.7168885320425034 13.082661658525469 14.511080767959358 6.214346881955862 1.6674636155366886
leaf_count=45 166 162 92 234 9 21 21 5 56 12 13 11 62 21 22 196 33 16 15 105 10 34 51 41 29 34 99 83 80 15
internal_value=-9.73476e-06 0.00051425 0.000964817 0.001912 -0.00177444 0.00259975 -0.00272732 -0.000729643 -0.00436052 0.000236788 0.00646864 -0.000998234 0.000829816 -0.00345658 0.00205971 0.00445985 0.00495012 0.00820622 0.00339213 -0.00639758 0.00106879 0.00089691 0.0100491 0.00127783 0.00489392 0.00292953 -0.00228666 -0.000924919 -0.00723467 0.00216187
internal_weight=249.221 222.436 207.307 154.085 53.2216 134.23 19.8547 47.5107 26.7853 11.1959 6.25397 3.78274 68.8453 15.3112 53.5341 65.3851 62.5352 20.16 42.3752 12.2802 3.74582 9.14286 17.1732 49.268 10.2669 9.03593 37.2438 29.2612 7.98264 16.1785
internal_count=1793 1535 1373 927 446 746 181 354 258 92 36 24 414 117 297 332 311 100 211 136 31 55 84 275 68 63 286 197 89 98
is_linear=0
shrinkage=0.00974396


Tree=173
num_leaves=31
num_cat=0
split_feature=45 67 61 6 53 9 8 33 52 74 46 8 6 43 6 60 6 53 61 53 24 50 54 43 50 50 10 16 16 12
split_gain=5.748 5.55242 5.47458 7.36074 3.84031 3.89243 3.63657 3.06376 3.04045 2.93936 2.85302 2.9117 2.84297 5.37134 2.86543 2.77564 3.4995 3.04058 4.0794 3.99913 3.75239 2.72461 2.71519 4.22402 3.08296 3.21707 3.07706 3.10978 2.81482 2.6702
threshold=42.650000000000006 1.0000000180025095e-35 100.92 11.360000000000001 0.58500000000000008 -7.3199999999999994 5.0989012279908676 0.84000000000000008 1.1250000000000002 1.0000000180025095e-35 90.975000000000009 3.9288106803393714 5.5850000000000009 91.977333333333348 1.0300000000000002 39.500000000000007 6.4500000000000011 0.055000000000000007 120.22500000000001 0.83500000000000008 1.1700000000000002 9.3850000000000016 0.025000000000000005 83.713500000000025 2.9850000000000008 2.1350000000000002 26.610000000000003 14.655000000000003 25.290000000000003 0.53500000000000014
decision_type=2 2 2 2 2 2 2 2 2 2 2 2 2 2 2 2 2 2 2 2 2 2 2 2 2 2 2 2 2 2
left_child=6 2 3 4 7 -6 -1 8 -2 21 -11 -12 13 14 -10 16 -3 18 -17 -19 -21 22 23 28 25 -24 27 -26 -4 -14
right_child=1 15 9 -5 5 -7 -8 -9 12 10 11 -13 29 -15 -16 17 -18 19 -20 20 -22 -23 24 -25 26 -27 -28 -29 -30 -31
leaf_value=-0.0086899276627931694 -0.0058507166021977411 0.0026229520729878835 0.0086891580905994366 -0.0088404484714449758 -0.01064752554072918 0.0021875315029503714 0.0084266889253928421 0.01186345194008062 -0.0023629711116794137 0.012843496179291338 -0.0036797920518205178 0.0092425481158868207 0.007248626851950866 -0.011159609724514715 0.010186807093948874 -0.0099197362072028714 0.022787846098011738 0.0073188720115434595 0.0058320436144138708 -0.011985337238662325 0.0022971545326719717 0.005906840975222343 -0.00038401942174219654 -0.0055504704879530062 -0.0026454226651190923 0.0076719697753891277 0.003553677328820191 -0.012205367966886652 -0.001462890169697332 -0.0095177372142113657
leaf_weight=10.195780679583548 22.601195383816957 1.7776592969894403 10.056308612227442 13.286004383116959 2.3650003597140303 33.453759297728539 1.2942784577608097 1.2211543172597874 2.446556266397236 3.7108868956565839 3.620911218225956 2.9789061471819878 1.1060085222125042 2.0457019358873358 5.6259754784405231 3.6892049536108962 1.5191466957330702 16.674629859626297 2.6435066908597946 1.9798544570803631 12.946915507316588 8.3012099191546422 49.537408046424389 3.7446276620030394 8.1548278257250804 5.1609209403395644 3.6426472142338744 5.3935601562261573 3.4490937292575827 4.2151567712426186
leaf_count=157 223 10 53 174 27 205 9 7 16 16 23 14 6 20 33 31 7 84 12 15 65 42 317 26 48 27 22 42 23 39
internal_value=-9.76049e-06 0.000316022 -0.000366916 -0.00216464 -0.00097779 0.00132626 -0.00672963 -0.0030823 -0.00357665 0.00110645 0.00604544 0.00215286 -0.000233349 0.00278854 0.00637422 0.00356494 0.0121049 0.00280816 -0.00332867 0.00404447 0.00036893 0.000580392 8.06523e-05 0.00354926 -0.000751288 0.000378482 -0.0043464 -0.00648379 0.00609015 -0.00598265
internal_weight=248.839 237.349 196.118 88.3665 75.0805 35.8188 11.4901 39.2617 38.0406 107.751 10.3107 6.59982 15.4394 10.1182 8.07253 41.2309 3.29681 37.9341 6.33271 31.6014 14.9268 97.4406 89.1394 17.25 71.8894 54.6983 17.191 13.5484 13.5054 5.32117
internal_count=1793 1627 1403 750 576 232 166 344 337 653 53 37 114 69 49 224 17 207 43 164 80 600 558 102 456 344 112 90 76 45
is_linear=0
shrinkage=0.00974396


Tree=174
num_leaves=31
num_cat=0
split_feature=68 73 70 31 67 71 74 51 49 52 62 49 49 16 49 52 56 11 34 14 34 58 51 6 16 29 29 14 52 21
split_gain=5.86991 4.68991 9.25695 7.44227 6.75809 7.65382 4.24687 6.28877 8.0355 5.27226 4.2331 10.1366 3.31833 3.14685 3.84177 3.23038 2.99715 2.83173 3.54197 3.01852 2.79898 2.7953 2.76803 2.89183 4.47317 3.37402 2.82922 2.65977 2.60242 2.72908
threshold=1.0000000180025095e-35 1.0000000180025095e-35 1.0000000180025095e-35 12.076416666666669 1.0000000180025095e-35 1.0000000180025095e-35 1.0000000180025095e-35 1.3250000000000004 0.59500000000000008 2.6750000000000003 1.8445833333333337 0.23500000000000001 6.7650000000000006 19.220000000000002 0.10500000000000002 0.17500000000000002 1.6795468097904664 7.642500000000001 22.210000000000004 13.115000000000002 12.460000000000003 20.940000000000001 0.94500000000000017 19.770000000000003 0.9900000000000001 10.155000000000003 16.98 19.715000000000003 0.025000000000000005 3.5800000000000005
decision_type=2 2 2 2 2 2 2 2 2 2 2 2 2 2 2 2 2 2 2 2 2 2 2 2 2 2 2 2 2 2
left_child=1 2 4 13 5 22 7 9 -9 -7 12 -12 -2 14 20 -16 -6 19 27 -18 21 28 23 24 -1 -25 -27 -19 -3 -30
right_child=10 3 -4 -5 16 6 -8 8 -10 -11 11 -13 -14 -15 15 -17 17 18 -20 -21 -22 -23 -24 25 -26 26 -28 -29 29 -31
leaf_value=0.0097387813029813294 -0.0086031804567801226 0.0040564177199091406 0.0055029265517510528 -0.003972321279989653 -0.010759629420816735 -0.01063926475551941 0.0091017725986851979 -0.011294282570415105 0.012109563144151925 0.0078046772982424467 0.012355094543743997 -0.0074694837590109685 0.0076551797513012563 0.0056047951897089049 -0.0014166350232086714 0.0041999939655648589 0.0038031166603127416 -0.00047012561907032338 0.0074460302899412899 0.016955455015476094 -0.011190239779651674 0.0075310682422545256 -0.011050818248880124 0.0093377298391899097 -0.0082278513060142361 -0.010942722556113789 0.0087336384351225649 -0.012393712973457111 -0.0083485818335006165 0.0035863013587180241
leaf_weight=1.3795422203838885 15.322511907666927 4.0137753412127557 16.804835960268974 18.177944879978895 1.6471377462148691 7.4144734069705027 4.2780850492417803 1.9203638359904278 4.782751303166151 1.7962922081351278 4.1125912442803365 5.9338333383202553 1.2553118169307698 27.501439452171326 12.267293617129324 45.98050420358777 9.0156021341681498 6.2097728326916677 3.6796261966228476 2.0169740766286841 2.6657309234142295 3.2669443711638442 10.958001177757977 2.4985456541180602 18.378955710679293 2.4552351348102097 0.92256740853190411 2.4659645333886147 6.9932278916239721 2.4126027747988701
leaf_count=8 185 22 89 167 17 71 27 20 29 13 21 43 9 146 77 235 48 36 17 9 27 15 122 14 210 27 8 21 48 12
internal_value=-9.72025e-06 0.000508712 -0.00107401 0.00177588 -0.0024283 -0.00428751 0.000522334 -0.00179201 0.00536014 -0.00701143 -0.00433012 0.000648967 -0.00734987 0.00277235 0.00176466 0.00301476 0.00178379 0.00268845 -0.000507256 0.00626846 -0.00198993 -0.000490711 -0.00694289 -0.00516834 -0.00695089 0.0008097 -0.00549428 -0.00391267 -0.00246862 -0.00527165
internal_weight=248.528 221.904 98.6247 123.279 81.8199 56.7848 20.192 15.9139 6.70312 9.21077 26.6242 10.0464 16.5778 105.102 77.6001 58.2478 25.0351 23.3879 12.3554 11.0326 19.3523 16.6866 36.5928 25.6348 19.7585 5.87635 3.3778 8.67574 13.4196 9.40583
internal_count=1793 1535 786 749 697 549 160 133 49 84 258 64 194 582 436 312 148 131 74 57 124 97 389 267 218 49 35 57 82 60
is_linear=0
shrinkage=0.00974396


Tree=175
num_leaves=31
num_cat=0
split_feature=72 52 43 42 56 66 61 51 51 66 42 52 52 4 37 8 51 32 38 56 56 51 56 23 3 60 10 42 56 11
split_gain=5.373 5.0701 5.09511 5.00738 4.5998 4.04502 6.12087 4.53999 4.85164 3.74572 3.62137 3.23349 3.37362 4.63797 3.08815 3.05699 2.93457 2.71002 2.66284 2.59069 2.57667 2.9666 2.85763 2.93619 2.59973 2.28027 4.88129 3.48191 4.42041 3.27489
threshold=1.0000000180025095e-35 0.65500000000000014 61.861583333333336 97.195000000000007 1.7427482540763781 220.50000000000003 116.36500000000002 8.6750000000000025 3.2100000000000004 265.50000000000006 98.720000000000013 0.30500000000000005 0.025000000000000005 16.590000000000003 69.085000000000008 2.2702116836002406 2.1400000000000006 2.4655244983951294 97.815000000000012 1.2897714898734582 2.1276083353817654 1.5650000000000002 2.6186995052424913 2.6175000000000006 3.6400000000000001 56.500000000000007 9.2200000000000006 93.910000000000011 1.8580277265804159 3.4025000000000003
decision_type=2 2 2 2 2 2 2 2 2 2 2 2 2 2 2 2 2 2 2 2 2 2 2 2 2 2 2 2 2 2
left_child=1 2 -1 4 19 7 14 8 16 15 25 12 -2 18 -7 -8 17 -6 -14 -4 21 24 23 -22 -19 27 -27 28 -3 -28
right_child=11 10 3 -5 5 6 9 -9 -10 -11 -12 -13 13 -15 -16 -17 -18 20 -20 -21 22 -23 -24 -25 -26 26 29 -29 -30 -31
leaf_value=-0.010374291150346753 -0.010779353929986045 -0.0071726930472288987 0.0077755888280139074 -0.011656108853824546 0.0068229893619084605 0.0042441011599471147 0.004504335056586985 0.014989939526910013 -0.0084079939551506503 0.0033310417896548834 0.018274779842634835 -0.010803014068645929 -0.010438725097228282 0.012288443643863939 -0.0099992547027491514 -0.011021698472881857 0.008678895194497013 0.01510504689333206 0.0081683860971694302 -0.0095359595963880033 0.007820708343907426 -0.010728399929727184 5.9549988160815622e-06 -0.011140813455013086 0.0022956763817271707 0.003195881890499947 -0.011010691169996025 0.0085927023359339168 0.0025261456267220016 -0.0015176418816828534
leaf_weight=5.2936830297112456 2.6413626447319967 4.7498389780521384 0.89586400985717674 3.7372850701212874 7.1453321427106848 1.6433179974555958 1.7281915023922945 2.3023056089878073 4.6266524977982035 14.590018846094607 1.2187824398279179 6.5024220719933501 2.4372687749564652 2.5324242785573006 10.366908002644776 3.7409561164677143 5.4834229275584212 1.5684307292103827 0.99638956785202015 6.8076809421181679 0.88945627212524669 1.5270864665508259 15.176123667508362 4.743951104581356 25.591187492012978 18.072332911193371 4.6092706099152592 8.1295027360320073 64.758074469864368 13.631969321519135
leaf_count=88 33 54 7 32 34 10 14 10 41 76 5 81 33 12 138 37 29 9 4 84 6 16 96 49 137 93 48 40 380 97
internal_value=-9.71585e-06 0.000355248 -0.0010647 -0.000622445 -0.000238473 0.000314361 -0.00254194 0.00164337 0.00117297 0.000748043 0.00180932 -0.00563366 -0.00168381 0.00236394 -0.00803263 -0.00609516 0.00189319 0.00122871 -0.00497252 -0.00747833 0.000413979 0.00230841 -0.00219089 -0.00809253 0.0030599 0.00162614 -0.000386029 0.00256867 0.00185803 -0.00394104
internal_weight=248.137 233.028 117.858 112.564 108.827 101.123 32.0694 69.0539 66.7516 20.0592 115.17 15.1099 8.60745 5.96608 12.0102 5.46915 62.125 56.6416 3.43366 7.70354 49.4962 28.6867 20.8095 5.63341 27.1596 113.951 36.3136 77.6374 69.5079 18.2412
internal_count=1793 1630 913 825 793 702 275 427 417 127 717 163 82 49 148 51 376 347 37 91 313 162 151 55 146 712 238 474 434 145
is_linear=0
shrinkage=0.00974396


Tree=176
num_leaves=31
num_cat=0
split_feature=70 40 39 50 44 55 18 6 65 4 18 25 25 55 36 39 36 58 50 3 44 44 48 55 47 50 54 49 18 36
split_gain=5.19739 4.86644 4.4513 4.55641 4.39564 5.58763 4.05689 3.23823 6.72919 2.98969 2.97527 3.11156 2.87971 2.84211 3.17044 2.82584 2.8165 2.68655 2.62924 2.62289 2.60794 2.68882 2.51516 3.04609 2.27826 2.15223 3.59482 2.13688 2.88552 2.84781
threshold=1.0000000180025095e-35 59.435000000000009 64.765000000000015 9.3850000000000016 7.2607512349975751 1.9823333333333337 21.820000000000004 22.285000000000004 5.5000000000000009 2.6700000000000004 19.630000000000006 11.480000000000002 14.255000000000001 1.3499999999999999 65.095000000000013 76.690000000000012 66.460000000000022 29.655000000000005 8.9600000000000026 -1.5599999999999998 4.2933670841362863 6.7917930900942851 9.2750000000000021 2.4239166666666674 65.670000000000016 0.085000000000000006 0.12500000000000003 0.46500000000000002 0.63000000000000012 94.63000000000001
decision_type=2 2 2 2 2 2 2 2 2 2 2 2 2 2 2 2 2 2 2 2 2 2 2 2 2 2 2 2 2 2
left_child=1 22 7 4 10 12 -7 8 -3 -5 11 15 -6 16 -15 -4 -2 -8 19 -17 -12 -22 23 -1 -10 -13 -27 29 -29 -21
right_child=13 2 3 9 5 6 17 -9 24 -11 20 25 -14 14 -16 18 -18 -19 -20 27 21 -23 -24 -25 -26 26 -28 28 -30 -31
leaf_value=-0.0090451431889397513 0.0024884850979299579 -0.0066569293829625616 -0.0058164055738261456 -0.004150307434502897 -0.0064344605458732931 -0.0068309783103673912 0.0037780901675504271 0.013257862874824482 0.016562029875437624 0.0093428115580472711 0.0050836222583263936 0.014177462321924628 0.0032217211840103897 0.014791475265097947 0.0041765319181995631 -0.010745033657995227 -0.011220105593052034 -0.010572090722099413 -0.011681479300441618 0.00035388579346121233 -0.0097475115630187171 0.00066988822403743476 0.0026358411328944687 0.01046476125985602 0.0040361378804571035 0.011262503776740998 -0.0055754543544608778 -0.0084829967417709203 0.0031560721624040756 -0.0087576179037297738
leaf_weight=11.397581346333023 5.1056049987673786 6.0943608172237935 6.7874798327684394 1.9979417622089366 33.030474606901407 5.4507895410060909 16.851185970008377 2.8123654350638381 1.4626026898622537 6.6098945960402489 2.2779347933828822 2.4663637727498999 3.176790513098239 3.1717927306890514 16.833071932196617 1.7372026629745807 1.9270451962947843 1.2968361005187024 1.5544798746705044 29.032536827027812 7.0914425328373891 3.47104212641716 2.6568194925785056 0.77721286192536432 19.386262308806181 2.392576664686203 2.3423005640506744 2.0815255343914023 42.883435681462288 3.6279653795063487
leaf_count=149 27 55 57 12 363 43 98 17 7 34 13 12 26 14 79 19 22 14 14 185 71 17 17 6 100 11 15 16 244 36
internal_value=-9.73305e-06 -0.000504357 -0.000114967 -0.000704543 -0.0010609 -0.00317844 0.000505759 0.00336767 0.00231359 0.00619176 0.000113976 0.000711215 -0.00558125 0.004019 0.00589044 0.000202853 -0.00128936 0.00272593 0.000711799 0.000961558 -0.00427962 -0.00632183 -0.00588796 -0.0077609 0.00494914 0.00685183 0.00292777 0.00123025 0.00260782 -0.000663202
internal_weight=247.785 220.747 205.916 176.16 167.552 59.8061 23.5988 29.7556 26.9432 8.60784 107.746 94.9059 36.2073 27.0375 20.0049 87.7046 7.03265 18.148 80.9171 79.3627 12.8404 10.5625 14.8316 12.1748 20.8489 7.20124 4.73488 77.6255 44.965 32.6605
internal_count=1793 1651 1479 1300 1254 544 155 179 162 46 710 609 389 142 93 571 49 112 514 500 101 88 172 155 107 38 26 481 260 221
is_linear=0
shrinkage=0.00974396


Tree=177
num_leaves=31
num_cat=0
split_feature=68 47 5 56 34 5 32 38 55 26 36 38 33 37 55 53 18 36 41 31 18 26 48 55 26 16 53 53 53 31
split_gain=5.7378 5.81368 4.5 4.27797 4.69705 3.69018 4.63287 3.60249 3.43945 3.41447 4.17669 3.41228 3.61274 3.99625 3.27629 3.27409 3.02358 3.00364 2.93795 2.91761 2.88534 2.79476 2.7844 2.73997 2.76146 2.64216 2.58468 3.71484 2.99126 2.58218
threshold=1.0000000180025095e-35 63.01250000000001 15.385000000000003 1.7871308947943856 7.7300000000000013 19.070000000000004 4.3370270138773277 81.340000000000018 2.2184166666666676 1.1650000000000003 81.145000000000024 81.930000000000021 3.3350000000000004 87.070000000000007 2.8406666666666673 0.015000000000000001 27.565000000000005 87.985000000000014 88.935000000000016 0.99808333333333354 26.870000000000001 17.600000000000005 0.025000000000000005 1.8975000000000002 13.310000000000002 14.765000000000002 0.03500000000000001 0.075000000000000025 0.69500000000000006 12.076416666666669
decision_type=2 2 2 2 2 2 2 2 2 2 2 2 2 2 2 2 2 2 2 2 2 2 2 2 2 2 2 2 2 2
left_child=1 16 8 4 19 6 20 9 -2 18 14 15 22 17 26 -9 -1 -14 -5 -3 23 -7 25 24 -4 -13 -11 -28 -29 -12
right_child=2 3 5 7 -6 21 -8 11 -10 10 29 12 13 -15 -16 -17 -18 -19 -20 -21 -22 -23 -24 -25 -26 -27 27 28 -30 -31
leaf_value=-0.01055471252911129 -0.0087503753687327625 0.0053507364582386615 -0.0049340242760575418 -0.0090581844050245941 -0.0067437517484230745 -0.0094258618899273807 -0.011261120685999583 0.0069172711769319986 0.012544571817197866 -0.0022092021493604992 0.0085801046448654144 -0.0080955300846035395 0.0023705800269024331 -0.0096474670464823768 -0.008034663317010058 -0.012476434155488972 -0.00064587980598222825 -0.010881320780273511 0.0012345135470964766 -0.010678031388582416 -0.004043679864905783 0.0098708806027575993 0.0020100201719697188 0.022697838469449404 0.016262485637269879 0.0085704613605731682 0.014630343584561884 -0.0032268693947845742 0.0037220260118784121 -0.0026149214819461189
leaf_weight=6.521026495844124 14.608556184917688 6.5619786232709911 1.0853785835206498 3.9777547344565374 13.447844829410313 3.9540485627949238 1.245802544057369 1.0311591960489739 0.72049497067928392 9.0097125768661481 17.101144891232256 4.7886371016502371 9.0690501518547553 6.4207676127552977 2.8254656195640555 3.630474928766489 5.3372038900852203 1.9388395212590683 7.5802966095507145 1.2489283829927442 1.1375838071107862 0.82923957332968701 62.283613055944443 1.6793625950813291 1.1758878752589224 1.0717392638325689 2.6338915824890128 6.7009172588586798 45.6807015016675 2.1720736771821967
leaf_count=99 162 36 11 39 158 41 10 8 4 58 92 39 62 69 25 31 50 19 44 12 8 8 373 8 6 6 16 49 231 19
internal_value=-9.70704e-06 0.00050314 -0.00429706 0.000880348 -0.0032572 0.000415825 0.00529789 0.00134966 -0.00771299 0.00264599 0.00331391 -5.27644e-05 0.000389582 -0.0035625 0.0021567 -0.00813836 -0.00612174 0 -0.00231458 0.00273275 0.00943795 -0.00600327 0.00140365 0.0133634 0.00611829 -0.00499089 0.00261289 0.00340587 0.00282898 0.00730919
internal_weight=247.47 221.033 26.4364 209.175 21.2588 11.1073 6.32402 187.916 15.3291 97.682 86.1239 90.2343 85.5726 17.4287 66.8507 4.66163 11.8582 11.0079 11.5581 7.81091 5.07821 4.78329 68.144 3.94063 2.26127 5.86038 64.0252 55.0155 52.3816 19.2732
internal_count=1793 1535 258 1386 206 92 43 1180 166 573 490 607 568 150 379 39 149 81 83 48 33 49 418 25 17 45 354 296 280 111
is_linear=0
shrinkage=0.00974396


Tree=178
num_leaves=31
num_cat=0
split_feature=68 43 6 17 52 59 73 74 59 21 53 45 41 27 55 71 17 37 36 55 44 36 52 36 40 53 8 59 42 21
split_gain=5.64777 4.73996 6.5206 4.40733 4.22761 4.29534 4.22468 8.40089 4.58546 4.06164 3.97603 4.35078 4.16169 5.25746 3.83077 3.49058 3.40674 3.7905 4.42702 3.3531 3.28322 3.22127 5.79956 3.32781 4.64429 5.17767 4.00117 5.55643 3.04023 2.94967
threshold=1.0000000180025095e-35 64.514916666666679 21.625000000000004 20.560000000000006 0.14500000000000005 0.44250000000000006 1.0000000180025095e-35 1.0000000180025095e-35 0.76000000000000012 11.645000000000001 0.045000000000000005 47.430000000000007 92.385000000000005 -2.1249999999999996 0.85266666666666679 1.0000000180025095e-35 19.710000000000004 66.77500000000002 77.075000000000017 2.2184166666666676 10.484750206660724 86.935000000000016 0.68500000000000016 86.685000000000016 89.430000000000021 0.20500000000000004 4.0001273385277303 1.0275000000000003 83.835000000000022 -1.3899999999999999
decision_type=2 2 2 2 2 2 2 2 2 2 2 2 2 2 2 2 2 2 2 2 2 2 2 2 2 2 2 2 2 2
left_child=1 2 -1 19 -5 9 7 10 14 -6 -3 -12 -13 -14 -9 -16 17 -8 -19 -2 -4 23 -23 24 26 -26 27 -20 -24 -15
right_child=3 6 20 4 5 -7 16 8 -10 -11 11 12 13 29 15 -17 -18 18 21 -21 -22 22 28 -25 25 -27 -28 -29 -30 -31
leaf_value=-0.010648812276993668 -0.0086025733445443675 -0.0074043635738743558 0.004948985480245317 -0.0086327000465960396 0.010096552175564421 0.011500061162187419 0.0069696598162522407 -0.010384780873590065 -0.011211630676486195 -0.011196820329360039 0.0064211327691082115 -0.0046804144699041286 -0.010971437223860861 -0.0053690331622060911 0.004791119398758455 0.015912828605984645 -0.0014143512258064329 -0.0041409222371430934 0.0091131012876545722 0.012361632831233373 -0.010150169792925318 -0.0048446908486407154 -0.0056746120031197595 0.014748512976444896 0.0036307426079042978 -0.012472539259866173 -0.0047813262329579435 -0.0067567631966908856 0.0051588444658638537 0.0057393555434056068
leaf_weight=8.2090852819383162 14.813060633838177 12.713746663182972 6.2908984310924998 3.2910723425447923 1.3236094005405905 3.950046680867672 17.654617302119732 1.3100114017725051 1.6370801255106915 2.2230072133243084 6.0368382446467868 28.058951359242201 2.7262189611792591 2.7504372484982023 16.991042871028188 3.1797249168157569 21.239902183413506 9.7988347411155683 19.725112054497011 0.72456786036491472 1.7043322287499902 11.723567031323908 2.8009041398763683 2.9435983896255484 4.9356232658028594 3.021966889500618 2.8371702432632437 2.3063958063721648 18.181232422590256 12.068001054227349
leaf_count=118 162 128 47 35 12 21 82 17 14 24 40 235 30 24 85 15 148 67 98 4 29 85 23 12 24 21 18 16 83 76
internal_value=-9.76954e-06 0.000498488 -0.00456704 -0.00427307 0.000501296 0.00455114 0.000900985 -0.000718112 0.00431368 -0.00319191 -0.00252912 -0.00132187 -0.0023541 0.00136113 0.0055203 0.00657695 0.00211065 0.00289271 0.00196863 -0.00758934 0.00168205 0.00284656 0.000630555 0.00486639 0.00396053 -0.00249845 0.00603309 0.0074373 0.00369906 0.00366059
internal_weight=247.171 220.845 16.2043 26.3254 10.7877 7.49666 204.641 87.4721 23.1179 3.54662 64.3542 51.6404 45.6036 17.5447 21.4808 20.1708 117.169 95.929 78.2744 15.5376 7.99523 68.4756 32.7057 35.7699 32.8263 7.95759 24.8687 22.0315 20.9821 14.8184
internal_count=1793 1535 194 258 92 57 1341 664 131 36 533 405 365 130 117 100 677 529 447 166 76 380 191 189 177 45 132 114 106 100
is_linear=0
shrinkage=0.00974396


Tree=179
num_leaves=31
num_cat=0
split_feature=68 33 61 56 2 34 61 36 12 19 45 34 59 67 67 43 29 11 29 34 56 12 56 61 11 20 12 32 32 36
split_gain=5.55745 4.86684 5.52151 5.42668 5.15146 4.58735 4.07322 5.72739 3.51928 3.32019 3.34488 3.11007 3.10583 6.44262 3.03244 2.93056 2.85369 3.43279 2.72592 3.15701 3.13548 3.50976 2.69499 2.96089 2.68411 2.66272 2.57176 2.50886 2.74603 2.44897
threshold=1.0000000180025095e-35 3.3350000000000004 95.27500000000002 1.7871308947943856 5.4800000000000013 7.7300000000000013 110.67500000000003 67.830000000000013 17.075000000000006 20.096333333333337 42.650000000000006 22.745000000000005 0.017500000000000005 1.0000000180025095e-35 1.0000000180025095e-35 95.348416666666665 17.105000000000004 20.237500000000004 2.0900000000000003 6.1800000000000006 3.7905550792608111 15.920000000000002 1.9229896504856732 94.605000000000004 4.1875000000000009 4.3583848823287736 13.490000000000002 4.4479402529619998 3.4070999054673754 85.480000000000004
decision_type=2 2 2 2 2 2 2 2 2 2 2 2 2 2 2 2 2 2 2 2 2 2 2 2 2 2 2 2 2 2
left_child=1 3 -3 5 14 -1 11 -8 26 -10 -11 -2 13 -7 15 22 -12 -18 19 -6 21 -21 -5 -24 -20 -9 -4 28 -25 -27
right_child=6 2 8 4 18 12 7 25 9 10 16 -13 -14 -15 -16 -17 17 -19 24 20 -22 -23 23 27 -26 29 -28 -29 -30 -31
leaf_value=0.0026749539897993752 -0.0085064846000436987 -0.0086717025543855859 0.00096040466838575222 0.0074175635231305973 0.0075774046673157255 -0.010627331037177652 0.014566024769059277 -0.008421449577383373 -0.0071015115196562785 -0.0079816691470030888 0.0038561682053646945 0.007196645840999584 -0.0097178663358222905 0.014276711783410676 0.0049527134272745908 0.0058372484193762461 -0.011094216605852997 0.0029619501959152403 0.014381037701697994 -0.0052076704888314217 0.0056358266402418821 0.0041643821784285561 -0.0097818921917911753 -0.0012907640947016736 0.003936942899434615 0.012602970131333524 -0.01094949347497254 0.0060463170285568685 -0.009760717711206738 -0.003608950951647121
leaf_weight=7.8160630837082889 14.949279900640253 9.5689197666943056 2.6316815540194503 2.1242646500468281 5.2920047119259861 2.1501525454223147 2.1555401682853681 4.2589104026556015 4.7486441247165194 3.1634471975266925 26.775661237537861 1.2645489573478705 9.4348756037652475 1.7577117010951044 7.0795885249972335 3.9302432537078849 2.9243138879537574 3.6747594885528088 2.4002006873488417 13.638770848512655 5.6596864573657504 5.2038195207715026 6.2232398018240955 14.187331967055803 67.484727714210749 1.4384795874357226 4.8092602342367172 3.0003249272704116 4.8776228353381148 2.1607333719730377
leaf_count=48 186 149 18 11 27 24 10 31 41 41 150 8 124 10 37 19 28 24 11 99 27 30 66 88 348 9 52 16 47 14
internal_value=-9.84901e-06 0.000494108 -0.00191899 0.00136211 0.0020528 -0.00323333 -0.00424734 0.000627028 -0.000584659 0.000526065 0.00152713 -0.00726012 -0.00670171 0.00057104 -0.000832366 -0.00203274 0.0024402 -0.00327513 0.0032529 0.000778541 -0.000694002 -0.00260946 -0.00305991 -0.00385999 0.00430499 -0.00323136 -0.00673646 -0.00217024 -0.00347933 0.00289837
internal_weight=246.785 220.557 58.2967 162.261 141.102 21.1588 26.2275 10.0137 48.7278 41.2868 36.5382 16.2138 13.3427 3.90786 41.4226 34.343 33.3747 6.59907 99.6792 29.7943 24.5023 18.8426 30.4128 28.2885 69.8849 7.85812 7.44094 22.0653 19.065 3.59921
internal_count=1793 1535 503 1032 826 206 258 64 354 284 243 194 158 34 284 247 202 52 542 183 156 129 228 217 359 54 70 151 135 23
is_linear=0
shrinkage=0.00974396


Tree=180
num_leaves=31
num_cat=0
split_feature=72 70 71 33 55 54 66 50 15 49 37 37 0 50 50 50 59 40 27 18 60 49 21 66 51 38 43 43 37 18
split_gain=5.21564 4.13379 5.89555 7.12474 4.22655 4.16409 4.0628 3.99337 3.83674 3.63185 3.36342 3.26167 4.57587 3.25456 3.90335 3.70094 3.39432 3.2033 4.13266 3.79057 3.79723 3.07324 3.06371 3.00128 2.95827 3.18529 3.14393 3.54342 2.93078 2.80986
threshold=1.0000000180025095e-35 1.0000000180025095e-35 1.0000000180025095e-35 3.3600000000000008 1.9918333333333333 0.03500000000000001 276.50000000000006 0.81500000000000006 24.585000000000004 0.32500000000000007 67.440000000000012 79.070000000000007 20.48 1.4150000000000003 1.9700000000000002 0.22500000000000003 0.43750000000000006 59.435000000000009 11.905000000000003 26.530000000000005 50.500000000000007 0.42500000000000004 15.190000000000001 357.50000000000006 0.095000000000000015 97.815000000000012 75.32883333333335 74.587249999999997 86.515000000000015 22.085000000000004
decision_type=2 2 2 2 2 2 2 2 2 2 2 2 2 2 2 2 2 2 2 2 2 2 2 2 2 2 2 2 2 2
left_child=1 2 4 8 6 7 17 -5 9 -4 -6 -7 22 15 -15 -11 -17 -1 -19 20 -20 29 -13 -8 26 -26 27 -2 -24 -12
right_child=24 -3 3 5 10 11 23 -9 -10 13 21 12 -14 14 -16 16 -18 18 19 -21 -22 -23 28 -25 25 -27 -28 -29 -30 -31
leaf_value=-0.0076977635534185721 -0.0051947092229487095 0.0039322076548815154 -0.00067203452422331467 -0.0038626975007058392 -0.0084020638813507523 -0.010884715686053245 -0.0099815593529638744 0.011274528354311931 0.0098168333595070739 0 0.0026249269535611967 -0.0096630170671206383 0.017419215736682019 -0.0087636197211360019 0.0029752576205052477 0.014846446700052902 0.0053327998846376488 -0.0025817429461647157 -0.0071605694940616183 0.014023485292557513 0.0045893386856601798 0.00076032517344909835 0.0051688068012676518 0.0086966859092431643 -0.010812989495894685 0.0068181261864426312 -0.01025145505515466 0.014144994290709647 -0.011090993212829267 0.016044557025771129
leaf_weight=8.0835312604904157 1.5914668664336196 26.976253598928452 25.616235323250294 3.3292251303792026 2.4394630193710354 6.655572351068261 9.6648435592651332 3.2091620899736881 6.9974887669086447 5.490910857915881 3.0083448067307499 5.0085655376315081 0.98106972873210985 3.0070195272564915 22.85428411513567 6.188189595937728 8.628972262144087 47.843524158000946 3.7051747851073733 2.5484899953007689 8.5840260535478574 11.530540481209753 3.9749098531901836 0.85608764737844545 8.5052965357899648 1.0631202980875958 1.7708740718662737 1.9674596190452576 1.3878854587674139 2.968046635389328
leaf_count=97 16 142 163 35 16 77 127 20 33 35 19 48 4 17 119 31 42 381 39 13 43 70 25 7 107 5 27 8 12 15
internal_value=-9.84496e-06 0.000349584 -0.000122879 0.0015135 -0.00179436 -0.00306458 -0.00278114 0.00356942 0.00294229 0.00226562 0.00221826 -0.00548277 -0.00227914 0.00389751 0.00159467 0.00681543 0.0093421 -0.00193635 -0.00118715 0.00329622 0.00102538 0.0037202 -0.00421081 -0.00842412 -0.00559125 -0.00882177 0.000205692 0.0054972 0.000889329 0.00936923
internal_weight=246.436 231.538 204.562 103.329 101.232 24.5464 81.2857 6.53839 78.7831 71.7856 19.9464 18.008 11.3524 46.1694 25.8613 20.3081 14.8172 70.7647 62.6812 14.8377 12.2892 17.5069 10.3714 10.5209 14.8982 9.56842 5.3298 3.55893 5.3628 5.97639
internal_count=1793 1630 1488 661 827 221 707 55 440 407 120 166 89 244 136 108 73 573 476 95 82 104 85 134 163 112 51 24 37 34
is_linear=0
shrinkage=0.00974396


Tree=181
num_leaves=31
num_cat=0
split_feature=68 33 55 2 69 5 29 58 32 50 32 46 55 27 1 66 53 58 5 29 50 7 65 13 67 46 43 22 5 29
split_gain=5.44552 4.72396 5.43286 4.37192 4.33801 4.33246 4.41256 4.07567 3.97527 4.4687 3.62812 3.45487 3.31107 3.0173 3.26742 3.01534 2.83493 2.93091 2.94841 3.09896 2.86705 3.34817 3.81869 5.15376 2.79526 2.74068 3.252 2.74848 3.55218 3.08824
threshold=1.0000000180025095e-35 3.3350000000000004 1.5879166666666671 5.4800000000000013 1.0000000180025095e-35 15.385000000000003 14.770000000000001 7.0850000000000009 4.3370270138773277 0.36500000000000005 3.1836253984939251 93.715000000000018 2.2184166666666676 4.1650000000000009 9.4900000000000002 215.50000000000003 1.0000000180025095e-35 17.700000000000003 0.80000000000000016 10.645000000000001 1.5150000000000003 2.5553333333333339 42.500000000000007 18.320000000000004 1.0000000180025095e-35 99.730000000000004 89.413250000000019 19.98 6.5850000000000009 3.5700000000000003
decision_type=2 2 2 2 2 2 2 2 2 2 2 2 2 2 2 2 2 2 2 2 2 2 2 2 2 2 2 2 2 2
left_child=1 3 -3 25 7 12 8 13 9 10 -7 -4 -2 14 -5 -13 -9 18 -18 20 -20 -22 23 -23 -17 26 -1 28 29 -28
right_child=5 2 11 4 -6 6 -8 16 -10 -11 -12 15 -14 -15 -16 24 17 -19 19 -21 21 22 -24 -25 -26 -27 27 -29 -30 -31
leaf_value=-0.0045890422914243532 -0.0086583373209645712 -0.0086401712673564932 0.00061162805605705626 -0.0039461663447013049 -0.010987388800712478 0.0089531414429507867 -0.0086609681640012516 -0.00068704223813664789 -0.011209683219602293 0.016279458761917536 -0.011156604729293683 0.0075431470164202263 0.012140199376219638 -0.008965358283827907 0.011729345596671449 -0.011079628373842106 -0.0061935609169372951 0.0071487004141747214 0.0052013725732087063 -0.0056012095220390381 0.010286043287762968 0.0094171424229443895 -0.0091065595515278062 -0.00875695758992482 0.0066025674194625517 -0.008767199696567668 0.0017108979892676566 -0.010338753911196565 0.014199691415319239 -0.011982796155984255
leaf_weight=12.576148010790346 14.307555068284273 9.4509917981922609 40.172786470502615 3.4332125037908536 2.1971097700297824 1.8691328167915329 3.4489213414490223 14.211565751582382 1.2276058569550512 2.9887536913156509 1.5021442770957945 1.2413858771324138 0.72859729826450426 4.5957174636423588 1.9434900209307668 6.1941240206360817 3.1403407528996459 21.151607368141413 42.837855771183968 3.3570888675749293 2.4141606390476218 3.9103387221693975 4.5288556888699532 2.3306323848664761 0.94778928160667408 3.9311180077493182 29.990359850227836 1.8267093487083901 2.0266612917184821 1.6107658259570588
leaf_count=113 162 149 281 28 23 13 39 91 10 16 14 6 4 57 14 61 25 107 210 25 10 19 30 16 6 43 172 26 10 13
internal_value=-9.78692e-06 0.000488895 -0.00189552 0.00134364 0.00244357 -0.00421759 0.00040871 0.00272208 0.00457037 0.00768404 0 -0.00057445 -0.00761434 -0.0031967 0.00173836 -0.00625074 0.00332739 0.00401077 0.00294345 0.00343243 0.00397943 0 -0.00232657 0.00259807 -0.00869303 -0.000983578 -0.000337518 0.0011702 0.00181 0.000995492
internal_weight=246.094 220.021 58.0071 162.014 110.052 26.0727 11.0366 107.855 7.58764 6.36003 3.37128 48.5561 15.0362 9.97242 5.3767 8.3833 97.8824 83.6709 62.5193 59.3789 56.0218 13.184 10.7698 6.24097 7.14191 51.9618 48.0306 35.4545 33.6278 31.6011
internal_count=1793 1535 503 1032 655 258 92 632 53 43 27 354 166 99 42 73 533 442 335 310 285 75 65 35 67 377 334 221 195 185
is_linear=0
shrinkage=0.00974396


Tree=182
num_leaves=31
num_cat=0
split_feature=70 73 41 49 44 53 71 53 59 28 35 37 39 53 16 47 50 24 34 50 41 55 53 8 63 17 55 6 47 48
split_gain=4.83868 8.76022 4.99965 4.68225 3.65339 3.3588 3.67372 3.35974 4.44321 3.09354 3.61098 3.18349 4.54118 2.99201 2.97459 2.99384 2.8619 2.95664 4.73388 3.97304 2.85019 2.76671 4.15743 2.64219 4.79785 3.73516 3.07018 2.88002 2.66393 2.64125
threshold=1.0000000180025095e-35 1.0000000180025095e-35 68.140000000000001 0.19500000000000003 8.9206796543619635 0.055000000000000007 1.0000000180025095e-35 1.3900000000000003 0.76750000000000018 3.5150000000000001 11.582500000000001 93.615000000000023 88.745000000000019 0.71500000000000008 21.775000000000002 81.595000000000013 1.6250000000000002 12.820000000000002 7.7300000000000013 1.4850000000000001 97.50500000000001 1.3499999999999999 0.7350000000000001 3.2612995631103434 45.500000000000007 16.555000000000003 2.3214166666666673 1.925 78.450000000000003 2.9150000000000005
decision_type=2 2 2 2 2 2 2 2 2 2 2 2 2 2 2 2 2 2 2 2 2 2 2 2 2 2 2 2 2 2
left_child=1 5 3 -3 -5 -1 16 8 -8 20 11 12 23 -14 15 -9 17 18 -7 -20 -4 22 -2 26 25 27 -11 -25 -29 -27
right_child=21 2 9 4 -6 6 7 14 -10 10 -12 -13 13 -15 -16 -17 -18 -19 19 -21 -22 -23 -24 24 -26 29 -28 28 -30 -31
leaf_value=-0.0061859436585194501 -0.012041968915383804 -0.010989250240185293 0.00040388150069553796 0.0047796486103122565 -0.0078887741587412505 0.0016523422571431104 0.0082258170616658251 0.010148893084754808 -0.010726686116451875 0.012111278557011976 -0.0004700917165155284 0.011829828913912059 0.0016909550820068972 -0.012523527674011839 -0.012880795267119346 -0.0068766187882669909 -0.0067677516823256862 0.0025938604612837876 -0.007071797871234335 0.012272166981998159 -0.012381083135114374 0.0057232751683988278 0.0038533320196727462 -0.011599322300563401 -0.012948037253699401 0.0019015353029130061 0.0015534903456207738 0.0060029923113774286 0.016336342710617388 -0.011478924718349154
leaf_weight=20.820117227733135 2.29174302145839 5.6962436512112609 41.380933664739132 5.9490314126014692 3.3442932441830635 12.009781323373316 8.8809774369001406 1.9074398353695863 1.3142133355140675 8.1917904242873174 18.037190623581409 5.1896370574831954 3.2758337818086138 2.3987961933016777 2.0394128635525703 1.9359942451119421 13.797634199261664 11.346050951629875 19.146036602556709 1.0260041095316399 1.6868229582905758 19.992061585187912 4.6968353651463985 0.6889287754893364 1.5986869931220997 7.5309377722442132 3.8944050148129454 10.951459735631941 3.0538949593901625 1.6801569052040575
leaf_count=229 25 64 247 45 42 83 57 14 13 42 134 27 21 21 17 16 125 72 207 6 12 93 24 7 11 40 17 54 14 14
internal_value=-9.8759e-06 -0.000490764 0.00120433 -0.00406428 0.000193713 -0.00273236 -0.00174839 0.00235937 0.0057399 0.00192748 0.00324468 0.00462944 0.0037533 -0.00433822 -0.00347686 0.00155637 -0.00290351 -0.0016709 -0.00317973 -0.00606064 -0.000104232 0.00387995 -0.00137742 0.0049813 0.00318713 0.00429011 0.00873523 0.00733398 0.0083029 -0.000561957
internal_weight=245.753 218.773 124.549 14.9896 9.29332 94.2237 73.4035 16.078 10.1952 109.559 66.4917 48.4545 43.2649 5.67463 5.88285 3.84343 57.3255 43.5279 32.1818 20.172 43.0678 26.9806 6.98858 37.5903 25.5041 23.9054 12.0862 14.6943 14.0054 9.21109
internal_count=1793 1651 812 151 87 839 610 117 70 661 402 268 241 42 47 30 493 368 296 213 259 142 49 199 140 129 59 75 68 54
is_linear=0
shrinkage=0.00974396


Tree=183
num_leaves=31
num_cat=0
split_feature=68 47 18 59 52 56 34 20 8 3 52 47 44 67 26 59 67 40 18 18 3 59 36 18 1 52 40 59 8 52
split_gain=5.33095 5.43353 4.02037 5.32969 4.89948 3.97053 4.46927 3.78594 5.42193 4.01359 3.59012 3.33251 3.21721 6.64265 3.40161 3.07396 6.32475 3.05292 2.98191 2.66872 2.614 2.46593 4.3602 3.55274 2.92937 2.74089 2.6499 2.51875 2.43844 2.33358
threshold=1.0000000180025095e-35 63.01250000000001 20.850000000000005 0.42250000000000004 0.12500000000000003 1.7871308947943856 7.7300000000000013 5.5191190948688122 4.345033441705457 21.470000000000002 1.3600000000000003 63.670000000000009 9.3467411788694648 1.0000000180025095e-35 -1.0549999999999999 0.017500000000000005 1.0000000180025095e-35 95.285000000000011 27.565000000000005 26.870000000000001 24.940000000000001 0.65250000000000019 93.245000000000019 3.3900000000000001 15.720000000000001 8.1650000000000009 86.405000000000015 0.95000000000000018 2.6842874324776358 2.1850000000000005
decision_type=2 2 2 2 2 2 2 2 2 2 2 2 2 2 2 2 2 2 2 2 2 2 2 2 2 2 2 2 2 2
left_child=1 18 -2 -4 -5 6 10 8 9 11 -3 -7 14 -14 17 16 -8 29 -1 -6 -20 25 23 -23 26 -16 -25 -24 -19 -13
right_child=2 5 3 4 19 7 15 -9 -10 -11 -12 12 13 -15 21 -17 -18 28 20 -21 -22 22 27 24 -26 -27 -28 -29 -30 -31
leaf_value=-0.01052177279442456 -0.0074665545341357541 -0.0029629744105777248 -0.0074579262227709745 -0.0085753213538139281 0.016201699954171558 0.0099548867364193661 -0.010611366752263927 0.0042320400091813417 -0.0087252772572419743 -0.010885334895514798 0.010343517917187231 -0.0098833180219804525 -0.011017211165903431 0.0091988236969678099 0.0025428858852388565 -0.0096805804163016297 0.014096161858873935 0.012037375136304908 -0.0057035988080780201 0.00036548217332149332 0.0084592320369587613 -0.010139589376018174 -0.0051276311524626039 0.0043453381616869796 -0.0061015301876589344 0.013183707848976297 -0.0021165126934949915 0.0092010262583343619 -0.0026349038589490881 0.00073269803859833725
leaf_weight=6.2829329408705217 14.952986799180509 4.5187839344143894 4.739166606217621 1.5567401722073553 3.1715507581830025 3.9964927434921256 2.1247987188398829 34.097022257745266 5.6113259159028521 2.6094657815992823 3.2890893518924713 6.2088499739766103 5.3472394347190848 2.124122679233551 75.110966514796019 9.2545815929770452 1.7664046734571459 1.7683764994144429 3.390008594840765 1.5015925392508505 1.8971305191516874 3.9826254546642295 1.3900470361113537 12.303728289902216 6.6444043219089499 2.3431513607501975 11.713339447975157 6.2818451076745987 2.6090523600578308 2.830134067684412
leaf_count=99 166 33 56 10 15 21 24 165 54 29 15 58 60 13 473 124 10 8 41 11 9 30 11 67 52 11 61 27 20 20
internal_value=-9.92317e-06 0.000483317 -0.00418605 0.000284522 0.0062041 0.000845908 -0.00317091 0.0012973 0.000641022 0.00100091 0.00264877 0.00121898 0.000967273 -0.0052355 0.00131756 -0.00663488 0.00059952 -0.00332551 -0.00600348 0.0111837 -0.000573904 0.00183962 -4.90987e-05 -0.00152542 -0.000391342 0.00287267 0.00119013 0.00657597 0.00331528 -0.00655603
internal_weight=245.418 219.496 25.922 10.9691 6.22988 207.926 20.9537 186.972 152.875 147.264 7.80787 144.654 140.658 7.47136 133.187 13.1458 3.8912 13.4164 11.5701 4.67314 5.28714 119.77 42.316 34.6441 30.6615 77.4541 24.0171 7.67189 4.37743 9.03898
internal_count=1793 1535 258 92 36 1386 206 1180 1015 961 48 932 911 73 838 158 34 106 149 26 50 732 248 210 180 484 128 38 28 78
is_linear=0
shrinkage=0.00974396


Tree=184
num_leaves=31
num_cat=0
split_feature=68 72 47 52 40 16 52 51 16 56 36 52 49 50 52 63 8 47 49 56 26 56 2 8 52 52 3 16 16 58
split_gain=5.24697 5.87565 4.66702 3.84306 5.439 3.4824 3.2845 3.16548 3.80092 3.14792 3.29956 3.09084 2.98818 3.19163 5.96137 3.29677 5.10892 3.18339 2.98758 3.93756 2.97683 2.91635 3.19628 3.22923 2.73451 2.7001 2.6133 2.36575 2.40328 2.31361
threshold=1.0000000180025095e-35 1.0000000180025095e-35 63.01250000000001 0.12500000000000003 69.265000000000015 31.490000000000006 0.30500000000000005 0.095000000000000015 21.845000000000002 1.7586442418608697 63.170000000000009 0.83500000000000008 0.13500000000000004 0.085000000000000006 0.115 51.500000000000007 3.1773871983768474 66.585000000000008 3.8650000000000007 2.8099084972123278 1.1650000000000003 1.2473224995502856 2.7400000000000007 3.8526395977760828 0.72500000000000009 0.27500000000000008 24.940000000000001 10.570000000000002 7.7250000000000005 36.790000000000013
decision_type=2 2 2 2 2 2 2 2 2 2 2 2 2 2 2 2 2 2 2 2 2 2 2 2 2 2 2 2 2 2
left_child=1 2 11 -2 18 9 7 8 -3 21 -11 -1 13 15 -15 16 27 -14 19 -5 -17 -4 23 24 -23 -19 -13 28 -12 -9
right_child=3 6 5 4 -6 -7 -8 29 -10 10 12 26 17 14 -16 20 -18 25 -20 -21 -22 22 -24 -25 -26 -27 -28 -29 -30 -31
leaf_value=-0.0094159037182542857 -0.0089390505448898854 -0.010021394546209672 0.012261147638502579 -0.010688327796428697 -0.0045690498465065076 0.015278972691027513 -0.010776205201234523 -0.010715710468106201 0.011747327541307138 0.0051015103095029954 -0.011127894709480104 -0.0059396330708554289 -0.008416817408802622 0.0029985357497624393 -0.0094692405706195241 0.0014774637198370604 0.0031637298322151632 -5.9883941013873597e-05 0.020720339289540934 0.012101627452765457 0.014515505951150736 -0.0053495036787582209 -0.0078291119143364726 -0.010302776943927852 0.010620205832209991 0.0031812277582225928 0.010289146989118002 -0.01123405751941243 0.0041976608423776483 0.0047590012970924328
leaf_weight=6.646727077662943 9.8480573222041148 1.0385013185441478 1.0712526515126253 1.1791625916957849 11.823174580931662 1.6287955716252316 6.2943722046911708 3.4735387191176414 2.5611966028809547 21.242312870919704 1.4631883054971746 1.9724659658968451 2.7600240483880034 5.8332259133458129 9.533622667193411 4.3353929482400408 11.358009453862904 36.4701595492661 1.2499288134276865 1.7202301919460294 2.6954158991575241 1.4655837044119824 8.9058555103838426 1.6421617195010183 3.1066912710666656 73.25073828920722 1.7314004898071287 4.857187557965517 2.7088451497256756 1.2039800249040125
leaf_count=101 110 16 6 15 115 8 81 45 13 112 13 23 28 39 76 27 64 234 7 11 12 12 99 23 14 408 8 49 17 7
internal_value=-9.97481e-06 0.000479021 0.000905521 -0.00416181 -0.00119432 0.001246 -0.00549 -0.00142428 0.00539341 0.00112377 0.00150158 -0.00545586 0.00100713 -0.00118209 -0.00473242 0.000806836 -0.00117398 0.00184111 0.00834599 0.00277146 0.00654445 -0.00298095 -0.00409692 0.00124608 0.00547171 0.0021031 0.00163955 -0.00663508 -0.00119809 -0.00669928
internal_weight=245.071 219.251 204.679 25.8206 15.9725 194.328 14.5716 8.27722 3.5997 192.7 176.508 10.3506 155.266 42.7849 15.3668 27.418 20.3872 112.481 4.14932 2.89939 7.03081 16.1915 15.1203 6.21444 4.57227 109.721 3.70387 9.02922 4.17203 4.67752
internal_count=1793 1535 1373 258 148 1241 162 81 29 1233 1079 132 967 297 115 182 143 670 33 26 39 154 148 49 26 642 31 79 30 52
is_linear=0
shrinkage=0.00974396


Tree=185
num_leaves=31
num_cat=0
split_feature=67 70 62 6 21 36 36 36 53 28 20 5 5 34 29 53 62 38 36 17 26 5 62 53 36 21 34 58 28 44
split_gain=5.20619 6.54976 5.33781 6.25642 5.76881 5.14996 4.59763 5.38679 4.12227 3.80511 4.04496 3.72205 3.34637 3.15636 4.21482 3.30103 3.11332 3.05833 4.53425 2.77322 3.57235 2.74136 2.69197 4.06447 3.09821 2.66556 3.61351 2.95822 2.81003 2.64891
threshold=1.0000000180025095e-35 1.0000000180025095e-35 1.8090833333333336 7.6850000000000014 -2.5199999999999991 83.890000000000015 93.430000000000021 87.985000000000014 1.0000000180025095e-35 16.790000000000003 5.6841443047290969 6.5850000000000009 4.1150000000000011 6.2500000000000009 2.6950000000000007 0.14500000000000005 1.2260833333333336 74.965000000000018 81.585000000000022 8.0100000000000016 -0.92999999999999983 1.9300000000000002 1.3499999999999999 0.7350000000000001 65.095000000000013 9.8250000000000011 22.210000000000004 9.7500000000000018 8.4950000000000028 11.26371189783287
decision_type=2 2 2 2 2 2 2 2 2 2 2 2 2 2 2 2 2 2 2 2 2 2 2 2 2 2 2 2 2 2
left_child=1 2 3 4 -1 8 7 9 -6 10 29 19 21 -10 -15 -16 -17 18 -5 20 -7 -9 23 -3 -24 27 -27 -2 -29 -4
right_child=25 22 6 17 5 11 -8 12 13 -11 -12 -13 -14 14 15 16 -18 -19 -20 -21 -22 -23 24 -25 -26 26 -28 28 -30 -31
leaf_value=-0.0082929628067918981 0.001974897514079373 -0.012037031857499292 0.0012679186999767144 -0.0051955208562311376 -0.00946730382154801 -0.0045225957083340207 0.0057203099525681258 -0.011168552715015125 0.011295549857303562 -0.011088903611604176 0.015443099803318653 0.012417962336668153 -0.0096007558236257586 -0.0062638679827397015 0.01136500225672557 -0.0086267965790534119 0.0025143662180088038 -0.0096673952673305384 0.012516499874269282 -0.011013935524848417 0.0084651787196903788 0.003742922522473228 0.014445029848292115 0.0037581010820280773 0.0039359889149672431 -0.0058652880024835869 0.0054662906844076074 0.0060130364405068326 0.018174131948684152 -0.00810882805777733
leaf_weight=8.8595731742680055 17.984643045812849 2.2578792497515705 53.053582046180964 14.854888174682861 5.5906268693506709 3.0978784300386888 12.885693557560442 1.5495644286274899 2.0205962434411076 2.4435664042830458 1.8044751435518254 4.4968453384935847 8.8800575435161573 9.7511696964502352 2.8156795985996714 3.1212042048573485 9.6324951574206334 15.18326825648546 1.4723821952939022 1.353138543665408 5.548473697155714 4.4203681945800781 3.1590381860733059 4.694631677120924 16.828868255019188 6.2386958524584752 4.6097860559821129 10.988547980785368 2.1629462689161292 2.983648069202899
leaf_count=88 100 25 328 182 66 25 66 14 10 25 8 24 63 100 18 31 49 212 10 13 30 20 14 24 79 56 22 56 9 26
internal_value=-9.99179e-06 -0.000657327 -0.00134356 -0.00304312 -0.00109269 0.000255117 0.000350819 -0.000570742 -0.00187242 0.000723158 0.00123124 0.00508946 -0.00582066 -0.00030393 -0.00124995 0.0018896 -0.000219504 -0.00651769 -0.00356543 0.00174696 0.00379767 -0.000151792 0.00381208 -0.00139025 0.00562724 0.00311099 -0.00103624 0.00455958 0.00806877 0.000761295
internal_weight=244.744 202.76 175.819 87.7982 56.2877 47.4281 88.021 75.1353 32.9318 60.2853 57.8417 14.4963 14.85 27.3411 25.3205 15.5694 12.7537 31.5105 16.3273 9.99949 8.64635 5.96993 26.9404 6.95251 19.9879 41.9846 10.8485 31.1361 13.1515 56.0372
internal_count=1793 1550 1408 858 454 366 550 484 274 387 362 92 97 208 198 98 80 404 192 68 55 34 142 49 93 243 78 165 65 354
is_linear=0
shrinkage=0.00974396


Tree=186
num_leaves=31
num_cat=0
split_feature=67 71 70 31 61 54 52 73 8 4 31 41 53 39 53 28 8 36 48 48 60 59 6 4 53 2 52 59 5 61
split_gain=5.10568 9.91616 17.054 6.06957 5.6733 5.22353 5.09035 4.37971 4.05686 3.5637 4.78048 3.24779 3.31603 3.21941 3.15732 3.15426 3.64918 2.87853 3.87499 2.93098 2.86384 3.56646 3.25552 2.71097 3.21343 3.11539 2.89497 3.22544 2.8116 2.63707
threshold=1.0000000180025095e-35 1.0000000180025095e-35 1.0000000180025095e-35 11.822333333333335 118.94000000000001 0.03500000000000001 1.2550000000000001 1.0000000180025095e-35 2.3343209065801296 14.245000000000003 9.1626666666666683 70.000000000000014 6.9200000000000008 71.865000000000023 5.7200000000000015 10.250000000000002 2.6082884487797235 65.135000000000005 0.065000000000000016 0.10500000000000002 39.500000000000007 0.20250000000000004 6.4500000000000011 -0.39499999999999996 1.0300000000000002 12.100000000000001 0.14500000000000005 0.44250000000000006 18.880000000000003 81
decision_type=2 2 2 2 2 2 2 2 2 2 2 2 2 2 2 2 2 2 2 2 2 2 2 2 2 2 2 2 2 2
left_child=1 2 4 9 8 6 -5 13 -1 10 11 -3 14 -6 17 16 -7 -13 -19 -20 22 -22 -2 24 -10 -25 -27 -28 -29 -4
right_child=20 3 29 5 7 15 -8 -9 23 -11 -12 12 -14 -15 -16 -17 -18 18 19 -21 21 -23 -24 25 -26 26 27 28 -30 -31
leaf_value=0.0057303429569101651 0.0025394857605721601 -0.0083011399010355438 -0.0013802651533930299 -0.0061833840501105105 0.0021595077759041514 0.013162892491618042 0.014062401257676533 0.0057090725466688742 -0.010489659573450686 0.0064850560894090786 -0.0080202122940107416 0.018221027887839907 -0.0067418998446436042 -0.007931403287389175 0.013060001498025518 -0.0087768280415298668 -0.010595961690922072 -0.0032098863465798828 0.013773858939592798 0.0030018475639860291 -0.0051475245353182156 0.0034924739995451726 0.021921488571078642 -0.010484362677973705 0.010070283525590435 -0.0094236712695807689 -0.0069530874609203602 0.0066603213054487256 -0.0074548231492268342 0.0055707263214957656
leaf_weight=2.266852904111146 1.7766151130199426 2.6057954728603354 6.9365365616977241 2.0551222302019623 4.8054824844002741 1.4442218542098992 2.6594916582107544 6.5398904308676711 1.1860765367746346 17.561172150075436 4.5726281963288775 1.0817779451608647 3.2720463871955863 7.8301887214183807 2.9448788911104193 11.317418701946734 1.0080978386104105 9.5054343566298467 2.5269034430384627 40.150732606649399 5.2013975083827964 33.486422523856163 1.5416746884584425 24.496580872684717 1.7179905176162718 10.230506818741562 7.3154366537928563 4.5069989264011383 1.8584467843174932 19.995363004505634
leaf_count=17 10 21 49 28 27 6 17 38 14 98 41 5 17 67 14 120 10 63 12 209 50 176 7 312 10 125 100 24 13 93
internal_value=-9.95464e-06 -0.000652215 -0.00284136 0.00147159 -0.00529348 -0.0035768 0.00523111 -0.000735796 -0.00692061 0.00258219 0.00154902 0.00226025 0.00273001 -0.0040886 0.00328778 -0.00660781 0.00333229 0.0027363 0.00239999 0.00365417 0.00307934 0.00232371 0.0117268 -0.00748576 0.00160308 -0.00803447 -0.0055068 -0.00255072 0.0024998 0.00377627
internal_weight=244.398 202.392 99.6864 102.706 72.7545 18.4844 4.71461 19.1756 53.5789 84.2214 66.6602 62.0876 59.4818 12.6357 56.2097 13.7697 2.45232 53.2648 52.1831 42.6776 42.0061 38.6878 3.31829 51.312 2.90407 48.408 23.9114 13.6809 6.36545 26.9319
internal_count=1793 1550 889 661 747 181 45 132 615 480 382 341 320 94 303 136 16 289 284 221 243 226 17 598 24 574 262 137 37 142
is_linear=0
shrinkage=0.00974396


Tree=187
num_leaves=31
num_cat=0
split_feature=45 67 71 70 33 33 54 49 15 32 59 59 49 58 15 36 59 47 58 13 5 37 37 19 59 31 27 60 55 5
split_gain=5.02169 5.01816 9.29803 16.0604 6.94138 4.59012 4.42378 3.39957 3.34256 3.53606 4.04116 4.54253 4.1191 3.40853 3.29755 4.65556 3.08622 3.06794 3.05322 2.91086 2.90451 2.89711 3.27589 2.8928 2.80107 2.79541 2.72718 2.72654 2.80155 2.67496
threshold=42.650000000000006 1.0000000180025095e-35 1.0000000180025095e-35 1.0000000180025095e-35 5.6400000000000015 3.3600000000000008 0.03500000000000001 0.43500000000000005 24.585000000000004 3.7646773628819679 0.40250000000000008 0.072500000000000023 0.52500000000000013 18.885000000000002 12.350000000000001 93.430000000000021 0.37250000000000005 83.705000000000027 10.045000000000002 7.0650000000000004 5.6050000000000013 79.070000000000007 86.515000000000015 20.096333333333337 0.022500000000000003 12.485333333333335 15.465000000000002 57.500000000000007 2.139416666666667 3.3550000000000004
decision_type=2 2 2 2 2 2 2 2 2 2 2 2 2 2 2 2 2 2 2 2 2 2 2 2 2 2 2 2 2 2
left_child=24 2 3 4 27 8 25 -6 9 10 11 -4 13 19 15 18 -11 -16 -12 -13 -18 -8 23 -23 -1 -7 -9 28 -2 -29
right_child=1 -3 5 -5 7 6 21 26 -10 16 14 12 -14 -15 17 -17 20 -19 -20 -21 -22 22 -24 -25 -26 -27 -28 29 -30 -31
leaf_value=0.0098057115217917833 -0.0086295292626203165 0.0033844644468991815 -0.0034533896812928527 0.0038915934767423596 0.0049936043737757252 -0.00032615670646607713 -0.01097201471789486 -0.0081560140033937831 0.0095121001437626657 -0.0092523434131248534 0.0040690413707658519 0.010382149165588885 0.011644290578970345 0.01065353460648265 0.016351577275597665 0.0044451548699903911 -0.0077321741312338039 0.0028120633680575168 -0.0068745825280014184 -0.0051527696090024871 0.0051531749294648505 -0.011294192314766789 -0.0091266365978034947 0.0049390695577629009 -0.0079821564099763678 0.01521644768288348 0.0054696666186697818 -0.0083430192914616501 -0.0015520496315284652 0.0023595727847450666
leaf_weight=0.88016641885042091 38.342548217624426 40.997000247240067 3.9524063840508488 26.656288079917431 8.3168293125927431 2.5964051745831993 4.9137826152145854 4.8545707240700713 6.5212910547852507 4.2294686436653119 3.0462323427200344 1.4786608368158356 12.065585847944019 3.5177123993635178 2.015680253505705 8.9438005611300451 2.3852810561656952 7.2922539114952087 11.14698515832424 4.6239015683531761 5.2302749902009964 1.2312593385577182 3.848339818418026 5.7580808661878109 9.9253810457885248 1.8455967679619787 1.9090255275368688 3.5884837359189969 6.2370518222451201 5.6498514264822006
leaf_count=7 443 224 33 138 54 18 51 39 30 39 17 7 60 18 9 43 19 32 64 29 26 12 34 36 159 11 12 38 49 42
internal_value=-9.92922e-06 0.000290904 -0.000368839 -0.00252424 -0.0050091 0.00176112 -0.00236409 0.000824535 0.00285305 0.00222546 0.00321573 0.006105 0.00785592 0.00306462 0.000924267 -0.00104261 -0.00261451 0.00581163 -0.00451228 -0.0013274 0.00108252 -0.00478959 -0.00194658 0.00201618 -0.00649256 0.00617638 -0.00428242 -0.00664557 -0.00764433 -0.00180082
internal_weight=244 233.195 192.198 95.5546 68.8984 96.643 20.1935 15.0804 76.4495 69.9282 58.0832 25.6383 21.6859 9.62027 32.445 23.137 11.845 9.30793 14.1932 6.10256 7.61556 15.7515 10.8377 6.98934 10.8055 4.442 6.7636 53.8179 44.5796 9.23834
internal_count=1793 1627 1403 815 677 588 162 105 426 396 312 147 114 54 165 124 84 41 81 36 45 133 82 48 166 29 51 572 492 80
is_linear=0
shrinkage=0.00974396


Tree=188
num_leaves=31
num_cat=0
split_feature=67 55 30 49 49 55 5 17 53 55 30 17 20 6 50 42 55 20 42 20 27 49 37 20 4 50 50 15 55 30
split_gain=4.90757 4.96778 7.0484 5.8567 3.77841 3.86331 4.03181 3.0587 3.47453 3.61897 2.76718 2.64735 2.50646 2.49684 2.42975 2.52246 2.68023 4.42675 2.38198 2.34286 2.89228 2.79344 3.47234 2.83167 2.87735 2.79754 2.68283 2.64585 2.49087 2.44996
threshold=1.0000000180025095e-35 1.8027500000000001 4.8950000000000005 3.8050000000000002 9.7050000000000018 0.87450000000000017 6.6700000000000008 5.4750000000000005 2.2150000000000003 1.227916666666667 15.925000000000002 5.5900000000000007 2.4767216803498986 25.725000000000005 1.0000000180025095e-35 59.540000000000006 2.0050833333333338 3.5005627991111545 73.655000000000015 5.6841443047290969 13.790000000000001 8.5750000000000011 92.995000000000019 4.4665538366684716 3.0650000000000004 3.0700000000000007 2.6750000000000003 25.290000000000003 2.1910000000000003 0.57500000000000007
decision_type=2 2 2 2 2 2 2 2 2 2 2 2 2 2 2 2 2 2 2 2 2 2 2 2 2 2 2 2 2 2
left_child=1 2 4 12 5 11 7 8 9 -7 -5 -1 -4 -14 -2 -16 17 -17 -18 20 21 23 -23 24 26 -25 -3 -22 -26 -30
right_child=14 19 3 10 -6 6 -8 -9 -10 -11 -12 -13 13 -15 15 16 18 -19 -20 -21 27 22 -24 25 28 -27 -28 -29 29 -31
leaf_value=0.0028158729994913968 0.0078835688539461764 0.0015982831759787201 0.011820412204561537 -0.0033115849099561437 0.015379093249761819 0.013207208377671751 0.0026786321499623878 -0.0049363278846052848 -0.010792440059420849 0.0002827631061871532 0.011963540740868828 -0.010560172185579728 -0.0092630191761408388 0.0052786734512682929 -0.0083754421133904466 -0.0080677882865755404 0.01846519776184509 0.0029944825017178813 0.0041116516670130152 0.0073034044417266044 -0.00067365661647026168 -0.011870236522897979 0.0036057136857871371 -0.00024686379308840175 0.0055196252346619758 -0.011697245743722917 -0.0098456594372733578 -0.010897606750268404 0.0054561286110489313 -0.00031748583559331481
leaf_weight=1.8107386007904995 7.8861834891140452 4.7737370654940596 0.55055943131447449 2.2965036928653708 1.3509809337556351 2.4382449463009861 28.338385682553053 18.836091559380293 2.1141141206026068 12.304340433329342 2.1313647590577602 5.8331734873354435 22.852929789572958 1.1442125253379334 2.0937007404863825 3.9896443709731129 1.6830620020627964 23.197761602699757 3.2062479108572006 5.1186219528317443 6.9966452643275243 3.2771105319261542 2.313257522881031 9.7533392757177335 24.996156252920628 2.5282250493764868 3.2180304825305939 3.6514497846364975 9.9667246639728528 22.936807543039322
leaf_count=12 41 26 3 25 7 13 158 171 22 90 17 83 330 12 21 29 8 129 15 25 49 27 12 62 133 22 22 40 47 142
internal_value=-9.8886e-06 -0.000642345 -0.00215354 -0.00621692 -0.000537138 -0.000846805 -6.14291e-05 -0.00224101 0.000767501 0.00245704 0.00405122 -0.00737665 -0.00807762 -0.00855718 0.00301562 0.00188101 0.00256344 0.00135757 0.00918148 0.000905316 0.000554322 0.00116407 -0.00546232 0.00164197 0.00244359 -0.00264279 -0.00301836 -0.00421756 0.00320117 0.00143172
internal_weight=243.588 201.532 102.002 28.9756 73.0261 71.6751 64.0312 35.6928 16.8567 14.7426 4.42787 7.64391 24.5477 23.9971 42.0566 34.1704 32.0767 27.1874 4.88931 99.5301 94.4115 83.7634 5.59037 78.173 65.8915 12.2816 7.99177 10.6481 57.8997 32.9035
internal_count=1793 1550 943 387 556 549 454 296 125 103 42 95 345 342 243 202 181 158 23 607 582 493 39 454 370 84 48 89 322 189
is_linear=0
shrinkage=0.00974396


Tree=189
num_leaves=31
num_cat=0
split_feature=72 10 67 71 61 31 39 31 4 7 51 44 51 10 26 32 53 53 38 47 74 51 34 51 51 51 53 61 32 53
split_gain=4.84847 4.47578 3.91678 6.44344 6.32425 4.89976 3.85782 3.62397 3.46561 5.34943 3.41072 3.22682 3.08877 4.27464 3.45431 2.96615 2.96363 3.35093 2.77902 2.77382 2.66873 2.69869 2.58964 3.56124 3.84005 3.56156 3.50937 2.82675 2.59163 2.56233
threshold=1.0000000180025095e-35 29.325000000000003 1.0000000180025095e-35 1.0000000180025095e-35 100.92 11.822333333333335 61.195000000000007 16.013500000000004 14.245000000000003 12.381 9.2800000000000029 4.2933670841362863 1.8250000000000004 8.0700000000000021 4.5250000000000012 2.204476566878657 6.9200000000000008 5.7200000000000015 83.820000000000007 76.877500000000012 1.0000000180025095e-35 10.995000000000003 11.655000000000003 0.68500000000000016 2.8250000000000006 0.20500000000000004 1.5950000000000004 152.65000000000001 3.8459861161254705 0.83500000000000008
decision_type=2 2 2 2 2 2 2 2 2 2 2 2 2 2 2 2 2 2 2 2 2 2 2 2 2 2 2 2 2 2
left_child=1 2 3 4 12 8 -6 11 9 16 -8 -7 13 -1 -15 -2 17 22 -10 -16 21 -13 23 25 -25 27 28 -5 -24 -4
right_child=15 -3 29 5 6 7 10 -9 18 -11 -12 20 -14 14 19 -17 -18 -19 -20 -21 -22 -23 26 24 -26 -27 -28 -29 -30 -31
leaf_value=0.0089304072263413255 0.0056933089704716642 -0.0085324091384352905 0.0051373404926394273 0.0018080792430190014 0.0088772573456586089 0.0051790972400671698 -0.00097919138637481227 0.013644612032413104 0.0083575692477749503 -0.0081727100467289086 0.015745741198420992 -0.00932280782587332 -0.010242577628763417 -0.0087413622432604438 -0.0045958800647372643 -0.0072132615763327336 -0.0066762489775208309 0.01289660100425952 -0.0012093623032343236 0.0024241440309203887 0.007536565067590751 0.008154150185782567 0.01299559235049136 0.0075879047122614047 -0.00023384851530284262 -0.009015232716635074 -0.0042684862054173526 -0.012989223547568421 0.0021732031798110006 0.00011362130567660638
leaf_weight=2.4501214921474448 1.9141111448407162 5.2402246482670298 25.750106178224087 13.886378027498724 4.9076947644352904 2.6523267775774029 31.304167978465557 1.0808854997158039 13.933114711195232 4.9609644412994376 1.1642525792121876 10.659799937158818 7.5608969107270232 11.165816489607094 15.272056188434364 12.51226096972823 3.2585912123322478 2.939678117632865 3.5930700153112403 8.1543677337467653 1.1223193183541305 0.87406142428517419 5.8228018358349782 12.051848448812963 11.6879635900259 4.9057436659932128 2.3072247877717009 1.305896684527396 3.3505973219871521 15.480802081525324
leaf_count=15 10 95 144 85 23 14 210 9 75 47 6 116 89 138 140 153 17 14 23 55 6 7 29 62 57 33 13 7 18 83
internal_value=-9.84578e-06 0.000335381 0.000545168 -6.75459e-05 -0.00209452 0.00158654 0.000858848 -0.00327833 0.00253825 0.00151767 -0.000358066 -0.00451196 -0.00457086 -0.00340054 -0.00428634 -0.00548164 0.00230572 0.00281428 0.00639056 -0.0021469 -0.00656226 -0.00796519 0.00226781 0.00118282 0.0037373 -0.00182953 0.00638235 0.000498893 0.00908151 0.00325602
internal_weight=243.27 228.844 223.604 182.373 81.9794 100.393 37.3761 16.3894 84.0039 66.4777 32.4684 15.3085 44.6033 37.0424 34.5922 14.4264 61.5167 58.2581 17.5262 23.4264 12.6562 11.5339 55.3185 43.8378 23.7398 20.098 11.4806 15.1923 9.1734 41.2309
internal_count=1793 1630 1535 1308 676 632 239 152 480 382 216 143 437 348 333 163 335 318 98 195 129 123 304 244 119 125 60 92 47 227
is_linear=0
shrinkage=0.00974396


Tree=190
num_leaves=31
num_cat=0
split_feature=45 72 67 52 47 42 42 46 42 52 48 48 24 58 2 21 6 54 52 11 48 49 32 60 54 4 60 42 58 17
split_gain=4.85457 4.82057 3.72384 3.81536 5.04033 4.71078 4.02226 3.88113 3.44743 3.29243 3.27686 3.30704 3.2635 2.7969 3.13338 5.5993 3.53131 2.8026 2.75267 2.64241 2.58849 3.8065 2.94419 4.31232 2.60406 2.57781 2.55829 3.48559 3.22198 2.54062
threshold=42.650000000000006 1.0000000180025095e-35 1.0000000180025095e-35 0.87500000000000011 63.670000000000009 96.115000000000009 97.395000000000024 99.090000000000018 45.695000000000007 0.30500000000000005 0.10500000000000002 0.055000000000000007 7.2700000000000005 7.0850000000000009 5.4800000000000013 9.2700000000000014 -4.714999999999999 5.2350000000000003 3.7200000000000006 13.822500000000002 0.075000000000000025 0.025000000000000005 2.5995943858871358 53.500000000000007 0.025000000000000005 3.5200000000000005 39.500000000000007 82.610000000000014 6.8200000000000012 19.365000000000006
decision_type=2 2 2 2 2 2 2 2 2 2 2 2 2 2 2 2 2 2 2 2 2 2 2 2 2 2 2 2 2 2
left_child=8 2 3 6 -5 7 13 20 -1 10 11 -3 -10 -2 16 17 -15 -16 -7 -17 22 -22 23 -6 -24 -20 27 -4 -28 -21
right_child=1 9 26 4 5 18 -8 -9 12 -11 -12 -13 -14 14 15 19 -18 -19 25 29 21 -23 24 -25 -26 -27 28 -29 -30 -31
leaf_value=0.0073698706345037912 -0.006533265306426647 -0.010278167168340024 0.019817470664310766 0.011518224586892209 0.012769869502290306 0.013635696142737259 -0.011807609919566855 -0.0092611592716134571 0.0095292730247935747 -0.010763613231943223 -0.008128777617823095 0.0091367999221935361 -0.010455010825620097 0.011158441619907577 0.0036950651116078484 -0.0091965768572824704 -0.005855117480764587 -0.0060418086218689653 -0.0028328010174125656 0.0032769127899696313 -0.011005489518721132 0.0025275393018612201 -0.00019076136060591504 -0.0044288525597325212 -0.0098916739798172258 0.0083487564223760167 -0.0079897143452797997 -0.00014038937910680429 0.003314186094849686 -0.0031623192234951653
leaf_weight=1.4453415721654881 7.610722802579402 1.0638247393071631 1.9271669834852212 4.5702484846115103 2.4035264775157001 3.6876092553138715 3.275406412780284 4.0209626182913771 0.81881831958889861 5.9111404940485954 3.5259036384522915 3.3635438829660416 8.3875913321971876 1.2250613644719131 36.292447876185179 4.7349712029099456 13.789973899722096 2.9988792389631262 3.4647468775510788 8.0373500958085078 2.0353989861905566 40.257313311100006 4.6786083020269853 3.1517971903085709 6.0397607572376728 4.383048452436924 2.527329869568347 1.4168785363435743 35.215623114258051 20.688244789838791
leaf_count=13 85 15 9 24 12 18 28 39 6 77 44 17 147 6 200 56 125 27 20 57 22 248 27 21 52 19 23 8 184 164
internal_value=-9.77202e-06 0.000285097 0.000639599 2.62702e-05 0.00162678 0.00100965 -0.00124925 -4.43184e-05 -0.0064308 -0.00527752 -0.00115271 0.00439593 -0.00863234 -0.000880823 -0.000386634 0.000448822 -0.00443417 0.0029436 0.00672081 -0.0024769 0.000591816 0.00186405 -0.00270337 0.00302509 -0.0056845 0.00340597 0.0032814 0.0114157 0.0025467 -0.00135427
internal_weight=242.949 232.297 218.433 177.346 78.693 74.1228 98.6531 62.5874 10.6518 13.8644 7.95327 4.42737 9.20641 95.3777 87.7669 72.7519 15.015 39.2913 11.5354 33.4606 58.5664 42.2927 16.2737 5.55532 10.7184 7.8478 41.087 3.34405 37.743 28.7256
internal_count=1793 1627 1474 1250 502 478 748 421 166 153 76 32 153 720 635 504 131 227 57 277 382 270 112 33 79 39 224 17 207 221
is_linear=0
shrinkage=0.00974396


Tree=191
num_leaves=31
num_cat=0
split_feature=45 56 46 42 32 24 24 41 56 52 29 23 32 43 32 54 32 66 26 51 49 42 12 45 66 45 14 55 29 71
split_gain=4.78805 3.91706 3.84673 3.4053 3.36778 3.22858 2.92694 5.0287 2.96152 2.88838 3.32411 2.52802 2.61139 2.65775 2.41602 3.16546 3.51359 3.47805 3.95723 3.22455 5.42084 3.26589 3.16843 2.61581 2.28656 3.04177 3.80034 4.76665 2.2965 2.23268
threshold=42.650000000000006 1.7427482540763781 83.230000000000018 45.695000000000007 3.0746156758041314 7.2700000000000005 2.0950000000000002 83.250000000000014 5.9337820698960781 2.0850000000000004 -1.7449999999999999 7.9825000000000008 4.382370799303362 80.176000000000002 2.0677146244350424 1.3150000000000002 2.8944950084424526 285.50000000000006 4.4800000000000013 0.42500000000000004 0.045000000000000005 86.545000000000016 25.995000000000001 49.750000000000007 58.500000000000007 77.350000000000009 7.9750000000000005 1.4205833333333338 2.3200000000000007 1.0000000180025095e-35
decision_type=2 2 2 2 2 2 2 2 2 2 2 2 2 2 2 2 2 2 2 2 2 2 2 2 2 2 2 2 2 2
left_child=3 4 -3 -1 9 -5 7 -4 14 10 -2 24 13 -13 -8 17 22 29 -19 21 -21 -18 -17 -22 25 28 27 -27 -9 -16
right_child=1 2 6 5 -6 -7 8 11 -10 -11 -12 12 -14 -15 15 16 19 18 -20 20 23 -23 -24 -25 -26 26 -28 -29 -30 -31
leaf_value=0.0072678161349334098 0.006529622242503772 -0.010436039993845687 -0.009713638611723344 0.0093977864117310728 -0.0078975872795192577 -0.010446861243081987 0.0093893575043014765 -0.011054485260300034 -0.0085585359278774857 0.0072614462135272484 -0.011039802262421437 0.0036332710260585377 0.008930753977509389 -0.010868724186340021 0.0017558990874282328 -0.0072335921218996792 -0.00043145182012676095 0.0036631100151623582 -0.0074278946256252669 -0.0090114802206269252 -0.0063989183457581391 -0.012276442747063661 0.0054852433608573534 0.0060139512385237581 0.0027955504570465022 0.0086960648589093116 0.015914558634944329 -0.0097242829309557612 0.0026752247708611092 0.0048212075243607546
leaf_weight=1.4518503621220578 1.5730198398232458 2.8940569572150698 5.8706281073391429 0.82268987968563934 9.8587710969150049 8.3127370662987214 3.6672061756253234 4.3522997424006444 2.7289018183946601 3.4591496102511883 2.7532361373305347 1.53324295580387 1.0307068750262258 5.0595761090517044 55.51615596935153 10.549086701124905 11.120126541703938 5.4561693221330625 6.8247126042842865 2.998521730303767 1.7247193157672907 2.7296202518045893 2.2152705416083327 18.551326494663954 22.966050613671541 2.3185588121414185 1.4409088864922521 3.0314288474619389 1.5347273126244543 38.285400673747063
leaf_count=13 10 41 66 6 140 147 18 44 28 18 27 7 7 61 329 88 73 38 73 24 17 22 13 95 136 11 7 22 9 203
internal_value=-9.82129e-06 0.000282482 0.000646427 -0.00640672 -0.00412468 -0.00861471 0.000800497 -0.00128107 0.00143139 0.000651629 -0.00462108 -0.000126554 -0.00520769 -0.00747535 0.00160493 0.00141887 -0.00060299 0.0023708 -0.00249384 0.000911188 0.00312719 -0.00280201 -0.00500664 0.00494193 0.000960946 -0.00235083 0.00207566 -0.00171265 -0.00745934 0.0030098
internal_weight=242.631 232.044 214.399 10.5873 17.6442 9.13543 211.505 49.1381 162.367 7.78541 4.32626 43.2675 7.62353 6.59282 159.638 155.971 49.8887 106.082 12.2809 37.1243 23.2746 13.8497 12.7644 20.276 35.644 12.6779 6.7909 5.34999 5.88703 93.8016
internal_count=1793 1627 1432 166 195 153 1391 370 1021 55 37 304 75 68 993 975 332 643 111 231 136 95 101 112 229 93 40 33 53 532
is_linear=0
shrinkage=0.00974396


Tree=192
num_leaves=31
num_cat=0
split_feature=68 43 6 55 13 73 70 53 53 59 28 71 44 13 13 9 1 59 4 45 4 34 37 4 48 48 28 74 52 30
split_gain=4.83393 3.96193 6.3382 3.78917 4.18832 3.66963 7.64651 4.92291 3.66948 3.72689 3.68769 3.26758 3.04804 3.00732 4.03516 2.90765 3.17445 4.78008 3.05719 2.88234 4.96338 2.85869 2.8463 2.77159 2.87213 3.54023 2.76442 2.73542 2.52655 3.8728
threshold=1.0000000180025095e-35 64.514916666666679 21.625000000000004 1.8445833333333337 24.590000000000003 1.0000000180025095e-35 1.0000000180025095e-35 0.045000000000000005 1.2800000000000002 0.76750000000000018 -2.1949999999999998 1.0000000180025095e-35 10.484750206660724 19.215000000000003 16.655000000000005 8.3500000000000014 7.7500000000000009 0.28750000000000009 15.165000000000001 53.70000000000001 3.4000000000000004 22.745000000000005 66.77500000000002 15.280000000000003 0.18500000000000003 0.51500000000000012 4.7250000000000005 1.0000000180025095e-35 0.10500000000000002 3.6950000000000007
decision_type=2 2 2 2 2 2 2 2 2 2 2 2 2 2 2 2 2 2 2 2 2 2 2 2 2 2 2 2 2 2
left_child=1 2 -1 21 13 6 7 -3 9 11 -10 28 22 14 -5 16 17 -7 -17 -13 -21 -2 -4 -20 -25 -26 -8 -22 -9 -30
right_child=3 5 12 4 -6 15 26 8 10 -11 -12 19 -14 -15 -16 18 -18 -19 23 20 27 -23 -24 24 25 -27 -28 -29 29 -31
leaf_value=-0.010592300800457007 -0.0083167439528207474 -0.0074714931435717726 0.00090401913441933357 -0.0039730683745543439 0.011060074232639824 -0.0082462397537897414 -0.0014310869856087572 0.0040258218818528934 0.0062692805270853176 -0.0085232489383322337 -0.0055811378572230494 0.016921397426733792 -0.010077277691983133 -0.012101101141250748 0.016137116508965862 -0.0083241200721576071 0.0041958537170938264 0.0018470314797081235 0.015141028128192088 0.014859018831750935 -0.0087860708612345247 0.0068569716341278413 0.015720335901880766 -0.0075594098331145422 0.01289732633426036 -0.0009430790307713555 0.0079275073978225009 0.0089251116763948337 0.0018220362415669932 -0.0085423104442627507
leaf_weight=7.6227079853415471 14.125807948410511 13.002912070602177 4.5747082307934761 3.6375428810715658 2.6483452096581459 5.0285115577280513 4.0114390589296809 10.014847215265037 2.8339196629822281 3.4288708083331576 18.719402588903904 2.1789122745394689 1.5734134428203104 2.3656058385968208 1.2377038672566412 4.6647220179438618 54.589690010994673 36.798819437623024 1.1246910840272892 2.3426286205649376 2.5446561612188816 1.2486976161599166 1.6601328030228613 3.89775751158595 2.2538787275552732 7.4175308048725128 11.448624081909655 1.1782318726181986 8.4300415776669961 5.6979874446988097
leaf_count=118 186 135 35 28 13 45 26 63 17 36 161 12 29 17 6 42 282 204 5 12 19 8 12 32 13 54 55 7 59 62
internal_value=-9.87231e-06 0.00045939 -0.00429184 -0.00404104 0.000652225 0.000824411 -0.000701109 -0.00206599 -0.000834515 0.00107438 -0.00400889 0.00210311 0.00186384 -0.00317425 0.00119058 0.00195635 0.00264861 0.000624259 -0.00148336 0.00738504 0.00385544 -0.00706238 0.00493989 0.00069529 -0.000531084 0.00230655 0.00549339 -0.00311368 0.000285472 -0.00236054
internal_weight=242.303 217.039 15.431 25.2637 9.8892 201.608 85.8325 70.3724 57.3695 35.8162 21.5533 32.3873 7.80825 7.24085 4.87525 115.776 96.417 41.8273 19.3586 8.24443 6.06552 15.3745 6.23484 14.6939 13.5692 9.67141 15.4601 3.72289 24.1429 14.128
internal_count=1793 1535 194 258 64 1341 664 583 448 270 178 234 76 51 34 677 531 249 146 50 38 194 47 104 99 67 81 26 184 121
is_linear=0
shrinkage=0.00974396


Tree=193
num_leaves=31
num_cat=0
split_feature=68 33 73 26 61 44 5 59 48 50 70 41 27 39 59 46 45 61 58 61 24 35 21 61 51 24 3 2 39 20
split_gain=4.75806 4.15306 5.78054 5.03165 4.99701 4.54688 4.1077 5.48801 4.03035 4.37962 4.02487 3.85097 4.67182 3.56889 3.50526 3.30243 3.37758 3.15365 2.76739 2.71513 2.54224 2.58224 2.83086 2.76203 2.52491 2.41289 2.39706 2.32447 2.2967 2.80628
threshold=1.0000000180025095e-35 3.3350000000000004 1.0000000180025095e-35 -0.97499999999999987 95.27500000000002 10.76945465431351 15.385000000000003 0.42250000000000004 0.075000000000000025 1.4850000000000001 1.0000000180025095e-35 92.385000000000005 -2.1249999999999996 92.120000000000019 0.54750000000000021 93.715000000000018 42.650000000000006 133.10500000000005 7.3500000000000005 126.68000000000001 0.56500000000000006 7.3425000000000002 7.8950000000000014 77.220000000000027 1.7150000000000001 -3.5849999999999995 7.1700000000000008 25.195000000000004 88.460000000000022 3.1915097583199779
decision_type=2 2 2 2 2 2 2 2 2 2 2 2 2 2 2 2 2 2 2 2 2 2 2 2 2 2 2 2 2 2
left_child=1 2 5 13 27 10 17 -8 -9 -10 11 20 -13 -4 -14 16 -6 -2 -5 -16 -1 22 23 -22 -15 -20 -25 -3 29 -27
right_child=6 4 3 18 15 -7 7 8 9 -11 -12 12 14 24 19 -17 -18 -19 25 -21 21 -23 -24 26 -26 28 -28 -29 -30 -31
leaf_value=-0.010719341865605046 -0.008493958207132158 -0.010353927795172402 -0.0097336395036785681 -0.0032193264501071553 -0.0082660090653224431 0.011798598729130886 -0.0073218417975359487 0.018880860362333607 0.0085617408762452499 -0.011921633043376149 0.0043449617752821055 -0.010912059912195233 0.0059142219060368097 0.0071429596835105216 -0.0083479416501214977 -0.0061758617697876888 0.0015199267851367898 0.011748540201205282 0.018917691254610375 0.0078276021123518183 -0.009088341371696727 -0.0090293474574693923 0.0067893858263645829 0.0029308549327042807 -0.0056094623686476644 0.0096738802203281266 -0.0050885090089662858 0.0046935677226459414 0.0011440340649046645 0.003879272623012769
leaf_weight=5.2918920628726474 13.639143701642752 7.8118711449205858 4.779361713677643 5.2862519286572924 3.6529223509132853 2.4968489184975615 4.7175621353089792 1.7642393633723257 2.8300833627581596 1.4753577187657354 9.3987603411078435 2.656962804496291 11.315909247845413 3.3230676576495171 3.5606947131454936 8.1880530714988691 35.951838906854391 0.73493476212024766 0.98975090682506461 1.3161627724766729 5.437825735658417 5.9988864101469508 3.0723834857344618 7.3179895207285863 2.5825544521212578 9.5997891649603826 6.7711456529796124 1.0784570463001726 21.908044394105673 47.005111079663038
leaf_count=68 162 138 39 44 55 12 57 8 17 10 52 31 65 20 40 73 226 4 4 8 68 56 17 46 18 46 47 11 109 242
internal_value=-9.82214e-06 0.000455394 0.00125827 0.00278157 -0.00180953 -0.000990134 -0.00401796 0.000516453 0.00663712 0.00147089 -0.00151287 -0.00256156 0.000962294 -0.00350462 0.00293926 -0.00055621 0.000607138 -0.00742223 0.00357645 -0.00393007 -0.0045242 -0.00336084 -0.00183805 -0.00321244 0.00154455 0.00403122 -0.000917426 -0.0085022 0.00383299 0.00487001
internal_weight=241.954 216.793 160.109 95.4739 56.6831 64.6355 25.1613 10.7872 6.06968 4.30544 62.1386 52.7399 18.8497 10.685 16.1928 47.7928 39.6048 14.3741 84.7889 4.87686 33.8901 28.5982 22.5993 19.527 5.90562 79.5027 14.0891 8.89033 78.5129 56.6049
internal_count=1793 1535 1032 522 503 510 258 92 35 27 498 446 144 77 113 354 281 166 445 48 302 234 178 161 38 401 93 149 397 288
is_linear=0
shrinkage=0.00974396


Tree=194
num_leaves=31
num_cat=0
split_feature=68 72 9 12 60 69 55 49 24 41 56 49 48 41 49 48 32 55 58 21 48 19 6 41 28 24 1 28 28 9
split_gain=4.68377 5.34005 3.90018 4.57747 4.81309 3.91462 3.72029 8.91782 3.58003 5.08249 3.59964 3.47406 3.2861 3.08911 3.04636 5.86397 2.82958 2.72112 2.69111 2.70469 2.6379 2.68365 2.60686 2.31949 2.73496 3.28053 3.85684 3.06457 2.9231 2.59709
threshold=1.0000000180025095e-35 1.0000000180025095e-35 8.3500000000000014 17.075000000000006 50.500000000000007 1.0000000180025095e-35 1.8445833333333337 0.23500000000000001 2.0950000000000002 83.250000000000014 1.7427482540763781 11.215000000000002 15.830000000000002 63.770000000000003 1.9150000000000003 0.35500000000000004 2.204476566878657 0.61524999999999996 12.500000000000002 11.645000000000001 7.1750000000000016 8.7069166666666682 24.200000000000006 71.420000000000016 4.0750000000000002 7.9750000000000005 5.4200000000000008 2.8350000000000004 -0.41999999999999993 0.40500000000000008
decision_type=2 2 2 2 2 2 2 2 2 2 2 2 2 2 2 2 2 2 2 2 2 2 2 2 2 2 2 2 2 2
left_child=1 2 5 -4 11 8 14 -8 9 -1 17 18 22 -9 -2 -16 -3 -10 -5 -20 21 -11 23 -12 25 26 28 -28 -25 -26
right_child=6 16 3 4 -6 -7 7 13 10 20 12 -13 -14 -15 15 -17 -18 -19 19 -21 -22 -23 -24 24 29 -27 27 -29 -30 -31
leaf_value=-0.0096255686187931202 -0.0093622486670900586 0.0055588194218073334 -0.010810896041799831 0.0044113899360997758 0.0015828431075750372 -0.0085488877046070409 0.01146737803778184 0.0038221131143433441 0.011127361616996075 0.0021730506282539304 -0.00080333536315440332 0.015257222533601325 0.014149929170807712 -0.011814590401642035 0.020470311411955402 -0.0071211853627670095 -0.0070888547333239722 -0.0085436466734861126 0.0032805449368467658 -0.010482253102451723 -0.011659640170217412 -0.0049383914898384184 0.014073262861422501 0.0047459133735768882 0.011369975589598649 -0.0077922410071342057 0.0058921466376998409 -0.0024514032767488044 -0.012260997197436965 0.0040496841811542839
leaf_weight=4.974692326039075 11.77229315787554 1.9083805456757534 4.5745516717433921 1.7531447261571855 29.723467707633972 3.4826701022684565 4.154975049197672 1.6642253771424291 0.76017386093735595 36.536637481302023 14.671295180916784 0.68798433616757471 2.5420722216367713 4.0323798917233944 1.0010830499231809 2.4312100484967232 12.131820555776356 4.0307596065104008 1.5542667508125294 9.2335748150944692 1.5339861586689938 5.7990056984126559 1.9406999126076687 1.4379355832934377 5.1579505801200858 3.4478345848619929 17.013407431542877 5.4885839000344268 2.7034631967544618 43.445099018514156
leaf_count=48 158 10 55 14 182 38 21 11 6 221 97 7 12 32 7 29 152 50 8 148 11 57 11 8 23 22 86 30 20 219
internal_value=-9.82416e-06 0.000451399 0.000855226 -0.00158441 -0.000590222 0.00160447 -0.00399549 0.000656977 0.0018408 -0.000328166 0.00287397 -0.00547308 0.00327904 -0.00722902 -0.00701258 0.00102371 -0.00535044 -0.00533382 -0.00666257 -0.00848306 0.000730541 0.00119242 0.00298229 0.00274483 0.00340802 0.00109201 0.00225582 0.00385066 -0.00633583 0.00483734
internal_weight=241.59 216.533 202.493 47.527 42.9524 154.966 25.0562 9.85158 151.484 48.8443 102.639 13.229 97.8483 5.69661 15.2046 3.43229 14.0402 4.79093 12.541 10.7878 43.8696 42.3356 95.3063 93.3656 78.6943 30.0912 26.6434 22.502 4.1414 48.603
internal_count=1793 1535 1373 414 359 959 258 64 921 337 584 177 528 43 194 36 162 56 170 156 289 278 516 505 408 166 144 116 28 242
is_linear=0
shrinkage=0.00974396


Tree=195
num_leaves=31
num_cat=0
split_feature=68 47 17 7 6 42 55 15 14 5 66 17 42 6 55 49 67 21 53 49 7 26 34 50 37 24 63 24 53 38
split_gain=4.6116 4.80446 4.05837 6.88485 3.58118 3.43044 3.03769 3.01303 2.87934 4.80034 4.6446 2.98915 2.65477 3.47705 6.2927 4.7556 3.24707 3.29049 4.40642 4.88301 4.86555 3.17737 3.39861 2.96972 2.92851 2.90447 2.83504 3.52298 2.66238 2.66884
threshold=1.0000000180025095e-35 63.01250000000001 20.560000000000006 11.170000000000003 27.415000000000003 55.95000000000001 2.2184166666666676 31.565000000000005 30.465000000000007 19.070000000000004 190.50000000000003 22.810000000000002 61.845000000000006 12.055000000000001 1.6820000000000002 0.18500000000000003 1.0000000180025095e-35 -2.7149999999999994 0.7350000000000001 0.52500000000000013 1.2852500000000002 -0.48499999999999993 6.2500000000000009 0.12500000000000003 56.105000000000011 -1.325 12.500000000000002 8.5000000000000018 4.5250000000000012 69.645000000000024
decision_type=2 2 2 2 2 2 2 2 2 2 2 2 2 2 2 2 2 2 2 2 2 2 2 2 2 2 2 2 2 2
left_child=1 7 6 -4 5 -3 -2 -1 9 10 -5 -12 -7 16 -15 -16 17 -14 19 20 -19 -20 -23 -17 -22 -24 -21 -28 29 -25
right_child=2 4 3 8 -6 12 -8 -9 -10 -11 11 -13 13 14 15 23 -18 18 21 26 24 22 25 28 -26 -27 27 -29 -30 -31
leaf_value=-0.0086167445242673283 -0.0083480902523138233 -0.0062272021737430497 0.042779118859105694 -0.01102723757433938 0.017629861433622822 0.0054997603286936012 0.01142567122496807 0.0033489344107542388 0.011781330314076938 -0.011275907510116827 -0.00091195629765113801 0.017110280682921059 -0.0038785553454590486 -0.010513614092589059 -0.0080996813797226761 0.0073991108578515888 0.0042637427195591094 0.014960346372850852 -0.002880505592066253 -0.0065387303655923112 0.0046804104079535541 0.014390914103134863 -0.0082580866733958213 -0.011316497115750375 -0.0067411047598830327 0.0041688410897606663 0.00095034793391547744 0.0094426675329038028 -0.010779682671211819 0.0017131433775351428
leaf_weight=8.4446949288248998 13.76793809235096 6.5538738369941703 0.31840274482965369 1.4690048433840255 1.154492214322089 11.283722568303345 0.74213993549347002 2.5735549330711356 1.4331644289195526 3.7186622992157936 1.5046630501747134 1.99328051880002 13.518020067363976 6.5901745446026316 6.0172458663582793 6.1202372983098057 29.297136731445789 1.1407250612974191 6.6492838300764552 3.3969183862209347 2.376948386430743 2.9465850591659537 1.8358679078519333 1.5664470419287742 17.986535232514143 36.8800811432302 20.751500904560093 5.9561428353190413 2.0187159888446322 21.235628340393305
leaf_count=127 162 61 2 14 6 70 4 22 9 44 12 11 115 97 60 35 155 5 49 34 12 12 13 13 164 195 117 28 21 124
internal_value=-9.81674e-06 0.000447421 -0.00397394 0.000648953 0.000784829 0.000685708 -0.0073011 -0.00580845 -0.000817184 -0.00295235 0.00329159 0.00939428 0.000916814 0.000637476 -0.00177031 -0.000198728 0.00137325 0.000624457 0.00123616 -0.000741491 -0.0042856 0.00335036 0.00434956 0.00134162 -0.0053955 0.00356885 0.00178807 0.00285961 -0.000155778 0.000795334
internal_weight=241.242 216.295 24.9473 10.4372 205.276 204.122 14.5101 11.0182 10.1188 8.68561 4.96695 3.49794 197.568 186.284 43.5484 36.9583 142.736 113.439 99.9206 51.6088 21.5042 48.3118 41.6625 30.941 20.3635 38.7159 30.1046 26.7076 24.8208 22.8021
internal_count=1793 1535 258 92 1386 1380 166 149 90 81 37 23 1319 1249 350 253 899 744 629 360 181 269 220 193 176 208 179 145 158 137
is_linear=0
shrinkage=0.00974396


Tree=196
num_leaves=31
num_cat=0
split_feature=72 68 17 7 59 9 12 60 69 24 63 56 49 49 27 52 52 4 58 20 54 17 24 17 13 2 58 13 54 56
split_gain=4.55962 5.25091 4.13374 6.58714 4.06492 3.76453 4.53483 4.68072 3.83538 3.4602 3.81532 3.5143 3.3991 3.16516 4.16043 3.14467 3.16092 4.13335 2.67361 2.65943 2.59587 2.33948 3.16606 3.71118 2.39954 2.12732 2.02646 2.01153 1.94606 2.39816
threshold=1.0000000180025095e-35 1.0000000180025095e-35 20.560000000000006 11.170000000000003 0.39250000000000007 8.3500000000000014 17.075000000000006 50.500000000000007 1.0000000180025095e-35 2.0950000000000002 53.500000000000007 1.7427482540763781 11.215000000000002 0.28500000000000009 14.340000000000002 0.30500000000000005 0.025000000000000005 16.590000000000003 12.500000000000002 5.5191190948688122 2.0750000000000006 26.055000000000003 15.755000000000001 23.885000000000002 22.085000000000004 1.8600000000000003 36.790000000000013 15.250000000000002 6.3050000000000006 2.8055585427636891
decision_type=2 2 2 2 2 2 2 2 2 2 2 2 2 2 2 2 2 2 2 2 2 2 2 2 2 2 2 2 2 2
left_child=1 5 -3 -4 -5 8 -7 12 9 10 27 20 18 -6 -15 16 -2 26 -8 -20 -11 22 23 24 -9 -13 -18 -1 -27 -30
right_child=15 2 3 4 13 6 7 21 -10 11 -12 25 -14 14 -16 -17 17 -19 19 -21 -22 -23 -24 -25 -26 28 -28 -29 29 -31
leaf_value=-0.006499368064078229 -0.010682815053294775 -0.0072684077185284886 0.041579794649813095 -0.0086988184399194781 0.012794977491664347 -0.010796515428725556 0.0044218385583626027 0.00091956045859609397 -0.0085147269559385595 -0.0084675398757792977 0.0012445141705363985 -0.011412185870284671 0.01499594275036949 -0.011705141578899058 0.0083891697540670711 -0.010728460034625031 -0.010329784346470796 0.011824253444260828 -0.010495864682440036 0.0029661196682445302 0.010723104581840353 -0.0025890246298846168 0.00970291298639386 0.0096704839690840479 -0.0092776482623988486 0.0037424772760259149 0.0057418811101944273 0.0057008777728395736 -0.011223691849717044 0.0018564294494643001
leaf_weight=10.715921398252247 2.4089884944260103 14.433278709650041 0.3254408985376348 3.7189111299812776 2.4031256809830666 4.524198915809392 1.752261556684968 8.8351262994110638 3.4526940546929827 4.0002489015460005 36.62873749807477 0.89390922337770362 0.69386239349842149 1.8651329204440119 1.9732147604227064 5.9714657440781584 2.1004864871501923 2.5092691406607628 9.044965021312235 1.6122018769383419 0.76351352781057347 8.9300115630030614 5.4647566378116599 3.6006908416748038 2.8666280955076209 90.287142671644688 1.1023147664964201 1.4165477827191342 1.7920850291848172 4.8188414126634598
leaf_count=102 33 166 2 49 14 55 14 56 38 51 227 7 7 14 12 81 31 12 146 10 5 59 26 17 24 477 6 8 17 27
internal_value=-9.73759e-06 0.000324243 -0.00391055 0.000798174 -0.000672455 0.000843482 -0.00155929 -0.000571294 0.00157921 0.00181243 -0.000322012 0.00282827 -0.00541598 0.00411299 -0.00136087 -0.00538066 -0.00140149 0.00253469 -0.0066093 -0.00844414 -0.00530541 0.00156616 0.0033605 0.00106901 -0.00158926 0.00322767 -0.00475648 -0.00505123 0.00336841 -0.00171339
internal_weight=240.906 226.813 24.7191 10.2858 9.96038 202.094 47.3247 42.8005 154.77 151.317 48.7612 102.556 13.1033 6.24147 3.83835 14.0925 8.12106 5.71207 12.4094 10.6572 4.76376 29.6972 20.7672 15.3024 11.7018 97.792 3.2028 12.1325 96.8981 6.61093
internal_count=1793 1630 257 91 89 1373 414 359 959 921 337 584 177 40 26 163 82 49 170 156 56 182 123 97 80 528 37 110 521 44
is_linear=0
shrinkage=0.00974396


Tree=197
num_leaves=31
num_cat=0
split_feature=67 71 70 55 9 73 41 40 9 54 40 54 10 13 18 13 0 60 2 55 60 42 55 55 54 42 38 37 51 51
split_gain=4.45531 8.81517 15.6003 5.36115 4.99384 4.23315 3.57057 3.7483 3.8435 3.36172 3.30635 3.18992 2.9591 3.56292 2.83945 2.82352 3.22097 3.28465 3.07039 2.76866 2.71682 3.3404 2.6131 2.52118 2.47826 3.0674 2.68678 2.44037 5.38755 3.66164
threshold=1.0000000180025095e-35 1.0000000180025095e-35 1.0000000180025095e-35 1.9823333333333337 8.3500000000000014 1.0000000180025095e-35 70.000000000000014 88.515000000000015 1.9150000000000003 0.03500000000000001 65.020000000000024 0.015000000000000001 8.0700000000000021 1.97 32.555000000000007 25.525000000000002 20.910000000000004 50.500000000000007 18.525000000000002 1.9918333333333333 39.500000000000007 82.610000000000014 2.6302500000000006 1.3499999999999999 1.1450000000000002 83.795000000000016 64.215000000000018 93.410000000000011 2.8250000000000006 0.26500000000000007
decision_type=2 2 2 2 2 2 2 2 2 2 2 2 2 2 2 2 2 2 2 2 2 2 2 2 2 2 2 2 2 2
left_child=1 2 3 12 6 19 14 8 -8 10 -6 -9 13 -1 -3 -14 17 -17 -18 -5 21 -2 -12 -4 26 -26 -10 -13 29 -29
right_child=20 4 23 5 9 -7 7 11 24 -11 22 27 15 -15 -16 16 18 -19 -20 -21 -22 -23 -24 -25 25 -27 -28 28 -30 -31
leaf_value=-0.010833444059495167 0.019422943163027249 -0.0078534048787705368 -0.0014638823742103074 0.0041050836039614007 -0.010170048286576791 0.0056511911171813964 0.0027847892205778665 -0.01061146143378028 0.0024330262329678404 -0.0046375019252837425 0.012690731514802723 -0.0004522982755000059 -0.0086362464977686043 0.0082510233317704563 0.011583013399469134 -0.010054243670003704 0.012094448889626287 0.009859100789208812 -0.009738755149174735 -0.0066123280074005791 0.002132999518977012 -0.0001192813207414553 -0.0013742359440508305 0.0053575725918292927 -0.010843319747096862 0.0073201626337986254 0.014580723089257858 -0.0025180773661645037 -0.0043912927271142687 0.014929400832953956
leaf_weight=1.4181383550167077 1.9399026185274117 4.6949667669832698 6.8768319636583355 2.9746434092521694 1.2880831658840204 6.5102217048406592 25.006018593907356 2.1781528815627125 2.2795532643794996 17.856863208115101 3.0834258571267128 19.665649343281988 37.804592795670033 2.5229873694479465 0.80157363414764393 1.0571889355778679 0.65498315542936314 2.7425724118947983 5.2113117426633835 9.4260296039283258 38.606095783412457 1.4087202027440069 2.0601003505289555 19.915380023419857 1.0783789828419674 4.1580742299556732 7.7293382659554482 1.4663264602422694 3.351449690759182 4.8030252680182457
leaf_count=14 9 42 49 14 20 38 136 14 11 170 21 110 484 16 6 18 6 16 61 80 226 8 15 93 10 19 38 10 17 22
internal_value=-9.73934e-06 -0.000619835 -0.0027184 -0.00512898 0.00138705 -0.000683583 0.00259983 0.0031815 0.00515012 -0.00246115 0.0035534 0.000655931 -0.00675997 0.00131434 -0.00493657 -0.00743352 -0.00270119 0.00424129 -0.00721805 -0.00402656 0.00287342 0.0112538 0.00706354 0.00360233 0.00900512 0.0035049 0.0118462 0.00151079 0.0055229 0.0108377
internal_weight=240.571 198.616 97.1149 70.3227 101.501 18.9109 77.2125 71.716 40.2514 24.2885 6.43161 31.4646 51.4118 3.94113 5.49654 47.4706 9.66606 3.79976 5.86629 12.4007 41.9547 3.34862 5.14353 26.7922 15.2453 5.23645 10.0089 29.2865 9.6208 6.26935
internal_count=1793 1550 889 747 661 132 435 387 214 226 56 173 615 30 48 585 101 34 67 94 243 17 36 142 78 29 49 159 49 32
is_linear=0
shrinkage=0.00974396


Tree=198
num_leaves=31
num_cat=0
split_feature=67 61 30 49 49 59 26 39 74 17 33 53 20 10 3 37 10 28 41 37 14 14 17 6 30 20 59 40 12 6
split_gain=4.36835 4.43651 6.5596 5.62722 3.56507 3.72086 3.86617 3.47261 3.4194 3.01744 5.55955 2.96572 2.95617 2.93374 3.31222 2.92832 4.34448 2.94062 3.35163 2.87225 2.66568 2.87704 2.56967 2.94276 2.55918 2.53371 2.5317 4.15954 2.86252 2.66273
threshold=1.0000000180025095e-35 108.16500000000001 4.8950000000000005 3.8050000000000002 9.7050000000000018 0.17750000000000002 -0.97499999999999987 59.380000000000003 1.0000000180025095e-35 26.055000000000003 10.395000000000001 3.7750000000000004 5.6841443047290969 8.6400000000000023 2.5000000000000004 86.835000000000008 18.335000000000004 3.6950000000000007 96.215000000000018 93.615000000000023 10.295000000000002 7.9750000000000005 8.3500000000000014 2.6050000000000004 15.925000000000002 3.562789769860538 0.44750000000000006 77.595000000000013 19.795000000000005 21.905000000000005
decision_type=2 2 2 2 2 2 2 2 2 2 2 2 2 2 2 2 2 2 2 2 2 2 2 2 2 2 2 2 2 2
left_child=1 2 4 -4 5 7 -7 -1 9 12 -11 13 15 -8 -15 26 17 18 20 -19 21 -17 23 -9 -5 -10 27 28 -3 -28
right_child=-2 8 3 24 -6 6 11 22 25 10 -12 -13 -14 14 -16 16 -18 19 -20 -21 -22 -23 -24 -25 -26 -27 29 -29 -30 -31
leaf_value=0.0048185354400593775 0.0028433913158141069 -0.0083461614677665837 -0.0079679640979634456 -0.0031693826495931329 0.014992895736766878 -0.0053858810365780075 0.0094256281071082165 0.0067362722566268515 0.00040554100613435104 -0.0098788488451119257 0.010095058925329645 -0.0059968440078713948 0.0092549283244546029 -0.01079366027102595 0.0020662554139927848 -0.00078256202342241819 -0.0078575992008500222 -0.00017658299296967962 -0.01028065809326734 0.012716098116247153 -0.0098357748709473961 0.012044630426419341 -0.010347738811300536 -0.010295917763821296 0.011622143740169406 0.011185026479989202 0.0009038959628386333 0.0089977171971300837 0.0039530301178548827 -0.011227151272536148
leaf_weight=2.6885489076375952 41.986956920474768 2.8027752116322544 23.462780445814136 2.2398497015237799 1.3437683172523964 9.2579413726925832 4.8298392891883841 2.1644893810153003 3.5698816850781423 6.0291949994862071 1.6535161621868608 4.4801194444298735 3.7412630543112746 1.9711368717253197 35.056058924645185 5.0696998387575203 8.5807443186640722 3.5269107669591895 3.5290436521172515 2.997522160410881 1.7555195242166517 2.4164515286684036 8.3823906481266004 1.672670818865299 2.1228266581892967 4.985422745347023 31.41975137963891 9.8417061604559404 4.845824096351862 1.7792074754834164
leaf_count=19 243 21 345 25 7 86 26 15 19 57 12 37 19 22 211 26 69 19 24 13 9 11 108 25 17 23 187 51 31 16
internal_value=-9.69485e-06 -0.000615113 -0.00206461 -0.00607831 -0.000506019 -0.000811048 0.000346887 -0.0051278 0.000849908 0.000287532 -0.00553524 0.00149845 0.000834872 0.0023084 0.00136798 0.00042806 -0.0021048 0.000457195 -0.002254 0.00576604 0.000826457 0.00338032 -0.00733467 -0.000683086 0.00403665 0.00672333 0.00182402 0.00482027 -0.000556018 0.000237988
internal_weight=240.204 198.217 99.6724 27.8255 71.847 70.5032 55.5951 14.9081 98.5444 89.9891 7.68271 46.3372 82.3064 41.857 37.0272 78.5652 27.8759 19.2951 12.7707 6.52443 9.24167 7.48615 12.2196 3.83716 4.36268 8.5553 50.6893 17.4903 7.6486 33.199
internal_count=1793 1550 943 387 556 549 382 167 607 565 69 296 496 259 233 477 171 102 70 32 46 37 148 40 42 42 306 103 52 203
is_linear=0
shrinkage=0.00974396


Tree=199
num_leaves=31
num_cat=0
split_feature=45 73 70 19 8 5 9 71 52 51 6 30 30 5 5 56 8 56 56 24 0 53 30 51 5 9 53 52 53 2
split_gain=4.39338 3.79126 8.16533 3.79659 3.25068 2.99368 5.00058 2.83125 3.47906 4.08771 4.83446 5.1077 3.43199 2.5744 2.75388 2.55773 2.40913 2.22455 2.16483 2.97418 4.3421 2.73822 2.51922 2.9398 2.3567 2.74633 5.56835 2.96861 2.84611 2.66342
threshold=42.650000000000006 1.0000000180025095e-35 1.0000000180025095e-35 26.203916666666672 5.0989012279908676 19.545000000000005 15.750000000000002 1.0000000180025095e-35 2.6750000000000003 0.68500000000000016 12.840000000000002 0.57500000000000007 -1.4249999999999996 16.620000000000005 20.275000000000002 1.7586442418608697 2.3417535779460077 4.5751794567494537 5.2302536910021695 -0.24499999999999997 2.8700000000000006 2.3500000000000001 7.5550000000000006 3.6700000000000004 -1.1299999999999997 -1.1949999999999996 0.91500000000000015 8.1650000000000009 1.0000000180025095e-35 3.9200000000000004
decision_type=2 2 2 2 2 2 2 2 2 2 2 2 2 2 2 2 2 2 2 2 2 2 2 2 2 2 2 2 2 2
left_child=4 2 3 7 -1 15 -7 -2 9 17 11 -11 -10 -4 -15 16 -3 -9 19 20 21 -17 23 -20 -21 26 29 28 -27 -26
right_child=1 5 13 -5 -6 6 -8 8 12 10 -12 -13 -14 14 -16 18 -18 -19 22 24 -22 -23 -24 -25 25 27 -28 -29 -30 -31
leaf_value=-0.008363707607825524 -0.0037128882463568478 0.0083532948731313717 0.0019469481394988211 0.0066206246362845956 0.0079439055099613867 -0.0082796830284767135 0.01525367266828547 -0.009109917957765579 -0.010948267727434893 -0.0016077116837036618 -0.010618468190590962 0.018274754698802156 0.012645370664419266 0.015094615672510379 0.0023331079926292831 0.0044693416378524921 -0.0064339175113644845 0.0048271315504928086 0.0082484466024884684 0.01173908243389998 -0.011396025707606273 -0.0064326348833096993 -0.010618248888435126 -0.0082434313952157758 0.0014482999419067263 -0.0027573737342742374 0.0043087400849291628 0.011289166175415147 0.0037281653550044406 -0.012122401633817521
leaf_weight=8.8994586057960969 64.899126213043928 1.2269498854875553 9.6538686603307742 4.2582083791494361 1.2955973595380772 5.8469870425760737 0.96509546786546696 6.0303282178938407 0.67176125198602665 2.3152757957577705 1.5785615928471086 2.5329456329345703 3.3473345413804045 3.8931055068969718 2.78548963367939 7.5419604107737523 5.9543485790491104 1.2868829518556593 2.4713234007358542 2.8782136812806121 3.3154673986136904 3.0327518433332443 2.6184606105089188 1.6959552988409994 1.9632742628455142 7.1020937860012046 7.9676826000213623 4.4202822372317305 63.085427578538656 4.3570946305990219
leaf_count=157 593 6 56 28 9 51 5 58 5 16 18 12 19 17 12 39 71 7 12 13 30 22 31 9 10 50 39 21 345 32
internal_value=-9.67307e-06 0.000268048 -0.00111635 -0.00230546 -0.00625731 0.00139955 -0.00486171 -0.00276961 0.000670133 -0.00165823 0.00398743 0.00881421 0.00860562 0.00519497 0.00983386 0.00175856 -0.0038595 -0.00662931 0.00211964 0.00246314 -0.00172929 0.00131901 -0.00319457 0.00149269 0.00309951 0.00281352 -0.00109087 0.00356313 0.00306897 -0.00790319
internal_weight=239.891 229.696 103.253 86.9204 10.1951 126.443 6.81208 82.6622 17.7631 13.744 6.42678 4.84822 4.0191 16.3325 6.6786 119.631 7.1813 7.31721 112.45 105.664 13.8902 10.5747 6.78574 4.16728 91.7741 88.8959 14.2881 74.6078 70.1875 6.32037
internal_count=1793 1627 841 756 166 786 56 728 135 111 46 28 24 85 29 730 77 65 653 601 91 61 52 21 510 497 81 416 395 42
is_linear=0
shrinkage=0.00974396


Tree=200
num_leaves=31
num_cat=0
split_feature=72 68 5 59 49 49 47 16 52 53 61 3 46 66 61 47 53 66 66 49 41 5 66 52 42 30 3 20 61 16
split_gain=4.3539 5.00598 4.03773 5.44805 6.52293 4.28881 3.9194 3.18841 3.1429 4.00306 3.0036 2.94496 2.79457 3.11504 4.9466 4.93787 4.4733 3.82447 3.21811 3.29557 2.57467 3.38615 4.45735 3.49418 3.63209 2.81014 4.42572 2.55838 2.39301 2.36258
threshold=1.0000000180025095e-35 1.0000000180025095e-35 15.385000000000003 0.42250000000000004 0.28500000000000009 6.7650000000000006 63.01250000000001 31.490000000000006 0.30500000000000005 1.0300000000000002 133.10500000000005 24.940000000000001 99.730000000000004 218.50000000000003 116.36500000000002 63.802500000000009 0.83500000000000008 357.50000000000006 269.50000000000006 1.7550000000000001 71.420000000000016 6.4350000000000014 69.500000000000014 1.3600000000000003 97.395000000000024 3.4150000000000005 19.855000000000004 5.5191190948688122 63.655000000000008 10.570000000000002
decision_type=2 2 2 2 2 2 2 2 2 2 2 2 2 2 2 2 2 2 2 2 2 2 2 2 2 2 2 2 2 2
left_child=1 6 10 -4 -5 -6 11 12 9 -2 -3 -1 13 20 15 -15 27 -17 -18 -20 25 23 -23 24 29 -8 -27 -16 -24 -22
right_child=8 2 3 4 5 -7 7 -9 -10 -11 -12 -13 -14 14 16 17 18 -19 19 -21 21 22 28 -25 -26 26 -28 -29 -30 -31
leaf_value=-0.0083103096429281396 -0.0083671851729950689 -0.0083598721732644418 -0.0072077243141901639 0.01803122434707085 -0.011556736075606382 0.01103601828109938 -0.0051343640049906596 0.014636396888675986 -0.010707557419917897 0.0053343949416162668 0.011301823120709849 0.003912190253282149 -0.0071435207380844299 0.0087818946015317742 0.0028628865575513049 -0.0097902283310316342 -0.008300273535093057 0.0125226392356933 0.0039650529317742733 -0.011082301020329801 0.0015819619949540772 0.019805398832739223 -0.0049547156838327406 0.0036819947444168156 -0.01203549415481656 0.0052387231069506547 -0.0084681262878752821 0.014545010660189131 0.004404322167704579 -0.0038241216341349188
leaf_weight=7.2719848453998548 3.8941504880785924 13.199132811278105 4.5911820828914625 2.6769641935825348 1.9318367689847948 1.3012688159942625 9.4659335911273974 1.6093629524111737 5.8541995137929908 4.1300359480082989 0.74408452212810594 2.4745686203241348 3.865813970565795 1.8223563656210888 17.46123239398003 10.868356138467785 6.2795870900154105 0.74518734216690141 6.7305405512452108 1.6976011693477628 25.750597942620516 1.6965471357107151 2.709279876202344 28.230504252016544 2.5209424495697013 9.2377868182957155 2.9064533933997145 1.9590186923742283 45.041535466909409 10.889651626348494
leaf_count=110 52 162 57 13 15 6 79 8 81 30 4 22 41 13 103 151 59 6 32 15 149 7 28 145 19 54 27 9 210 86
internal_value=-9.60052e-06 0.000315985 -0.00384353 0.000708863 0.00688695 -0.00240219 0.000822508 0.00113021 -0.00529979 -0.00130714 -0.00727398 -0.00519095 0.0010122 0.00118378 -0.000965173 -0.00596589 0.00100421 -0.00831185 -0.00304009 0.000883446 0.00192304 0.00249474 0.00443118 0.00107033 -0.000810818 -0.00116101 0.00193183 0.00407365 0.00386716 -2.35325e-05
internal_weight=239.558 225.679 24.4445 10.5013 5.91007 3.23311 201.235 191.488 13.8784 8.02419 13.9432 9.74655 189.879 186.013 47.5639 13.4359 34.128 11.6135 14.7077 8.42814 138.449 116.839 49.4474 67.3917 39.1612 21.6102 12.1442 19.4203 47.7508 36.6402
internal_count=1793 1630 257 91 34 21 1373 1241 163 82 166 132 1233 1192 388 170 218 157 106 47 804 644 245 399 254 160 81 112 238 235
is_linear=0
shrinkage=0.00974396


Tree=201
num_leaves=31
num_cat=0
split_feature=45 70 42 25 66 55 14 23 44 37 55 38 66 65 14 37 51 5 23 42 3 55 38 49 25 11 58 7 42 38
split_gain=4.27842 3.60649 3.3184 2.64287 2.62808 3.69481 5.56663 4.59045 2.61506 4.36419 3.69397 3.86498 3.17909 4.22387 3.05318 2.85116 2.78906 2.78852 2.94394 2.55233 2.49645 2.49522 2.17728 2.12368 2.98659 2.25452 3.32094 2.35987 2.42109 2.1845
threshold=42.650000000000006 1.0000000180025095e-35 45.695000000000007 7.2350000000000012 281.50000000000006 2.0693333333333341 10.495000000000003 7.4000000000000012 8.992430014836934 78.535000000000011 1.4205833333333338 67.420000000000002 102.50000000000001 56.500000000000007 20.605000000000004 89.420000000000016 4.8900000000000015 6.5850000000000009 7.2125000000000012 83.390000000000015 19.555000000000003 1.3499999999999999 88.745000000000019 0.075000000000000025 3.0250000000000004 16.085000000000004 22.780000000000005 16.833250000000003 65.815000000000012 82.820000000000007
decision_type=2 2 2 2 2 2 2 2 2 2 2 2 2 2 2 2 2 2 2 2 2 2 2 2 2 2 2 2 2 2
left_child=2 4 -1 -4 8 7 -7 -6 9 10 11 14 17 15 19 23 -17 18 -11 -2 -12 -3 -8 -14 -25 29 27 -27 -29 -26
right_child=1 21 3 -5 5 6 22 -9 -10 12 20 -13 13 -15 -16 16 -18 -19 -20 -21 -22 -23 -24 24 25 26 -28 28 -30 -31
leaf_value=0.0073207331342574873 0.00548171265857354 -0.0014229012857104857 0.0066836474018613663 -0.010369455187805894 0.0052826042766170572 0.013883612773858509 0.0027952676040667716 -0.0075590126606791428 0.0028469748009739199 -0.00073352349889319122 0.0004592437479460976 -0.010989552861511353 -0.0056184571573902609 0.014223532920171606 -0.0082448353412651783 -0.011655756325934338 0.0044028274245801989 0.0074717215984870895 -0.010924959041917447 -0.010337525586763078 -0.0074543642535458742 0.0054013258883173418 -0.0076870231903150834 -0.011159675296579319 0.0090788292197585933 0.010921893808991874 -0.010804847205640185 0.003291034039648106 -0.010993436712842348 0.0028863518911635064
leaf_weight=1.435913674533366 4.9277434162795561 6.8025033250451115 0.93569194525480082 7.7173293717205524 3.1316876001656118 2.6519323587417585 3.7055325135588646 15.816776461899279 30.844329107552767 41.36214579641819 28.753778342157602 8.2165465354919416 2.4908129647374144 2.8932105749845496 4.3510145992040634 2.5981697626411906 1.6418460756540296 3.5996422581374636 2.8454394154250613 1.1630266606807707 4.317299958318471 19.672268152236938 3.7303863316774368 1.2086856551468361 10.867341432720425 2.539913095533846 1.9670127183198918 4.5363562032580376 1.4567549228668211 10.9920766800642
leaf_count=13 35 48 6 147 26 13 22 197 180 277 183 103 15 13 52 22 9 20 33 16 39 90 30 12 62 13 21 22 13 61
internal_value=-9.58596e-06 0.000263816 -0.00620819 -0.00848983 -0.000177771 -0.00288946 0.00186047 -0.00542365 0.000275646 -0.000279736 -0.00253929 -0.00600193 0.00100384 0.00291934 -0.00203973 0.00209213 -0.00542348 -0.000725009 -0.00140109 0.00239542 -0.000577258 0.00364354 -0.00245847 0.00298411 0.0036318 0.00420051 0.000473518 0.00312419 -0.000206679 0.00598103
internal_weight=239.173 229.084 10.0889 8.65302 202.609 29.0363 10.0879 18.9485 173.573 142.729 51.7294 18.6583 90.9994 43.1922 10.4418 40.299 4.24002 47.8072 44.2076 6.09077 33.0711 26.4748 7.43592 36.059 33.5681 32.3595 10.5 8.53302 5.99311 21.8594
internal_count=1793 1627 166 153 1489 288 65 223 1201 1021 428 206 593 263 103 250 31 330 310 51 222 138 52 219 204 192 69 48 35 123
is_linear=0
shrinkage=0.00974396


Tree=202
num_leaves=31
num_cat=0
split_feature=72 68 33 55 38 5 56 5 34 5 2 52 51 4 60 67 55 52 38 55 7 67 58 58 25 35 66 56 2 22
split_gain=4.28993 4.90486 4.02738 4.21496 4.33794 3.99127 3.73843 3.92311 3.73474 3.33927 4.21137 3.11932 3.1281 3.40751 3.04737 5.49725 2.9552 2.86279 2.75145 2.74886 3.04958 2.56174 2.79869 2.78435 3.81604 2.59334 2.46151 2.39872 2.8026 5.26797
threshold=1.0000000180025095e-35 1.0000000180025095e-35 3.3350000000000004 1.4760000000000002 88.095000000000013 15.385000000000003 1.7871308947943856 5.9300000000000006 7.7300000000000013 19.070000000000004 23.055000000000003 0.30500000000000005 0.095000000000000015 16.590000000000003 37.500000000000007 1.0000000180025095e-35 2.2184166666666676 1.3600000000000003 97.815000000000012 1.9358333333333335 19.168333333333337 1.0000000180025095e-35 13.670000000000002 20.940000000000001 2.4250000000000003 -1.6649999999999998 40.500000000000007 1.9229896504856732 6.9150000000000009 16.365000000000002
decision_type=2 2 2 2 2 2 2 2 2 2 2 2 2 2 2 2 2 2 2 2 2 2 2 2 2 2 2 2 2 2
left_child=1 2 6 -4 -5 16 8 21 17 19 -11 12 13 -2 15 -10 -3 -1 -14 20 -7 23 25 27 -25 -23 -9 -8 -29 -30
right_child=11 5 3 4 -6 9 7 26 14 10 -12 -13 18 -15 -16 -17 -18 -19 -20 -21 -22 22 -24 24 -26 -27 -28 28 29 -31
leaf_value=-0.002483229979985787 -0.0099013642870673397 -0.0083306056300557867 -0.010245801108477386 0.00038686723582448689 -0.0093414046263603761 -0.0069475570097417456 0.0038791847101446158 0.01732402993675046 -0.010523706716482855 -0.011281093732109761 0.010146990362089691 -0.010697395245171659 -0.010654177086547156 0.011466506630745367 -0.009470228170052131 0.013271492919948537 0.011133074239367479 0.0095808950961613262 0.0074431288277005628 0.01400961869238697 0.010473471421733244 0.010284482588501925 0.015838309926584984 -0.0018122692836839325 0.009392400829456922 -0.0011498845343186207 0.0034981823669483622 -0.0048995701520404547 0.009623708376489579 -0.0040104192552273968
leaf_weight=4.1684542074799564 0.93976267799734925 13.095101103186607 4.773932307958602 40.678511276841164 4.8332843594253054 2.2211154624819742 5.9469154924154273 1.2149207293987263 1.8067201822996122 3.2784836404025555 1.1424801200628278 5.7986545003950596 3.5276356674730778 2.5323093831539154 7.6421599537134171 1.8035480603575706 0.74775077402591783 3.3120935559272766 0.98978132009506214 2.2003129348158836 1.6132830008864401 2.7020503729581824 1.7606978267431248 5.8566186130046827 5.6038357615470886 5.9562918841838828 69.864705704152584 21.423416417092085 4.2494656890630704 7.1795624978840351
leaf_count=30 16 162 92 308 46 22 36 5 21 39 10 81 49 13 105 10 4 15 4 11 9 11 8 35 25 35 364 160 19 48
internal_value=-9.61356e-06 0.000313415 0.000814546 -0.00157075 -0.000650293 -0.00381701 0.00161262 0.00219224 -0.00245359 0.000716056 -0.00567614 -0.00527849 -0.001298 0.00560259 -0.00599673 0.00134262 -0.00724279 0.00286243 -0.0066323 0.0054261 0.000379585 0.000369674 0.00475903 -0.000540582 0.00366814 0.00243275 0.00374531 -0.00178938 -0.00282263 0.00106268
internal_weight=238.864 225.076 200.777 50.2857 45.5118 24.2985 150.491 131.758 18.733 10.4557 4.42096 13.7881 7.98949 3.47207 11.2524 3.61027 13.8429 7.48055 4.51742 6.03471 3.8344 60.6789 10.419 50.2598 11.4605 8.65834 71.0796 38.7994 32.8524 11.429
internal_count=1793 1630 1373 446 354 257 927 746 181 91 49 163 82 29 136 31 166 45 53 42 31 377 54 323 60 46 369 263 227 67
is_linear=0
shrinkage=0.00974396


Tree=203
num_leaves=31
num_cat=0
split_feature=72 68 17 29 59 48 33 62 24 56 32 14 62 25 63 26 17 24 59 67 67 63 37 62 48 51 4 38 62 29
split_gain=4.23313 4.82554 4.01051 5.92677 4.21831 4.20543 3.95329 4.17961 4.58904 3.66957 3.84755 4.50026 3.61009 3.57424 4.13918 3.45369 3.27147 3.14089 3.12027 3.85515 3.012 3.07474 2.99945 2.89151 2.85413 2.81329 3.9003 2.92505 2.74082 2.69556
threshold=1.0000000180025095e-35 1.0000000180025095e-35 20.560000000000006 8.7050000000000018 0.44250000000000006 0.075000000000000025 3.3350000000000004 1.4760000000000002 15.655000000000003 1.7871308947943856 3.9784318764763547 4.9700000000000006 1.8255833333333338 -0.064999999999999988 56.500000000000007 15.255000000000001 23.885000000000002 15.755000000000001 0.022500000000000003 1.0000000180025095e-35 1.0000000180025095e-35 52.500000000000007 94.890000000000015 2.2184166666666676 14.210000000000003 0.095000000000000015 16.590000000000003 97.815000000000012 2.0204166666666672 3.6600000000000006
decision_type=2 2 2 2 2 2 2 2 2 2 2 2 2 2 2 2 2 2 2 2 2 2 2 2 2 2 2 2 2 2
left_child=1 6 23 -4 -5 -6 9 -8 12 10 11 -1 -9 14 29 16 20 -7 19 -13 21 28 -16 -3 -15 26 -2 -27 -14 -11
right_child=25 2 3 4 5 17 7 8 -10 13 -12 18 15 24 22 -17 -18 -19 -20 -21 -22 -23 -24 -25 -26 27 -28 -29 -30 -31
leaf_value=0.007096655834983096 -0.010233251573417224 -0.0082224705625126814 0.027420825943986003 -0.0074757283213204373 0.018372220155282112 -0.011183241881664337 -0.010238738868961417 -0.010462590870807599 0.0042314576205333696 -0.011218183676103664 -0.010475521807458418 -0.0066967386081024736 0.0021059186297931964 0.0026202212439160755 0.0034309287471807675 -0.01133196271316453 0.0052279969783029364 0.0084626269483268745 -0.0091578474183794667 0.01242613950609682 0.0075777200920969087 0.0066144591504561671 -0.0085611443280670819 0.010982263786425705 0.012351585542710342 -0.010701933413789397 0.007295702192794986 0.0063980408006224804 -0.0084241360616084306 0.0023312819308366661
leaf_weight=5.2987469434738186 1.9211034774780262 13.300210423767567 0.70271263271570106 4.8859487771987897 1.5444283485412595 1.4855413958430292 4.7309119515120974 4.7100959233939639 13.020329777151344 5.1329940892756012 4.3047229014337054 2.0813351497054082 3.0524661317467787 107.19219718500972 12.292631316930054 2.8564120121300212 7.6003431528806678 1.528002083301544 5.1307867765426636 1.8558100536465647 2.4127613157033911 2.1441432163119307 2.3187101744115344 0.75113105773925859 2.9141692966222754 7.6387249901890737 3.0928266085684299 1.0489161573350427 9.6895763128995878 1.8733290955424307
leaf_count=29 32 162 6 59 7 12 92 74 82 50 63 22 17 579 70 25 48 7 57 10 11 11 20 4 14 107 19 5 86 13
internal_value=-9.54366e-06 0.000310753 -0.00379536 0.000861136 -0.00120228 0.00550089 0.000807288 -0.00155778 -0.000644397 0.00159803 -0.00243791 0 -0.0026064 0.00217161 -0.00144488 -0.00125631 -8.00159e-05 -0.00119842 -0.00417258 0.00231704 -0.00242574 -0.00407064 0.00150211 -0.00716029 0.00288306 -0.00526066 0.000528016 -0.00860407 -0.00589279 -0.0075841
internal_weight=238.512 224.81 24.198 10.1466 9.44392 4.55797 200.612 50.217 45.4861 150.395 18.6714 14.3667 32.4658 131.724 21.6177 27.7557 24.8993 3.01354 9.06793 3.93715 17.2989 14.8862 14.6113 14.0513 110.106 13.7016 5.01393 8.68764 12.742 7.00632
internal_count=1793 1630 257 91 85 26 1373 446 354 927 181 118 272 746 153 198 173 19 89 32 125 114 90 166 593 163 51 112 103 63
is_linear=0
shrinkage=0.00974396


Tree=204
num_leaves=31
num_cat=0
split_feature=45 68 17 73 70 53 53 23 26 40 52 52 37 13 46 55 53 15 37 53 53 22 71 27 47 13 55 13 52 32
split_gain=4.15477 3.71649 5.09157 3.23099 6.9521 5.89863 4.09508 3.98985 3.73907 3.30883 3.17227 4.24462 3.44185 4.38634 3.13205 2.84792 2.67009 2.52996 2.51854 2.35716 2.46051 2.97927 2.35299 2.24868 2.40952 4.16855 3.73577 3.07689 2.86701 2.80929
threshold=42.650000000000006 1.0000000180025095e-35 20.560000000000006 1.0000000180025095e-35 1.0000000180025095e-35 0.055000000000000007 0.075000000000000025 24.445000000000004 -0.97499999999999987 95.285000000000011 0.14500000000000005 4.5850000000000009 69.265000000000015 26.300000000000001 92.185000000000016 2.2184166666666676 5.1450000000000005 25.290000000000003 58.990000000000002 1.2800000000000002 1.2450000000000003 12.915000000000001 1.0000000180025095e-35 -1.9849999999999997 80.975000000000023 19.505000000000003 1.2147500000000002 12.835000000000003 2.7050000000000005 3.2519081117337367
decision_type=2 2 2 2 2 2 2 2 2 2 2 2 2 2 2 2 2 2 2 2 2 2 2 2 2 2 2 2 2 2
left_child=16 3 15 4 5 -2 14 8 9 -5 -4 12 13 -12 -7 -3 -1 -6 -8 20 21 -20 -23 -10 27 26 -26 -25 -27 -28
right_child=1 2 10 7 17 6 18 -9 23 -11 11 -13 -14 -15 -16 -17 -18 -19 19 -21 -22 22 -24 24 25 28 29 -29 -30 -31
leaf_value=-0.0077609385514344443 -0.0074043778172265115 -0.0081899827395236907 -0.0076453284699561225 -0.0069820800763030523 0.002754596792534134 0.01973121414557431 -0.011382681221384965 -0.0085631790161698404 0.0095970894464404953 0.0049043768964143076 -0.011156150344607237 -0.0071182698053736801 0.019451663890972689 0.013220892188532792 0.0029105721682652634 0.010834536137604696 0.0095068042063203313 0.011527727361086855 -0.0071532940993166471 -0.003430937969142814 0.0085468917184698869 -0.00040100249473952004 0.0071449638121908075 -0.0074720226423959707 -0.0088257535579662032 -0.012360114604771407 0.0041151058416533087 0.0046028566612025777 0.00045828035166436281 -0.0016545430106210414
leaf_weight=9.0600247867405379 15.050552196800707 13.223383314907551 2.2537692151963693 7.3938135057687742 12.071583412587644 1.4245997443795193 2.2554631493985644 3.4055491536855689 4.2279317565262309 3.1291011795401573 1.166731480509043 1.7855570241808889 2.1422402076423168 1.6348938532173631 3.8878749310970306 0.75444865226745683 0.89973673224449235 4.2201064303517333 4.765706289559609 21.193406064063311 3.4116270691156378 17.254233196377758 5.0294185541570178 2.0630842670798293 2.80924268066883 3.4554496258497229 32.449978850781918 42.056370887905359 3.1110398173332214 10.576112750917671
leaf_count=157 162 162 18 59 66 9 25 32 21 18 11 14 13 9 26 4 9 19 50 176 14 139 30 15 24 27 169 232 19 64
internal_value=-9.54453e-06 0.000259226 -0.00345436 0.000675853 -0.000698708 -0.00196468 -0.000576287 0.00176237 0.00208232 -0.00343055 0.00225319 0.00561121 0.0102533 0.00301083 0.00755178 -0.00712778 -0.00615843 0.00505622 -0.00138432 -0.000937332 0.000795502 -0.000187908 0.00130554 0.00266045 0.00235167 0.00093476 0.00197826 0.00402946 -0.0062996 0.00269371
internal_weight=238.163 228.203 22.961 205.242 90.5646 74.2729 59.2223 114.678 111.272 10.5229 8.98319 6.72942 4.94387 2.80163 5.31247 13.9778 9.95976 16.2917 53.9099 51.6544 30.461 27.0494 22.2837 100.749 96.5213 52.4018 45.8353 44.1195 6.56649 43.0261
internal_count=1793 1627 231 1396 716 631 469 680 648 77 65 47 33 20 35 166 166 85 434 409 233 219 169 571 550 303 257 247 46 233
is_linear=0
shrinkage=0.00974396


Tree=205
num_leaves=31
num_cat=0
split_feature=67 61 30 49 51 61 44 65 49 59 44 27 33 20 28 49 20 60 50 51 60 59 6 10 20 52 39 51 27 50
split_gain=4.17612 4.10356 6.59358 3.45071 3.82912 3.96956 3.90173 2.95847 3.34527 3.92103 4.49876 3.04864 2.86949 2.78637 2.92238 2.64548 2.56746 3.05566 2.7795 2.66732 2.56257 3.1546 2.9114 2.48417 2.3644 3.44846 3.76527 2.6041 4.35776 2.30724
threshold=1.0000000180025095e-35 100.92 5.2350000000000012 9.7050000000000018 3.0550000000000002 52.470000000000006 9.091471456262008 50.500000000000007 3.4150000000000005 0.59250000000000014 6.7190891481564519 -2.1249999999999996 -11.759999999999998 5.6841443047290969 16.790000000000003 7.3800000000000017 4.4665538366684716 56.500000000000007 9.3850000000000016 0.085000000000000006 39.500000000000007 0.20250000000000004 6.4500000000000011 27.530000000000005 2.4087529157436971 2.0350000000000006 96.570000000000007 0.31500000000000006 2.9700000000000002 3.0700000000000007
decision_type=2 2 2 2 2 2 2 2 2 2 2 2 2 2 2 2 2 2 2 2 2 2 2 2 2 2 2 2 2 2
left_child=1 2 3 4 5 6 -1 -7 9 10 12 -12 -9 14 16 -4 17 18 -3 -19 22 -22 -2 -15 -21 -26 27 -27 -29 -18
right_child=20 13 15 -5 -6 7 -8 8 -10 -11 11 -13 -14 23 -16 -17 29 19 -20 24 21 -23 -24 -25 25 26 -28 28 -30 -31
leaf_value=-0.010535519812194109 0.0022105735057954268 0.0021506529173934376 -0.0078361482329006634 0.014615666216651932 -0.008641626591215968 0.0029532608504452039 0.0079792737900691267 -0.0025638056055330739 -0.010982063149839655 -0.010537116969042144 0.0086459402220154143 -0.0081145610663413501 0.0075513984041492149 0.014425380267003121 -0.0087148549984404685 0.0051281839285792627 -0.00090929488195823219 -0.011063321419669991 0.010987453267479266 0.0028295363378330841 -0.0050662104090300232 0.0031502226778827602 0.020385337027288165 0.0014942192769465776 -0.0075605417849794587 0.0090582818837891942 0.017381783594384859 0.005660707594146018 -0.011822105025558098 -0.0095165394333205783
leaf_weight=5.752147249877452 1.7926883324980729 47.012206047773361 19.833911880850795 1.3380084820091713 5.6147198677062979 26.638547271490097 1.2914865314960478 3.6979563832283047 3.1699300259351721 3.0645309500396243 1.2187509909272192 5.6577103547751895 9.1898657977581077 2.5203161016106597 3.2704786211252204 1.5785457007586945 13.443703774362804 2.3141748197376755 3.6184445470571509 12.882045097649099 5.0710101537406436 33.381168115884066 1.5793887525796888 3.2222362831234932 7.5116646364331237 1.7491451688110808 1.1768300831317899 2.2975448817014694 3.1760892644524574 3.7726924940943709
leaf_count=87 10 279 310 7 54 151 7 26 34 42 7 69 51 12 31 12 96 23 20 65 50 176 7 17 64 11 5 12 26 32
internal_value=-9.53287e-06 -0.000606603 -0.00216772 -0.000652642 -0.000975678 -0.00024736 -0.00709841 0.000671383 -0.00166263 -0.000347085 0.00124342 -0.00509474 0.00464009 0.000665592 0.000292028 -0.00686715 0.000594187 0.00131572 0.00279238 -0.00108407 0.00278368 0.00205945 0.0108912 0.00724838 -0.000264241 -0.0027778 0.00149879 -0.00114786 -0.00447195 -0.00281942
internal_weight=237.838 196.014 88.0461 66.6337 65.2956 59.6809 7.04363 52.6373 25.9987 22.8288 19.7643 6.87646 12.8878 107.968 102.225 21.4125 98.9545 81.7381 50.6307 31.1075 41.8243 38.4522 3.37208 5.74255 28.7933 15.9113 8.39961 7.22278 5.47363 17.2164
internal_count=1793 1550 857 535 528 474 94 380 229 195 153 76 77 693 664 322 633 505 299 206 243 226 17 29 183 118 54 49 38 128
is_linear=0
shrinkage=0.00974396


Tree=206
num_leaves=31
num_cat=0
split_feature=46 70 73 5 28 41 27 10 6 43 63 9 13 36 41 54 42 27 27 17 71 74 36 46 61 60 42 50 28 9
split_gain=3.9731 3.56778 5.90682 3.93568 2.65019 4.02984 2.84134 3.16103 4.15441 3.43107 2.95464 2.93592 2.72191 3.4385 3.70476 2.96609 2.89432 2.85993 2.70371 2.91124 2.60477 3.64474 5.48328 3.63394 3.74932 3.39021 3.09993 2.86789 2.71173 2.58108
threshold=83.230000000000018 1.0000000180025095e-35 1.0000000180025095e-35 18.880000000000003 3.5150000000000001 68.140000000000001 5.3750000000000009 22.235000000000003 15.785000000000002 77.896166666666673 53.500000000000007 -1.2999999999999996 15.370000000000003 79.995000000000019 96.215000000000018 3.8550000000000004 83.240000000000023 2.6900000000000008 -1.9849999999999997 4.5550000000000006 1.0000000180025095e-35 1.0000000180025095e-35 86.870000000000019 90.370000000000019 131.46000000000001 52.500000000000007 74.515000000000015 1.5450000000000002 20.450000000000003 15.750000000000002
decision_type=2 2 2 2 2 2 2 2 2 2 2 2 2 2 2 2 2 2 2 2 2 2 2 2 2 2 2 2 2 2
left_child=-1 2 20 4 12 -6 11 8 9 -8 -10 -7 13 -4 16 -16 -15 -14 19 -18 28 22 23 24 26 -23 -22 -24 -2 -5
right_child=1 -3 3 29 5 6 7 -9 10 -11 -12 -13 17 14 15 -17 18 -19 -20 -21 21 25 27 -25 -26 -27 -28 -29 -30 -31
leaf_value=-0.008484201278783108 -0.0033157455567095454 0.0035443828255145526 -0.0068330578886771926 -0.0064435615178992742 -0.0045669483846677754 0.0014227811131863465 -0.010760735019541634 0.0054151203453715107 -0.01085858214692996 0.0038978140550064823 0.003180127465647606 0.011029057673637837 0.015012359923212874 -0.0077835924593013224 -0.012504552466998381 0.0020720266071641894 0.018081889583759031 0.0014046009573070058 0.0014190789607795972 0.0020925495469244619 -0.010433957729470153 -0.0043730310732777722 0.012045507598468006 -0.0099643647471579638 0.021883002375162244 0.014775312274218027 0.014228423095433086 -0.0030936307416617194 0.013079637846755376 0.0077311167388329285
leaf_weight=5.1018220111727706 66.900856669992208 26.443276941776276 8.0341557264327985 9.0792922303080541 6.0908807814121237 4.6928284838795653 1.6246369443833888 20.311204314231873 4.4598687440156928 16.970414865761995 2.0439422428607941 8.6749034561216813 2.0330015011131755 2.5053550340235295 3.3518399596214286 2.1390134543180466 2.1270030587911668 5.1451654620468616 16.79023893922567 2.2229165434837341 1.5997860655188585 1.2194857895374287 3.3437107279896727 6.2585764937102795 0.71714834868907917 2.8962031900882721 0.64798679202795018 1.7938957400619981 0.93255501240491767 1.3679968789219845
leaf_count=94 623 139 59 89 56 29 19 110 51 86 11 47 11 26 23 12 9 33 92 12 23 11 21 54 3 15 4 14 5 12
internal_value=-9.48463e-06 0.000177333 -0.000254879 0.00114567 0.00169345 0.00294798 0.00373131 0.00256082 0.000241257 0.00259117 -0.00643418 0.00767966 -0.000139612 -0.00120445 0.000350009 -0.00682745 0.00203029 0.00533429 0.00321111 0.0100278 -0.0021978 0.00103876 -0.00127526 -0.00576879 0.00305882 0.00908259 -0.00315157 0.00675056 -0.00308136 -0.00455429
internal_weight=237.52 232.418 205.975 119.665 109.217 64.8687 58.7778 45.4101 25.0989 18.5951 6.50381 13.3677 44.3487 37.1705 29.1364 5.49085 23.6455 7.17817 21.1402 4.34992 86.3102 18.4768 14.3611 9.2235 2.96492 4.11569 2.24777 5.13761 67.8334 10.4473
internal_count=1793 1699 1560 787 686 409 353 277 167 105 62 76 277 233 174 35 139 44 113 21 773 145 119 84 30 26 27 35 628 101
is_linear=0
shrinkage=0.00974396


Tree=207
num_leaves=31
num_cat=0
split_feature=72 10 56 11 48 48 63 62 48 4 69 62 56 35 74 66 66 20 48 38 38 40 54 8 16 50 40 35 50 10
split_gain=4.093 3.77483 2.82618 3.74642 2.73726 4.87802 2.55385 2.34705 2.60628 2.14343 2.13911 3.37193 2.16826 3.42206 2.27603 2.92944 2.72058 3.89453 2.87437 2.3778 3.94617 2.34718 2.32149 4.75176 4.93294 4.53643 3.1116 2.99692 4.48517 2.84629
threshold=1.0000000180025095e-35 29.325000000000003 1.7427482540763781 3.9375000000000004 0.10500000000000002 0.055000000000000007 1.5000000000000002 0.98416666666666686 0.18500000000000003 4.660000000000001 1.0000000180025095e-35 1.9823333333333337 5.6719063801119693 14.967500000000003 1.0000000180025095e-35 69.500000000000014 302.50000000000006 5.6090115256611641 14.210000000000003 93.15000000000002 88.620000000000019 88.735000000000014 3.8900000000000001 2.3067834088830392 27.125000000000004 1.0000000180025095e-35 59.435000000000009 0.22500000000000001 0.36500000000000005 8.6400000000000023
decision_type=2 2 2 2 2 2 2 2 2 2 2 2 2 2 2 2 2 2 2 2 2 2 2 2 2 2 2 2 2 2
left_child=1 2 3 7 5 -2 -4 8 -1 -9 12 -12 13 14 16 -16 18 21 19 20 22 -18 26 -24 25 -25 -8 28 -28 -30
right_child=4 -3 6 -5 -6 -7 10 9 -10 -11 11 -13 -14 -15 15 -17 17 -19 -20 -21 -22 -23 23 24 -26 -27 27 -29 29 -31
leaf_value=0.012286572263417247 -0.010489742792120678 -0.008286555775225463 -0.0075774489649713585 -0.0082937338209745377 -0.0094227651219354388 0.0064722581898482602 -0.0057988467479007429 -0.010806605250419108 -0.0017243703015062558 0.0065633278823453494 -0.010872672793249908 0.0070152510621565058 -0.003010362610254033 0.01397398542369486 -0.010629278743872143 0.0047217626060725142 -0.011327308577892893 0.010383608817052387 0.010295809340574981 0.0048608626081536781 -0.0046468736833018458 -0.0021038345019649203 0.010254867321932577 0.0048014145107853051 0.0069822729165942661 -0.010505459132546118 -0.0096874485841194659 0.0026879743102290413 0.012875043945059185 -0.0019465982499831411
leaf_weight=2.4889081344008428 2.7375285252928716 4.7129380963742724 3.3556887544691554 7.7464662604033938 7.001679852604866 3.793123684823513 4.9722472652792922 2.1379357576370244 2.4722091108560562 0.9381665065884589 3.2988066636025897 1.3898977339267728 11.40932299941778 1.9836860932409752 1.2027650624513651 23.615486159920692 4.1589933224022371 1.6352165117859829 3.167852744460105 13.382150769233702 12.483397234231232 7.1502973698079586 2.4062947779893902 2.2780417986214152 2.8125930055975905 8.8965128697454912 4.8210098929703218 83.429916489869356 1.8499357178807256 3.478716503828764
leaf_count=12 42 95 55 118 97 24 43 22 17 7 38 8 81 14 13 128 52 9 17 72 91 58 10 15 13 77 50 476 9 30
internal_value=-9.36281e-06 0.000305284 0.000492185 -0.00347322 -0.00520604 -0.000637728 0.000801445 0.00117402 0.00531854 -0.00545273 0.000944189 -0.00552943 0.00110142 0.00135802 0.00121677 0.00395775 0.000781607 -0.00348853 0.00116721 0.000958251 0.000546099 -0.00553326 0.00111251 -0.00227581 -0.00446231 -0.00736798 0.00167809 0.00207889 -0.00290664 0.00322918
internal_weight=237.208 223.675 218.963 15.7837 13.5323 6.53065 203.179 8.03722 4.96112 3.0761 199.823 4.6887 195.134 183.725 181.741 24.8183 156.923 12.9445 143.979 140.811 127.429 11.3093 114.945 16.3934 13.9871 11.1746 98.5518 93.5796 10.1497 5.32865
internal_count=1793 1630 1535 176 163 66 1359 58 29 29 1304 46 1258 1177 1163 141 1022 119 903 886 814 110 723 115 105 92 608 565 89 39
is_linear=0
shrinkage=0.00974396


Tree=208
num_leaves=31
num_cat=0
split_feature=67 71 70 33 55 73 36 41 45 45 36 41 56 0 38 38 12 12 3 18 60 56 41 16 56 12 0 56 58 38
split_gain=4.1192 8.1019 14.1942 5.3965 5.0969 4.00384 2.94493 2.86211 4.55642 2.97022 2.90311 2.77716 2.71035 3.23212 2.66712 2.64454 2.61432 4.09055 2.55847 2.53191 2.50222 3.12316 3.36252 2.57884 3.49093 2.92023 2.5784 2.50103 2.49522 2.37317
threshold=1.0000000180025095e-35 1.0000000180025095e-35 1.0000000180025095e-35 3.3600000000000008 1.9823333333333337 1.0000000180025095e-35 84.695000000000007 70.000000000000014 64.085000000000022 44.20000000000001 80.445000000000007 89.300000000000011 4.7956236082063812 12.760000000000002 97.570000000000007 60.625000000000007 10.080000000000002 14.415000000000001 11.925000000000002 1.9150000000000003 39.500000000000007 1.6795468097904664 83.760000000000019 25.420000000000005 4.2948688999174758 25.430000000000003 4.2100000000000009 1.8049995508246177 11.985000000000001 88.155000000000015
decision_type=2 2 2 2 2 2 2 2 2 2 2 2 2 2 2 2 2 2 2 2 2 2 2 2 2 2 2 2 2 2
left_child=1 2 4 7 14 6 18 9 11 -3 -10 16 13 -5 -1 -15 -9 -18 -6 -12 -2 -22 23 25 28 -23 -24 -4 -25 -17
right_child=20 3 27 12 5 -7 -8 8 10 -11 19 -13 -14 15 -16 29 17 -19 -20 -21 21 22 26 24 -26 -27 -28 -29 -30 -31
leaf_value=-0.0072080160562664154 0.010770926731672008 0.0054325271259825052 -0.010134375187975797 -0.010751303843396783 0.0057613816853085871 0.0055039513886950327 -0.011170941304729218 0.018844431121328654 -0.0033289059787790392 -0.0090343548544042085 -0.0029279251451326794 -0.0069266171839828658 -0.0091624493262430461 -0.010368078618896019 0.0021815115772828853 0.0034040934872129926 -0.0074582231281393983 0.0083754569692027266 -0.0051191829759794335 0.0036809414463885829 -0.010419100240502549 -0.00042107336472767921 0.0014254174524234364 0.0046646883520245338 0.016666322859544717 -0.013155276687014576 0.010163640738842357 0.00403396531655624 -0.0077030721623021266 -0.010827478387692251
leaf_weight=46.576299466192722 3.3774847090244284 2.0341435670852652 1.2005723379552389 2.7256918996572557 3.3809110596776026 6.4908370450139037 3.6887266151607028 1.8885414972901404 9.3329219408333284 3.8004624620079994 6.4556650742888442 1.2227705642580975 4.9458581916987887 1.7763323336839665 3.0227839164435855 12.547593154013155 1.6899399459362054 14.964192818850277 5.0861373320221901 35.680397171527147 1.7773015946149815 11.528881549835207 5.5138878077268583 6.0051457360386831 1.7243873924016941 1.9756387248635281 7.7970216497778893 25.462179712951183 2.0415862649679184 1.1806319206953038
leaf_count=592 17 14 18 32 20 38 35 9 61 37 37 8 55 28 23 95 12 77 39 185 23 68 29 26 8 12 38 124 22 11
internal_value=-9.40599e-06 -0.000604294 -0.00264465 0.00132644 -0.00500001 -0.00064761 -0.00394968 0.00256689 0.00310561 -0.00396645 0.00157291 0.00707977 -0.0027905 -0.00103954 -0.00663199 0.000681379 0.00802239 0.00674797 -0.000753272 0.00266366 0.00276687 0.00204904 0.00266826 0.000425791 0.00423463 -0.00232472 0.00656768 0.00337787 0.0014898 0.00214473
internal_weight=236.895 195.154 94.9084 100.245 68.2457 18.6466 12.1558 77.069 71.2344 5.83461 51.469 19.7654 23.1761 18.2302 49.5991 15.5046 18.5427 16.6541 8.46705 42.1361 41.7413 38.3639 36.5865 23.2756 9.77112 13.5045 13.3109 26.6628 8.04673 13.7282
internal_count=1793 1550 889 661 747 132 94 440 389 51 283 106 221 166 615 134 98 89 59 222 243 226 203 136 56 80 67 142 48 106
is_linear=0
shrinkage=0.00974396


Tree=209
num_leaves=31
num_cat=0
split_feature=67 71 61 33 52 36 26 26 0 34 2 26 1 38 28 30 38 44 48 60 17 1 3 28 63 34 33 4 44 43
split_gain=4.04132 7.96427 5.82608 5.29903 3.15837 3.40804 3.06275 3.80976 2.88482 3.07038 3.81735 2.82453 2.81259 3.16641 2.75567 2.74982 2.67749 2.63287 2.61071 2.44026 2.43106 2.40565 2.36703 2.31614 2.64265 5.17917 3.21966 2.5617 2.31186 2.78171
threshold=1.0000000180025095e-35 1.0000000180025095e-35 113.85000000000001 3.3600000000000008 0.69500000000000006 67.865000000000009 2.0950000000000002 1.6250000000000002 0.85000000000000009 5.6350000000000007 12.270000000000001 1.4300000000000002 3.0150000000000001 83.02500000000002 -3.6999999999999997 -0.12499999999999999 88.745000000000019 4.2933670841362863 14.210000000000003 39.500000000000007 25.425000000000001 12.165000000000001 22.240000000000006 11.465000000000002 5.5000000000000009 22.210000000000004 8.4500000000000011 18.785000000000004 5.8384570558525786 87.889083333333332
decision_type=2 2 2 2 2 2 2 2 2 2 2 2 2 2 2 2 2 2 2 2 2 2 2 2 2 2 2 2 2 2
left_child=1 2 4 6 5 22 7 11 -6 -10 -11 12 13 -3 -7 -12 -4 -5 -8 21 -18 -2 -1 -19 -25 26 27 -26 -14 -30
right_child=19 3 16 17 8 14 18 -9 9 10 15 -13 28 -15 -16 -17 20 23 -20 -21 -22 -23 -24 24 25 -27 -28 -29 29 -31
leaf_value=-0.00088417604350639117 0.0023125148735251952 -0.0052325279527342707 0.0019436355969883559 0.0045364974400244227 -0.010709156770818242 0.0018317236287361985 0.0034313167526794472 -0.012021402296813996 0.0076345736243106747 -0.0071175760121972723 0.01498464713672003 0.010875030859116725 -0.012096527653079905 0.0052417589920285808 -0.0096451278136174563 -7.3923981769483219e-05 -0.0094360618304098424 -0.0095114120162399455 0.015088691908795613 0.0020296916921747955 0.0080205317268547127 0.018794681989074507 -0.011480809800874608 -0.0084403261854433878 0.0067257639933565906 0.022334219170051701 -0.010567686983162293 -0.0068969560536548315 -0.0072643554167877919 0.010852647311909012
leaf_weight=12.889444626867769 1.7108213827013963 3.8023809045553305 27.157268740236763 3.8502700850367573 2.9107217863202122 2.1681987941265133 51.009433563798666 2.3481510505080214 3.6794182434678104 8.0068364031612891 1.2767199724912632 2.3819428458809844 2.8452670052647582 9.488802667707203 20.363436155021191 9.156676594167946 3.7834507077932349 5.5954455099999931 1.8663141727447499 38.350196495652199 0.90626893192529667 1.6787647753953931 2.3416826575994483 4.2163443304598323 4.0483311712741816 0.91684901714325029 2.5970744751393795 1.8874459154903886 2.0104099847376351 1.2876859605312345
leaf_count=108 9 27 164 19 37 19 281 17 18 94 6 11 19 53 293 75 33 62 9 226 6 8 36 62 25 4 32 17 17 6
internal_value=-9.48905e-06 -0.000599719 -0.00262648 0.00131449 -0.00434769 -0.00612699 0.00254279 -0.000326064 -0.00165306 -0.000439492 -0.00206967 0.000945344 -0.000283693 0.00222936 -0.00853385 0.00180362 0.000764369 -0.00277188 0.00385559 0.00274002 -0.00599875 0.0106293 -0.0025459 -0.00424538 -0.0020598 0.000795751 -0.00159121 0.00235654 -0.00572192 -0.000110073
internal_weight=236.532 194.792 94.6401 100.152 62.7931 37.7628 77.0404 24.1646 25.0304 22.1197 18.4402 21.8165 19.4345 13.2912 22.5316 10.4334 31.847 23.1118 52.8757 41.7398 4.68972 3.38959 15.2311 19.2615 13.666 9.4497 8.53285 5.93578 6.14336 3.2981
internal_count=1793 1550 889 661 686 456 440 150 230 193 175 133 122 80 312 81 203 221 290 243 39 17 144 202 140 78 74 42 42 23
is_linear=0
shrinkage=0.00974396


Tree=210
num_leaves=31
num_cat=0
split_feature=70 71 20 22 59 32 52 55 58 23 18 39 50 52 55 7 55 52 55 3 38 17 54 18 36 56 39 63 36 59
split_gain=3.59542 6.1232 4.57389 4.93117 3.77568 3.45571 3.23675 3.14148 2.96853 3.27794 3.21787 3.13381 2.95528 4.03608 3.06297 2.92789 3.45125 2.97808 2.83215 3.13783 2.60557 3.9368 3.26005 2.54115 3.75755 2.45201 2.27524 3.98176 3.00369 3.09024
threshold=1.0000000180025095e-35 1.0000000180025095e-35 5.6090115256611641 27.605000000000004 0.40250000000000008 3.8039643345588128 1.1950000000000001 1.9823333333333337 10.975000000000003 25.552500000000002 17.275000000000002 96.795000000000002 0.065000000000000016 0.9850000000000001 1.6925833333333336 15.467583333333335 2.2420000000000004 4.1100000000000003 1.6891666666666671 16.785000000000004 74.965000000000018 20.145000000000007 0.21500000000000002 30.535000000000004 73.675000000000011 1.8049995508246177 78.785000000000011 33.500000000000007 93.430000000000021 0.96750000000000014
decision_type=2 2 2 2 2 2 2 2 2 2 2 2 2 2 2 2 2 2 2 2 2 2 2 2 2 2 2 2 2 2
left_child=1 7 3 4 5 12 23 8 9 10 -1 20 13 14 -3 -8 17 -17 19 -4 21 22 -10 -5 -25 -2 -6 -28 -29 -30
right_child=25 2 18 6 26 -7 15 -9 11 -11 -12 -13 -14 -15 -16 16 -18 -19 -20 -21 -22 -23 -24 24 -26 -27 27 28 29 -31
leaf_value=-0.0016452140531452105 -0.010115749050747814 -0.00927836802547863 -0.0067406844354987536 -0.0092564634304658361 -0.0069029518098003718 -0.0053827649523644086 -0.011026831361748323 0.00084404262452575157 0.015854423047014399 0.006898752269182796 -0.011083549957995466 0.0057031012538565542 0.0080167278354579957 0.0098100811680939468 0.0093345225348793852 0.017162658291275463 -0.0061155763694528348 -0.00066697431682830478 0.014828613445790853 0.0077381818732308663 -0.010001139879554869 -0.0071467781158338741 -0.0020318920543658699 -0.010132287825083611 0.016370196965494938 0.0040055519397682064 0.011817816717963003 -0.0017864049785154149 -0.0039621302731289929 0.0081460071555776222
leaf_weight=47.667146306484938 1.1836229152977491 3.555665258318192 1.8952224776148776 9.3304285705089587 4.0987000167369834 2.9070138782262793 1.4094665497541417 27.085868950933218 1.4362708292901576 3.8923321217298499 3.6682221032679072 2.1044780239462844 17.014267284423113 2.7916715703904629 1.0561181902885435 2.1770495325326924 1.8668469116091726 1.4595266655087469 3.2941517904400826 5.3023124784231186 11.446062330156563 9.4745880030095559 2.7680054046213627 0.99628935381770023 0.95871171727776527 25.447409477084875 2.7984406352043143 27.630997471511364 2.8054244741797429 6.6925233006477356
leaf_count=394 18 30 16 115 26 24 13 171 8 25 55 16 88 14 5 13 17 13 15 25 173 120 28 14 7 124 12 167 18 29
internal_value=-9.46728e-06 -0.000438721 0.00130306 0.00058696 0.00174314 0.00458566 -0.00393339 -0.00203048 -0.00297622 -0.00167277 -0.00232973 -0.0056093 0.00578409 0.000621431 -0.00494754 0.00129834 0.00453123 0.0100382 0.00737914 0.00389283 -0.006569 -0.00366829 0.00413445 -0.00714306 0.00286358 0.00335979 -2.05559e-05 0.000688563 -0.000157894 0.00455468
internal_weight=236.215 209.584 100.041 89.5491 71.3508 27.3247 18.1983 109.543 82.4571 55.2277 51.3354 27.2294 24.4177 7.40346 4.61178 6.91289 5.50342 3.63658 10.4917 7.19753 25.1249 13.6789 4.20428 11.2854 1.955 26.631 44.0261 39.9274 37.1289 9.49795
internal_count=1793 1651 661 605 413 161 192 990 819 474 449 345 137 49 35 56 43 26 56 41 329 156 36 136 21 142 252 226 214 47
is_linear=0
shrinkage=0.00974396


Tree=211
num_leaves=31
num_cat=0
split_feature=72 52 42 45 49 56 36 26 50 42 52 53 52 56 60 38 42 60 42 29 53 60 33 38 55 37 53 0 30 56
split_gain=3.92982 3.87137 4.25697 4.6089 3.90739 3.90678 3.70275 3.57879 3.30133 3.1057 3.07914 3.77263 2.97362 2.88066 2.84505 2.73859 3.55239 2.96204 2.72498 3.43149 2.58075 2.69389 3.10151 2.48111 2.33566 2.29266 2.20569 2.17316 2.15471 1.97746
threshold=1.0000000180025095e-35 0.71500000000000008 97.395000000000024 45.865000000000009 0.10500000000000002 1.7427482540763781 69.290000000000006 9.1050000000000022 9.3850000000000016 97.395000000000024 0.30500000000000005 1.0300000000000002 6.8250000000000002 1.2587720089593679 54.500000000000007 88.745000000000019 96.195000000000007 58.500000000000007 61.350000000000009 12.485000000000001 0.055000000000000007 54.500000000000007 -4.7649999999999997 70.390000000000015 1.2489166666666669 77.000000000000014 0.81500000000000006 18.48 11.985000000000001 4.4654814576440325
decision_type=2 2 2 2 2 2 2 2 2 2 2 2 2 2 2 2 2 2 2 2 2 2 2 2 2 2 2 2 2 2
left_child=1 2 3 7 6 13 23 25 15 12 11 -2 -8 -5 -10 17 -17 18 26 20 21 22 24 -3 -20 -1 -7 -13 29 -22
right_child=10 4 -4 5 -6 8 9 -9 14 -11 -12 27 -14 -15 -16 16 -18 -19 19 -21 28 -23 -24 -25 -26 -27 -28 -29 -30 -31
leaf_value=0.0058736714066428188 -0.0082112535575837569 -0.0016882577124945899 -0.011705149377778404 0.010507318398458894 0.0026754948168361686 0.01385563262888161 -0.0091707944320985821 -0.01036095334979641 0.015323584306168979 0.01161510093635622 -0.010653936603230068 -0.0016950877031863872 0.0025445030184767831 -0.0093148719147942791 -0.0012045676595178825 -0.0069427005297017941 0.0088693441634712204 0.015831573622276478 0.0067007039057063169 -0.0087041073405338086 0.0017834118487899285 0.0068986076038941996 -0.0082916600966219285 0.0077981736488082166 -0.010499573287354558 -0.010432098511196872 0.00099234237796988673 0.012430238032073333 -0.0030487429223333318 0.010143914766023466
leaf_weight=2.7708427831530558 3.7165274992585164 5.9588217064738291 3.3343462459743014 0.74881040677428146 81.177009761333466 2.5110476538538924 9.4611412025988049 7.5318649336695671 2.5554120838642111 0.91573014855384904 5.5604042336344719 2.0501206703484058 2.5876872241497049 6.0410449728369713 1.5680099725723264 8.7934119030833227 1.5525839552283276 1.1855614036321629 2.8703851141035552 3.9605004265904418 46.196974959224463 2.1127961575984946 8.2312115319073182 4.5941822119057178 0.97001904249191273 1.116313651204109 2.5723782293498516 2.0057486593723297 8.409594137221573 2.8267375230789176
leaf_count=16 52 47 30 5 497 13 86 141 12 4 81 21 18 86 11 90 8 6 23 41 264 10 78 26 10 15 22 9 58 13
internal_value=-9.43327e-06 0.000298214 -0.000912199 -0.000593124 0.00166189 5.70975e-05 -0.00183007 -0.00645634 0.000563008 -0.00531476 -0.00514075 -0.00114802 -0.00664407 -0.00706439 0.0090535 0.000178351 -0.00453408 0.000777396 0.000547294 7.94664e-05 0.000571287 -0.00314255 -0.00492645 0.00244252 0.00226374 0.00110348 0.00742628 0.00530895 0.00149218 0.00227547
internal_weight=235.887 222.554 117.86 114.526 104.695 103.106 23.5176 11.419 96.3166 12.9646 13.3328 7.7724 12.0488 6.78986 4.12342 92.1932 10.346 81.8472 80.6616 75.5782 71.6177 14.1844 12.0716 10.553 3.8404 3.88716 5.08343 4.05587 57.4333 49.0237
internal_count=1793 1630 952 922 678 750 181 172 659 108 163 82 104 91 23 636 98 538 532 497 456 121 111 73 33 31 35 30 335 277
is_linear=0
shrinkage=0.00974396


Tree=212
num_leaves=31
num_cat=0
split_feature=67 71 61 35 54 37 51 58 3 61 14 32 34 38 21 32 53 61 66 0 3 13 3 37 5 17 5 40 0 51
split_gain=3.98383 7.7307 5.65916 4.16345 4.55925 4.46316 3.28129 3.38183 3.23609 3.1723 3.07692 2.98103 2.77281 2.70697 2.68896 3.03603 3.22217 3.83239 2.78492 3.16424 2.75666 3.91164 2.76163 2.55079 2.64142 2.52218 3.37931 3.18539 2.96315 2.64806
threshold=1.0000000180025095e-35 1.0000000180025095e-35 102.68000000000002 11.480000000000002 0.03500000000000001 81.455000000000013 1.8250000000000004 10.975000000000003 7.0150000000000006 52.470000000000006 22.305000000000003 3.9192954308070638 16.975000000000005 97.815000000000012 -2.7149999999999994 2.9875733814244643 1.0000000180025095e-35 82.29000000000002 161.50000000000003 2.8700000000000006 8.8850000000000016 16.680000000000003 5.4900000000000011 65.300000000000026 19.245000000000001 3.0600000000000005 4.1150000000000011 78.27500000000002 4.3650000000000011 2.8250000000000006
decision_type=2 2 2 2 2 2 2 2 2 2 2 2 2 2 2 2 2 2 2 2 2 2 2 2 2 2 2 2 2 2
left_child=1 2 6 10 23 -6 7 9 -4 -1 11 12 14 -9 -3 25 17 -17 19 -18 22 -22 -21 -5 -25 -16 27 -27 -28 -30
right_child=-2 3 8 4 5 -7 -8 13 -10 -11 -12 -13 -14 -15 15 16 18 -19 -20 20 21 -23 -24 24 -26 26 28 -29 29 -31
leaf_value=-0.00894717351089226 0.0027205841116456752 -0.0064747499353324635 -0.0051681828958916676 -0.010097621872400261 -0.010839859619596616 -0.00027350458802762685 -0.010205293158244694 -0.010346298304364374 0.0014766804061368754 -0.00082216407872022176 0.0072707930574053073 -0.0042678899224047363 -0.010678829129344394 0.0057494941554988082 -0.011782024372071187 0.0076252039620360252 0.017473267466146695 -0.012489085319750369 0.012957726134674127 0.0037208335345845114 0.01396611960779399 -0.00011973671731057935 -0.0093360331673020755 -0.0015372751245393201 0.013168209362108413 -0.011506092247733328 -0.0086091842375129457 0.0066624936060698092 0.0032350333305093005 -0.0073502650613496067
leaf_weight=5.419272504746913 41.707617424428463 2.9015141725540081 8.780072767287491 0.87940816581249492 7.2856382839381677 7.9361056946218014 8.6773447915911657 8.9718914553523046 32.958823949098587 28.211240686476231 10.322658251971005 7.3705363981425753 1.4902561418712128 1.0800592824816693 1.3432773426175177 1.6741667687892943 1.6673869341611887 1.8529100418090818 5.6231208555400363 3.9399043470621091 3.953702911734581 3.490208338946104 2.4659719318151474 1.8369296230375765 3.0109325535595417 0.95009316504001873 3.8934630230069187 12.4681324288249 10.624171935021876 2.8013308867812148
leaf_count=85 243 23 80 13 91 63 119 170 208 221 53 58 16 6 9 10 7 14 30 18 18 20 14 17 23 8 23 62 55 16
internal_value=-9.39342e-06 -0.000597738 -0.00260129 0.00129068 -0.00256431 -0.0053535 -0.00473363 -0.00363596 7.24425e-05 -0.00214374 0.00231746 0.00156569 0.00227322 -0.00858923 0.00260545 0.00307594 0.00564483 -0.00292597 0.00708347 0.00492044 0.00335689 0.00737713 -0.00131071 0.00481314 0.00760087 0.00109241 0.00167287 0.00533807 -0.00116485 0.00100252
internal_weight=235.588 193.881 94.0987 99.7818 20.949 15.2217 52.3598 43.6825 41.7389 33.6305 78.8328 68.5101 61.1396 10.052 59.6494 56.7478 24.6674 3.52708 21.1403 15.5172 13.8498 7.44391 6.40588 5.72727 4.84786 32.0805 30.7372 13.4182 17.319 13.4255
internal_count=1793 1550 889 661 207 154 601 482 288 306 454 401 343 176 327 304 131 24 107 77 70 38 32 53 40 173 164 70 94 71
is_linear=0
shrinkage=0.00974396


end of trees

feature_importances:
precipitation_sum_mean_last_60obs=247
precipitation_sum_std_last_60obs=197
precipitation_sum_median_last_60obs=197
precipitation_sum_lag_14=176
precipitation_sum_lag_30=151
toxin_name_deoxynivalenol=148
temperature_2m_mean_lag_30=144
relative_humidity_2m_mean_lag_30=144
precipitation_cumsum_last_obs=139
temperature_2m_max_std_last_60obs=129
precipitation_sum_lag_2=129
precipitation_sum_lag_1=128
relative_humidity_2m_mean_lag_1=127
temperature_2m_min_std_last_60obs=126
day_of_year=125
relative_humidity_2m_mean_std_last_60obs=122
precipitation_sum_lag_7=121
rainy_days_last_obs=117
relative_humidity_2m_mean_lag_3=116
relative_humidity_2m_mean_min_last_60obs=111
relative_humidity_2m_mean_lag_7=110
temperature_2m_min_max_last_60obs=108
relative_humidity_2m_mean_lag_60=102
toxin_name_zearalenone=101
temperature_2m_min_min_last_60obs=100
toxin_name_trichothecenes=95
temperature_2m_mean_std_last_60obs=93
precipitation_sum_max_last_60obs=91
temperature_2m_min_lag_60=90
temperature_2m_min_lag_3=88
precipitation_sum_lag_60=88
crop_group_other=88
temperature_2m_max_lag_60=84
temperature_2m_min_lag_30=84
precipitation_mean_last_obs=83
precipitation_sum_lag_3=82
toxin_name_ochratoxin=82
temperature_2m_max_lag_30=78
temperature_2m_max_min_last_60obs=77
temperature_2m_mean_lag_60=75
temperature_2m_min_lag_14=75
relative_humidity_2m_mean_lag_2=75
crop_group_nuts=70
temperature_2m_max_lag_7=69
temperature_2m_max_lag_14=69
temperature_2m_mean_lag_3=67
relative_humidity_2m_mean_median_last_60obs=67
temperature_2m_max_lag_1=63
temperature_2m_min_lag_1=63
relative_humidity_2m_mean_lag_14=60
relative_humidity_2m_mean_max_last_60obs=60
temperature_2m_min_lag_7=59
temperature_2m_mean_lag_1=56
temperature_2m_mean_lag_14=56
temperature_2m_max_lag_2=56
relative_humidity_2m_mean_mean_last_60obs=56
crop_group_rye=53
temperature_2m_max_max_last_60obs=52
temperature_2m_mean_lag_7=51
temperature_2m_min_lag_2=51
temperature_2m_mean_mean_last_60obs=50
temperature_2m_mean_min_last_60obs=48
temperature_2m_mean_lag_2=47
temperature_2m_min_mean_last_60obs=44
temperature_2m_mean_max_last_60obs=39
high_humidity_days_last_obs=39
temperature_2m_max_lag_3=36
temperature_2m_min_median_last_60obs=35
temperature_2m_mean_median_last_60obs=33
temperature_2m_max_median_last_60obs=31
temperature_2m_max_mean_last_60obs=25
cold_days_last_obs=23
hot_days_last_obs=8
precipitation_sum_min_last_60obs=6
toxin_name_other=5

parameters:
[boosting: gbdt]
[objective: binary]
[metric: binary_logloss]
[tree_learner: serial]
[device_type: cpu]
[data_sample_strategy: bagging]
[data: ]
[valid: ]
[num_iterations: 213]
[learning_rate: 0.00974396]
[num_leaves: 31]
[num_threads: 8]
[seed: 42]
[deterministic: 0]
[force_col_wise: 0]
[force_row_wise: 0]
[histogram_pool_size: -1]
[max_depth: 18]
[min_data_in_leaf: 8]
[min_sum_hessian_in_leaf: 0.001]
[bagging_fraction: 0.843154]
[pos_bagging_fraction: 1]
[neg_bagging_fraction: 1]
[bagging_freq: 0]
[bagging_seed: 400]
[bagging_by_query: 0]
[feature_fraction: 0.455605]
[feature_fraction_bynode: 1]
[feature_fraction_seed: 30056]
[extra_trees: 0]
[extra_seed: 12879]
[early_stopping_round: 0]
[early_stopping_min_delta: 0]
[first_metric_only: 0]
[max_delta_step: 0]
[lambda_l1: 0.0131192]
[lambda_l2: 0.0374939]
[linear_lambda: 0]
[min_gain_to_split: 0]
[drop_rate: 0.1]
[max_drop: 50]
[skip_drop: 0.5]
[xgboost_dart_mode: 0]
[uniform_drop: 0]
[drop_seed: 17869]
[top_rate: 0.2]
[other_rate: 0.1]
[min_data_per_group: 100]
[max_cat_threshold: 32]
[cat_l2: 10]
[cat_smooth: 10]
[max_cat_to_onehot: 4]
[top_k: 20]
[monotone_constraints: ]
[monotone_constraints_method: basic]
[monotone_penalty: 0]
[feature_contri: ]
[forcedsplits_filename: ]
[refit_decay_rate: 0.9]
[cegb_tradeoff: 1]
[cegb_penalty_split: 0]
[cegb_penalty_feature_lazy: ]
[cegb_penalty_feature_coupled: ]
[path_smooth: 0]
[interaction_constraints: ]
[verbosity: -1]
[saved_feature_importance_type: 0]
[use_quantized_grad: 0]
[num_grad_quant_bins: 4]
[quant_train_renew_leaf: 0]
[stochastic_rounding: 1]
[linear_tree: 0]
[max_bin: 255]
[max_bin_by_feature: ]
[min_data_in_bin: 3]
[bin_construct_sample_cnt: 200000]
[data_random_seed: 175]
[is_enable_sparse: 1]
[enable_bundle: 1]
[use_missing: 1]
[zero_as_missing: 0]
[feature_pre_filter: 1]
[pre_partition: 0]
[two_round: 0]
[header: 0]
[label_column: ]
[weight_column: ]
[group_column: ]
[ignore_column: ]
[categorical_feature: ]
[forcedbins_filename: ]
[precise_float_parser: 0]
[parser_config_file: ]
[objective_seed: 16083]
[num_class: 1]
[is_unbalance: 0]
[scale_pos_weight: 1]
[sigmoid: 1]
[boost_from_average: 1]
[reg_sqrt: 0]
[alpha: 0.9]
[fair_c: 1]
[poisson_max_delta_step: 0.7]
[tweedie_variance_power: 1.5]
[lambdarank_truncation_level: 30]
[lambdarank_norm: 1]
[label_gain: ]
[lambdarank_position_bias_regularization: 0]
[eval_at: ]
[multi_error_top_k: 1]
[auc_mu_weights: ]
[num_machines: 1]
[local_listen_port: 12400]
[time_out: 120]
[machine_list_filename: ]
[machines: ]
[gpu_platform_id: -1]
[gpu_device_id: -1]
[gpu_use_dp: 0]
[num_gpu: 1]

end of parameters

pandas_categorical:[]
